ISO-10303-21;
HEADER;
/* Generated by software containing ST-Developer
 * from STEP Tools, Inc. (www.steptools.com) 
 */

FILE_DESCRIPTION(
/* description */ (''),
/* implementation_level */ '2;1');

FILE_NAME(
/* name */ 'CoinFeeder.stp',
/* time_stamp */ '2026-06-21T22:32:19+02:00',
/* author */ ('frede'),
/* organization */ (''),
/* preprocessor_version */ 'ST-DEVELOPER v20.1',
/* originating_system */ 'Autodesk Inventor 2026',
/* authorisation */ '');

FILE_SCHEMA (('AUTOMOTIVE_DESIGN { 1 0 10303 214 3 1 1 }'));
ENDSEC;

DATA;
#10=MECHANICAL_DESIGN_GEOMETRIC_PRESENTATION_REPRESENTATION('',(#13),#10646);
#11=SHAPE_REPRESENTATION_RELATIONSHIP('SRR','None',#10653,#12);
#12=ADVANCED_BREP_SHAPE_REPRESENTATION('',(#14),#10645);
#13=STYLED_ITEM('',(#10662),#14);
#14=MANIFOLD_SOLID_BREP('Solid2',#4622);
#15=B_SPLINE_SURFACE_WITH_KNOTS('',3,3,((#7077,#7078,#7079,#7080),(#7081,
#7082,#7083,#7084),(#7085,#7086,#7087,#7088),(#7089,#7090,#7091,#7092)),
 .UNSPECIFIED.,.F.,.F.,.F.,(4,4),(4,4),(0.,0.40153248404245),(0.,0.35100647794773),
 .UNSPECIFIED.);
#16=B_SPLINE_SURFACE_WITH_KNOTS('',3,3,((#7162,#7163,#7164,#7165),(#7166,
#7167,#7168,#7169),(#7170,#7171,#7172,#7173),(#7174,#7175,#7176,#7177)),
 .UNSPECIFIED.,.F.,.F.,.F.,(4,4),(4,4),(0.,0.401532484042456),(0.,0.35100647794773),
 .UNSPECIFIED.);
#17=B_SPLINE_SURFACE_WITH_KNOTS('',3,3,((#7271,#7272,#7273,#7274),(#7275,
#7276,#7277,#7278),(#7279,#7280,#7281,#7282),(#7283,#7284,#7285,#7286)),
 .UNSPECIFIED.,.F.,.F.,.F.,(4,4),(4,4),(0.,0.601532484042451),(-2.96840238288423E-16,
0.35100647794773),.UNSPECIFIED.);
#18=B_SPLINE_SURFACE_WITH_KNOTS('',3,3,((#7405,#7406,#7407,#7408),(#7409,
#7410,#7411,#7412),(#7413,#7414,#7415,#7416),(#7417,#7418,#7419,#7420)),
 .UNSPECIFIED.,.F.,.F.,.F.,(4,4),(4,4),(0.,0.60153248404245),(0.,0.35100647794773),
 .UNSPECIFIED.);
#19=B_SPLINE_SURFACE_WITH_KNOTS('',3,3,((#7425,#7426,#7427,#7428),(#7429,
#7430,#7431,#7432),(#7433,#7434,#7435,#7436),(#7437,#7438,#7439,#7440),
(#7441,#7442,#7443,#7444),(#7445,#7446,#7447,#7448)),.UNSPECIFIED.,.F.,
 .F.,.F.,(4,1,1,4),(4,4),(0.,0.285714285714286,0.571428571428571,1.),(-2.,
1.43052570888974E-17),.UNSPECIFIED.);
#20=B_SPLINE_SURFACE_WITH_KNOTS('',3,3,((#7469,#7470,#7471,#7472,#7473,
#7474),(#7475,#7476,#7477,#7478,#7479,#7480),(#7481,#7482,#7483,#7484,#7485,
#7486),(#7487,#7488,#7489,#7490,#7491,#7492)),.UNSPECIFIED.,.F.,.F.,.F.,
(4,4),(4,2,4),(0.,1.6),(0.,0.0133694314017164,1.25100647794773),
 .UNSPECIFIED.);
#21=B_SPLINE_SURFACE_WITH_KNOTS('',3,3,((#7517,#7518,#7519,#7520,#7521,
#7522),(#7523,#7524,#7525,#7526,#7527,#7528),(#7529,#7530,#7531,#7532,#7533,
#7534),(#7535,#7536,#7537,#7538,#7539,#7540)),.UNSPECIFIED.,.F.,.F.,.F.,
(4,4),(4,2,4),(0.,3.1),(0.,0.0133694314017164,1.25100647794773),
 .UNSPECIFIED.);
#22=B_SPLINE_SURFACE_WITH_KNOTS('',3,3,((#7561,#7562,#7563,#7564,#7565,
#7566),(#7567,#7568,#7569,#7570,#7571,#7572),(#7573,#7574,#7575,#7576,#7577,
#7578),(#7579,#7580,#7581,#7582,#7583,#7584)),.UNSPECIFIED.,.F.,.F.,.F.,
(4,4),(4,2,4),(0.,1.6),(0.,0.0133694314017164,1.25100647794773),
 .UNSPECIFIED.);
#23=B_SPLINE_SURFACE_WITH_KNOTS('',3,3,((#7601,#7602,#7603,#7604,#7605,
#7606),(#7607,#7608,#7609,#7610,#7611,#7612),(#7613,#7614,#7615,#7616,#7617,
#7618),(#7619,#7620,#7621,#7622,#7623,#7624)),.UNSPECIFIED.,.F.,.F.,.F.,
(4,4),(4,2,4),(0.,3.1),(0.,0.0133694314017164,1.25100647794773),
 .UNSPECIFIED.);
#24=B_SPLINE_SURFACE_WITH_KNOTS('',3,3,((#7637,#7638,#7639,#7640,#7641,
#7642),(#7643,#7644,#7645,#7646,#7647,#7648),(#7649,#7650,#7651,#7652,#7653,
#7654),(#7655,#7656,#7657,#7658,#7659,#7660)),.UNSPECIFIED.,.F.,.F.,.F.,
(4,4),(4,2,4),(0.,3.5),(0.,0.0133694314017164,1.25100647794773),
 .UNSPECIFIED.);
#25=B_SPLINE_SURFACE_WITH_KNOTS('',3,3,((#7689,#7690,#7691,#7692,#7693,
#7694),(#7695,#7696,#7697,#7698,#7699,#7700),(#7701,#7702,#7703,#7704,#7705,
#7706),(#7707,#7708,#7709,#7710,#7711,#7712)),.UNSPECIFIED.,.F.,.F.,.F.,
(4,4),(4,2,4),(0.,2.),(0.,0.0133694314017164,1.25100647794773),
 .UNSPECIFIED.);
#26=B_SPLINE_SURFACE_WITH_KNOTS('',3,3,((#7729,#7730,#7731,#7732,#7733,
#7734),(#7735,#7736,#7737,#7738,#7739,#7740),(#7741,#7742,#7743,#7744,#7745,
#7746),(#7747,#7748,#7749,#7750,#7751,#7752)),.UNSPECIFIED.,.F.,.F.,.F.,
(4,4),(4,2,4),(0.,3.5),(0.,0.0133694314017164,1.25100647794773),
 .UNSPECIFIED.);
#27=B_SPLINE_SURFACE_WITH_KNOTS('',3,3,((#7773,#7774,#7775,#7776,#7777,
#7778),(#7779,#7780,#7781,#7782,#7783,#7784),(#7785,#7786,#7787,#7788,#7789,
#7790),(#7791,#7792,#7793,#7794,#7795,#7796)),.UNSPECIFIED.,.F.,.F.,.F.,
(4,4),(4,2,4),(0.,2.),(0.,0.0133694314017164,1.25100647794773),
 .UNSPECIFIED.);
#28=B_SPLINE_SURFACE_WITH_KNOTS('',3,3,((#7805,#7806,#7807,#7808,#7809,
#7810,#7811,#7812,#7813,#7814,#7815,#7816,#7817,#7818,#7819,#7820,#7821,
#7822,#7823,#7824,#7825,#7826,#7827,#7828,#7829,#7830,#7831,#7832,#7833,
#7834,#7835,#7836,#7837,#7838,#7839,#7840,#7841,#7842,#7843,#7844,#7845,
#7846,#7847,#7848,#7849,#7850,#7851,#7852,#7853,#7854,#7855,#7856,#7857,
#7858),(#7859,#7860,#7861,#7862,#7863,#7864,#7865,#7866,#7867,#7868,#7869,
#7870,#7871,#7872,#7873,#7874,#7875,#7876,#7877,#7878,#7879,#7880,#7881,
#7882,#7883,#7884,#7885,#7886,#7887,#7888,#7889,#7890,#7891,#7892,#7893,
#7894,#7895,#7896,#7897,#7898,#7899,#7900,#7901,#7902,#7903,#7904,#7905,
#7906,#7907,#7908,#7909,#7910,#7911,#7912),(#7913,#7914,#7915,#7916,#7917,
#7918,#7919,#7920,#7921,#7922,#7923,#7924,#7925,#7926,#7927,#7928,#7929,
#7930,#7931,#7932,#7933,#7934,#7935,#7936,#7937,#7938,#7939,#7940,#7941,
#7942,#7943,#7944,#7945,#7946,#7947,#7948,#7949,#7950,#7951,#7952,#7953,
#7954,#7955,#7956,#7957,#7958,#7959,#7960,#7961,#7962,#7963,#7964,#7965,
#7966),(#7967,#7968,#7969,#7970,#7971,#7972,#7973,#7974,#7975,#7976,#7977,
#7978,#7979,#7980,#7981,#7982,#7983,#7984,#7985,#7986,#7987,#7988,#7989,
#7990,#7991,#7992,#7993,#7994,#7995,#7996,#7997,#7998,#7999,#8000,#8001,
#8002,#8003,#8004,#8005,#8006,#8007,#8008,#8009,#8010,#8011,#8012,#8013,
#8014,#8015,#8016,#8017,#8018,#8019,#8020)),.UNSPECIFIED.,.F.,.F.,.F.,(4,
4),(4,2,1,1,1,1,1,1,1,1,1,1,1,1,1,1,1,1,1,1,1,1,1,1,1,1,1,1,1,1,1,1,1,1,
1,1,1,1,1,1,1,1,1,1,1,1,1,1,1,1,4),(0.,1.6),(1.65806278939461,1.65824242249693,
1.68573336150354,1.71322412188688,1.74071466118958,1.76820493712479,1.79569490760867,
1.82318453079287,1.85067376509674,1.87816256923931,1.90565090227107,1.93313872360545,
1.96062599304998,1.98811267083718,2.01559871765505,2.04308409467722,2.07056876359269,
2.09805268663511,2.1255358266117,2.15301814693162,2.1804996116339,2.20798018541482,
2.23545983365477,2.26293852244457,2.29041621861118,2.34536850421367,2.40031644074042,
2.41405257221276,2.4277887036851,2.45525979179077,2.5101983349957,2.53766573816733,
2.5925966849828,2.62006018249776,2.67498311796833,2.72990050902962,2.78481221248886,
2.79853905191281,2.81226589133676,2.83971810244069,2.89461807062781,2.92206580513121,
2.97695672703265,3.00439989869775,3.05928163277938,3.08672018640316,3.11415719382569,
3.12787492370774,3.13473378864877,3.13816322111928,3.14159265358979),
 .UNSPECIFIED.);
#29=B_SPLINE_SURFACE_WITH_KNOTS('',3,3,((#8134,#8135,#8136,#8137,#8138,
#8139,#8140,#8141,#8142,#8143,#8144,#8145,#8146,#8147,#8148,#8149,#8150,
#8151,#8152,#8153,#8154,#8155,#8156,#8157,#8158,#8159,#8160,#8161,#8162,
#8163,#8164,#8165,#8166,#8167,#8168,#8169,#8170,#8171,#8172,#8173,#8174,
#8175,#8176,#8177,#8178,#8179,#8180,#8181,#8182,#8183,#8184,#8185,#8186,
#8187),(#8188,#8189,#8190,#8191,#8192,#8193,#8194,#8195,#8196,#8197,#8198,
#8199,#8200,#8201,#8202,#8203,#8204,#8205,#8206,#8207,#8208,#8209,#8210,
#8211,#8212,#8213,#8214,#8215,#8216,#8217,#8218,#8219,#8220,#8221,#8222,
#8223,#8224,#8225,#8226,#8227,#8228,#8229,#8230,#8231,#8232,#8233,#8234,
#8235,#8236,#8237,#8238,#8239,#8240,#8241),(#8242,#8243,#8244,#8245,#8246,
#8247,#8248,#8249,#8250,#8251,#8252,#8253,#8254,#8255,#8256,#8257,#8258,
#8259,#8260,#8261,#8262,#8263,#8264,#8265,#8266,#8267,#8268,#8269,#8270,
#8271,#8272,#8273,#8274,#8275,#8276,#8277,#8278,#8279,#8280,#8281,#8282,
#8283,#8284,#8285,#8286,#8287,#8288,#8289,#8290,#8291,#8292,#8293,#8294,
#8295),(#8296,#8297,#8298,#8299,#8300,#8301,#8302,#8303,#8304,#8305,#8306,
#8307,#8308,#8309,#8310,#8311,#8312,#8313,#8314,#8315,#8316,#8317,#8318,
#8319,#8320,#8321,#8322,#8323,#8324,#8325,#8326,#8327,#8328,#8329,#8330,
#8331,#8332,#8333,#8334,#8335,#8336,#8337,#8338,#8339,#8340,#8341,#8342,
#8343,#8344,#8345,#8346,#8347,#8348,#8349)),.UNSPECIFIED.,.F.,.F.,.F.,(4,
4),(4,2,1,1,1,1,1,1,1,1,1,1,1,1,1,1,1,1,1,1,1,1,1,1,1,1,1,1,1,1,1,1,1,1,
1,1,1,1,1,1,1,1,1,1,1,1,1,1,1,1,4),(0.,3.1),(1.65806278939461,1.65824242249693,
1.68573336150354,1.71322412188688,1.74071466118958,1.76820493712479,1.79569490760867,
1.82318453079287,1.85067376509674,1.87816256923931,1.90565090227107,1.93313872360545,
1.96062599304998,1.98811267083718,2.01559871765505,2.04308409467722,2.07056876359269,
2.09805268663511,2.1255358266117,2.15301814693162,2.1804996116339,2.20798018541482,
2.23545983365477,2.26293852244457,2.29041621861118,2.34536850421367,2.40031644074042,
2.41405257221276,2.4277887036851,2.45525979179077,2.5101983349957,2.53766573816733,
2.5925966849828,2.62006018249776,2.67498311796833,2.72990050902962,2.78481221248886,
2.79853905191281,2.81226589133676,2.83971810244069,2.89461807062781,2.92206580513121,
2.97695672703265,3.00439989869775,3.05928163277938,3.08672018640316,3.11415719382569,
3.12787492370774,3.13473378864877,3.13816322111928,3.14159265358979),
 .UNSPECIFIED.);
#30=B_SPLINE_SURFACE_WITH_KNOTS('',3,3,((#8408,#8409,#8410,#8411,#8412,
#8413,#8414,#8415,#8416,#8417,#8418,#8419,#8420,#8421,#8422,#8423,#8424,
#8425,#8426,#8427,#8428,#8429,#8430,#8431,#8432,#8433,#8434,#8435,#8436,
#8437,#8438,#8439,#8440,#8441,#8442,#8443,#8444,#8445,#8446,#8447,#8448,
#8449,#8450,#8451,#8452,#8453,#8454,#8455,#8456,#8457,#8458,#8459,#8460,
#8461),(#8462,#8463,#8464,#8465,#8466,#8467,#8468,#8469,#8470,#8471,#8472,
#8473,#8474,#8475,#8476,#8477,#8478,#8479,#8480,#8481,#8482,#8483,#8484,
#8485,#8486,#8487,#8488,#8489,#8490,#8491,#8492,#8493,#8494,#8495,#8496,
#8497,#8498,#8499,#8500,#8501,#8502,#8503,#8504,#8505,#8506,#8507,#8508,
#8509,#8510,#8511,#8512,#8513,#8514,#8515),(#8516,#8517,#8518,#8519,#8520,
#8521,#8522,#8523,#8524,#8525,#8526,#8527,#8528,#8529,#8530,#8531,#8532,
#8533,#8534,#8535,#8536,#8537,#8538,#8539,#8540,#8541,#8542,#8543,#8544,
#8545,#8546,#8547,#8548,#8549,#8550,#8551,#8552,#8553,#8554,#8555,#8556,
#8557,#8558,#8559,#8560,#8561,#8562,#8563,#8564,#8565,#8566,#8567,#8568,
#8569),(#8570,#8571,#8572,#8573,#8574,#8575,#8576,#8577,#8578,#8579,#8580,
#8581,#8582,#8583,#8584,#8585,#8586,#8587,#8588,#8589,#8590,#8591,#8592,
#8593,#8594,#8595,#8596,#8597,#8598,#8599,#8600,#8601,#8602,#8603,#8604,
#8605,#8606,#8607,#8608,#8609,#8610,#8611,#8612,#8613,#8614,#8615,#8616,
#8617,#8618,#8619,#8620,#8621,#8622,#8623)),.UNSPECIFIED.,.F.,.F.,.F.,(4,
4),(4,2,1,1,1,1,1,1,1,1,1,1,1,1,1,1,1,1,1,1,1,1,1,1,1,1,1,1,1,1,1,1,1,1,
1,1,1,1,1,1,1,1,1,1,1,1,1,1,1,1,4),(0.,1.6),(1.65806278939461,1.65824242249693,
1.68573336150354,1.71322412188688,1.74071466118958,1.76820493712479,1.79569490760867,
1.82318453079287,1.85067376509674,1.87816256923931,1.90565090227107,1.93313872360545,
1.96062599304998,1.98811267083718,2.01559871765505,2.04308409467722,2.07056876359269,
2.09805268663511,2.1255358266117,2.15301814693162,2.1804996116339,2.20798018541482,
2.23545983365477,2.26293852244457,2.29041621861118,2.34536850421367,2.40031644074042,
2.41405257221276,2.4277887036851,2.45525979179077,2.5101983349957,2.53766573816733,
2.5925966849828,2.62006018249776,2.67498311796833,2.72990050902962,2.78481221248886,
2.79853905191281,2.81226589133676,2.83971810244069,2.89461807062781,2.92206580513121,
2.97695672703265,3.00439989869775,3.05928163277938,3.08672018640316,3.11415719382569,
3.12787492370774,3.13473378864877,3.13816322111928,3.14159265358979),
 .UNSPECIFIED.);
#31=B_SPLINE_SURFACE_WITH_KNOTS('',3,3,((#8683,#8684,#8685,#8686,#8687,
#8688,#8689,#8690,#8691,#8692,#8693,#8694,#8695,#8696,#8697,#8698,#8699,
#8700,#8701,#8702,#8703,#8704,#8705,#8706,#8707,#8708,#8709,#8710,#8711,
#8712,#8713,#8714,#8715,#8716,#8717,#8718,#8719,#8720,#8721,#8722,#8723,
#8724,#8725,#8726,#8727,#8728,#8729,#8730,#8731,#8732,#8733,#8734,#8735,
#8736),(#8737,#8738,#8739,#8740,#8741,#8742,#8743,#8744,#8745,#8746,#8747,
#8748,#8749,#8750,#8751,#8752,#8753,#8754,#8755,#8756,#8757,#8758,#8759,
#8760,#8761,#8762,#8763,#8764,#8765,#8766,#8767,#8768,#8769,#8770,#8771,
#8772,#8773,#8774,#8775,#8776,#8777,#8778,#8779,#8780,#8781,#8782,#8783,
#8784,#8785,#8786,#8787,#8788,#8789,#8790),(#8791,#8792,#8793,#8794,#8795,
#8796,#8797,#8798,#8799,#8800,#8801,#8802,#8803,#8804,#8805,#8806,#8807,
#8808,#8809,#8810,#8811,#8812,#8813,#8814,#8815,#8816,#8817,#8818,#8819,
#8820,#8821,#8822,#8823,#8824,#8825,#8826,#8827,#8828,#8829,#8830,#8831,
#8832,#8833,#8834,#8835,#8836,#8837,#8838,#8839,#8840,#8841,#8842,#8843,
#8844),(#8845,#8846,#8847,#8848,#8849,#8850,#8851,#8852,#8853,#8854,#8855,
#8856,#8857,#8858,#8859,#8860,#8861,#8862,#8863,#8864,#8865,#8866,#8867,
#8868,#8869,#8870,#8871,#8872,#8873,#8874,#8875,#8876,#8877,#8878,#8879,
#8880,#8881,#8882,#8883,#8884,#8885,#8886,#8887,#8888,#8889,#8890,#8891,
#8892,#8893,#8894,#8895,#8896,#8897,#8898)),.UNSPECIFIED.,.F.,.F.,.F.,(4,
4),(4,2,1,1,1,1,1,1,1,1,1,1,1,1,1,1,1,1,1,1,1,1,1,1,1,1,1,1,1,1,1,1,1,1,
1,1,1,1,1,1,1,1,1,1,1,1,1,1,1,1,4),(0.,3.1),(1.65806278939461,1.65824242249693,
1.68573336150354,1.71322412188688,1.74071466118958,1.76820493712479,1.79569490760867,
1.82318453079287,1.85067376509674,1.87816256923931,1.90565090227107,1.93313872360545,
1.96062599304998,1.98811267083718,2.01559871765505,2.04308409467722,2.07056876359269,
2.09805268663511,2.1255358266117,2.15301814693162,2.1804996116339,2.20798018541482,
2.23545983365477,2.26293852244457,2.29041621861118,2.34536850421367,2.40031644074042,
2.41405257221276,2.4277887036851,2.45525979179077,2.5101983349957,2.53766573816733,
2.5925966849828,2.62006018249776,2.67498311796833,2.72990050902962,2.78481221248886,
2.79853905191281,2.81226589133676,2.83971810244069,2.89461807062781,2.92206580513121,
2.97695672703265,3.00439989869775,3.05928163277938,3.08672018640316,3.11415719382569,
3.12787492370774,3.13473378864877,3.13816322111928,3.14159265358979),
 .UNSPECIFIED.);
#32=B_SPLINE_SURFACE_WITH_KNOTS('',3,3,((#8903,#8904,#8905,#8906,#8907,
#8908,#8909,#8910,#8911,#8912,#8913,#8914,#8915,#8916,#8917,#8918,#8919,
#8920,#8921,#8922,#8923,#8924,#8925,#8926,#8927,#8928,#8929,#8930,#8931,
#8932,#8933,#8934,#8935,#8936,#8937,#8938,#8939,#8940,#8941,#8942,#8943,
#8944,#8945,#8946,#8947,#8948,#8949,#8950,#8951,#8952,#8953,#8954,#8955,
#8956),(#8957,#8958,#8959,#8960,#8961,#8962,#8963,#8964,#8965,#8966,#8967,
#8968,#8969,#8970,#8971,#8972,#8973,#8974,#8975,#8976,#8977,#8978,#8979,
#8980,#8981,#8982,#8983,#8984,#8985,#8986,#8987,#8988,#8989,#8990,#8991,
#8992,#8993,#8994,#8995,#8996,#8997,#8998,#8999,#9000,#9001,#9002,#9003,
#9004,#9005,#9006,#9007,#9008,#9009,#9010),(#9011,#9012,#9013,#9014,#9015,
#9016,#9017,#9018,#9019,#9020,#9021,#9022,#9023,#9024,#9025,#9026,#9027,
#9028,#9029,#9030,#9031,#9032,#9033,#9034,#9035,#9036,#9037,#9038,#9039,
#9040,#9041,#9042,#9043,#9044,#9045,#9046,#9047,#9048,#9049,#9050,#9051,
#9052,#9053,#9054,#9055,#9056,#9057,#9058,#9059,#9060,#9061,#9062,#9063,
#9064),(#9065,#9066,#9067,#9068,#9069,#9070,#9071,#9072,#9073,#9074,#9075,
#9076,#9077,#9078,#9079,#9080,#9081,#9082,#9083,#9084,#9085,#9086,#9087,
#9088,#9089,#9090,#9091,#9092,#9093,#9094,#9095,#9096,#9097,#9098,#9099,
#9100,#9101,#9102,#9103,#9104,#9105,#9106,#9107,#9108,#9109,#9110,#9111,
#9112,#9113,#9114,#9115,#9116,#9117,#9118)),.UNSPECIFIED.,.F.,.F.,.F.,(4,
4),(4,2,1,1,1,1,1,1,1,1,1,1,1,1,1,1,1,1,1,1,1,1,1,1,1,1,1,1,1,1,1,1,1,1,
1,1,1,1,1,1,1,1,1,1,1,1,1,1,1,1,4),(0.,3.57292135665239),(1.65806278939461,
1.65824242249693,1.68573336150354,1.71322412188688,1.74071466118958,1.76820493712479,
1.79569490760867,1.82318453079287,1.85067376509674,1.87816256923931,1.90565090227107,
1.93313872360545,1.96062599304998,1.98811267083718,2.01559871765505,2.04308409467722,
2.07056876359269,2.09805268663511,2.1255358266117,2.15301814693162,2.1804996116339,
2.20798018541482,2.23545983365477,2.26293852244457,2.29041621861118,2.34536850421367,
2.40031644074042,2.41405257221276,2.4277887036851,2.45525979179077,2.5101983349957,
2.53766573816733,2.5925966849828,2.62006018249776,2.67498311796833,2.72990050902962,
2.78481221248886,2.79853905191281,2.81226589133676,2.83971810244069,2.89461807062781,
2.92206580513121,2.97695672703265,3.00439989869775,3.05928163277938,3.08672018640316,
3.11415719382569,3.12787492370774,3.13473378864877,3.13816322111928,3.14159265358979),
 .UNSPECIFIED.);
#33=B_SPLINE_SURFACE_WITH_KNOTS('',3,3,((#9232,#9233,#9234,#9235,#9236,
#9237,#9238,#9239,#9240,#9241,#9242,#9243,#9244,#9245,#9246,#9247,#9248,
#9249,#9250,#9251,#9252,#9253,#9254,#9255,#9256,#9257,#9258,#9259,#9260,
#9261,#9262,#9263,#9264,#9265,#9266,#9267,#9268,#9269,#9270,#9271,#9272,
#9273,#9274,#9275,#9276,#9277,#9278,#9279,#9280,#9281,#9282,#9283,#9284,
#9285),(#9286,#9287,#9288,#9289,#9290,#9291,#9292,#9293,#9294,#9295,#9296,
#9297,#9298,#9299,#9300,#9301,#9302,#9303,#9304,#9305,#9306,#9307,#9308,
#9309,#9310,#9311,#9312,#9313,#9314,#9315,#9316,#9317,#9318,#9319,#9320,
#9321,#9322,#9323,#9324,#9325,#9326,#9327,#9328,#9329,#9330,#9331,#9332,
#9333,#9334,#9335,#9336,#9337,#9338,#9339),(#9340,#9341,#9342,#9343,#9344,
#9345,#9346,#9347,#9348,#9349,#9350,#9351,#9352,#9353,#9354,#9355,#9356,
#9357,#9358,#9359,#9360,#9361,#9362,#9363,#9364,#9365,#9366,#9367,#9368,
#9369,#9370,#9371,#9372,#9373,#9374,#9375,#9376,#9377,#9378,#9379,#9380,
#9381,#9382,#9383,#9384,#9385,#9386,#9387,#9388,#9389,#9390,#9391,#9392,
#9393),(#9394,#9395,#9396,#9397,#9398,#9399,#9400,#9401,#9402,#9403,#9404,
#9405,#9406,#9407,#9408,#9409,#9410,#9411,#9412,#9413,#9414,#9415,#9416,
#9417,#9418,#9419,#9420,#9421,#9422,#9423,#9424,#9425,#9426,#9427,#9428,
#9429,#9430,#9431,#9432,#9433,#9434,#9435,#9436,#9437,#9438,#9439,#9440,
#9441,#9442,#9443,#9444,#9445,#9446,#9447)),.UNSPECIFIED.,.F.,.F.,.F.,(4,
4),(4,2,1,1,1,1,1,1,1,1,1,1,1,1,1,1,1,1,1,1,1,1,1,1,1,1,1,1,1,1,1,1,1,1,
1,1,1,1,1,1,1,1,1,1,1,1,1,1,1,1,4),(0.,2.),(1.65806278939461,1.65824242249693,
1.68573336150354,1.71322412188688,1.74071466118958,1.76820493712479,1.79569490760867,
1.82318453079287,1.85067376509674,1.87816256923931,1.90565090227107,1.93313872360545,
1.96062599304998,1.98811267083718,2.01559871765505,2.04308409467722,2.07056876359269,
2.09805268663511,2.1255358266117,2.15301814693162,2.1804996116339,2.20798018541482,
2.23545983365477,2.26293852244457,2.29041621861118,2.34536850421367,2.40031644074042,
2.41405257221276,2.4277887036851,2.45525979179077,2.5101983349957,2.53766573816733,
2.5925966849828,2.62006018249776,2.67498311796833,2.72990050902962,2.78481221248886,
2.79853905191281,2.81226589133676,2.83971810244069,2.89461807062781,2.92206580513121,
2.97695672703265,3.00439989869775,3.05928163277938,3.08672018640316,3.11415719382569,
3.12787492370774,3.13473378864877,3.13816322111928,3.14159265358979),
 .UNSPECIFIED.);
#34=B_SPLINE_SURFACE_WITH_KNOTS('',3,3,((#9507,#9508,#9509,#9510,#9511,
#9512,#9513,#9514,#9515,#9516,#9517,#9518,#9519,#9520,#9521,#9522,#9523,
#9524,#9525,#9526,#9527,#9528,#9529,#9530,#9531,#9532,#9533,#9534,#9535,
#9536,#9537,#9538,#9539,#9540,#9541,#9542,#9543,#9544,#9545,#9546,#9547,
#9548,#9549,#9550,#9551,#9552,#9553,#9554,#9555,#9556,#9557,#9558,#9559,
#9560),(#9561,#9562,#9563,#9564,#9565,#9566,#9567,#9568,#9569,#9570,#9571,
#9572,#9573,#9574,#9575,#9576,#9577,#9578,#9579,#9580,#9581,#9582,#9583,
#9584,#9585,#9586,#9587,#9588,#9589,#9590,#9591,#9592,#9593,#9594,#9595,
#9596,#9597,#9598,#9599,#9600,#9601,#9602,#9603,#9604,#9605,#9606,#9607,
#9608,#9609,#9610,#9611,#9612,#9613,#9614),(#9615,#9616,#9617,#9618,#9619,
#9620,#9621,#9622,#9623,#9624,#9625,#9626,#9627,#9628,#9629,#9630,#9631,
#9632,#9633,#9634,#9635,#9636,#9637,#9638,#9639,#9640,#9641,#9642,#9643,
#9644,#9645,#9646,#9647,#9648,#9649,#9650,#9651,#9652,#9653,#9654,#9655,
#9656,#9657,#9658,#9659,#9660,#9661,#9662,#9663,#9664,#9665,#9666,#9667,
#9668),(#9669,#9670,#9671,#9672,#9673,#9674,#9675,#9676,#9677,#9678,#9679,
#9680,#9681,#9682,#9683,#9684,#9685,#9686,#9687,#9688,#9689,#9690,#9691,
#9692,#9693,#9694,#9695,#9696,#9697,#9698,#9699,#9700,#9701,#9702,#9703,
#9704,#9705,#9706,#9707,#9708,#9709,#9710,#9711,#9712,#9713,#9714,#9715,
#9716,#9717,#9718,#9719,#9720,#9721,#9722)),.UNSPECIFIED.,.F.,.F.,.F.,(4,
4),(4,2,1,1,1,1,1,1,1,1,1,1,1,1,1,1,1,1,1,1,1,1,1,1,1,1,1,1,1,1,1,1,1,1,
1,1,1,1,1,1,1,1,1,1,1,1,1,1,1,1,4),(0.,3.5),(1.65806278939461,1.65824242249693,
1.68573336150354,1.71322412188688,1.74071466118958,1.76820493712479,1.79569490760867,
1.82318453079287,1.85067376509674,1.87816256923931,1.90565090227107,1.93313872360545,
1.96062599304998,1.98811267083718,2.01559871765505,2.04308409467722,2.07056876359269,
2.09805268663511,2.1255358266117,2.15301814693162,2.1804996116339,2.20798018541482,
2.23545983365477,2.26293852244457,2.29041621861118,2.34536850421367,2.40031644074042,
2.41405257221276,2.4277887036851,2.45525979179077,2.5101983349957,2.53766573816733,
2.5925966849828,2.62006018249776,2.67498311796833,2.72990050902962,2.78481221248886,
2.79853905191281,2.81226589133676,2.83971810244069,2.89461807062781,2.92206580513121,
2.97695672703265,3.00439989869775,3.05928163277938,3.08672018640316,3.11415719382569,
3.12787492370774,3.13473378864877,3.13816322111928,3.14159265358979),
 .UNSPECIFIED.);
#35=B_SPLINE_SURFACE_WITH_KNOTS('',3,3,((#9777,#9778,#9779,#9780,#9781,
#9782,#9783,#9784,#9785,#9786,#9787,#9788,#9789,#9790,#9791,#9792,#9793,
#9794,#9795,#9796,#9797,#9798,#9799,#9800,#9801,#9802,#9803,#9804,#9805,
#9806,#9807,#9808,#9809,#9810,#9811,#9812,#9813,#9814,#9815,#9816,#9817,
#9818,#9819,#9820,#9821,#9822,#9823,#9824,#9825,#9826),(#9827,#9828,#9829,
#9830,#9831,#9832,#9833,#9834,#9835,#9836,#9837,#9838,#9839,#9840,#9841,
#9842,#9843,#9844,#9845,#9846,#9847,#9848,#9849,#9850,#9851,#9852,#9853,
#9854,#9855,#9856,#9857,#9858,#9859,#9860,#9861,#9862,#9863,#9864,#9865,
#9866,#9867,#9868,#9869,#9870,#9871,#9872,#9873,#9874,#9875,#9876),(#9877,
#9878,#9879,#9880,#9881,#9882,#9883,#9884,#9885,#9886,#9887,#9888,#9889,
#9890,#9891,#9892,#9893,#9894,#9895,#9896,#9897,#9898,#9899,#9900,#9901,
#9902,#9903,#9904,#9905,#9906,#9907,#9908,#9909,#9910,#9911,#9912,#9913,
#9914,#9915,#9916,#9917,#9918,#9919,#9920,#9921,#9922,#9923,#9924,#9925,
#9926),(#9927,#9928,#9929,#9930,#9931,#9932,#9933,#9934,#9935,#9936,#9937,
#9938,#9939,#9940,#9941,#9942,#9943,#9944,#9945,#9946,#9947,#9948,#9949,
#9950,#9951,#9952,#9953,#9954,#9955,#9956,#9957,#9958,#9959,#9960,#9961,
#9962,#9963,#9964,#9965,#9966,#9967,#9968,#9969,#9970,#9971,#9972,#9973,
#9974,#9975,#9976)),.UNSPECIFIED.,.F.,.F.,.F.,(4,4),(4,1,1,1,1,1,1,1,1,
1,1,1,1,1,1,1,1,1,1,1,1,1,1,1,1,1,1,1,1,1,1,1,1,1,1,1,1,1,1,1,1,1,1,1,1,
1,1,4),(0.,2.),(1.71598954046545,1.74071466118958,1.76820493712479,1.79569490760867,
1.82318453079287,1.85067376509674,1.87816256923931,1.90565090227107,1.93313872360545,
1.96062599304998,1.98811267083718,2.01559871765505,2.04308409467722,2.07056876359269,
2.09805268663511,2.1255358266117,2.15301814693162,2.1804996116339,2.20798018541482,
2.23545983365477,2.26293852244457,2.29041621861118,2.34536850421367,2.40031644074042,
2.41405257221276,2.4277887036851,2.45525979179077,2.5101983349957,2.53766573816733,
2.5925966849828,2.62006018249776,2.67498311796833,2.72990050902962,2.78481221248886,
2.79853905191281,2.81226589133676,2.83971810244069,2.89461807062781,2.92206580513121,
2.97695672703265,3.00439989869775,3.05928163277938,3.08672018640316,3.11415719382569,
3.12787492370774,3.13473378864877,3.13816322111928,3.14159265358979),
 .UNSPECIFIED.);
#36=B_SPLINE_SURFACE_WITH_KNOTS('',3,3,((#9977,#9978,#9979,#9980),(#9981,
#9982,#9983,#9984),(#9985,#9986,#9987,#9988),(#9989,#9990,#9991,#9992)),
 .UNSPECIFIED.,.F.,.F.,.F.,(4,4),(4,4),(0.,1.6),(0.,0.35100647794773),
 .UNSPECIFIED.);
#37=B_SPLINE_SURFACE_WITH_KNOTS('',3,3,((#9998,#9999,#10000,#10001),(#10002,
#10003,#10004,#10005),(#10006,#10007,#10008,#10009),(#10010,#10011,#10012,
#10013)),.UNSPECIFIED.,.F.,.F.,.F.,(4,4),(4,4),(2.69846751595755,3.1),(0.,
0.35100647794773),.UNSPECIFIED.);
#38=B_SPLINE_SURFACE_WITH_KNOTS('',3,3,((#10014,#10015,#10016,#10017),(#10018,
#10019,#10020,#10021),(#10022,#10023,#10024,#10025),(#10026,#10027,#10028,
#10029)),.UNSPECIFIED.,.F.,.F.,.F.,(4,4),(4,4),(0.,1.6),(0.,0.35100647794773),
 .UNSPECIFIED.);
#39=B_SPLINE_SURFACE_WITH_KNOTS('',3,3,((#10035,#10036,#10037,#10038),(#10039,
#10040,#10041,#10042),(#10043,#10044,#10045,#10046),(#10047,#10048,#10049,
#10050)),.UNSPECIFIED.,.F.,.F.,.F.,(4,4),(4,4),(2.69846751595736,3.1),(0.,
0.35100647794773),.UNSPECIFIED.);
#40=B_SPLINE_SURFACE_WITH_KNOTS('',3,3,((#10051,#10052,#10053,#10054),(#10055,
#10056,#10057,#10058),(#10059,#10060,#10061,#10062),(#10063,#10064,#10065,
#10066)),.UNSPECIFIED.,.F.,.F.,.F.,(4,4),(4,4),(2.89846751595755,4.58676580643898),
(-2.96840238288423E-16,0.35100647794773),.UNSPECIFIED.);
#41=B_SPLINE_SURFACE_WITH_KNOTS('',3,3,((#10067,#10068,#10069,#10070),(#10071,
#10072,#10073,#10074),(#10075,#10076,#10077,#10078),(#10079,#10080,#10081,
#10082)),.UNSPECIFIED.,.F.,.F.,.F.,(4,4),(4,4),(0.,2.),(0.,0.35100647794773),
 .UNSPECIFIED.);
#42=B_SPLINE_SURFACE_WITH_KNOTS('',3,3,((#10088,#10089,#10090,#10091),(#10092,
#10093,#10094,#10095),(#10096,#10097,#10098,#10099),(#10100,#10101,#10102,
#10103)),.UNSPECIFIED.,.F.,.F.,.F.,(4,4),(4,4),(2.89846751595755,3.5),(0.,
0.35100647794773),.UNSPECIFIED.);
#43=B_SPLINE_CURVE_WITH_KNOTS('',3,(#6422,#6423,#6424,#6425),
 .UNSPECIFIED.,.F.,.F.,(4,4),(-2.,1.43052570888974E-17),.UNSPECIFIED.);
#44=B_SPLINE_CURVE_WITH_KNOTS('',3,(#6454,#6455,#6456,#6457,#6458,#6459,
#6460,#6461,#6462,#6463,#6464,#6465,#6466,#6467,#6468,#6469,#6470,#6471,
#6472),.UNSPECIFIED.,.F.,.F.,(4,3,3,3,3,3,4),(-0.409394817720045,-0.330537224594753,
-0.248545473961681,-0.198873709305598,-0.10793151801108,-0.00666689784080911,
0.),.UNSPECIFIED.);
#45=B_SPLINE_CURVE_WITH_KNOTS('',3,(#6478,#6479,#6480,#6481,#6482,#6483,
#6484,#6485,#6486,#6487),.UNSPECIFIED.,.F.,.F.,(4,2,2,2,4),(-2.89738435169211,
-2.60510906567221,-2.20595838858499,-1.7096964453564,-1.33908830498945),
 .UNSPECIFIED.);
#46=B_SPLINE_CURVE_WITH_KNOTS('',3,(#6489,#6490,#6491,#6492,#6493,#6494,
#6495,#6496,#6497,#6498,#6499,#6500,#6501,#6502,#6503,#6504,#6505,#6506,
#6507),.UNSPECIFIED.,.F.,.F.,(4,3,3,3,3,3,4),(-0.409395878542399,-0.309670841761452,
-0.218833847213475,-0.209945804980505,-0.127478126731703,-0.0482881672112674,
0.),.UNSPECIFIED.);
#47=B_SPLINE_CURVE_WITH_KNOTS('',3,(#6511,#6512,#6513,#6514,#6515,#6516,
#6517,#6518,#6519,#6520,#6521,#6522,#6523,#6524,#6525,#6526),
 .UNSPECIFIED.,.F.,.F.,(4,3,3,3,3,4),(-0.628155684649776,-0.519103484468561,
-0.407478640353252,-0.308021584466104,-0.164103631206726,0.),
 .UNSPECIFIED.);
#48=B_SPLINE_CURVE_WITH_KNOTS('',3,(#6527,#6528,#6529,#6530,#6531,#6532,
#6533,#6534,#6535,#6536),.UNSPECIFIED.,.F.,.F.,(4,2,2,2,4),(-1.33908830498945,
-1.2352700467907,-0.783076065310796,-0.350493844967172,0.),
 .UNSPECIFIED.);
#49=B_SPLINE_CURVE_WITH_KNOTS('',3,(#6539,#6540,#6541,#6542,#6543,#6544,
#6545,#6546,#6547,#6548,#6549,#6550,#6551,#6552,#6553,#6554,#6555,#6556,
#6557),.UNSPECIFIED.,.F.,.F.,(4,3,3,3,3,3,4),(-0.628154568639703,-0.473458185362052,
-0.329719300013904,-0.3187618020844,-0.206652523534925,-0.0972105079402387,
0.),.UNSPECIFIED.);
#50=B_SPLINE_CURVE_WITH_KNOTS('',3,(#6561,#6562,#6563,#6564,#6565,#6566,
#6567,#6568,#6569,#6570),.UNSPECIFIED.,.F.,.F.,(4,2,2,2,4),(-1.73464897995528,
-1.53998623997534,-1.38216516568505,-1.10171967381679,-0.955493607987267),
 .UNSPECIFIED.);
#51=B_SPLINE_CURVE_WITH_KNOTS('',3,(#6572,#6573,#6574,#6575,#6576,#6577,
#6578,#6579,#6580,#6581,#6582,#6583,#6584,#6585,#6586,#6587,#6588,#6589,
#6590),.UNSPECIFIED.,.F.,.F.,(4,3,3,3,3,3,4),(-0.628212470434686,-0.473312129554742,
-0.330259143627311,-0.318411788674799,-0.206417591000525,-0.0970467889115319,
0.),.UNSPECIFIED.);
#52=B_SPLINE_CURVE_WITH_KNOTS('',3,(#6594,#6595,#6596,#6597,#6598,#6599,
#6600,#6601,#6602,#6603,#6604,#6605,#6606,#6607,#6608,#6609,#6610,#6611,
#6612),.UNSPECIFIED.,.F.,.F.,(4,3,3,3,3,3,4),(-0.409503184764891,-0.331273641192515,
-0.250433693327123,-0.198944377562129,-0.112160561312773,-0.0205318688697572,
0.),.UNSPECIFIED.);
#53=B_SPLINE_CURVE_WITH_KNOTS('',3,(#6613,#6614,#6615,#6616,#6617,#6618,
#6619,#6620,#6621,#6622),.UNSPECIFIED.,.F.,.F.,(4,2,2,2,4),(-0.955493607987267,
-0.813222407054743,-0.537496342160943,-0.248352320754877,0.),
 .UNSPECIFIED.);
#54=B_SPLINE_CURVE_WITH_KNOTS('',3,(#6626,#6627,#6628,#6629,#6630,#6631,
#6632,#6633,#6634,#6635),.UNSPECIFIED.,.F.,.F.,(4,2,2,2,4),(-2.9487673880653,
-2.58012832524756,-2.195185587545,-1.7032728683409,-1.32863012177174),
 .UNSPECIFIED.);
#55=B_SPLINE_CURVE_WITH_KNOTS('',3,(#6637,#6638,#6639,#6640,#6641,#6642,
#6643,#6644,#6645,#6646,#6647,#6648,#6649,#6650,#6651,#6652,#6653,#6654,
#6655),.UNSPECIFIED.,.F.,.F.,(4,3,3,3,3,3,4),(-0.409510252819174,-0.318913532516396,
-0.232683282923842,-0.210253945664822,-0.129264805132695,-0.0508710105430279,
0.),.UNSPECIFIED.);
#56=B_SPLINE_CURVE_WITH_KNOTS('',3,(#6659,#6660,#6661,#6662,#6663,#6664,
#6665,#6666,#6667,#6668,#6669,#6670,#6671,#6672,#6673,#6674,#6675,#6676,
#6677),.UNSPECIFIED.,.F.,.F.,(4,3,3,3,3,3,4),(-0.628230243501872,-0.519246913309712,
-0.407736474480498,-0.308113133452216,-0.164988620564367,-0.00908984989394063,
0.),.UNSPECIFIED.);
#57=B_SPLINE_CURVE_WITH_KNOTS('',3,(#6678,#6679,#6680,#6681,#6682,#6683,
#6684,#6685,#6686,#6687),.UNSPECIFIED.,.F.,.F.,(4,2,2,2,4),(-1.32863012177174,
-1.23172565612553,-0.781044244872367,-0.347992808494807,0.),
 .UNSPECIFIED.);
#58=B_SPLINE_CURVE_WITH_KNOTS('',3,(#6696,#6697,#6698,#6699,#6700,#6701,
#6702,#6703,#6704,#6705,#6706,#6707,#6708,#6709,#6710,#6711,#6712,#6713,
#6714,#6715,#6716,#6717,#6718,#6719,#6720,#6721,#6722,#6723,#6724,#6725,
#6726,#6727,#6728,#6729,#6730,#6731,#6732,#6733,#6734,#6735,#6736,#6737,
#6738,#6739),.UNSPECIFIED.,.F.,.F.,(4,2,2,2,2,2,2,2,2,2,2,2,2,2,2,2,2,2,
2,2,2,4),(-7.87234055228455,-7.69721922108296,-7.41234600333617,-7.18772055310438,
-6.94562878803574,-6.582083445799,-6.10208893956611,-5.611389355304,-5.11556156636917,
-4.63492585360318,-4.18009348790619,-3.78495646361842,-3.51683881114152,
-3.29163670226172,-3.06341070385773,-2.78396183446644,-2.37628752108424,
-1.88076125064111,-1.39855389295441,-0.939916696261074,-0.501360148591269,
-0.365847730824491),.UNSPECIFIED.);
#59=B_SPLINE_CURVE_WITH_KNOTS('',3,(#6740,#6741,#6742,#6743),
 .UNSPECIFIED.,.F.,.F.,(4,4),(-0.365847730824491,0.),.UNSPECIFIED.);
#60=B_SPLINE_CURVE_WITH_KNOTS('',3,(#6747,#6748,#6749,#6750,#6751,#6752),
 .UNSPECIFIED.,.F.,.F.,(4,2,4),(-7.87207844188064,-7.53611267474348,-7.50707364378797),
 .UNSPECIFIED.);
#61=B_SPLINE_CURVE_WITH_KNOTS('',3,(#6753,#6754,#6755,#6756,#6757,#6758,
#6759,#6760,#6761,#6762,#6763,#6764,#6765,#6766,#6767,#6768,#6769,#6770,
#6771,#6772,#6773,#6774,#6775,#6776,#6777,#6778,#6779,#6780,#6781,#6782,
#6783,#6784,#6785,#6786,#6787,#6788,#6789,#6790,#6791,#6792,#6793,#6794),
 .UNSPECIFIED.,.F.,.F.,(4,2,2,2,2,2,2,2,2,2,2,2,2,2,2,2,2,2,2,2,4),(-7.50707364378797,
-7.26369589058354,-6.77145938856596,-6.27516517897282,-5.80012069205095,
-5.30269587941315,-4.95806628752835,-4.70806505243603,-4.48621591370196,
-4.25193398966677,-3.94542262787385,-3.46269764895291,-2.96147875067714,
-2.48862441380273,-2.03770216849991,-1.60618012855034,-1.10802179512001,
-0.816161195934829,-0.590400762382602,-0.351399155468521,0.),
 .UNSPECIFIED.);
#62=B_SPLINE_CURVE_WITH_KNOTS('',3,(#6798,#6799,#6800,#6801,#6802,#6803,
#6804,#6805,#6806,#6807,#6808,#6809,#6810,#6811,#6812,#6813,#6814,#6815,
#6816,#6817,#6818,#6819,#6820,#6821,#6822,#6823,#6824,#6825,#6826,#6827,
#6828,#6829,#6830,#6831,#6832,#6833,#6834,#6835,#6836,#6837,#6838,#6839),
 .UNSPECIFIED.,.F.,.F.,(4,2,2,2,2,2,2,2,2,2,2,2,2,2,2,2,2,2,2,2,4),(-7.87288683862763,
-7.60510822595723,-7.32889459108288,-7.06945209182044,-6.74009030010451,
-6.24714428772591,-5.75686563033667,-5.26149005789403,-4.77394123352854,
-4.30895947258269,-3.89577945595437,-3.59710017685101,-3.33811570196963,
-3.07865645128601,-2.77832052750106,-2.37709557898105,-1.8809825205526,
-1.3998868222397,-0.940660670332153,-0.499783047550103,-0.39959384355503),
 .UNSPECIFIED.);
#63=B_SPLINE_CURVE_WITH_KNOTS('',3,(#6840,#6841,#6842,#6843),
 .UNSPECIFIED.,.F.,.F.,(4,4),(-0.39959384355503,0.),.UNSPECIFIED.);
#64=B_SPLINE_CURVE_WITH_KNOTS('',3,(#6854,#6855,#6856,#6857,#6858,#6859,
#6860,#6861,#6862,#6863,#6864,#6865,#6866,#6867,#6868,#6869,#6870,#6871,
#6872,#6873,#6874,#6875,#6876,#6877),.UNSPECIFIED.,.F.,.F.,(4,2,2,2,2,2,
2,2,2,2,2,4),(-2.53227883968147,-2.35821673351176,-2.17742420358165,-1.89585178934491,
-1.57700687707499,-1.39867067191261,-1.26380074209075,-1.12966904485563,
-0.948734112335798,-0.633819358495679,-0.319173872645851,-0.00668616723947641),
 .UNSPECIFIED.);
#65=B_SPLINE_CURVE_WITH_KNOTS('',3,(#6879,#6880,#6881,#6882,#6883,#6884,
#6885,#6886,#6887,#6888,#6889,#6890,#6891,#6892,#6893,#6894,#6895,#6896,
#6897,#6898,#6899,#6900,#6901,#6902),.UNSPECIFIED.,.F.,.F.,(4,2,2,2,2,2,
2,2,2,2,2,4),(-2.50590973589463,-2.43236637229276,-2.35335391141024,-2.15292908146002,
-1.83959960770956,-1.54595579415247,-1.22866560377074,-0.921221175787231,
-0.630687217231645,-0.332703920656771,-0.146896124230039,0.),
 .UNSPECIFIED.);
#66=B_SPLINE_CURVE_WITH_KNOTS('',3,(#6903,#6904,#6905,#6906),
 .UNSPECIFIED.,.F.,.F.,(4,4),(-0.00668616723947641,0.),.UNSPECIFIED.);
#67=B_SPLINE_CURVE_WITH_KNOTS('',3,(#6910,#6911,#6912,#6913),
 .UNSPECIFIED.,.F.,.F.,(4,4),(-2.5266357523288,-2.51995292198143),
 .UNSPECIFIED.);
#68=B_SPLINE_CURVE_WITH_KNOTS('',3,(#6915,#6916,#6917,#6918,#6919,#6920,
#6921,#6922,#6923,#6924,#6925,#6926,#6927,#6928,#6929,#6930,#6931,#6932,
#6933,#6934,#6935,#6936,#6937,#6938),.UNSPECIFIED.,.F.,.F.,(4,2,2,2,2,2,
2,2,2,2,2,4),(-2.5058477205163,-2.42478191915034,-2.33728929775907,-2.16597034526174,
-1.87596584449484,-1.55920463772923,-1.24857461019294,-0.954098684466116,
-0.673377517349572,-0.353568927323941,-0.148821965963664,0.),
 .UNSPECIFIED.);
#69=B_SPLINE_CURVE_WITH_KNOTS('',3,(#6939,#6940,#6941,#6942,#6943,#6944,
#6945,#6946,#6947,#6948,#6949,#6950,#6951,#6952,#6953,#6954,#6955,#6956,
#6957,#6958,#6959,#6960,#6961,#6962),.UNSPECIFIED.,.F.,.F.,(4,2,2,2,2,2,
2,2,2,2,2,4),(-2.51995292198143,-2.35271147909913,-2.17224072257209,-1.89137065429235,
-1.57334012135479,-1.39550434799758,-1.26097970393206,-1.12716123643411,
-0.946604086252216,-0.632260802952659,-0.318379475495764,0.),
 .UNSPECIFIED.);
#70=B_SPLINE_CURVE_WITH_KNOTS('',3,(#6966,#6967,#6968,#6969,#6970,#6971,
#6972,#6973,#6974,#6975,#6976,#6977,#6978,#6979,#6980,#6981,#6982,#6983,
#6984,#6985,#6986,#6987,#6988,#6989),.UNSPECIFIED.,.F.,.F.,(4,2,2,2,2,2,
2,2,2,2,2,4),(-2.52529515212615,-2.30002909886552,-2.05852845175708,-1.78622210620404,
-1.51264912848017,-1.36201253151227,-1.24467466082451,-1.12165663521105,
-0.946285612618299,-0.631283406343097,-0.318137741605174,-0.00668593384128773),
 .UNSPECIFIED.);
#71=B_SPLINE_CURVE_WITH_KNOTS('',3,(#6991,#6992,#6993,#6994,#6995,#6996,
#6997,#6998,#6999,#7000,#7001,#7002,#7003,#7004,#7005,#7006,#7007,#7008,
#7009,#7010,#7011,#7012),.UNSPECIFIED.,.F.,.F.,(4,2,2,2,2,2,2,2,2,2,4),
(-2.50612656443003,-2.37180836480946,-2.21339794334741,-1.91122543607024,
-1.59741839441569,-1.28030078065513,-0.969486159894226,-0.673785987660658,
-0.372422916051267,-0.16811406927681,0.),.UNSPECIFIED.);
#72=B_SPLINE_CURVE_WITH_KNOTS('',3,(#7013,#7014,#7015,#7016),
 .UNSPECIFIED.,.F.,.F.,(4,4),(-0.00668593384128773,0.),.UNSPECIFIED.);
#73=B_SPLINE_CURVE_WITH_KNOTS('',3,(#7094,#7095,#7096,#7097),
 .UNSPECIFIED.,.F.,.F.,(4,4),(0.,0.40153248404245),.UNSPECIFIED.);
#74=B_SPLINE_CURVE_WITH_KNOTS('',3,(#7098,#7099,#7100,#7101),
 .UNSPECIFIED.,.F.,.F.,(4,4),(0.,0.35100647794773),.UNSPECIFIED.);
#75=B_SPLINE_CURVE_WITH_KNOTS('',3,(#7179,#7180,#7181,#7182),
 .UNSPECIFIED.,.F.,.F.,(4,4),(0.,0.401532484042456),.UNSPECIFIED.);
#76=B_SPLINE_CURVE_WITH_KNOTS('',3,(#7183,#7184,#7185,#7186),
 .UNSPECIFIED.,.F.,.F.,(4,4),(0.,0.35100647794773),.UNSPECIFIED.);
#77=B_SPLINE_CURVE_WITH_KNOTS('',3,(#7288,#7289,#7290,#7291),
 .UNSPECIFIED.,.F.,.F.,(4,4),(0.,0.601532484042451),.UNSPECIFIED.);
#78=B_SPLINE_CURVE_WITH_KNOTS('',3,(#7292,#7293,#7294,#7295),
 .UNSPECIFIED.,.F.,.F.,(4,4),(0.,0.35100647794773),.UNSPECIFIED.);
#79=B_SPLINE_CURVE_WITH_KNOTS('',3,(#7300,#7301,#7302,#7303),
 .UNSPECIFIED.,.F.,.F.,(4,4),(0.,0.35100647794773),.UNSPECIFIED.);
#80=B_SPLINE_CURVE_WITH_KNOTS('',3,(#7305,#7306,#7307,#7308,#7309,#7310,
#7311,#7312),.UNSPECIFIED.,.F.,.F.,(4,2,1,1,4),(1.65806278939461,1.65824242249693,
1.68573336150354,1.71322412188688,1.71598954046545),.UNSPECIFIED.);
#81=B_SPLINE_CURVE_WITH_KNOTS('',3,(#7313,#7314,#7315,#7316,#7317,#7318,
#7319,#7320,#7321,#7322),.UNSPECIFIED.,.F.,.F.,(4,3,3,4),(0.,0.735305521128031,
1.22550920188005,1.71571288263207),.UNSPECIFIED.);
#82=B_SPLINE_CURVE_WITH_KNOTS('',3,(#7421,#7422,#7423,#7424),
 .UNSPECIFIED.,.F.,.F.,(4,4),(0.,0.60153248404245),.UNSPECIFIED.);
#83=B_SPLINE_CURVE_WITH_KNOTS('',3,(#7450,#7451,#7452,#7453),
 .UNSPECIFIED.,.F.,.F.,(4,4),(-1.43052570888974E-17,1.99244054533899),
 .UNSPECIFIED.);
#84=B_SPLINE_CURVE_WITH_KNOTS('',3,(#7455,#7456,#7457,#7458),
 .UNSPECIFIED.,.F.,.F.,(4,4),(0.,0.387979811264934),.UNSPECIFIED.);
#85=B_SPLINE_CURVE_WITH_KNOTS('',3,(#7459,#7460,#7461,#7462,#7463,#7464,
#7465,#7466,#7467,#7468),.UNSPECIFIED.,.F.,.F.,(4,2,2,2,4),(0.38695312875919,
0.701227939267606,1.1695528464462,1.44169627806556,1.71383608743),
 .UNSPECIFIED.);
#86=B_SPLINE_CURVE_WITH_KNOTS('',3,(#7495,#7496,#7497,#7498),
 .UNSPECIFIED.,.F.,.F.,(4,4),(0.,1.6),.UNSPECIFIED.);
#87=B_SPLINE_CURVE_WITH_KNOTS('',3,(#7500,#7501,#7502,#7503,#7504,#7505),
 .UNSPECIFIED.,.F.,.F.,(4,2,4),(0.,0.0133694314017164,1.25100647794773),
 .UNSPECIFIED.);
#88=B_SPLINE_CURVE_WITH_KNOTS('',3,(#7507,#7508,#7509,#7510),
 .UNSPECIFIED.,.F.,.F.,(4,4),(0.,1.6),.UNSPECIFIED.);
#89=B_SPLINE_CURVE_WITH_KNOTS('',3,(#7511,#7512,#7513,#7514,#7515,#7516),
 .UNSPECIFIED.,.F.,.F.,(4,2,4),(0.,0.0133694314017164,1.25100647794773),
 .UNSPECIFIED.);
#90=B_SPLINE_CURVE_WITH_KNOTS('',3,(#7541,#7542,#7543,#7544),
 .UNSPECIFIED.,.F.,.F.,(4,4),(2.34996833902415,3.1),.UNSPECIFIED.);
#91=B_SPLINE_CURVE_WITH_KNOTS('',3,(#7546,#7547,#7548,#7549),
 .UNSPECIFIED.,.F.,.F.,(4,4),(0.,3.1),.UNSPECIFIED.);
#92=B_SPLINE_CURVE_WITH_KNOTS('',3,(#7551,#7552,#7553,#7554,#7555,#7556),
 .UNSPECIFIED.,.F.,.F.,(4,2,4),(0.,0.0133694314017164,1.25100647794773),
 .UNSPECIFIED.);
#93=B_SPLINE_CURVE_WITH_KNOTS('',3,(#7557,#7558,#7559,#7560),
 .UNSPECIFIED.,.F.,.F.,(4,4),(0.,0.750017911546396),.UNSPECIFIED.);
#94=B_SPLINE_CURVE_WITH_KNOTS('',3,(#7586,#7587,#7588,#7589),
 .UNSPECIFIED.,.F.,.F.,(4,4),(0.,1.6),.UNSPECIFIED.);
#95=B_SPLINE_CURVE_WITH_KNOTS('',3,(#7591,#7592,#7593,#7594),
 .UNSPECIFIED.,.F.,.F.,(4,4),(0.,1.6),.UNSPECIFIED.);
#96=B_SPLINE_CURVE_WITH_KNOTS('',3,(#7595,#7596,#7597,#7598,#7599,#7600),
 .UNSPECIFIED.,.F.,.F.,(4,2,4),(0.,0.0133694314017164,1.25100647794773),
 .UNSPECIFIED.);
#97=B_SPLINE_CURVE_WITH_KNOTS('',3,(#7625,#7626,#7627,#7628),
 .UNSPECIFIED.,.F.,.F.,(4,4),(2.34998208845361,3.1),.UNSPECIFIED.);
#98=B_SPLINE_CURVE_WITH_KNOTS('',3,(#7629,#7630,#7631,#7632),
 .UNSPECIFIED.,.F.,.F.,(4,4),(0.,3.1),.UNSPECIFIED.);
#99=B_SPLINE_CURVE_WITH_KNOTS('',3,(#7633,#7634,#7635,#7636),
 .UNSPECIFIED.,.F.,.F.,(4,4),(0.,0.750031660975853),.UNSPECIFIED.);
#100=B_SPLINE_CURVE_WITH_KNOTS('',3,(#7662,#7663,#7664,#7665),
 .UNSPECIFIED.,.F.,.F.,(4,4),(2.5499820884536,3.5),.UNSPECIFIED.);
#101=B_SPLINE_CURVE_WITH_KNOTS('',3,(#7667,#7668,#7669,#7670,#7671,#7672),
 .UNSPECIFIED.,.F.,.F.,(4,2,4),(0.,0.0133694314017164,1.25100647794773),
 .UNSPECIFIED.);
#102=B_SPLINE_CURVE_WITH_KNOTS('',3,(#7674,#7675,#7676,#7677),
 .UNSPECIFIED.,.F.,.F.,(4,4),(0.,3.5),.UNSPECIFIED.);
#103=B_SPLINE_CURVE_WITH_KNOTS('',3,(#7679,#7680,#7681,#7682,#7683,#7684),
 .UNSPECIFIED.,.F.,.F.,(4,2,4),(0.,0.0133694314017164,1.25100647794773),
 .UNSPECIFIED.);
#104=B_SPLINE_CURVE_WITH_KNOTS('',3,(#7685,#7686,#7687,#7688),
 .UNSPECIFIED.,.F.,.F.,(4,4),(0.,0.950031660975848),.UNSPECIFIED.);
#105=B_SPLINE_CURVE_WITH_KNOTS('',3,(#7714,#7715,#7716,#7717),
 .UNSPECIFIED.,.F.,.F.,(4,4),(0.,2.),.UNSPECIFIED.);
#106=B_SPLINE_CURVE_WITH_KNOTS('',3,(#7719,#7720,#7721,#7722),
 .UNSPECIFIED.,.F.,.F.,(4,4),(0.,2.),.UNSPECIFIED.);
#107=B_SPLINE_CURVE_WITH_KNOTS('',3,(#7723,#7724,#7725,#7726,#7727,#7728),
 .UNSPECIFIED.,.F.,.F.,(4,2,4),(0.,0.0133694314017164,1.25100647794773),
 .UNSPECIFIED.);
#108=B_SPLINE_CURVE_WITH_KNOTS('',3,(#7753,#7754,#7755,#7756),
 .UNSPECIFIED.,.F.,.F.,(4,4),(2.54996833902415,3.5),.UNSPECIFIED.);
#109=B_SPLINE_CURVE_WITH_KNOTS('',3,(#7758,#7759,#7760,#7761),
 .UNSPECIFIED.,.F.,.F.,(4,4),(0.,3.5),.UNSPECIFIED.);
#110=B_SPLINE_CURVE_WITH_KNOTS('',3,(#7763,#7764,#7765,#7766,#7767,#7768),
 .UNSPECIFIED.,.F.,.F.,(4,2,4),(0.,0.0133694314017164,1.25100647794773),
 .UNSPECIFIED.);
#111=B_SPLINE_CURVE_WITH_KNOTS('',3,(#7769,#7770,#7771,#7772),
 .UNSPECIFIED.,.F.,.F.,(4,4),(0.,0.950017911546396),.UNSPECIFIED.);
#112=B_SPLINE_CURVE_WITH_KNOTS('',3,(#7797,#7798,#7799,#7800),
 .UNSPECIFIED.,.F.,.F.,(4,4),(0.,2.),.UNSPECIFIED.);
#113=B_SPLINE_CURVE_WITH_KNOTS('',3,(#7801,#7802,#7803,#7804),
 .UNSPECIFIED.,.F.,.F.,(4,4),(0.,2.),.UNSPECIFIED.);
#114=B_SPLINE_CURVE_WITH_KNOTS('',3,(#8022,#8023,#8024,#8025),
 .UNSPECIFIED.,.F.,.F.,(4,4),(0.,1.6),.UNSPECIFIED.);
#115=B_SPLINE_CURVE_WITH_KNOTS('',3,(#8026,#8027,#8028,#8029,#8030,#8031,
#8032,#8033,#8034,#8035,#8036,#8037,#8038,#8039,#8040,#8041,#8042,#8043,
#8044,#8045,#8046,#8047,#8048,#8049,#8050,#8051,#8052,#8053,#8054,#8055,
#8056,#8057,#8058,#8059,#8060,#8061,#8062,#8063,#8064,#8065,#8066,#8067,
#8068,#8069,#8070,#8071,#8072,#8073,#8074,#8075,#8076,#8077,#8078,#8079),
 .UNSPECIFIED.,.F.,.F.,(4,2,1,1,1,1,1,1,1,1,1,1,1,1,1,1,1,1,1,1,1,1,1,1,
1,1,1,1,1,1,1,1,1,1,1,1,1,1,1,1,1,1,1,1,1,1,1,1,1,1,4),(1.65806278939461,
1.65824242249693,1.68573336150354,1.71322412188688,1.74071466118958,1.76820493712479,
1.79569490760867,1.82318453079287,1.85067376509674,1.87816256923931,1.90565090227107,
1.93313872360545,1.96062599304998,1.98811267083718,2.01559871765505,2.04308409467722,
2.07056876359269,2.09805268663511,2.1255358266117,2.15301814693162,2.1804996116339,
2.20798018541482,2.23545983365477,2.26293852244457,2.29041621861118,2.34536850421367,
2.40031644074042,2.41405257221276,2.4277887036851,2.45525979179077,2.5101983349957,
2.53766573816733,2.5925966849828,2.62006018249776,2.67498311796833,2.72990050902962,
2.78481221248886,2.79853905191281,2.81226589133676,2.83971810244069,2.89461807062781,
2.92206580513121,2.97695672703265,3.00439989869775,3.05928163277938,3.08672018640316,
3.11415719382569,3.12787492370774,3.13473378864877,3.13816322111928,3.14159265358979),
 .UNSPECIFIED.);
#116=B_SPLINE_CURVE_WITH_KNOTS('',3,(#8080,#8081,#8082,#8083,#8084,#8085,
#8086,#8087,#8088,#8089,#8090,#8091,#8092,#8093,#8094,#8095,#8096,#8097,
#8098,#8099,#8100,#8101,#8102,#8103,#8104,#8105,#8106,#8107,#8108,#8109,
#8110,#8111,#8112,#8113,#8114,#8115,#8116,#8117,#8118,#8119,#8120,#8121,
#8122,#8123,#8124,#8125,#8126,#8127,#8128,#8129,#8130,#8131,#8132,#8133),
 .UNSPECIFIED.,.F.,.F.,(4,2,1,1,1,1,1,1,1,1,1,1,1,1,1,1,1,1,1,1,1,1,1,1,
1,1,1,1,1,1,1,1,1,1,1,1,1,1,1,1,1,1,1,1,1,1,1,1,1,1,4),(1.65806278939461,
1.65824242249693,1.68573336150354,1.71322412188688,1.74071466118958,1.76820493712479,
1.79569490760867,1.82318453079287,1.85067376509674,1.87816256923931,1.90565090227107,
1.93313872360545,1.96062599304998,1.98811267083718,2.01559871765505,2.04308409467722,
2.07056876359269,2.09805268663511,2.1255358266117,2.15301814693162,2.1804996116339,
2.20798018541482,2.23545983365477,2.26293852244457,2.29041621861118,2.34536850421367,
2.40031644074042,2.41405257221276,2.4277887036851,2.45525979179077,2.5101983349957,
2.53766573816733,2.5925966849828,2.62006018249776,2.67498311796833,2.72990050902962,
2.78481221248886,2.79853905191281,2.81226589133676,2.83971810244069,2.89461807062781,
2.92206580513121,2.97695672703265,3.00439989869775,3.05928163277938,3.08672018640316,
3.11415719382569,3.12787492370774,3.13473378864877,3.13816322111928,3.14159265358979),
 .UNSPECIFIED.);
#117=B_SPLINE_CURVE_WITH_KNOTS('',3,(#8350,#8351,#8352,#8353),
 .UNSPECIFIED.,.F.,.F.,(4,4),(2.69846751595755,3.1),.UNSPECIFIED.);
#118=B_SPLINE_CURVE_WITH_KNOTS('',3,(#8354,#8355,#8356,#8357,#8358,#8359,
#8360,#8361,#8362,#8363,#8364,#8365,#8366,#8367,#8368,#8369,#8370,#8371,
#8372,#8373,#8374,#8375,#8376,#8377,#8378,#8379,#8380,#8381,#8382,#8383,
#8384,#8385,#8386,#8387,#8388,#8389,#8390,#8391,#8392,#8393,#8394,#8395,
#8396,#8397,#8398,#8399,#8400,#8401,#8402,#8403,#8404,#8405,#8406,#8407),
 .UNSPECIFIED.,.F.,.F.,(4,2,1,1,1,1,1,1,1,1,1,1,1,1,1,1,1,1,1,1,1,1,1,1,
1,1,1,1,1,1,1,1,1,1,1,1,1,1,1,1,1,1,1,1,1,1,1,1,1,1,4),(1.65806278939461,
1.65824242249693,1.68573336150354,1.71322412188688,1.74071466118958,1.76820493712479,
1.79569490760867,1.82318453079287,1.85067376509674,1.87816256923931,1.90565090227107,
1.93313872360545,1.96062599304998,1.98811267083718,2.01559871765505,2.04308409467722,
2.07056876359269,2.09805268663511,2.1255358266117,2.15301814693162,2.1804996116339,
2.20798018541482,2.23545983365477,2.26293852244457,2.29041621861118,2.34536850421367,
2.40031644074042,2.41405257221276,2.4277887036851,2.45525979179077,2.5101983349957,
2.53766573816733,2.5925966849828,2.62006018249776,2.67498311796833,2.72990050902962,
2.78481221248886,2.79853905191281,2.81226589133676,2.83971810244069,2.89461807062781,
2.92206580513121,2.97695672703265,3.00439989869775,3.05928163277938,3.08672018640316,
3.11415719382569,3.12787492370774,3.13473378864877,3.13816322111928,3.14159265358979),
 .UNSPECIFIED.);
#119=B_SPLINE_CURVE_WITH_KNOTS('',3,(#8625,#8626,#8627,#8628),
 .UNSPECIFIED.,.F.,.F.,(4,4),(0.,1.6),.UNSPECIFIED.);
#120=B_SPLINE_CURVE_WITH_KNOTS('',3,(#8629,#8630,#8631,#8632,#8633,#8634,
#8635,#8636,#8637,#8638,#8639,#8640,#8641,#8642,#8643,#8644,#8645,#8646,
#8647,#8648,#8649,#8650,#8651,#8652,#8653,#8654,#8655,#8656,#8657,#8658,
#8659,#8660,#8661,#8662,#8663,#8664,#8665,#8666,#8667,#8668,#8669,#8670,
#8671,#8672,#8673,#8674,#8675,#8676,#8677,#8678,#8679,#8680,#8681,#8682),
 .UNSPECIFIED.,.F.,.F.,(4,2,1,1,1,1,1,1,1,1,1,1,1,1,1,1,1,1,1,1,1,1,1,1,
1,1,1,1,1,1,1,1,1,1,1,1,1,1,1,1,1,1,1,1,1,1,1,1,1,1,4),(1.65806278939461,
1.65824242249693,1.68573336150354,1.71322412188688,1.74071466118958,1.76820493712479,
1.79569490760867,1.82318453079287,1.85067376509674,1.87816256923931,1.90565090227107,
1.93313872360545,1.96062599304998,1.98811267083718,2.01559871765505,2.04308409467722,
2.07056876359269,2.09805268663511,2.1255358266117,2.15301814693162,2.1804996116339,
2.20798018541482,2.23545983365477,2.26293852244457,2.29041621861118,2.34536850421367,
2.40031644074042,2.41405257221276,2.4277887036851,2.45525979179077,2.5101983349957,
2.53766573816733,2.5925966849828,2.62006018249776,2.67498311796833,2.72990050902962,
2.78481221248886,2.79853905191281,2.81226589133676,2.83971810244069,2.89461807062781,
2.92206580513121,2.97695672703265,3.00439989869775,3.05928163277938,3.08672018640316,
3.11415719382569,3.12787492370774,3.13473378864877,3.13816322111928,3.14159265358979),
 .UNSPECIFIED.);
#121=B_SPLINE_CURVE_WITH_KNOTS('',3,(#8899,#8900,#8901,#8902),
 .UNSPECIFIED.,.F.,.F.,(4,4),(2.69846751595736,3.1),.UNSPECIFIED.);
#122=B_SPLINE_CURVE_WITH_KNOTS('',3,(#9120,#9121,#9122,#9123),
 .UNSPECIFIED.,.F.,.F.,(4,4),(2.89846751595755,3.5),.UNSPECIFIED.);
#123=B_SPLINE_CURVE_WITH_KNOTS('',3,(#9124,#9125,#9126,#9127),
 .UNSPECIFIED.,.F.,.F.,(4,4),(3.5,3.57292135665239),.UNSPECIFIED.);
#124=B_SPLINE_CURVE_WITH_KNOTS('',3,(#9128,#9129,#9130,#9131,#9132,#9133,
#9134,#9135,#9136,#9137,#9138,#9139,#9140,#9141,#9142,#9143,#9144,#9145,
#9146,#9147,#9148,#9149,#9150,#9151,#9152,#9153,#9154,#9155,#9156,#9157,
#9158,#9159,#9160,#9161,#9162,#9163,#9164,#9165,#9166,#9167,#9168,#9169,
#9170,#9171,#9172,#9173,#9174,#9175,#9176,#9177),.UNSPECIFIED.,.F.,.F.,
(4,1,1,1,1,1,1,1,1,1,1,1,1,1,1,1,1,1,1,1,1,1,1,1,1,1,1,1,1,1,1,1,1,1,1,
1,1,1,1,1,1,1,1,1,1,1,1,4),(1.71598954046545,1.74071466118958,1.76820493712479,
1.79569490760867,1.82318453079287,1.85067376509674,1.87816256923931,1.90565090227107,
1.93313872360545,1.96062599304998,1.98811267083718,2.01559871765505,2.04308409467722,
2.07056876359269,2.09805268663511,2.1255358266117,2.15301814693162,2.1804996116339,
2.20798018541482,2.23545983365477,2.26293852244457,2.29041621861118,2.34536850421367,
2.40031644074042,2.41405257221276,2.4277887036851,2.45525979179077,2.5101983349957,
2.53766573816733,2.5925966849828,2.62006018249776,2.67498311796833,2.72990050902962,
2.78481221248886,2.79853905191281,2.81226589133676,2.83971810244069,2.89461807062781,
2.92206580513121,2.97695672703265,3.00439989869775,3.05928163277938,3.08672018640316,
3.11415719382569,3.12787492370774,3.13473378864877,3.13816322111928,3.14159265358979),
 .UNSPECIFIED.);
#125=B_SPLINE_CURVE_WITH_KNOTS('',3,(#9178,#9179,#9180,#9181,#9182,#9183,
#9184,#9185,#9186,#9187,#9188,#9189,#9190,#9191,#9192,#9193,#9194,#9195,
#9196,#9197,#9198,#9199,#9200,#9201,#9202,#9203,#9204,#9205,#9206,#9207,
#9208,#9209,#9210,#9211,#9212,#9213,#9214,#9215,#9216,#9217,#9218,#9219,
#9220,#9221,#9222,#9223,#9224,#9225,#9226,#9227,#9228,#9229,#9230,#9231),
 .UNSPECIFIED.,.F.,.F.,(4,2,1,1,1,1,1,1,1,1,1,1,1,1,1,1,1,1,1,1,1,1,1,1,
1,1,1,1,1,1,1,1,1,1,1,1,1,1,1,1,1,1,1,1,1,1,1,1,1,1,4),(1.65806278939461,
1.65824242249693,1.68573336150354,1.71322412188688,1.74071466118958,1.76820493712479,
1.79569490760867,1.82318453079287,1.85067376509674,1.87816256923931,1.90565090227107,
1.93313872360545,1.96062599304998,1.98811267083718,2.01559871765505,2.04308409467722,
2.07056876359269,2.09805268663511,2.1255358266117,2.15301814693162,2.1804996116339,
2.20798018541482,2.23545983365477,2.26293852244457,2.29041621861118,2.34536850421367,
2.40031644074042,2.41405257221276,2.4277887036851,2.45525979179077,2.5101983349957,
2.53766573816733,2.5925966849828,2.62006018249776,2.67498311796833,2.72990050902962,
2.78481221248886,2.79853905191281,2.81226589133676,2.83971810244069,2.89461807062781,
2.92206580513121,2.97695672703265,3.00439989869775,3.05928163277938,3.08672018640316,
3.11415719382569,3.12787492370774,3.13473378864877,3.13816322111928,3.14159265358979),
 .UNSPECIFIED.);
#126=B_SPLINE_CURVE_WITH_KNOTS('',3,(#9449,#9450,#9451,#9452),
 .UNSPECIFIED.,.F.,.F.,(4,4),(0.,2.),.UNSPECIFIED.);
#127=B_SPLINE_CURVE_WITH_KNOTS('',3,(#9453,#9454,#9455,#9456,#9457,#9458,
#9459,#9460,#9461,#9462,#9463,#9464,#9465,#9466,#9467,#9468,#9469,#9470,
#9471,#9472,#9473,#9474,#9475,#9476,#9477,#9478,#9479,#9480,#9481,#9482,
#9483,#9484,#9485,#9486,#9487,#9488,#9489,#9490,#9491,#9492,#9493,#9494,
#9495,#9496,#9497,#9498,#9499,#9500,#9501,#9502,#9503,#9504,#9505,#9506),
 .UNSPECIFIED.,.F.,.F.,(4,2,1,1,1,1,1,1,1,1,1,1,1,1,1,1,1,1,1,1,1,1,1,1,
1,1,1,1,1,1,1,1,1,1,1,1,1,1,1,1,1,1,1,1,1,1,1,1,1,1,4),(1.65806278939461,
1.65824242249693,1.68573336150354,1.71322412188688,1.74071466118958,1.76820493712479,
1.79569490760867,1.82318453079287,1.85067376509674,1.87816256923931,1.90565090227107,
1.93313872360545,1.96062599304998,1.98811267083718,2.01559871765505,2.04308409467722,
2.07056876359269,2.09805268663511,2.1255358266117,2.15301814693162,2.1804996116339,
2.20798018541482,2.23545983365477,2.26293852244457,2.29041621861118,2.34536850421367,
2.40031644074042,2.41405257221276,2.4277887036851,2.45525979179077,2.5101983349957,
2.53766573816733,2.5925966849828,2.62006018249776,2.67498311796833,2.72990050902962,
2.78481221248886,2.79853905191281,2.81226589133676,2.83971810244069,2.89461807062781,
2.92206580513121,2.97695672703265,3.00439989869775,3.05928163277938,3.08672018640316,
3.11415719382569,3.12787492370774,3.13473378864877,3.13816322111928,3.14159265358979),
 .UNSPECIFIED.);
#128=B_SPLINE_CURVE_WITH_KNOTS('',3,(#9723,#9724,#9725,#9726),
 .UNSPECIFIED.,.F.,.F.,(4,4),(2.89846751595755,3.5),.UNSPECIFIED.);
#129=B_SPLINE_CURVE_WITH_KNOTS('',3,(#9727,#9728,#9729,#9730,#9731,#9732,
#9733,#9734,#9735,#9736,#9737,#9738,#9739,#9740,#9741,#9742,#9743,#9744,
#9745,#9746,#9747,#9748,#9749,#9750,#9751,#9752,#9753,#9754,#9755,#9756,
#9757,#9758,#9759,#9760,#9761,#9762,#9763,#9764,#9765,#9766,#9767,#9768,
#9769,#9770,#9771,#9772,#9773,#9774,#9775,#9776),.UNSPECIFIED.,.F.,.F.,
(4,1,1,1,1,1,1,1,1,1,1,1,1,1,1,1,1,1,1,1,1,1,1,1,1,1,1,1,1,1,1,1,1,1,1,
1,1,1,1,1,1,1,1,1,1,1,1,4),(1.71598954046545,1.74071466118958,1.76820493712479,
1.79569490760867,1.82318453079287,1.85067376509674,1.87816256923931,1.90565090227107,
1.93313872360545,1.96062599304998,1.98811267083718,2.01559871765505,2.04308409467722,
2.07056876359269,2.09805268663511,2.1255358266117,2.15301814693162,2.1804996116339,
2.20798018541482,2.23545983365477,2.26293852244457,2.29041621861118,2.34536850421367,
2.40031644074042,2.41405257221276,2.4277887036851,2.45525979179077,2.5101983349957,
2.53766573816733,2.5925966849828,2.62006018249776,2.67498311796833,2.72990050902962,
2.78481221248886,2.79853905191281,2.81226589133676,2.83971810244069,2.89461807062781,
2.92206580513121,2.97695672703265,3.00439989869775,3.05928163277938,3.08672018640316,
3.11415719382569,3.12787492370774,3.13473378864877,3.13816322111928,3.14159265358979),
 .UNSPECIFIED.);
#130=B_SPLINE_CURVE_WITH_KNOTS('',3,(#9994,#9995,#9996,#9997),
 .UNSPECIFIED.,.F.,.F.,(4,4),(0.,0.35100647794773),.UNSPECIFIED.);
#131=B_SPLINE_CURVE_WITH_KNOTS('',3,(#10031,#10032,#10033,#10034),
 .UNSPECIFIED.,.F.,.F.,(4,4),(0.,0.35100647794773),.UNSPECIFIED.);
#132=B_SPLINE_CURVE_WITH_KNOTS('',3,(#10084,#10085,#10086,#10087),
 .UNSPECIFIED.,.F.,.F.,(4,4),(0.,0.35100647794773),.UNSPECIFIED.);
#133=FACE_BOUND('',#528,.T.);
#134=FACE_BOUND('',#529,.T.);
#135=FACE_BOUND('',#530,.T.);
#136=FACE_BOUND('',#532,.T.);
#137=FACE_BOUND('',#533,.T.);
#138=FACE_BOUND('',#534,.T.);
#139=FACE_BOUND('',#536,.T.);
#140=FACE_BOUND('',#537,.T.);
#141=FACE_BOUND('',#538,.T.);
#142=FACE_BOUND('',#546,.T.);
#143=FACE_BOUND('',#547,.T.);
#144=FACE_BOUND('',#548,.T.);
#145=FACE_BOUND('',#551,.T.);
#146=FACE_BOUND('',#552,.T.);
#147=FACE_BOUND('',#553,.T.);
#148=FACE_BOUND('',#556,.T.);
#149=FACE_BOUND('',#557,.T.);
#150=FACE_BOUND('',#558,.T.);
#151=FACE_BOUND('',#559,.T.);
#152=FACE_BOUND('',#560,.T.);
#153=FACE_BOUND('',#561,.T.);
#154=FACE_BOUND('',#562,.T.);
#155=FACE_BOUND('',#563,.T.);
#156=FACE_BOUND('',#564,.T.);
#157=FACE_BOUND('',#565,.T.);
#158=FACE_BOUND('',#566,.T.);
#159=FACE_BOUND('',#567,.T.);
#160=FACE_BOUND('',#568,.T.);
#161=FACE_BOUND('',#569,.T.);
#162=FACE_BOUND('',#572,.T.);
#163=FACE_BOUND('',#573,.T.);
#164=FACE_BOUND('',#574,.T.);
#165=FACE_BOUND('',#575,.T.);
#166=FACE_BOUND('',#576,.T.);
#167=FACE_BOUND('',#577,.T.);
#168=FACE_BOUND('',#578,.T.);
#169=FACE_BOUND('',#579,.T.);
#170=FACE_BOUND('',#580,.T.);
#171=FACE_BOUND('',#581,.T.);
#172=FACE_BOUND('',#582,.T.);
#173=FACE_BOUND('',#583,.T.);
#174=FACE_BOUND('',#584,.T.);
#175=FACE_BOUND('',#585,.T.);
#176=FACE_BOUND('',#598,.T.);
#177=FACE_BOUND('',#601,.T.);
#178=FACE_BOUND('',#603,.T.);
#179=FACE_BOUND('',#606,.T.);
#180=FACE_BOUND('',#616,.T.);
#181=FACE_BOUND('',#647,.T.);
#182=FACE_BOUND('',#653,.T.);
#183=FACE_BOUND('',#659,.T.);
#184=FACE_BOUND('',#665,.T.);
#185=FACE_BOUND('',#667,.T.);
#186=FACE_BOUND('',#673,.T.);
#187=FACE_BOUND('',#675,.T.);
#188=FACE_BOUND('',#681,.T.);
#189=FACE_BOUND('',#683,.T.);
#190=FACE_BOUND('',#689,.T.);
#191=FACE_BOUND('',#691,.T.);
#192=FACE_BOUND('',#697,.T.);
#193=FACE_BOUND('',#699,.T.);
#194=FACE_BOUND('',#705,.T.);
#195=FACE_BOUND('',#707,.T.);
#196=FACE_BOUND('',#717,.T.);
#197=FACE_BOUND('',#723,.T.);
#198=FACE_BOUND('',#729,.T.);
#199=FACE_BOUND('',#769,.T.);
#200=FACE_BOUND('',#772,.T.);
#201=FACE_BOUND('',#774,.T.);
#202=FACE_BOUND('',#779,.T.);
#203=FACE_BOUND('',#781,.T.);
#204=FACE_BOUND('',#783,.T.);
#205=FACE_BOUND('',#795,.T.);
#206=FACE_BOUND('',#796,.T.);
#207=PLANE('',#4648);
#208=PLANE('',#4661);
#209=PLANE('',#4662);
#210=PLANE('',#4663);
#211=PLANE('',#4664);
#212=PLANE('',#4665);
#213=PLANE('',#4669);
#214=PLANE('',#4673);
#215=PLANE('',#4688);
#216=PLANE('',#4689);
#217=PLANE('',#4720);
#218=PLANE('',#4729);
#219=PLANE('',#4738);
#220=PLANE('',#4746);
#221=PLANE('',#4754);
#222=PLANE('',#4755);
#223=PLANE('',#4756);
#224=PLANE('',#4757);
#225=PLANE('',#4760);
#226=PLANE('',#4762);
#227=PLANE('',#4776);
#228=PLANE('',#4780);
#229=PLANE('',#4784);
#230=PLANE('',#4787);
#231=PLANE('',#4788);
#232=PLANE('',#4789);
#233=PLANE('',#4790);
#234=PLANE('',#4799);
#235=PLANE('',#4808);
#236=PLANE('',#4813);
#237=PLANE('',#4816);
#238=PLANE('',#4830);
#239=PLANE('',#4831);
#240=PLANE('',#4844);
#241=PLANE('',#4845);
#242=PLANE('',#4852);
#243=PLANE('',#4856);
#244=PLANE('',#4858);
#245=PLANE('',#4872);
#246=PLANE('',#4873);
#247=PLANE('',#4886);
#248=PLANE('',#4887);
#249=PLANE('',#4894);
#250=PLANE('',#4898);
#251=PLANE('',#4900);
#252=PLANE('',#4904);
#253=PLANE('',#4905);
#254=PLANE('',#4906);
#255=PLANE('',#4915);
#256=PLANE('',#4924);
#257=PLANE('',#4929);
#258=PLANE('',#4932);
#259=PLANE('',#4933);
#260=PLANE('',#4934);
#261=PLANE('',#4935);
#262=PLANE('',#4939);
#263=PLANE('',#4940);
#264=PLANE('',#4941);
#265=PLANE('',#4942);
#266=PLANE('',#4943);
#267=PLANE('',#4944);
#268=PLANE('',#4945);
#269=PLANE('',#4946);
#270=PLANE('',#4947);
#271=PLANE('',#4948);
#272=PLANE('',#4949);
#273=PLANE('',#4950);
#274=PLANE('',#4955);
#275=PLANE('',#4956);
#276=PLANE('',#4957);
#277=PLANE('',#4958);
#278=PLANE('',#4959);
#279=PLANE('',#4960);
#280=PLANE('',#4961);
#281=PLANE('',#4962);
#282=PLANE('',#4963);
#283=PLANE('',#4964);
#284=PLANE('',#4965);
#285=PLANE('',#4966);
#286=PLANE('',#4975);
#287=PLANE('',#4976);
#288=PLANE('',#4977);
#289=PLANE('',#4978);
#290=PLANE('',#4979);
#291=PLANE('',#4980);
#292=PLANE('',#4981);
#293=PLANE('',#4982);
#294=PLANE('',#4983);
#295=PLANE('',#4984);
#296=PLANE('',#4985);
#297=PLANE('',#4986);
#298=PLANE('',#4987);
#299=PLANE('',#4988);
#300=PLANE('',#4989);
#301=PLANE('',#4996);
#302=PLANE('',#4997);
#303=PLANE('',#4998);
#304=PLANE('',#4999);
#305=FACE_OUTER_BOUND('',#515,.T.);
#306=FACE_OUTER_BOUND('',#516,.T.);
#307=FACE_OUTER_BOUND('',#517,.T.);
#308=FACE_OUTER_BOUND('',#518,.T.);
#309=FACE_OUTER_BOUND('',#519,.T.);
#310=FACE_OUTER_BOUND('',#520,.T.);
#311=FACE_OUTER_BOUND('',#521,.T.);
#312=FACE_OUTER_BOUND('',#522,.T.);
#313=FACE_OUTER_BOUND('',#523,.T.);
#314=FACE_OUTER_BOUND('',#524,.T.);
#315=FACE_OUTER_BOUND('',#525,.T.);
#316=FACE_OUTER_BOUND('',#526,.T.);
#317=FACE_OUTER_BOUND('',#527,.T.);
#318=FACE_OUTER_BOUND('',#531,.T.);
#319=FACE_OUTER_BOUND('',#535,.T.);
#320=FACE_OUTER_BOUND('',#539,.T.);
#321=FACE_OUTER_BOUND('',#540,.T.);
#322=FACE_OUTER_BOUND('',#541,.T.);
#323=FACE_OUTER_BOUND('',#542,.T.);
#324=FACE_OUTER_BOUND('',#543,.T.);
#325=FACE_OUTER_BOUND('',#544,.T.);
#326=FACE_OUTER_BOUND('',#545,.T.);
#327=FACE_OUTER_BOUND('',#549,.T.);
#328=FACE_OUTER_BOUND('',#550,.T.);
#329=FACE_OUTER_BOUND('',#554,.T.);
#330=FACE_OUTER_BOUND('',#555,.T.);
#331=FACE_OUTER_BOUND('',#570,.T.);
#332=FACE_OUTER_BOUND('',#571,.T.);
#333=FACE_OUTER_BOUND('',#586,.T.);
#334=FACE_OUTER_BOUND('',#587,.T.);
#335=FACE_OUTER_BOUND('',#588,.T.);
#336=FACE_OUTER_BOUND('',#589,.T.);
#337=FACE_OUTER_BOUND('',#590,.T.);
#338=FACE_OUTER_BOUND('',#591,.T.);
#339=FACE_OUTER_BOUND('',#592,.T.);
#340=FACE_OUTER_BOUND('',#593,.T.);
#341=FACE_OUTER_BOUND('',#594,.T.);
#342=FACE_OUTER_BOUND('',#595,.T.);
#343=FACE_OUTER_BOUND('',#596,.T.);
#344=FACE_OUTER_BOUND('',#597,.T.);
#345=FACE_OUTER_BOUND('',#599,.T.);
#346=FACE_OUTER_BOUND('',#600,.T.);
#347=FACE_OUTER_BOUND('',#602,.T.);
#348=FACE_OUTER_BOUND('',#604,.T.);
#349=FACE_OUTER_BOUND('',#605,.T.);
#350=FACE_OUTER_BOUND('',#607,.T.);
#351=FACE_OUTER_BOUND('',#608,.T.);
#352=FACE_OUTER_BOUND('',#609,.T.);
#353=FACE_OUTER_BOUND('',#610,.T.);
#354=FACE_OUTER_BOUND('',#611,.T.);
#355=FACE_OUTER_BOUND('',#612,.T.);
#356=FACE_OUTER_BOUND('',#613,.T.);
#357=FACE_OUTER_BOUND('',#614,.T.);
#358=FACE_OUTER_BOUND('',#615,.T.);
#359=FACE_OUTER_BOUND('',#617,.T.);
#360=FACE_OUTER_BOUND('',#618,.T.);
#361=FACE_OUTER_BOUND('',#619,.T.);
#362=FACE_OUTER_BOUND('',#620,.T.);
#363=FACE_OUTER_BOUND('',#621,.T.);
#364=FACE_OUTER_BOUND('',#622,.T.);
#365=FACE_OUTER_BOUND('',#623,.T.);
#366=FACE_OUTER_BOUND('',#624,.T.);
#367=FACE_OUTER_BOUND('',#625,.T.);
#368=FACE_OUTER_BOUND('',#626,.T.);
#369=FACE_OUTER_BOUND('',#627,.T.);
#370=FACE_OUTER_BOUND('',#628,.T.);
#371=FACE_OUTER_BOUND('',#629,.T.);
#372=FACE_OUTER_BOUND('',#630,.T.);
#373=FACE_OUTER_BOUND('',#631,.T.);
#374=FACE_OUTER_BOUND('',#632,.T.);
#375=FACE_OUTER_BOUND('',#633,.T.);
#376=FACE_OUTER_BOUND('',#634,.T.);
#377=FACE_OUTER_BOUND('',#635,.T.);
#378=FACE_OUTER_BOUND('',#636,.T.);
#379=FACE_OUTER_BOUND('',#637,.T.);
#380=FACE_OUTER_BOUND('',#638,.T.);
#381=FACE_OUTER_BOUND('',#639,.T.);
#382=FACE_OUTER_BOUND('',#640,.T.);
#383=FACE_OUTER_BOUND('',#641,.T.);
#384=FACE_OUTER_BOUND('',#642,.T.);
#385=FACE_OUTER_BOUND('',#643,.T.);
#386=FACE_OUTER_BOUND('',#644,.T.);
#387=FACE_OUTER_BOUND('',#645,.T.);
#388=FACE_OUTER_BOUND('',#646,.T.);
#389=FACE_OUTER_BOUND('',#648,.T.);
#390=FACE_OUTER_BOUND('',#649,.T.);
#391=FACE_OUTER_BOUND('',#650,.T.);
#392=FACE_OUTER_BOUND('',#651,.T.);
#393=FACE_OUTER_BOUND('',#652,.T.);
#394=FACE_OUTER_BOUND('',#654,.T.);
#395=FACE_OUTER_BOUND('',#655,.T.);
#396=FACE_OUTER_BOUND('',#656,.T.);
#397=FACE_OUTER_BOUND('',#657,.T.);
#398=FACE_OUTER_BOUND('',#658,.T.);
#399=FACE_OUTER_BOUND('',#660,.T.);
#400=FACE_OUTER_BOUND('',#661,.T.);
#401=FACE_OUTER_BOUND('',#662,.T.);
#402=FACE_OUTER_BOUND('',#663,.T.);
#403=FACE_OUTER_BOUND('',#664,.T.);
#404=FACE_OUTER_BOUND('',#666,.T.);
#405=FACE_OUTER_BOUND('',#668,.T.);
#406=FACE_OUTER_BOUND('',#669,.T.);
#407=FACE_OUTER_BOUND('',#670,.T.);
#408=FACE_OUTER_BOUND('',#671,.T.);
#409=FACE_OUTER_BOUND('',#672,.T.);
#410=FACE_OUTER_BOUND('',#674,.T.);
#411=FACE_OUTER_BOUND('',#676,.T.);
#412=FACE_OUTER_BOUND('',#677,.T.);
#413=FACE_OUTER_BOUND('',#678,.T.);
#414=FACE_OUTER_BOUND('',#679,.T.);
#415=FACE_OUTER_BOUND('',#680,.T.);
#416=FACE_OUTER_BOUND('',#682,.T.);
#417=FACE_OUTER_BOUND('',#684,.T.);
#418=FACE_OUTER_BOUND('',#685,.T.);
#419=FACE_OUTER_BOUND('',#686,.T.);
#420=FACE_OUTER_BOUND('',#687,.T.);
#421=FACE_OUTER_BOUND('',#688,.T.);
#422=FACE_OUTER_BOUND('',#690,.T.);
#423=FACE_OUTER_BOUND('',#692,.T.);
#424=FACE_OUTER_BOUND('',#693,.T.);
#425=FACE_OUTER_BOUND('',#694,.T.);
#426=FACE_OUTER_BOUND('',#695,.T.);
#427=FACE_OUTER_BOUND('',#696,.T.);
#428=FACE_OUTER_BOUND('',#698,.T.);
#429=FACE_OUTER_BOUND('',#700,.T.);
#430=FACE_OUTER_BOUND('',#701,.T.);
#431=FACE_OUTER_BOUND('',#702,.T.);
#432=FACE_OUTER_BOUND('',#703,.T.);
#433=FACE_OUTER_BOUND('',#704,.T.);
#434=FACE_OUTER_BOUND('',#706,.T.);
#435=FACE_OUTER_BOUND('',#708,.T.);
#436=FACE_OUTER_BOUND('',#709,.T.);
#437=FACE_OUTER_BOUND('',#710,.T.);
#438=FACE_OUTER_BOUND('',#711,.T.);
#439=FACE_OUTER_BOUND('',#712,.T.);
#440=FACE_OUTER_BOUND('',#713,.T.);
#441=FACE_OUTER_BOUND('',#714,.T.);
#442=FACE_OUTER_BOUND('',#715,.T.);
#443=FACE_OUTER_BOUND('',#716,.T.);
#444=FACE_OUTER_BOUND('',#718,.T.);
#445=FACE_OUTER_BOUND('',#719,.T.);
#446=FACE_OUTER_BOUND('',#720,.T.);
#447=FACE_OUTER_BOUND('',#721,.T.);
#448=FACE_OUTER_BOUND('',#722,.T.);
#449=FACE_OUTER_BOUND('',#724,.T.);
#450=FACE_OUTER_BOUND('',#725,.T.);
#451=FACE_OUTER_BOUND('',#726,.T.);
#452=FACE_OUTER_BOUND('',#727,.T.);
#453=FACE_OUTER_BOUND('',#728,.T.);
#454=FACE_OUTER_BOUND('',#730,.T.);
#455=FACE_OUTER_BOUND('',#731,.T.);
#456=FACE_OUTER_BOUND('',#732,.T.);
#457=FACE_OUTER_BOUND('',#733,.T.);
#458=FACE_OUTER_BOUND('',#734,.T.);
#459=FACE_OUTER_BOUND('',#735,.T.);
#460=FACE_OUTER_BOUND('',#736,.T.);
#461=FACE_OUTER_BOUND('',#737,.T.);
#462=FACE_OUTER_BOUND('',#738,.T.);
#463=FACE_OUTER_BOUND('',#739,.T.);
#464=FACE_OUTER_BOUND('',#740,.T.);
#465=FACE_OUTER_BOUND('',#741,.T.);
#466=FACE_OUTER_BOUND('',#742,.T.);
#467=FACE_OUTER_BOUND('',#743,.T.);
#468=FACE_OUTER_BOUND('',#744,.T.);
#469=FACE_OUTER_BOUND('',#745,.T.);
#470=FACE_OUTER_BOUND('',#746,.T.);
#471=FACE_OUTER_BOUND('',#747,.T.);
#472=FACE_OUTER_BOUND('',#748,.T.);
#473=FACE_OUTER_BOUND('',#749,.T.);
#474=FACE_OUTER_BOUND('',#750,.T.);
#475=FACE_OUTER_BOUND('',#751,.T.);
#476=FACE_OUTER_BOUND('',#752,.T.);
#477=FACE_OUTER_BOUND('',#753,.T.);
#478=FACE_OUTER_BOUND('',#754,.T.);
#479=FACE_OUTER_BOUND('',#755,.T.);
#480=FACE_OUTER_BOUND('',#756,.T.);
#481=FACE_OUTER_BOUND('',#757,.T.);
#482=FACE_OUTER_BOUND('',#758,.T.);
#483=FACE_OUTER_BOUND('',#759,.T.);
#484=FACE_OUTER_BOUND('',#760,.T.);
#485=FACE_OUTER_BOUND('',#761,.T.);
#486=FACE_OUTER_BOUND('',#762,.T.);
#487=FACE_OUTER_BOUND('',#763,.T.);
#488=FACE_OUTER_BOUND('',#764,.T.);
#489=FACE_OUTER_BOUND('',#765,.T.);
#490=FACE_OUTER_BOUND('',#766,.T.);
#491=FACE_OUTER_BOUND('',#767,.T.);
#492=FACE_OUTER_BOUND('',#768,.T.);
#493=FACE_OUTER_BOUND('',#770,.T.);
#494=FACE_OUTER_BOUND('',#771,.T.);
#495=FACE_OUTER_BOUND('',#773,.T.);
#496=FACE_OUTER_BOUND('',#775,.T.);
#497=FACE_OUTER_BOUND('',#776,.T.);
#498=FACE_OUTER_BOUND('',#777,.T.);
#499=FACE_OUTER_BOUND('',#778,.T.);
#500=FACE_OUTER_BOUND('',#780,.T.);
#501=FACE_OUTER_BOUND('',#782,.T.);
#502=FACE_OUTER_BOUND('',#784,.T.);
#503=FACE_OUTER_BOUND('',#785,.T.);
#504=FACE_OUTER_BOUND('',#786,.T.);
#505=FACE_OUTER_BOUND('',#787,.T.);
#506=FACE_OUTER_BOUND('',#788,.T.);
#507=FACE_OUTER_BOUND('',#789,.T.);
#508=FACE_OUTER_BOUND('',#790,.T.);
#509=FACE_OUTER_BOUND('',#791,.T.);
#510=FACE_OUTER_BOUND('',#792,.T.);
#511=FACE_OUTER_BOUND('',#793,.T.);
#512=FACE_OUTER_BOUND('',#794,.T.);
#513=FACE_OUTER_BOUND('',#797,.T.);
#514=FACE_OUTER_BOUND('',#798,.T.);
#515=EDGE_LOOP('',(#2956,#2957,#2958,#2959));
#516=EDGE_LOOP('',(#2960,#2961,#2962,#2963,#2964,#2965,#2966,#2967,#2968,
#2969,#2970,#2971,#2972,#2973,#2974,#2975));
#517=EDGE_LOOP('',(#2976,#2977,#2978,#2979));
#518=EDGE_LOOP('',(#2980,#2981,#2982,#2983));
#519=EDGE_LOOP('',(#2984,#2985,#2986,#2987));
#520=EDGE_LOOP('',(#2988,#2989,#2990,#2991));
#521=EDGE_LOOP('',(#2992,#2993,#2994,#2995));
#522=EDGE_LOOP('',(#2996,#2997,#2998,#2999));
#523=EDGE_LOOP('',(#3000,#3001,#3002,#3003));
#524=EDGE_LOOP('',(#3004,#3005,#3006,#3007));
#525=EDGE_LOOP('',(#3008,#3009,#3010,#3011,#3012,#3013,#3014,#3015,#3016,
#3017,#3018,#3019,#3020,#3021,#3022,#3023,#3024,#3025,#3026,#3027,#3028,
#3029,#3030,#3031,#3032,#3033,#3034,#3035));
#526=EDGE_LOOP('',(#3036,#3037,#3038,#3039,#3040,#3041,#3042,#3043,#3044,
#3045,#3046,#3047,#3048,#3049,#3050,#3051,#3052,#3053,#3054,#3055,#3056,
#3057,#3058,#3059,#3060,#3061,#3062,#3063));
#527=EDGE_LOOP('',(#3064,#3065,#3066,#3067,#3068,#3069,#3070,#3071,#3072,
#3073,#3074,#3075,#3076,#3077,#3078,#3079,#3080,#3081,#3082,#3083,#3084,
#3085));
#528=EDGE_LOOP('',(#3086));
#529=EDGE_LOOP('',(#3087));
#530=EDGE_LOOP('',(#3088));
#531=EDGE_LOOP('',(#3089,#3090,#3091,#3092,#3093,#3094,#3095,#3096,#3097,
#3098,#3099,#3100,#3101,#3102,#3103,#3104));
#532=EDGE_LOOP('',(#3105,#3106,#3107,#3108));
#533=EDGE_LOOP('',(#3109,#3110,#3111,#3112));
#534=EDGE_LOOP('',(#3113,#3114,#3115,#3116));
#535=EDGE_LOOP('',(#3117,#3118,#3119,#3120,#3121,#3122,#3123,#3124,#3125,
#3126,#3127,#3128,#3129,#3130,#3131,#3132,#3133,#3134,#3135,#3136,#3137,
#3138));
#536=EDGE_LOOP('',(#3139));
#537=EDGE_LOOP('',(#3140));
#538=EDGE_LOOP('',(#3141));
#539=EDGE_LOOP('',(#3142,#3143,#3144,#3145,#3146,#3147,#3148,#3149,#3150,
#3151,#3152,#3153));
#540=EDGE_LOOP('',(#3154,#3155,#3156,#3157,#3158,#3159,#3160,#3161,#3162,
#3163,#3164,#3165));
#541=EDGE_LOOP('',(#3166,#3167,#3168,#3169,#3170,#3171));
#542=EDGE_LOOP('',(#3172,#3173,#3174,#3175,#3176,#3177));
#543=EDGE_LOOP('',(#3178,#3179,#3180,#3181,#3182,#3183,#3184,#3185));
#544=EDGE_LOOP('',(#3186,#3187,#3188,#3189,#3190,#3191,#3192,#3193));
#545=EDGE_LOOP('',(#3194,#3195,#3196,#3197,#3198,#3199,#3200,#3201,#3202,
#3203,#3204,#3205,#3206,#3207,#3208,#3209,#3210,#3211,#3212,#3213,#3214,
#3215,#3216,#3217,#3218,#3219,#3220,#3221,#3222,#3223,#3224));
#546=EDGE_LOOP('',(#3225));
#547=EDGE_LOOP('',(#3226));
#548=EDGE_LOOP('',(#3227));
#549=EDGE_LOOP('',(#3228,#3229,#3230,#3231));
#550=EDGE_LOOP('',(#3232,#3233,#3234,#3235,#3236,#3237,#3238,#3239,#3240,
#3241,#3242,#3243,#3244,#3245,#3246,#3247,#3248,#3249,#3250,#3251,#3252,
#3253,#3254,#3255,#3256,#3257,#3258,#3259,#3260,#3261,#3262));
#551=EDGE_LOOP('',(#3263));
#552=EDGE_LOOP('',(#3264));
#553=EDGE_LOOP('',(#3265));
#554=EDGE_LOOP('',(#3266,#3267,#3268,#3269));
#555=EDGE_LOOP('',(#3270,#3271,#3272,#3273,#3274,#3275,#3276,#3277,#3278,
#3279,#3280,#3281,#3282,#3283,#3284,#3285,#3286));
#556=EDGE_LOOP('',(#3287,#3288,#3289,#3290));
#557=EDGE_LOOP('',(#3291,#3292,#3293,#3294));
#558=EDGE_LOOP('',(#3295,#3296,#3297,#3298));
#559=EDGE_LOOP('',(#3299,#3300,#3301,#3302));
#560=EDGE_LOOP('',(#3303,#3304,#3305,#3306));
#561=EDGE_LOOP('',(#3307));
#562=EDGE_LOOP('',(#3308,#3309,#3310,#3311));
#563=EDGE_LOOP('',(#3312,#3313,#3314,#3315));
#564=EDGE_LOOP('',(#3316,#3317,#3318,#3319));
#565=EDGE_LOOP('',(#3320));
#566=EDGE_LOOP('',(#3321));
#567=EDGE_LOOP('',(#3322));
#568=EDGE_LOOP('',(#3323));
#569=EDGE_LOOP('',(#3324));
#570=EDGE_LOOP('',(#3325,#3326,#3327,#3328));
#571=EDGE_LOOP('',(#3329,#3330,#3331,#3332,#3333,#3334,#3335,#3336,#3337,
#3338,#3339,#3340,#3341,#3342,#3343,#3344,#3345,#3346,#3347,#3348));
#572=EDGE_LOOP('',(#3349));
#573=EDGE_LOOP('',(#3350));
#574=EDGE_LOOP('',(#3351));
#575=EDGE_LOOP('',(#3352));
#576=EDGE_LOOP('',(#3353));
#577=EDGE_LOOP('',(#3354,#3355,#3356,#3357));
#578=EDGE_LOOP('',(#3358,#3359,#3360,#3361));
#579=EDGE_LOOP('',(#3362,#3363,#3364,#3365));
#580=EDGE_LOOP('',(#3366));
#581=EDGE_LOOP('',(#3367,#3368,#3369,#3370));
#582=EDGE_LOOP('',(#3371,#3372,#3373,#3374));
#583=EDGE_LOOP('',(#3375,#3376,#3377,#3378));
#584=EDGE_LOOP('',(#3379,#3380,#3381,#3382));
#585=EDGE_LOOP('',(#3383,#3384,#3385,#3386));
#586=EDGE_LOOP('',(#3387,#3388,#3389,#3390));
#587=EDGE_LOOP('',(#3391,#3392,#3393,#3394,#3395));
#588=EDGE_LOOP('',(#3396,#3397,#3398,#3399));
#589=EDGE_LOOP('',(#3400,#3401,#3402,#3403,#3404,#3405,#3406));
#590=EDGE_LOOP('',(#3407,#3408,#3409,#3410));
#591=EDGE_LOOP('',(#3411,#3412,#3413,#3414,#3415,#3416,#3417));
#592=EDGE_LOOP('',(#3418,#3419,#3420,#3421,#3422,#3423,#3424));
#593=EDGE_LOOP('',(#3425,#3426,#3427,#3428));
#594=EDGE_LOOP('',(#3429,#3430,#3431,#3432,#3433,#3434,#3435));
#595=EDGE_LOOP('',(#3436,#3437,#3438,#3439));
#596=EDGE_LOOP('',(#3440,#3441,#3442,#3443));
#597=EDGE_LOOP('',(#3444,#3445,#3446,#3447,#3448,#3449,#3450,#3451,#3452));
#598=EDGE_LOOP('',(#3453,#3454));
#599=EDGE_LOOP('',(#3455,#3456,#3457,#3458));
#600=EDGE_LOOP('',(#3459,#3460,#3461,#3462,#3463,#3464,#3465,#3466,#3467));
#601=EDGE_LOOP('',(#3468,#3469));
#602=EDGE_LOOP('',(#3470,#3471,#3472,#3473,#3474,#3475,#3476,#3477,#3478,
#3479,#3480));
#603=EDGE_LOOP('',(#3481,#3482));
#604=EDGE_LOOP('',(#3483,#3484,#3485,#3486));
#605=EDGE_LOOP('',(#3487,#3488,#3489,#3490,#3491,#3492,#3493,#3494,#3495,
#3496));
#606=EDGE_LOOP('',(#3497,#3498));
#607=EDGE_LOOP('',(#3499,#3500,#3501,#3502));
#608=EDGE_LOOP('',(#3503,#3504,#3505,#3506));
#609=EDGE_LOOP('',(#3507,#3508,#3509,#3510));
#610=EDGE_LOOP('',(#3511,#3512,#3513,#3514));
#611=EDGE_LOOP('',(#3515,#3516,#3517,#3518));
#612=EDGE_LOOP('',(#3519,#3520,#3521,#3522,#3523));
#613=EDGE_LOOP('',(#3524,#3525,#3526,#3527));
#614=EDGE_LOOP('',(#3528,#3529,#3530,#3531));
#615=EDGE_LOOP('',(#3532,#3533,#3534,#3535));
#616=EDGE_LOOP('',(#3536,#3537,#3538,#3539));
#617=EDGE_LOOP('',(#3540,#3541,#3542,#3543));
#618=EDGE_LOOP('',(#3544,#3545,#3546,#3547));
#619=EDGE_LOOP('',(#3548,#3549,#3550,#3551,#3552,#3553,#3554,#3555,#3556,
#3557,#3558,#3559,#3560,#3561,#3562,#3563,#3564,#3565,#3566,#3567,#3568,
#3569,#3570,#3571,#3572,#3573,#3574,#3575));
#620=EDGE_LOOP('',(#3576,#3577,#3578,#3579));
#621=EDGE_LOOP('',(#3580,#3581,#3582,#3583));
#622=EDGE_LOOP('',(#3584,#3585,#3586,#3587,#3588,#3589,#3590,#3591,#3592,
#3593,#3594,#3595,#3596,#3597,#3598,#3599));
#623=EDGE_LOOP('',(#3600,#3601,#3602,#3603));
#624=EDGE_LOOP('',(#3604,#3605,#3606,#3607));
#625=EDGE_LOOP('',(#3608,#3609,#3610,#3611));
#626=EDGE_LOOP('',(#3612,#3613,#3614,#3615));
#627=EDGE_LOOP('',(#3616,#3617,#3618,#3619));
#628=EDGE_LOOP('',(#3620,#3621,#3622,#3623));
#629=EDGE_LOOP('',(#3624,#3625,#3626,#3627));
#630=EDGE_LOOP('',(#3628,#3629,#3630,#3631,#3632,#3633,#3634,#3635,#3636,
#3637,#3638,#3639,#3640,#3641,#3642,#3643,#3644,#3645,#3646,#3647,#3648,
#3649,#3650,#3651,#3652,#3653,#3654,#3655));
#631=EDGE_LOOP('',(#3656,#3657,#3658,#3659));
#632=EDGE_LOOP('',(#3660,#3661,#3662,#3663));
#633=EDGE_LOOP('',(#3664,#3665,#3666,#3667,#3668,#3669,#3670,#3671,#3672,
#3673,#3674,#3675,#3676,#3677,#3678,#3679,#3680,#3681,#3682,#3683,#3684,
#3685,#3686,#3687,#3688,#3689,#3690,#3691));
#634=EDGE_LOOP('',(#3692,#3693,#3694,#3695));
#635=EDGE_LOOP('',(#3696,#3697,#3698,#3699));
#636=EDGE_LOOP('',(#3700,#3701,#3702,#3703,#3704,#3705,#3706,#3707,#3708,
#3709,#3710,#3711,#3712,#3713,#3714,#3715,#3716,#3717,#3718,#3719,#3720,
#3721,#3722,#3723,#3724,#3725,#3726,#3727));
#637=EDGE_LOOP('',(#3728,#3729,#3730,#3731));
#638=EDGE_LOOP('',(#3732,#3733,#3734,#3735));
#639=EDGE_LOOP('',(#3736,#3737,#3738,#3739));
#640=EDGE_LOOP('',(#3740,#3741,#3742,#3743));
#641=EDGE_LOOP('',(#3744,#3745,#3746,#3747));
#642=EDGE_LOOP('',(#3748,#3749,#3750,#3751));
#643=EDGE_LOOP('',(#3752,#3753,#3754,#3755));
#644=EDGE_LOOP('',(#3756,#3757,#3758,#3759));
#645=EDGE_LOOP('',(#3760,#3761,#3762,#3763));
#646=EDGE_LOOP('',(#3764,#3765,#3766,#3767));
#647=EDGE_LOOP('',(#3768));
#648=EDGE_LOOP('',(#3769,#3770,#3771,#3772));
#649=EDGE_LOOP('',(#3773,#3774,#3775,#3776));
#650=EDGE_LOOP('',(#3777,#3778,#3779,#3780));
#651=EDGE_LOOP('',(#3781,#3782,#3783,#3784));
#652=EDGE_LOOP('',(#3785,#3786,#3787,#3788));
#653=EDGE_LOOP('',(#3789));
#654=EDGE_LOOP('',(#3790,#3791,#3792,#3793));
#655=EDGE_LOOP('',(#3794,#3795,#3796,#3797));
#656=EDGE_LOOP('',(#3798,#3799,#3800,#3801));
#657=EDGE_LOOP('',(#3802,#3803,#3804,#3805));
#658=EDGE_LOOP('',(#3806,#3807,#3808,#3809,#3810,#3811));
#659=EDGE_LOOP('',(#3812));
#660=EDGE_LOOP('',(#3813,#3814,#3815,#3816));
#661=EDGE_LOOP('',(#3817,#3818,#3819,#3820));
#662=EDGE_LOOP('',(#3821,#3822,#3823,#3824));
#663=EDGE_LOOP('',(#3825,#3826,#3827,#3828));
#664=EDGE_LOOP('',(#3829,#3830,#3831,#3832));
#665=EDGE_LOOP('',(#3833));
#666=EDGE_LOOP('',(#3834,#3835,#3836,#3837));
#667=EDGE_LOOP('',(#3838));
#668=EDGE_LOOP('',(#3839,#3840,#3841,#3842));
#669=EDGE_LOOP('',(#3843,#3844,#3845,#3846));
#670=EDGE_LOOP('',(#3847,#3848,#3849,#3850));
#671=EDGE_LOOP('',(#3851,#3852,#3853,#3854));
#672=EDGE_LOOP('',(#3855,#3856,#3857,#3858));
#673=EDGE_LOOP('',(#3859));
#674=EDGE_LOOP('',(#3860,#3861,#3862,#3863));
#675=EDGE_LOOP('',(#3864));
#676=EDGE_LOOP('',(#3865,#3866,#3867,#3868));
#677=EDGE_LOOP('',(#3869,#3870,#3871,#3872));
#678=EDGE_LOOP('',(#3873,#3874,#3875,#3876));
#679=EDGE_LOOP('',(#3877,#3878,#3879,#3880));
#680=EDGE_LOOP('',(#3881,#3882,#3883,#3884,#3885,#3886));
#681=EDGE_LOOP('',(#3887));
#682=EDGE_LOOP('',(#3888,#3889,#3890,#3891,#3892,#3893));
#683=EDGE_LOOP('',(#3894));
#684=EDGE_LOOP('',(#3895,#3896,#3897,#3898));
#685=EDGE_LOOP('',(#3899,#3900,#3901,#3902));
#686=EDGE_LOOP('',(#3903,#3904,#3905,#3906));
#687=EDGE_LOOP('',(#3907,#3908,#3909,#3910));
#688=EDGE_LOOP('',(#3911,#3912,#3913,#3914));
#689=EDGE_LOOP('',(#3915));
#690=EDGE_LOOP('',(#3916,#3917,#3918,#3919));
#691=EDGE_LOOP('',(#3920));
#692=EDGE_LOOP('',(#3921,#3922,#3923,#3924));
#693=EDGE_LOOP('',(#3925,#3926,#3927,#3928));
#694=EDGE_LOOP('',(#3929,#3930,#3931,#3932));
#695=EDGE_LOOP('',(#3933,#3934,#3935,#3936));
#696=EDGE_LOOP('',(#3937,#3938,#3939,#3940));
#697=EDGE_LOOP('',(#3941));
#698=EDGE_LOOP('',(#3942,#3943,#3944,#3945));
#699=EDGE_LOOP('',(#3946));
#700=EDGE_LOOP('',(#3947,#3948,#3949,#3950));
#701=EDGE_LOOP('',(#3951,#3952,#3953,#3954));
#702=EDGE_LOOP('',(#3955,#3956,#3957,#3958));
#703=EDGE_LOOP('',(#3959,#3960,#3961,#3962));
#704=EDGE_LOOP('',(#3963,#3964,#3965,#3966,#3967,#3968));
#705=EDGE_LOOP('',(#3969));
#706=EDGE_LOOP('',(#3970,#3971,#3972,#3973,#3974,#3975));
#707=EDGE_LOOP('',(#3976));
#708=EDGE_LOOP('',(#3977,#3978,#3979,#3980,#3981,#3982,#3983,#3984,#3985,
#3986,#3987,#3988,#3989,#3990,#3991,#3992));
#709=EDGE_LOOP('',(#3993,#3994,#3995,#3996));
#710=EDGE_LOOP('',(#3997,#3998,#3999,#4000));
#711=EDGE_LOOP('',(#4001,#4002,#4003,#4004));
#712=EDGE_LOOP('',(#4005,#4006,#4007,#4008));
#713=EDGE_LOOP('',(#4009,#4010,#4011,#4012));
#714=EDGE_LOOP('',(#4013,#4014,#4015,#4016));
#715=EDGE_LOOP('',(#4017,#4018,#4019,#4020));
#716=EDGE_LOOP('',(#4021,#4022,#4023,#4024));
#717=EDGE_LOOP('',(#4025));
#718=EDGE_LOOP('',(#4026,#4027,#4028,#4029));
#719=EDGE_LOOP('',(#4030,#4031,#4032,#4033));
#720=EDGE_LOOP('',(#4034,#4035,#4036,#4037));
#721=EDGE_LOOP('',(#4038,#4039,#4040,#4041));
#722=EDGE_LOOP('',(#4042,#4043,#4044,#4045));
#723=EDGE_LOOP('',(#4046));
#724=EDGE_LOOP('',(#4047,#4048,#4049,#4050));
#725=EDGE_LOOP('',(#4051,#4052,#4053,#4054));
#726=EDGE_LOOP('',(#4055,#4056,#4057,#4058));
#727=EDGE_LOOP('',(#4059,#4060,#4061,#4062));
#728=EDGE_LOOP('',(#4063,#4064,#4065,#4066,#4067,#4068));
#729=EDGE_LOOP('',(#4069));
#730=EDGE_LOOP('',(#4070,#4071,#4072,#4073));
#731=EDGE_LOOP('',(#4074,#4075,#4076,#4077));
#732=EDGE_LOOP('',(#4078,#4079,#4080,#4081));
#733=EDGE_LOOP('',(#4082,#4083,#4084,#4085));
#734=EDGE_LOOP('',(#4086,#4087,#4088,#4089));
#735=EDGE_LOOP('',(#4090,#4091,#4092,#4093));
#736=EDGE_LOOP('',(#4094,#4095,#4096,#4097));
#737=EDGE_LOOP('',(#4098,#4099,#4100,#4101));
#738=EDGE_LOOP('',(#4102,#4103,#4104,#4105));
#739=EDGE_LOOP('',(#4106,#4107,#4108,#4109));
#740=EDGE_LOOP('',(#4110,#4111,#4112,#4113));
#741=EDGE_LOOP('',(#4114,#4115,#4116,#4117));
#742=EDGE_LOOP('',(#4118,#4119,#4120,#4121));
#743=EDGE_LOOP('',(#4122,#4123,#4124,#4125));
#744=EDGE_LOOP('',(#4126,#4127,#4128,#4129));
#745=EDGE_LOOP('',(#4130,#4131,#4132,#4133));
#746=EDGE_LOOP('',(#4134,#4135,#4136,#4137));
#747=EDGE_LOOP('',(#4138,#4139,#4140,#4141));
#748=EDGE_LOOP('',(#4142,#4143,#4144,#4145));
#749=EDGE_LOOP('',(#4146,#4147,#4148,#4149));
#750=EDGE_LOOP('',(#4150,#4151,#4152,#4153));
#751=EDGE_LOOP('',(#4154,#4155,#4156,#4157));
#752=EDGE_LOOP('',(#4158,#4159,#4160,#4161));
#753=EDGE_LOOP('',(#4162,#4163,#4164,#4165));
#754=EDGE_LOOP('',(#4166,#4167,#4168,#4169));
#755=EDGE_LOOP('',(#4170,#4171,#4172,#4173));
#756=EDGE_LOOP('',(#4174,#4175,#4176,#4177));
#757=EDGE_LOOP('',(#4178,#4179,#4180,#4181));
#758=EDGE_LOOP('',(#4182,#4183,#4184,#4185));
#759=EDGE_LOOP('',(#4186,#4187,#4188,#4189));
#760=EDGE_LOOP('',(#4190,#4191,#4192,#4193));
#761=EDGE_LOOP('',(#4194,#4195,#4196,#4197));
#762=EDGE_LOOP('',(#4198,#4199,#4200,#4201));
#763=EDGE_LOOP('',(#4202,#4203,#4204,#4205));
#764=EDGE_LOOP('',(#4206,#4207,#4208,#4209));
#765=EDGE_LOOP('',(#4210,#4211,#4212,#4213));
#766=EDGE_LOOP('',(#4214,#4215,#4216,#4217));
#767=EDGE_LOOP('',(#4218,#4219,#4220,#4221));
#768=EDGE_LOOP('',(#4222,#4223,#4224,#4225));
#769=EDGE_LOOP('',(#4226));
#770=EDGE_LOOP('',(#4227,#4228,#4229,#4230));
#771=EDGE_LOOP('',(#4231,#4232,#4233,#4234));
#772=EDGE_LOOP('',(#4235));
#773=EDGE_LOOP('',(#4236,#4237,#4238,#4239));
#774=EDGE_LOOP('',(#4240));
#775=EDGE_LOOP('',(#4241,#4242,#4243,#4244));
#776=EDGE_LOOP('',(#4245,#4246,#4247,#4248));
#777=EDGE_LOOP('',(#4249,#4250,#4251,#4252));
#778=EDGE_LOOP('',(#4253,#4254,#4255,#4256));
#779=EDGE_LOOP('',(#4257));
#780=EDGE_LOOP('',(#4258,#4259,#4260,#4261));
#781=EDGE_LOOP('',(#4262));
#782=EDGE_LOOP('',(#4263,#4264,#4265,#4266));
#783=EDGE_LOOP('',(#4267));
#784=EDGE_LOOP('',(#4268,#4269,#4270,#4271));
#785=EDGE_LOOP('',(#4272,#4273,#4274,#4275));
#786=EDGE_LOOP('',(#4276,#4277,#4278,#4279));
#787=EDGE_LOOP('',(#4280,#4281,#4282,#4283));
#788=EDGE_LOOP('',(#4284,#4285,#4286,#4287));
#789=EDGE_LOOP('',(#4288,#4289,#4290,#4291));
#790=EDGE_LOOP('',(#4292,#4293,#4294,#4295));
#791=EDGE_LOOP('',(#4296,#4297,#4298,#4299));
#792=EDGE_LOOP('',(#4300,#4301,#4302,#4303));
#793=EDGE_LOOP('',(#4304,#4305,#4306,#4307));
#794=EDGE_LOOP('',(#4308,#4309,#4310,#4311));
#795=EDGE_LOOP('',(#4312,#4313,#4314,#4315));
#796=EDGE_LOOP('',(#4316,#4317,#4318,#4319));
#797=EDGE_LOOP('',(#4320,#4321,#4322,#4323));
#798=EDGE_LOOP('',(#4324,#4325,#4326,#4327));
#799=LINE('',#6141,#1222);
#800=LINE('',#6144,#1223);
#801=LINE('',#6147,#1224);
#802=LINE('',#6149,#1225);
#803=LINE('',#6151,#1226);
#804=LINE('',#6153,#1227);
#805=LINE('',#6155,#1228);
#806=LINE('',#6157,#1229);
#807=LINE('',#6159,#1230);
#808=LINE('',#6161,#1231);
#809=LINE('',#6163,#1232);
#810=LINE('',#6165,#1233);
#811=LINE('',#6167,#1234);
#812=LINE('',#6169,#1235);
#813=LINE('',#6171,#1236);
#814=LINE('',#6173,#1237);
#815=LINE('',#6174,#1238);
#816=LINE('',#6180,#1239);
#817=LINE('',#6186,#1240);
#818=LINE('',#6191,#1241);
#819=LINE('',#6197,#1242);
#820=LINE('',#6202,#1243);
#821=LINE('',#6203,#1244);
#822=LINE('',#6204,#1245);
#823=LINE('',#6208,#1246);
#824=LINE('',#6209,#1247);
#825=LINE('',#6210,#1248);
#826=LINE('',#6214,#1249);
#827=LINE('',#6215,#1250);
#828=LINE('',#6216,#1251);
#829=LINE('',#6220,#1252);
#830=LINE('',#6221,#1253);
#831=LINE('',#6222,#1254);
#832=LINE('',#6229,#1255);
#833=LINE('',#6231,#1256);
#834=LINE('',#6233,#1257);
#835=LINE('',#6235,#1258);
#836=LINE('',#6237,#1259);
#837=LINE('',#6239,#1260);
#838=LINE('',#6241,#1261);
#839=LINE('',#6243,#1262);
#840=LINE('',#6245,#1263);
#841=LINE('',#6247,#1264);
#842=LINE('',#6249,#1265);
#843=LINE('',#6251,#1266);
#844=LINE('',#6253,#1267);
#845=LINE('',#6255,#1268);
#846=LINE('',#6257,#1269);
#847=LINE('',#6259,#1270);
#848=LINE('',#6261,#1271);
#849=LINE('',#6263,#1272);
#850=LINE('',#6265,#1273);
#851=LINE('',#6267,#1274);
#852=LINE('',#6271,#1275);
#853=LINE('',#6272,#1276);
#854=LINE('',#6275,#1277);
#855=LINE('',#6277,#1278);
#856=LINE('',#6281,#1279);
#857=LINE('',#6283,#1280);
#858=LINE('',#6285,#1281);
#859=LINE('',#6287,#1282);
#860=LINE('',#6289,#1283);
#861=LINE('',#6291,#1284);
#862=LINE('',#6293,#1285);
#863=LINE('',#6295,#1286);
#864=LINE('',#6297,#1287);
#865=LINE('',#6299,#1288);
#866=LINE('',#6301,#1289);
#867=LINE('',#6303,#1290);
#868=LINE('',#6305,#1291);
#869=LINE('',#6307,#1292);
#870=LINE('',#6309,#1293);
#871=LINE('',#6311,#1294);
#872=LINE('',#6313,#1295);
#873=LINE('',#6315,#1296);
#874=LINE('',#6317,#1297);
#875=LINE('',#6319,#1298);
#876=LINE('',#6325,#1299);
#877=LINE('',#6329,#1300);
#878=LINE('',#6335,#1301);
#879=LINE('',#6343,#1302);
#880=LINE('',#6345,#1303);
#881=LINE('',#6347,#1304);
#882=LINE('',#6355,#1305);
#883=LINE('',#6357,#1306);
#884=LINE('',#6369,#1307);
#885=LINE('',#6371,#1308);
#886=LINE('',#6373,#1309);
#887=LINE('',#6375,#1310);
#888=LINE('',#6377,#1311);
#889=LINE('',#6379,#1312);
#890=LINE('',#6381,#1313);
#891=LINE('',#6383,#1314);
#892=LINE('',#6385,#1315);
#893=LINE('',#6387,#1316);
#894=LINE('',#6389,#1317);
#895=LINE('',#6391,#1318);
#896=LINE('',#6393,#1319);
#897=LINE('',#6394,#1320);
#898=LINE('',#6396,#1321);
#899=LINE('',#6397,#1322);
#900=LINE('',#6399,#1323);
#901=LINE('',#6401,#1324);
#902=LINE('',#6402,#1325);
#903=LINE('',#6404,#1326);
#904=LINE('',#6405,#1327);
#905=LINE('',#6410,#1328);
#906=LINE('',#6412,#1329);
#907=LINE('',#6420,#1330);
#908=LINE('',#6427,#1331);
#909=LINE('',#6435,#1332);
#910=LINE('',#6441,#1333);
#911=LINE('',#6476,#1334);
#912=LINE('',#6624,#1335);
#913=LINE('',#6694,#1336);
#914=LINE('',#6796,#1337);
#915=LINE('',#6852,#1338);
#916=LINE('',#6964,#1339);
#917=LINE('',#7019,#1340);
#918=LINE('',#7021,#1341);
#919=LINE('',#7023,#1342);
#920=LINE('',#7024,#1343);
#921=LINE('',#7028,#1344);
#922=LINE('',#7032,#1345);
#923=LINE('',#7034,#1346);
#924=LINE('',#7036,#1347);
#925=LINE('',#7040,#1348);
#926=LINE('',#7043,#1349);
#927=LINE('',#7045,#1350);
#928=LINE('',#7049,#1351);
#929=LINE('',#7051,#1352);
#930=LINE('',#7053,#1353);
#931=LINE('',#7055,#1354);
#932=LINE('',#7057,#1355);
#933=LINE('',#7059,#1356);
#934=LINE('',#7061,#1357);
#935=LINE('',#7063,#1358);
#936=LINE('',#7065,#1359);
#937=LINE('',#7067,#1360);
#938=LINE('',#7069,#1361);
#939=LINE('',#7070,#1362);
#940=LINE('',#7104,#1363);
#941=LINE('',#7106,#1364);
#942=LINE('',#7108,#1365);
#943=LINE('',#7110,#1366);
#944=LINE('',#7112,#1367);
#945=LINE('',#7114,#1368);
#946=LINE('',#7116,#1369);
#947=LINE('',#7118,#1370);
#948=LINE('',#7120,#1371);
#949=LINE('',#7122,#1372);
#950=LINE('',#7124,#1373);
#951=LINE('',#7126,#1374);
#952=LINE('',#7130,#1375);
#953=LINE('',#7131,#1376);
#954=LINE('',#7135,#1377);
#955=LINE('',#7139,#1378);
#956=LINE('',#7141,#1379);
#957=LINE('',#7143,#1380);
#958=LINE('',#7147,#1381);
#959=LINE('',#7150,#1382);
#960=LINE('',#7152,#1383);
#961=LINE('',#7154,#1384);
#962=LINE('',#7155,#1385);
#963=LINE('',#7189,#1386);
#964=LINE('',#7191,#1387);
#965=LINE('',#7193,#1388);
#966=LINE('',#7196,#1389);
#967=LINE('',#7198,#1390);
#968=LINE('',#7199,#1391);
#969=LINE('',#7200,#1392);
#970=LINE('',#7202,#1393);
#971=LINE('',#7204,#1394);
#972=LINE('',#7205,#1395);
#973=LINE('',#7206,#1396);
#974=LINE('',#7209,#1397);
#975=LINE('',#7211,#1398);
#976=LINE('',#7213,#1399);
#977=LINE('',#7214,#1400);
#978=LINE('',#7217,#1401);
#979=LINE('',#7219,#1402);
#980=LINE('',#7221,#1403);
#981=LINE('',#7222,#1404);
#982=LINE('',#7225,#1405);
#983=LINE('',#7227,#1406);
#984=LINE('',#7229,#1407);
#985=LINE('',#7230,#1408);
#986=LINE('',#7232,#1409);
#987=LINE('',#7234,#1410);
#988=LINE('',#7235,#1411);
#989=LINE('',#7238,#1412);
#990=LINE('',#7239,#1413);
#991=LINE('',#7240,#1414);
#992=LINE('',#7245,#1415);
#993=LINE('',#7246,#1416);
#994=LINE('',#7247,#1417);
#995=LINE('',#7249,#1418);
#996=LINE('',#7251,#1419);
#997=LINE('',#7252,#1420);
#998=LINE('',#7255,#1421);
#999=LINE('',#7257,#1422);
#1000=LINE('',#7259,#1423);
#1001=LINE('',#7260,#1424);
#1002=LINE('',#7298,#1425);
#1003=LINE('',#7324,#1426);
#1004=LINE('',#7326,#1427);
#1005=LINE('',#7327,#1428);
#1006=LINE('',#7328,#1429);
#1007=LINE('',#7330,#1430);
#1008=LINE('',#7332,#1431);
#1009=LINE('',#7333,#1432);
#1010=LINE('',#7337,#1433);
#1011=LINE('',#7339,#1434);
#1012=LINE('',#7340,#1435);
#1013=LINE('',#7353,#1436);
#1014=LINE('',#7355,#1437);
#1015=LINE('',#7357,#1438);
#1016=LINE('',#7358,#1439);
#1017=LINE('',#7360,#1440);
#1018=LINE('',#7362,#1441);
#1019=LINE('',#7363,#1442);
#1020=LINE('',#7366,#1443);
#1021=LINE('',#7367,#1444);
#1022=LINE('',#7368,#1445);
#1023=LINE('',#7373,#1446);
#1024=LINE('',#7374,#1447);
#1025=LINE('',#7375,#1448);
#1026=LINE('',#7377,#1449);
#1027=LINE('',#7379,#1450);
#1028=LINE('',#7380,#1451);
#1029=LINE('',#7383,#1452);
#1030=LINE('',#7385,#1453);
#1031=LINE('',#7387,#1454);
#1032=LINE('',#7388,#1455);
#1033=LINE('',#7391,#1456);
#1034=LINE('',#7393,#1457);
#1035=LINE('',#7395,#1458);
#1036=LINE('',#7396,#1459);
#1037=LINE('',#7399,#1460);
#1038=LINE('',#7401,#1461);
#1039=LINE('',#7403,#1462);
#1040=LINE('',#7404,#1463);
#1041=LINE('',#9993,#1464);
#1042=LINE('',#10030,#1465);
#1043=LINE('',#10083,#1466);
#1044=LINE('',#10106,#1467);
#1045=LINE('',#10108,#1468);
#1046=LINE('',#10111,#1469);
#1047=LINE('',#10115,#1470);
#1048=LINE('',#10116,#1471);
#1049=LINE('',#10118,#1472);
#1050=LINE('',#10120,#1473);
#1051=LINE('',#10121,#1474);
#1052=LINE('',#10122,#1475);
#1053=LINE('',#10123,#1476);
#1054=LINE('',#10125,#1477);
#1055=LINE('',#10127,#1478);
#1056=LINE('',#10128,#1479);
#1057=LINE('',#10130,#1480);
#1058=LINE('',#10132,#1481);
#1059=LINE('',#10134,#1482);
#1060=LINE('',#10137,#1483);
#1061=LINE('',#10139,#1484);
#1062=LINE('',#10141,#1485);
#1063=LINE('',#10143,#1486);
#1064=LINE('',#10145,#1487);
#1065=LINE('',#10147,#1488);
#1066=LINE('',#10149,#1489);
#1067=LINE('',#10150,#1490);
#1068=LINE('',#10152,#1491);
#1069=LINE('',#10154,#1492);
#1070=LINE('',#10155,#1493);
#1071=LINE('',#10158,#1494);
#1072=LINE('',#10165,#1495);
#1073=LINE('',#10171,#1496);
#1074=LINE('',#10175,#1497);
#1075=LINE('',#10176,#1498);
#1076=LINE('',#10179,#1499);
#1077=LINE('',#10180,#1500);
#1078=LINE('',#10182,#1501);
#1079=LINE('',#10184,#1502);
#1080=LINE('',#10185,#1503);
#1081=LINE('',#10186,#1504);
#1082=LINE('',#10187,#1505);
#1083=LINE('',#10189,#1506);
#1084=LINE('',#10191,#1507);
#1085=LINE('',#10192,#1508);
#1086=LINE('',#10194,#1509);
#1087=LINE('',#10196,#1510);
#1088=LINE('',#10199,#1511);
#1089=LINE('',#10201,#1512);
#1090=LINE('',#10203,#1513);
#1091=LINE('',#10204,#1514);
#1092=LINE('',#10207,#1515);
#1093=LINE('',#10208,#1516);
#1094=LINE('',#10210,#1517);
#1095=LINE('',#10212,#1518);
#1096=LINE('',#10213,#1519);
#1097=LINE('',#10214,#1520);
#1098=LINE('',#10215,#1521);
#1099=LINE('',#10217,#1522);
#1100=LINE('',#10219,#1523);
#1101=LINE('',#10220,#1524);
#1102=LINE('',#10222,#1525);
#1103=LINE('',#10224,#1526);
#1104=LINE('',#10227,#1527);
#1105=LINE('',#10229,#1528);
#1106=LINE('',#10231,#1529);
#1107=LINE('',#10232,#1530);
#1108=LINE('',#10235,#1531);
#1109=LINE('',#10239,#1532);
#1110=LINE('',#10240,#1533);
#1111=LINE('',#10242,#1534);
#1112=LINE('',#10244,#1535);
#1113=LINE('',#10245,#1536);
#1114=LINE('',#10246,#1537);
#1115=LINE('',#10247,#1538);
#1116=LINE('',#10249,#1539);
#1117=LINE('',#10251,#1540);
#1118=LINE('',#10252,#1541);
#1119=LINE('',#10254,#1542);
#1120=LINE('',#10255,#1543);
#1121=LINE('',#10257,#1544);
#1122=LINE('',#10259,#1545);
#1123=LINE('',#10260,#1546);
#1124=LINE('',#10262,#1547);
#1125=LINE('',#10263,#1548);
#1126=LINE('',#10265,#1549);
#1127=LINE('',#10266,#1550);
#1128=LINE('',#10268,#1551);
#1129=LINE('',#10271,#1552);
#1130=LINE('',#10276,#1553);
#1131=LINE('',#10280,#1554);
#1132=LINE('',#10286,#1555);
#1133=LINE('',#10291,#1556);
#1134=LINE('',#10295,#1557);
#1135=LINE('',#10301,#1558);
#1136=LINE('',#10307,#1559);
#1137=LINE('',#10308,#1560);
#1138=LINE('',#10311,#1561);
#1139=LINE('',#10312,#1562);
#1140=LINE('',#10317,#1563);
#1141=LINE('',#10323,#1564);
#1142=LINE('',#10329,#1565);
#1143=LINE('',#10336,#1566);
#1144=LINE('',#10346,#1567);
#1145=LINE('',#10352,#1568);
#1146=LINE('',#10359,#1569);
#1147=LINE('',#10369,#1570);
#1148=LINE('',#10376,#1571);
#1149=LINE('',#10379,#1572);
#1150=LINE('',#10382,#1573);
#1151=LINE('',#10384,#1574);
#1152=LINE('',#10385,#1575);
#1153=LINE('',#10391,#1576);
#1154=LINE('',#10395,#1577);
#1155=LINE('',#10401,#1578);
#1156=LINE('',#10407,#1579);
#1157=LINE('',#10414,#1580);
#1158=LINE('',#10424,#1581);
#1159=LINE('',#10430,#1582);
#1160=LINE('',#10437,#1583);
#1161=LINE('',#10447,#1584);
#1162=LINE('',#10454,#1585);
#1163=LINE('',#10457,#1586);
#1164=LINE('',#10460,#1587);
#1165=LINE('',#10462,#1588);
#1166=LINE('',#10463,#1589);
#1167=LINE('',#10469,#1590);
#1168=LINE('',#10473,#1591);
#1169=LINE('',#10476,#1592);
#1170=LINE('',#10477,#1593);
#1171=LINE('',#10479,#1594);
#1172=LINE('',#10482,#1595);
#1173=LINE('',#10484,#1596);
#1174=LINE('',#10490,#1597);
#1175=LINE('',#10493,#1598);
#1176=LINE('',#10498,#1599);
#1177=LINE('',#10505,#1600);
#1178=LINE('',#10508,#1601);
#1179=LINE('',#10513,#1602);
#1180=LINE('',#10520,#1603);
#1181=LINE('',#10524,#1604);
#1182=LINE('',#10527,#1605);
#1183=LINE('',#10528,#1606);
#1184=LINE('',#10533,#1607);
#1185=LINE('',#10535,#1608);
#1186=LINE('',#10537,#1609);
#1187=LINE('',#10539,#1610);
#1188=LINE('',#10541,#1611);
#1189=LINE('',#10543,#1612);
#1190=LINE('',#10547,#1613);
#1191=LINE('',#10549,#1614);
#1192=LINE('',#10551,#1615);
#1193=LINE('',#10553,#1616);
#1194=LINE('',#10557,#1617);
#1195=LINE('',#10559,#1618);
#1196=LINE('',#10561,#1619);
#1197=LINE('',#10563,#1620);
#1198=LINE('',#10567,#1621);
#1199=LINE('',#10570,#1622);
#1200=LINE('',#10575,#1623);
#1201=LINE('',#10577,#1624);
#1202=LINE('',#10579,#1625);
#1203=LINE('',#10581,#1626);
#1204=LINE('',#10583,#1627);
#1205=LINE('',#10585,#1628);
#1206=LINE('',#10587,#1629);
#1207=LINE('',#10589,#1630);
#1208=LINE('',#10591,#1631);
#1209=LINE('',#10593,#1632);
#1210=LINE('',#10597,#1633);
#1211=LINE('',#10600,#1634);
#1212=LINE('',#10605,#1635);
#1213=LINE('',#10608,#1636);
#1214=LINE('',#10623,#1637);
#1215=LINE('',#10627,#1638);
#1216=LINE('',#10629,#1639);
#1217=LINE('',#10631,#1640);
#1218=LINE('',#10633,#1641);
#1219=LINE('',#10635,#1642);
#1220=LINE('',#10637,#1643);
#1221=LINE('',#10639,#1644);
#1222=VECTOR('',#5006,10.);
#1223=VECTOR('',#5009,10.);
#1224=VECTOR('',#5012,10.);
#1225=VECTOR('',#5013,10.);
#1226=VECTOR('',#5014,10.);
#1227=VECTOR('',#5015,10.);
#1228=VECTOR('',#5016,10.);
#1229=VECTOR('',#5017,10.);
#1230=VECTOR('',#5018,10.);
#1231=VECTOR('',#5019,10.);
#1232=VECTOR('',#5020,10.);
#1233=VECTOR('',#5021,10.);
#1234=VECTOR('',#5022,10.);
#1235=VECTOR('',#5023,10.);
#1236=VECTOR('',#5024,10.);
#1237=VECTOR('',#5025,10.);
#1238=VECTOR('',#5026,10.);
#1239=VECTOR('',#5033,10.);
#1240=VECTOR('',#5040,10.);
#1241=VECTOR('',#5045,10.);
#1242=VECTOR('',#5052,10.);
#1243=VECTOR('',#5057,10.);
#1244=VECTOR('',#5058,10.);
#1245=VECTOR('',#5059,10.);
#1246=VECTOR('',#5062,10.);
#1247=VECTOR('',#5063,10.);
#1248=VECTOR('',#5064,10.);
#1249=VECTOR('',#5067,10.);
#1250=VECTOR('',#5068,10.);
#1251=VECTOR('',#5069,10.);
#1252=VECTOR('',#5072,10.);
#1253=VECTOR('',#5073,10.);
#1254=VECTOR('',#5074,10.);
#1255=VECTOR('',#5081,10.);
#1256=VECTOR('',#5082,10.);
#1257=VECTOR('',#5083,10.);
#1258=VECTOR('',#5084,10.);
#1259=VECTOR('',#5085,10.);
#1260=VECTOR('',#5086,10.);
#1261=VECTOR('',#5087,10.);
#1262=VECTOR('',#5088,10.);
#1263=VECTOR('',#5089,10.);
#1264=VECTOR('',#5090,10.);
#1265=VECTOR('',#5091,10.);
#1266=VECTOR('',#5092,10.);
#1267=VECTOR('',#5093,10.);
#1268=VECTOR('',#5094,10.);
#1269=VECTOR('',#5095,10.);
#1270=VECTOR('',#5096,10.);
#1271=VECTOR('',#5097,10.);
#1272=VECTOR('',#5098,10.);
#1273=VECTOR('',#5099,10.);
#1274=VECTOR('',#5100,10.);
#1275=VECTOR('',#5103,10.);
#1276=VECTOR('',#5104,10.);
#1277=VECTOR('',#5107,10.);
#1278=VECTOR('',#5108,10.);
#1279=VECTOR('',#5111,10.);
#1280=VECTOR('',#5112,10.);
#1281=VECTOR('',#5113,10.);
#1282=VECTOR('',#5114,10.);
#1283=VECTOR('',#5115,10.);
#1284=VECTOR('',#5116,10.);
#1285=VECTOR('',#5117,10.);
#1286=VECTOR('',#5118,10.);
#1287=VECTOR('',#5119,10.);
#1288=VECTOR('',#5120,10.);
#1289=VECTOR('',#5121,10.);
#1290=VECTOR('',#5122,10.);
#1291=VECTOR('',#5123,10.);
#1292=VECTOR('',#5124,10.);
#1293=VECTOR('',#5125,10.);
#1294=VECTOR('',#5126,10.);
#1295=VECTOR('',#5127,10.);
#1296=VECTOR('',#5128,10.);
#1297=VECTOR('',#5129,10.);
#1298=VECTOR('',#5130,10.);
#1299=VECTOR('',#5137,10.);
#1300=VECTOR('',#5140,10.);
#1301=VECTOR('',#5145,10.);
#1302=VECTOR('',#5152,10.);
#1303=VECTOR('',#5153,12.);
#1304=VECTOR('',#5154,10.);
#1305=VECTOR('',#5161,10.);
#1306=VECTOR('',#5162,10.);
#1307=VECTOR('',#5175,10.);
#1308=VECTOR('',#5176,10.);
#1309=VECTOR('',#5177,10.);
#1310=VECTOR('',#5178,10.);
#1311=VECTOR('',#5179,10.);
#1312=VECTOR('',#5180,10.);
#1313=VECTOR('',#5181,10.);
#1314=VECTOR('',#5182,10.);
#1315=VECTOR('',#5183,10.);
#1316=VECTOR('',#5184,10.);
#1317=VECTOR('',#5185,10.);
#1318=VECTOR('',#5186,10.);
#1319=VECTOR('',#5187,10.);
#1320=VECTOR('',#5188,10.);
#1321=VECTOR('',#5189,10.);
#1322=VECTOR('',#5190,10.);
#1323=VECTOR('',#5191,10.);
#1324=VECTOR('',#5192,10.);
#1325=VECTOR('',#5193,10.);
#1326=VECTOR('',#5194,10.);
#1327=VECTOR('',#5195,10.);
#1328=VECTOR('',#5200,10.);
#1329=VECTOR('',#5201,10.);
#1330=VECTOR('',#5208,10.);
#1331=VECTOR('',#5209,10.);
#1332=VECTOR('',#5216,10.);
#1333=VECTOR('',#5221,10.);
#1334=VECTOR('',#5236,12.5);
#1335=VECTOR('',#5245,12.5);
#1336=VECTOR('',#5254,12.5);
#1337=VECTOR('',#5257,12.5);
#1338=VECTOR('',#5266,8.);
#1339=VECTOR('',#5269,8.);
#1340=VECTOR('',#5272,10.);
#1341=VECTOR('',#5273,10.);
#1342=VECTOR('',#5274,10.);
#1343=VECTOR('',#5275,10.);
#1344=VECTOR('',#5278,10.);
#1345=VECTOR('',#5281,10.);
#1346=VECTOR('',#5282,10.);
#1347=VECTOR('',#5283,10.);
#1348=VECTOR('',#5286,10.);
#1349=VECTOR('',#5289,10.);
#1350=VECTOR('',#5290,10.);
#1351=VECTOR('',#5293,10.);
#1352=VECTOR('',#5294,10.);
#1353=VECTOR('',#5295,10.);
#1354=VECTOR('',#5296,10.);
#1355=VECTOR('',#5297,10.);
#1356=VECTOR('',#5298,10.);
#1357=VECTOR('',#5299,10.);
#1358=VECTOR('',#5300,10.);
#1359=VECTOR('',#5301,10.);
#1360=VECTOR('',#5302,10.);
#1361=VECTOR('',#5303,10.);
#1362=VECTOR('',#5304,10.);
#1363=VECTOR('',#5313,10.);
#1364=VECTOR('',#5314,10.);
#1365=VECTOR('',#5315,10.);
#1366=VECTOR('',#5316,10.);
#1367=VECTOR('',#5317,10.);
#1368=VECTOR('',#5318,10.);
#1369=VECTOR('',#5319,10.);
#1370=VECTOR('',#5320,10.);
#1371=VECTOR('',#5321,10.);
#1372=VECTOR('',#5322,10.);
#1373=VECTOR('',#5323,10.);
#1374=VECTOR('',#5324,10.);
#1375=VECTOR('',#5327,10.);
#1376=VECTOR('',#5328,10.);
#1377=VECTOR('',#5331,10.);
#1378=VECTOR('',#5334,10.);
#1379=VECTOR('',#5335,10.);
#1380=VECTOR('',#5336,10.);
#1381=VECTOR('',#5339,10.);
#1382=VECTOR('',#5342,10.);
#1383=VECTOR('',#5343,10.);
#1384=VECTOR('',#5344,10.);
#1385=VECTOR('',#5345,10.);
#1386=VECTOR('',#5354,10.);
#1387=VECTOR('',#5355,10.);
#1388=VECTOR('',#5356,10.);
#1389=VECTOR('',#5359,10.);
#1390=VECTOR('',#5360,10.);
#1391=VECTOR('',#5361,10.);
#1392=VECTOR('',#5362,10.);
#1393=VECTOR('',#5363,10.);
#1394=VECTOR('',#5364,10.);
#1395=VECTOR('',#5365,10.);
#1396=VECTOR('',#5366,10.);
#1397=VECTOR('',#5367,10.);
#1398=VECTOR('',#5368,10.);
#1399=VECTOR('',#5369,10.);
#1400=VECTOR('',#5370,10.);
#1401=VECTOR('',#5371,10.);
#1402=VECTOR('',#5372,10.);
#1403=VECTOR('',#5373,10.);
#1404=VECTOR('',#5374,10.);
#1405=VECTOR('',#5375,10.);
#1406=VECTOR('',#5376,10.);
#1407=VECTOR('',#5377,10.);
#1408=VECTOR('',#5378,10.);
#1409=VECTOR('',#5379,10.);
#1410=VECTOR('',#5380,10.);
#1411=VECTOR('',#5381,10.);
#1412=VECTOR('',#5382,10.);
#1413=VECTOR('',#5383,10.);
#1414=VECTOR('',#5384,10.);
#1415=VECTOR('',#5387,10.);
#1416=VECTOR('',#5388,10.);
#1417=VECTOR('',#5389,10.);
#1418=VECTOR('',#5390,10.);
#1419=VECTOR('',#5391,10.);
#1420=VECTOR('',#5392,10.);
#1421=VECTOR('',#5393,10.);
#1422=VECTOR('',#5394,10.);
#1423=VECTOR('',#5395,10.);
#1424=VECTOR('',#5396,10.);
#1425=VECTOR('',#5409,10.);
#1426=VECTOR('',#5410,10.);
#1427=VECTOR('',#5411,10.);
#1428=VECTOR('',#5412,10.);
#1429=VECTOR('',#5413,10.);
#1430=VECTOR('',#5414,10.);
#1431=VECTOR('',#5415,10.);
#1432=VECTOR('',#5416,10.);
#1433=VECTOR('',#5419,10.);
#1434=VECTOR('',#5420,10.);
#1435=VECTOR('',#5421,10.);
#1436=VECTOR('',#5432,10.);
#1437=VECTOR('',#5433,10.);
#1438=VECTOR('',#5434,10.);
#1439=VECTOR('',#5435,10.);
#1440=VECTOR('',#5436,10.);
#1441=VECTOR('',#5437,10.);
#1442=VECTOR('',#5438,10.);
#1443=VECTOR('',#5439,10.);
#1444=VECTOR('',#5440,10.);
#1445=VECTOR('',#5441,10.);
#1446=VECTOR('',#5444,10.);
#1447=VECTOR('',#5445,10.);
#1448=VECTOR('',#5446,10.);
#1449=VECTOR('',#5447,10.);
#1450=VECTOR('',#5448,10.);
#1451=VECTOR('',#5449,10.);
#1452=VECTOR('',#5450,10.);
#1453=VECTOR('',#5451,10.);
#1454=VECTOR('',#5452,10.);
#1455=VECTOR('',#5453,10.);
#1456=VECTOR('',#5454,10.);
#1457=VECTOR('',#5455,10.);
#1458=VECTOR('',#5456,10.);
#1459=VECTOR('',#5457,10.);
#1460=VECTOR('',#5458,10.);
#1461=VECTOR('',#5459,10.);
#1462=VECTOR('',#5460,10.);
#1463=VECTOR('',#5461,10.);
#1464=VECTOR('',#5462,10.);
#1465=VECTOR('',#5463,10.);
#1466=VECTOR('',#5464,10.);
#1467=VECTOR('',#5469,10.);
#1468=VECTOR('',#5472,10.);
#1469=VECTOR('',#5475,10.);
#1470=VECTOR('',#5478,10.);
#1471=VECTOR('',#5479,10.);
#1472=VECTOR('',#5480,10.);
#1473=VECTOR('',#5481,10.);
#1474=VECTOR('',#5482,10.);
#1475=VECTOR('',#5483,10.);
#1476=VECTOR('',#5484,10.);
#1477=VECTOR('',#5485,10.);
#1478=VECTOR('',#5486,10.);
#1479=VECTOR('',#5487,10.);
#1480=VECTOR('',#5488,10.);
#1481=VECTOR('',#5489,10.);
#1482=VECTOR('',#5490,10.);
#1483=VECTOR('',#5495,10.);
#1484=VECTOR('',#5498,10.);
#1485=VECTOR('',#5501,10.);
#1486=VECTOR('',#5502,10.);
#1487=VECTOR('',#5503,10.);
#1488=VECTOR('',#5504,10.);
#1489=VECTOR('',#5505,10.);
#1490=VECTOR('',#5506,10.);
#1491=VECTOR('',#5507,10.);
#1492=VECTOR('',#5508,10.);
#1493=VECTOR('',#5509,10.);
#1494=VECTOR('',#5512,10.);
#1495=VECTOR('',#5523,10.);
#1496=VECTOR('',#5532,10.);
#1497=VECTOR('',#5539,10.);
#1498=VECTOR('',#5540,10.);
#1499=VECTOR('',#5543,10.);
#1500=VECTOR('',#5544,10.);
#1501=VECTOR('',#5545,10.);
#1502=VECTOR('',#5546,10.);
#1503=VECTOR('',#5547,10.);
#1504=VECTOR('',#5548,10.);
#1505=VECTOR('',#5549,10.);
#1506=VECTOR('',#5550,10.);
#1507=VECTOR('',#5551,10.);
#1508=VECTOR('',#5552,10.);
#1509=VECTOR('',#5553,10.);
#1510=VECTOR('',#5554,10.);
#1511=VECTOR('',#5557,10.);
#1512=VECTOR('',#5560,10.);
#1513=VECTOR('',#5563,10.);
#1514=VECTOR('',#5564,10.);
#1515=VECTOR('',#5567,10.);
#1516=VECTOR('',#5568,10.);
#1517=VECTOR('',#5569,10.);
#1518=VECTOR('',#5570,10.);
#1519=VECTOR('',#5571,10.);
#1520=VECTOR('',#5572,10.);
#1521=VECTOR('',#5573,10.);
#1522=VECTOR('',#5574,10.);
#1523=VECTOR('',#5575,10.);
#1524=VECTOR('',#5576,10.);
#1525=VECTOR('',#5577,10.);
#1526=VECTOR('',#5578,10.);
#1527=VECTOR('',#5581,10.);
#1528=VECTOR('',#5584,10.);
#1529=VECTOR('',#5587,10.);
#1530=VECTOR('',#5588,10.);
#1531=VECTOR('',#5591,10.);
#1532=VECTOR('',#5594,10.);
#1533=VECTOR('',#5595,10.);
#1534=VECTOR('',#5596,10.);
#1535=VECTOR('',#5597,10.);
#1536=VECTOR('',#5598,10.);
#1537=VECTOR('',#5599,10.);
#1538=VECTOR('',#5600,10.);
#1539=VECTOR('',#5601,10.);
#1540=VECTOR('',#5602,10.);
#1541=VECTOR('',#5603,10.);
#1542=VECTOR('',#5604,10.);
#1543=VECTOR('',#5605,10.);
#1544=VECTOR('',#5608,10.);
#1545=VECTOR('',#5611,10.);
#1546=VECTOR('',#5612,10.);
#1547=VECTOR('',#5615,10.);
#1548=VECTOR('',#5616,10.);
#1549=VECTOR('',#5619,10.);
#1550=VECTOR('',#5620,10.);
#1551=VECTOR('',#5623,10.);
#1552=VECTOR('',#5626,1.5);
#1553=VECTOR('',#5633,10.);
#1554=VECTOR('',#5638,10.);
#1555=VECTOR('',#5647,1.5);
#1556=VECTOR('',#5654,10.);
#1557=VECTOR('',#5659,10.);
#1558=VECTOR('',#5668,1.5);
#1559=VECTOR('',#5675,10.);
#1560=VECTOR('',#5676,10.);
#1561=VECTOR('',#5679,10.);
#1562=VECTOR('',#5680,10.);
#1563=VECTOR('',#5687,10.);
#1564=VECTOR('',#5694,1.5);
#1565=VECTOR('',#5701,10.);
#1566=VECTOR('',#5710,10.);
#1567=VECTOR('',#5725,1.5);
#1568=VECTOR('',#5732,10.);
#1569=VECTOR('',#5741,10.);
#1570=VECTOR('',#5756,1.5);
#1571=VECTOR('',#5763,10.);
#1572=VECTOR('',#5766,10.);
#1573=VECTOR('',#5769,10.);
#1574=VECTOR('',#5770,10.);
#1575=VECTOR('',#5771,10.);
#1576=VECTOR('',#5780,10.);
#1577=VECTOR('',#5785,10.);
#1578=VECTOR('',#5792,1.5);
#1579=VECTOR('',#5799,10.);
#1580=VECTOR('',#5808,10.);
#1581=VECTOR('',#5823,1.5);
#1582=VECTOR('',#5830,10.);
#1583=VECTOR('',#5839,10.);
#1584=VECTOR('',#5854,1.5);
#1585=VECTOR('',#5861,10.);
#1586=VECTOR('',#5864,10.);
#1587=VECTOR('',#5867,10.);
#1588=VECTOR('',#5868,10.);
#1589=VECTOR('',#5869,10.);
#1590=VECTOR('',#5878,10.);
#1591=VECTOR('',#5883,10.);
#1592=VECTOR('',#5888,10.);
#1593=VECTOR('',#5889,10.);
#1594=VECTOR('',#5890,10.);
#1595=VECTOR('',#5893,10.);
#1596=VECTOR('',#5896,10.);
#1597=VECTOR('',#5905,1.5);
#1598=VECTOR('',#5908,10.);
#1599=VECTOR('',#5915,10.);
#1600=VECTOR('',#5926,1.5);
#1601=VECTOR('',#5929,10.);
#1602=VECTOR('',#5936,10.);
#1603=VECTOR('',#5947,1.5);
#1604=VECTOR('',#5952,10.);
#1605=VECTOR('',#5955,10.);
#1606=VECTOR('',#5956,10.);
#1607=VECTOR('',#5965,10.);
#1608=VECTOR('',#5968,10.);
#1609=VECTOR('',#5971,10.);
#1610=VECTOR('',#5974,10.);
#1611=VECTOR('',#5977,10.);
#1612=VECTOR('',#5980,10.);
#1613=VECTOR('',#5987,10.);
#1614=VECTOR('',#5990,10.);
#1615=VECTOR('',#5993,10.);
#1616=VECTOR('',#5996,10.);
#1617=VECTOR('',#6003,10.);
#1618=VECTOR('',#6006,10.);
#1619=VECTOR('',#6009,10.);
#1620=VECTOR('',#6012,10.);
#1621=VECTOR('',#6017,10.);
#1622=VECTOR('',#6020,10.);
#1623=VECTOR('',#6029,10.);
#1624=VECTOR('',#6032,10.);
#1625=VECTOR('',#6035,10.);
#1626=VECTOR('',#6038,10.);
#1627=VECTOR('',#6041,10.);
#1628=VECTOR('',#6044,10.);
#1629=VECTOR('',#6047,10.);
#1630=VECTOR('',#6050,10.);
#1631=VECTOR('',#6053,10.);
#1632=VECTOR('',#6056,10.);
#1633=VECTOR('',#6061,10.);
#1634=VECTOR('',#6064,10.);
#1635=VECTOR('',#6071,10.);
#1636=VECTOR('',#6074,10.);
#1637=VECTOR('',#6103,10.);
#1638=VECTOR('',#6110,12.5);
#1639=VECTOR('',#6113,12.5);
#1640=VECTOR('',#6116,12.5);
#1641=VECTOR('',#6119,12.5);
#1642=VECTOR('',#6122,12.5);
#1643=VECTOR('',#6125,12.5);
#1644=VECTOR('',#6128,10.);
#1645=CIRCLE('',#4646,12.);
#1646=CIRCLE('',#4647,12.);
#1647=CIRCLE('',#4650,12.);
#1648=CIRCLE('',#4651,12.);
#1649=CIRCLE('',#4653,12.);
#1650=CIRCLE('',#4654,12.);
#1651=CIRCLE('',#4656,12.);
#1652=CIRCLE('',#4657,12.);
#1653=CIRCLE('',#4659,85.0000000000001);
#1654=CIRCLE('',#4660,85.0000000000001);
#1655=CIRCLE('',#4666,85.0000000000001);
#1656=CIRCLE('',#4667,10.);
#1657=CIRCLE('',#4668,88.);
#1658=CIRCLE('',#4670,88.);
#1659=CIRCLE('',#4671,10.);
#1660=CIRCLE('',#4672,85.0000000000001);
#1661=CIRCLE('',#4674,2.50000000000002);
#1662=CIRCLE('',#4675,2.50000000000001);
#1663=CIRCLE('',#4676,90.);
#1664=CIRCLE('',#4677,2.50000000000001);
#1665=CIRCLE('',#4678,2.50000000000001);
#1666=CIRCLE('',#4679,2.50000000000001);
#1667=CIRCLE('',#4680,2.50000000000001);
#1668=CIRCLE('',#4681,2.50000000000001);
#1669=CIRCLE('',#4682,2.50000000000001);
#1670=CIRCLE('',#4683,10.);
#1671=CIRCLE('',#4684,85.0000000000001);
#1672=CIRCLE('',#4685,1.5);
#1673=CIRCLE('',#4686,1.5);
#1674=CIRCLE('',#4687,1.5);
#1675=CIRCLE('',#4690,10.);
#1676=CIRCLE('',#4691,2.50000000000001);
#1677=CIRCLE('',#4692,2.50000000000001);
#1678=CIRCLE('',#4693,2.50000000000001);
#1679=CIRCLE('',#4694,2.50000000000001);
#1680=CIRCLE('',#4695,2.50000000000001);
#1681=CIRCLE('',#4696,2.50000000000001);
#1682=CIRCLE('',#4697,89.9999999999999);
#1683=CIRCLE('',#4698,2.50000000000001);
#1684=CIRCLE('',#4699,2.50000000000002);
#1685=CIRCLE('',#4700,1.5);
#1686=CIRCLE('',#4701,1.5);
#1687=CIRCLE('',#4702,1.5);
#1688=CIRCLE('',#4704,12.5);
#1689=CIRCLE('',#4705,12.5);
#1690=CIRCLE('',#4706,12.5);
#1691=CIRCLE('',#4707,12.5);
#1692=CIRCLE('',#4709,12.5);
#1693=CIRCLE('',#4710,12.5);
#1694=CIRCLE('',#4712,12.5);
#1695=CIRCLE('',#4713,12.5);
#1696=CIRCLE('',#4716,8.);
#1697=CIRCLE('',#4717,8.);
#1698=CIRCLE('',#4718,8.);
#1699=CIRCLE('',#4721,1.);
#1700=CIRCLE('',#4722,1.);
#1701=CIRCLE('',#4723,1.);
#1702=CIRCLE('',#4724,1.);
#1703=CIRCLE('',#4725,1.);
#1704=CIRCLE('',#4726,12.5);
#1705=CIRCLE('',#4727,12.5);
#1706=CIRCLE('',#4728,12.5);
#1707=CIRCLE('',#4730,1.);
#1708=CIRCLE('',#4731,1.);
#1709=CIRCLE('',#4732,1.);
#1710=CIRCLE('',#4733,1.);
#1711=CIRCLE('',#4734,1.);
#1712=CIRCLE('',#4735,12.5);
#1713=CIRCLE('',#4736,12.5);
#1714=CIRCLE('',#4737,12.5);
#1715=CIRCLE('',#4739,12.);
#1716=CIRCLE('',#4740,10.);
#1717=CIRCLE('',#4741,10.);
#1718=CIRCLE('',#4742,10.);
#1719=CIRCLE('',#4743,12.5);
#1720=CIRCLE('',#4744,12.5);
#1721=CIRCLE('',#4745,12.5);
#1722=CIRCLE('',#4747,12.);
#1723=CIRCLE('',#4748,12.5);
#1724=CIRCLE('',#4749,12.5);
#1725=CIRCLE('',#4750,12.5);
#1726=CIRCLE('',#4751,10.);
#1727=CIRCLE('',#4752,10.);
#1728=CIRCLE('',#4753,10.);
#1729=CIRCLE('',#4758,88.);
#1730=CIRCLE('',#4759,10.);
#1731=CIRCLE('',#4764,10.);
#1732=CIRCLE('',#4766,85.0000000000001);
#1733=CIRCLE('',#4768,10.);
#1734=CIRCLE('',#4770,85.0000000000001);
#1735=CIRCLE('',#4772,10.);
#1736=CIRCLE('',#4774,85.0000000000001);
#1737=CIRCLE('',#4777,88.);
#1738=CIRCLE('',#4781,88.0000000000001);
#1739=CIRCLE('',#4785,88.0000000000001);
#1740=CIRCLE('',#4792,1.5);
#1741=CIRCLE('',#4794,2.50000000000001);
#1742=CIRCLE('',#4796,2.50000000000001);
#1743=CIRCLE('',#4798,2.50000000000001);
#1744=CIRCLE('',#4801,1.5);
#1745=CIRCLE('',#4803,2.50000000000001);
#1746=CIRCLE('',#4805,2.50000000000001);
#1747=CIRCLE('',#4807,2.50000000000001);
#1748=CIRCLE('',#4810,1.5);
#1749=CIRCLE('',#4812,2.50000000000001);
#1750=CIRCLE('',#4815,2.50000000000002);
#1751=CIRCLE('',#4817,90.);
#1752=CIRCLE('',#4819,1.5);
#1753=CIRCLE('',#4820,1.5);
#1754=CIRCLE('',#4822,2.50000000000001);
#1755=CIRCLE('',#4823,2.50000000000001);
#1756=CIRCLE('',#4825,2.50000000000001);
#1757=CIRCLE('',#4826,2.50000000000001);
#1758=CIRCLE('',#4828,2.50000000000001);
#1759=CIRCLE('',#4829,2.50000000000001);
#1760=CIRCLE('',#4833,1.5);
#1761=CIRCLE('',#4834,1.5);
#1762=CIRCLE('',#4836,2.50000000000001);
#1763=CIRCLE('',#4837,2.50000000000001);
#1764=CIRCLE('',#4839,2.50000000000001);
#1765=CIRCLE('',#4840,2.50000000000001);
#1766=CIRCLE('',#4842,2.50000000000001);
#1767=CIRCLE('',#4843,2.50000000000001);
#1768=CIRCLE('',#4847,1.5);
#1769=CIRCLE('',#4848,1.5);
#1770=CIRCLE('',#4850,2.50000000000001);
#1771=CIRCLE('',#4851,2.50000000000001);
#1772=CIRCLE('',#4854,2.50000000000002);
#1773=CIRCLE('',#4855,2.50000000000002);
#1774=CIRCLE('',#4857,90.);
#1775=CIRCLE('',#4859,90.);
#1776=CIRCLE('',#4861,1.5);
#1777=CIRCLE('',#4862,1.5);
#1778=CIRCLE('',#4864,2.50000000000001);
#1779=CIRCLE('',#4865,2.50000000000001);
#1780=CIRCLE('',#4867,2.50000000000001);
#1781=CIRCLE('',#4868,2.50000000000001);
#1782=CIRCLE('',#4870,2.50000000000001);
#1783=CIRCLE('',#4871,2.50000000000001);
#1784=CIRCLE('',#4875,1.5);
#1785=CIRCLE('',#4876,1.5);
#1786=CIRCLE('',#4878,2.50000000000001);
#1787=CIRCLE('',#4879,2.50000000000001);
#1788=CIRCLE('',#4881,2.50000000000001);
#1789=CIRCLE('',#4882,2.50000000000001);
#1790=CIRCLE('',#4884,2.50000000000001);
#1791=CIRCLE('',#4885,2.50000000000001);
#1792=CIRCLE('',#4889,1.5);
#1793=CIRCLE('',#4890,1.5);
#1794=CIRCLE('',#4892,2.50000000000001);
#1795=CIRCLE('',#4893,2.50000000000001);
#1796=CIRCLE('',#4896,2.50000000000002);
#1797=CIRCLE('',#4897,2.50000000000002);
#1798=CIRCLE('',#4899,90.);
#1799=CIRCLE('',#4901,90.);
#1800=CIRCLE('',#4903,90.);
#1801=CIRCLE('',#4908,1.5);
#1802=CIRCLE('',#4910,2.50000000000001);
#1803=CIRCLE('',#4912,2.50000000000001);
#1804=CIRCLE('',#4914,2.50000000000001);
#1805=CIRCLE('',#4917,1.5);
#1806=CIRCLE('',#4919,2.50000000000001);
#1807=CIRCLE('',#4921,2.50000000000001);
#1808=CIRCLE('',#4923,2.50000000000001);
#1809=CIRCLE('',#4926,1.5);
#1810=CIRCLE('',#4928,2.50000000000001);
#1811=CIRCLE('',#4931,2.50000000000002);
#1812=CIRCLE('',#4952,10.);
#1813=CIRCLE('',#4954,10.);
#1814=CIRCLE('',#4968,10.);
#1815=CIRCLE('',#4970,10.);
#1816=CIRCLE('',#4972,10.);
#1817=CIRCLE('',#4974,10.);
#1818=VERTEX_POINT('',#6137);
#1819=VERTEX_POINT('',#6138);
#1820=VERTEX_POINT('',#6140);
#1821=VERTEX_POINT('',#6142);
#1822=VERTEX_POINT('',#6146);
#1823=VERTEX_POINT('',#6148);
#1824=VERTEX_POINT('',#6150);
#1825=VERTEX_POINT('',#6152);
#1826=VERTEX_POINT('',#6154);
#1827=VERTEX_POINT('',#6156);
#1828=VERTEX_POINT('',#6158);
#1829=VERTEX_POINT('',#6160);
#1830=VERTEX_POINT('',#6162);
#1831=VERTEX_POINT('',#6164);
#1832=VERTEX_POINT('',#6166);
#1833=VERTEX_POINT('',#6168);
#1834=VERTEX_POINT('',#6170);
#1835=VERTEX_POINT('',#6172);
#1836=VERTEX_POINT('',#6176);
#1837=VERTEX_POINT('',#6178);
#1838=VERTEX_POINT('',#6182);
#1839=VERTEX_POINT('',#6184);
#1840=VERTEX_POINT('',#6188);
#1841=VERTEX_POINT('',#6190);
#1842=VERTEX_POINT('',#6194);
#1843=VERTEX_POINT('',#6196);
#1844=VERTEX_POINT('',#6200);
#1845=VERTEX_POINT('',#6201);
#1846=VERTEX_POINT('',#6206);
#1847=VERTEX_POINT('',#6207);
#1848=VERTEX_POINT('',#6212);
#1849=VERTEX_POINT('',#6213);
#1850=VERTEX_POINT('',#6218);
#1851=VERTEX_POINT('',#6219);
#1852=VERTEX_POINT('',#6224);
#1853=VERTEX_POINT('',#6226);
#1854=VERTEX_POINT('',#6228);
#1855=VERTEX_POINT('',#6230);
#1856=VERTEX_POINT('',#6232);
#1857=VERTEX_POINT('',#6234);
#1858=VERTEX_POINT('',#6236);
#1859=VERTEX_POINT('',#6238);
#1860=VERTEX_POINT('',#6240);
#1861=VERTEX_POINT('',#6242);
#1862=VERTEX_POINT('',#6244);
#1863=VERTEX_POINT('',#6246);
#1864=VERTEX_POINT('',#6248);
#1865=VERTEX_POINT('',#6250);
#1866=VERTEX_POINT('',#6252);
#1867=VERTEX_POINT('',#6254);
#1868=VERTEX_POINT('',#6256);
#1869=VERTEX_POINT('',#6258);
#1870=VERTEX_POINT('',#6260);
#1871=VERTEX_POINT('',#6262);
#1872=VERTEX_POINT('',#6264);
#1873=VERTEX_POINT('',#6266);
#1874=VERTEX_POINT('',#6268);
#1875=VERTEX_POINT('',#6270);
#1876=VERTEX_POINT('',#6274);
#1877=VERTEX_POINT('',#6276);
#1878=VERTEX_POINT('',#6278);
#1879=VERTEX_POINT('',#6280);
#1880=VERTEX_POINT('',#6282);
#1881=VERTEX_POINT('',#6284);
#1882=VERTEX_POINT('',#6286);
#1883=VERTEX_POINT('',#6288);
#1884=VERTEX_POINT('',#6290);
#1885=VERTEX_POINT('',#6292);
#1886=VERTEX_POINT('',#6294);
#1887=VERTEX_POINT('',#6296);
#1888=VERTEX_POINT('',#6298);
#1889=VERTEX_POINT('',#6300);
#1890=VERTEX_POINT('',#6302);
#1891=VERTEX_POINT('',#6304);
#1892=VERTEX_POINT('',#6306);
#1893=VERTEX_POINT('',#6308);
#1894=VERTEX_POINT('',#6310);
#1895=VERTEX_POINT('',#6312);
#1896=VERTEX_POINT('',#6314);
#1897=VERTEX_POINT('',#6316);
#1898=VERTEX_POINT('',#6318);
#1899=VERTEX_POINT('',#6320);
#1900=VERTEX_POINT('',#6324);
#1901=VERTEX_POINT('',#6326);
#1902=VERTEX_POINT('',#6328);
#1903=VERTEX_POINT('',#6330);
#1904=VERTEX_POINT('',#6332);
#1905=VERTEX_POINT('',#6334);
#1906=VERTEX_POINT('',#6336);
#1907=VERTEX_POINT('',#6338);
#1908=VERTEX_POINT('',#6340);
#1909=VERTEX_POINT('',#6342);
#1910=VERTEX_POINT('',#6344);
#1911=VERTEX_POINT('',#6346);
#1912=VERTEX_POINT('',#6348);
#1913=VERTEX_POINT('',#6350);
#1914=VERTEX_POINT('',#6352);
#1915=VERTEX_POINT('',#6354);
#1916=VERTEX_POINT('',#6356);
#1917=VERTEX_POINT('',#6358);
#1918=VERTEX_POINT('',#6361);
#1919=VERTEX_POINT('',#6363);
#1920=VERTEX_POINT('',#6365);
#1921=VERTEX_POINT('',#6368);
#1922=VERTEX_POINT('',#6370);
#1923=VERTEX_POINT('',#6372);
#1924=VERTEX_POINT('',#6374);
#1925=VERTEX_POINT('',#6376);
#1926=VERTEX_POINT('',#6378);
#1927=VERTEX_POINT('',#6380);
#1928=VERTEX_POINT('',#6382);
#1929=VERTEX_POINT('',#6384);
#1930=VERTEX_POINT('',#6386);
#1931=VERTEX_POINT('',#6388);
#1932=VERTEX_POINT('',#6390);
#1933=VERTEX_POINT('',#6392);
#1934=VERTEX_POINT('',#6395);
#1935=VERTEX_POINT('',#6398);
#1936=VERTEX_POINT('',#6400);
#1937=VERTEX_POINT('',#6403);
#1938=VERTEX_POINT('',#6407);
#1939=VERTEX_POINT('',#6409);
#1940=VERTEX_POINT('',#6411);
#1941=VERTEX_POINT('',#6413);
#1942=VERTEX_POINT('',#6415);
#1943=VERTEX_POINT('',#6417);
#1944=VERTEX_POINT('',#6419);
#1945=VERTEX_POINT('',#6421);
#1946=VERTEX_POINT('',#6426);
#1947=VERTEX_POINT('',#6428);
#1948=VERTEX_POINT('',#6430);
#1949=VERTEX_POINT('',#6432);
#1950=VERTEX_POINT('',#6434);
#1951=VERTEX_POINT('',#6436);
#1952=VERTEX_POINT('',#6438);
#1953=VERTEX_POINT('',#6440);
#1954=VERTEX_POINT('',#6443);
#1955=VERTEX_POINT('',#6445);
#1956=VERTEX_POINT('',#6447);
#1957=VERTEX_POINT('',#6450);
#1958=VERTEX_POINT('',#6451);
#1959=VERTEX_POINT('',#6453);
#1960=VERTEX_POINT('',#6473);
#1961=VERTEX_POINT('',#6475);
#1962=VERTEX_POINT('',#6477);
#1963=VERTEX_POINT('',#6488);
#1964=VERTEX_POINT('',#6508);
#1965=VERTEX_POINT('',#6510);
#1966=VERTEX_POINT('',#6537);
#1967=VERTEX_POINT('',#6559);
#1968=VERTEX_POINT('',#6560);
#1969=VERTEX_POINT('',#6571);
#1970=VERTEX_POINT('',#6591);
#1971=VERTEX_POINT('',#6593);
#1972=VERTEX_POINT('',#6623);
#1973=VERTEX_POINT('',#6625);
#1974=VERTEX_POINT('',#6636);
#1975=VERTEX_POINT('',#6656);
#1976=VERTEX_POINT('',#6658);
#1977=VERTEX_POINT('',#6689);
#1978=VERTEX_POINT('',#6690);
#1979=VERTEX_POINT('',#6693);
#1980=VERTEX_POINT('',#6695);
#1981=VERTEX_POINT('',#6745);
#1982=VERTEX_POINT('',#6746);
#1983=VERTEX_POINT('',#6795);
#1984=VERTEX_POINT('',#6797);
#1985=VERTEX_POINT('',#6845);
#1986=VERTEX_POINT('',#6846);
#1987=VERTEX_POINT('',#6848);
#1988=VERTEX_POINT('',#6851);
#1989=VERTEX_POINT('',#6853);
#1990=VERTEX_POINT('',#6878);
#1991=VERTEX_POINT('',#6908);
#1992=VERTEX_POINT('',#6909);
#1993=VERTEX_POINT('',#6914);
#1994=VERTEX_POINT('',#6963);
#1995=VERTEX_POINT('',#6965);
#1996=VERTEX_POINT('',#6990);
#1997=VERTEX_POINT('',#7018);
#1998=VERTEX_POINT('',#7020);
#1999=VERTEX_POINT('',#7022);
#2000=VERTEX_POINT('',#7025);
#2001=VERTEX_POINT('',#7027);
#2002=VERTEX_POINT('',#7029);
#2003=VERTEX_POINT('',#7031);
#2004=VERTEX_POINT('',#7033);
#2005=VERTEX_POINT('',#7035);
#2006=VERTEX_POINT('',#7037);
#2007=VERTEX_POINT('',#7039);
#2008=VERTEX_POINT('',#7042);
#2009=VERTEX_POINT('',#7044);
#2010=VERTEX_POINT('',#7046);
#2011=VERTEX_POINT('',#7048);
#2012=VERTEX_POINT('',#7050);
#2013=VERTEX_POINT('',#7052);
#2014=VERTEX_POINT('',#7054);
#2015=VERTEX_POINT('',#7056);
#2016=VERTEX_POINT('',#7058);
#2017=VERTEX_POINT('',#7060);
#2018=VERTEX_POINT('',#7062);
#2019=VERTEX_POINT('',#7064);
#2020=VERTEX_POINT('',#7066);
#2021=VERTEX_POINT('',#7068);
#2022=VERTEX_POINT('',#7071);
#2023=VERTEX_POINT('',#7073);
#2024=VERTEX_POINT('',#7075);
#2025=VERTEX_POINT('',#7093);
#2026=VERTEX_POINT('',#7103);
#2027=VERTEX_POINT('',#7105);
#2028=VERTEX_POINT('',#7107);
#2029=VERTEX_POINT('',#7109);
#2030=VERTEX_POINT('',#7111);
#2031=VERTEX_POINT('',#7113);
#2032=VERTEX_POINT('',#7115);
#2033=VERTEX_POINT('',#7117);
#2034=VERTEX_POINT('',#7119);
#2035=VERTEX_POINT('',#7121);
#2036=VERTEX_POINT('',#7123);
#2037=VERTEX_POINT('',#7125);
#2038=VERTEX_POINT('',#7127);
#2039=VERTEX_POINT('',#7129);
#2040=VERTEX_POINT('',#7132);
#2041=VERTEX_POINT('',#7134);
#2042=VERTEX_POINT('',#7136);
#2043=VERTEX_POINT('',#7138);
#2044=VERTEX_POINT('',#7140);
#2045=VERTEX_POINT('',#7142);
#2046=VERTEX_POINT('',#7144);
#2047=VERTEX_POINT('',#7146);
#2048=VERTEX_POINT('',#7149);
#2049=VERTEX_POINT('',#7151);
#2050=VERTEX_POINT('',#7153);
#2051=VERTEX_POINT('',#7156);
#2052=VERTEX_POINT('',#7158);
#2053=VERTEX_POINT('',#7160);
#2054=VERTEX_POINT('',#7178);
#2055=VERTEX_POINT('',#7188);
#2056=VERTEX_POINT('',#7190);
#2057=VERTEX_POINT('',#7192);
#2058=VERTEX_POINT('',#7195);
#2059=VERTEX_POINT('',#7197);
#2060=VERTEX_POINT('',#7201);
#2061=VERTEX_POINT('',#7203);
#2062=VERTEX_POINT('',#7207);
#2063=VERTEX_POINT('',#7208);
#2064=VERTEX_POINT('',#7210);
#2065=VERTEX_POINT('',#7212);
#2066=VERTEX_POINT('',#7215);
#2067=VERTEX_POINT('',#7216);
#2068=VERTEX_POINT('',#7218);
#2069=VERTEX_POINT('',#7220);
#2070=VERTEX_POINT('',#7223);
#2071=VERTEX_POINT('',#7224);
#2072=VERTEX_POINT('',#7226);
#2073=VERTEX_POINT('',#7228);
#2074=VERTEX_POINT('',#7231);
#2075=VERTEX_POINT('',#7233);
#2076=VERTEX_POINT('',#7236);
#2077=VERTEX_POINT('',#7237);
#2078=VERTEX_POINT('',#7241);
#2079=VERTEX_POINT('',#7243);
#2080=VERTEX_POINT('',#7244);
#2081=VERTEX_POINT('',#7248);
#2082=VERTEX_POINT('',#7250);
#2083=VERTEX_POINT('',#7253);
#2084=VERTEX_POINT('',#7254);
#2085=VERTEX_POINT('',#7256);
#2086=VERTEX_POINT('',#7258);
#2087=VERTEX_POINT('',#7261);
#2088=VERTEX_POINT('',#7263);
#2089=VERTEX_POINT('',#7265);
#2090=VERTEX_POINT('',#7267);
#2091=VERTEX_POINT('',#7269);
#2092=VERTEX_POINT('',#7287);
#2093=VERTEX_POINT('',#7297);
#2094=VERTEX_POINT('',#7299);
#2095=VERTEX_POINT('',#7304);
#2096=VERTEX_POINT('',#7323);
#2097=VERTEX_POINT('',#7325);
#2098=VERTEX_POINT('',#7329);
#2099=VERTEX_POINT('',#7331);
#2100=VERTEX_POINT('',#7334);
#2101=VERTEX_POINT('',#7336);
#2102=VERTEX_POINT('',#7338);
#2103=VERTEX_POINT('',#7341);
#2104=VERTEX_POINT('',#7343);
#2105=VERTEX_POINT('',#7345);
#2106=VERTEX_POINT('',#7347);
#2107=VERTEX_POINT('',#7349);
#2108=VERTEX_POINT('',#7351);
#2109=VERTEX_POINT('',#7352);
#2110=VERTEX_POINT('',#7354);
#2111=VERTEX_POINT('',#7356);
#2112=VERTEX_POINT('',#7359);
#2113=VERTEX_POINT('',#7361);
#2114=VERTEX_POINT('',#7364);
#2115=VERTEX_POINT('',#7365);
#2116=VERTEX_POINT('',#7369);
#2117=VERTEX_POINT('',#7371);
#2118=VERTEX_POINT('',#7372);
#2119=VERTEX_POINT('',#7376);
#2120=VERTEX_POINT('',#7378);
#2121=VERTEX_POINT('',#7381);
#2122=VERTEX_POINT('',#7382);
#2123=VERTEX_POINT('',#7384);
#2124=VERTEX_POINT('',#7386);
#2125=VERTEX_POINT('',#7389);
#2126=VERTEX_POINT('',#7390);
#2127=VERTEX_POINT('',#7392);
#2128=VERTEX_POINT('',#7394);
#2129=VERTEX_POINT('',#7397);
#2130=VERTEX_POINT('',#7398);
#2131=VERTEX_POINT('',#7400);
#2132=VERTEX_POINT('',#7402);
#2133=VERTEX_POINT('',#7449);
#2134=VERTEX_POINT('',#7454);
#2135=VERTEX_POINT('',#7493);
#2136=VERTEX_POINT('',#7494);
#2137=VERTEX_POINT('',#7499);
#2138=VERTEX_POINT('',#7506);
#2139=VERTEX_POINT('',#7545);
#2140=VERTEX_POINT('',#7550);
#2141=VERTEX_POINT('',#7585);
#2142=VERTEX_POINT('',#7590);
#2143=VERTEX_POINT('',#7661);
#2144=VERTEX_POINT('',#7666);
#2145=VERTEX_POINT('',#7673);
#2146=VERTEX_POINT('',#7678);
#2147=VERTEX_POINT('',#7713);
#2148=VERTEX_POINT('',#7718);
#2149=VERTEX_POINT('',#7757);
#2150=VERTEX_POINT('',#7762);
#2151=VERTEX_POINT('',#8021);
#2152=VERTEX_POINT('',#8624);
#2153=VERTEX_POINT('',#9119);
#2154=VERTEX_POINT('',#9448);
#2155=VERTEX_POINT('',#10110);
#2156=VERTEX_POINT('',#10112);
#2157=VERTEX_POINT('',#10114);
#2158=VERTEX_POINT('',#10117);
#2159=VERTEX_POINT('',#10119);
#2160=VERTEX_POINT('',#10124);
#2161=VERTEX_POINT('',#10126);
#2162=VERTEX_POINT('',#10129);
#2163=VERTEX_POINT('',#10131);
#2164=VERTEX_POINT('',#10133);
#2165=VERTEX_POINT('',#10142);
#2166=VERTEX_POINT('',#10144);
#2167=VERTEX_POINT('',#10146);
#2168=VERTEX_POINT('',#10148);
#2169=VERTEX_POINT('',#10151);
#2170=VERTEX_POINT('',#10153);
#2171=VERTEX_POINT('',#10157);
#2172=VERTEX_POINT('',#10163);
#2173=VERTEX_POINT('',#10169);
#2174=VERTEX_POINT('',#10178);
#2175=VERTEX_POINT('',#10181);
#2176=VERTEX_POINT('',#10183);
#2177=VERTEX_POINT('',#10188);
#2178=VERTEX_POINT('',#10190);
#2179=VERTEX_POINT('',#10193);
#2180=VERTEX_POINT('',#10195);
#2181=VERTEX_POINT('',#10197);
#2182=VERTEX_POINT('',#10206);
#2183=VERTEX_POINT('',#10209);
#2184=VERTEX_POINT('',#10211);
#2185=VERTEX_POINT('',#10216);
#2186=VERTEX_POINT('',#10218);
#2187=VERTEX_POINT('',#10221);
#2188=VERTEX_POINT('',#10223);
#2189=VERTEX_POINT('',#10225);
#2190=VERTEX_POINT('',#10234);
#2191=VERTEX_POINT('',#10236);
#2192=VERTEX_POINT('',#10238);
#2193=VERTEX_POINT('',#10241);
#2194=VERTEX_POINT('',#10243);
#2195=VERTEX_POINT('',#10248);
#2196=VERTEX_POINT('',#10250);
#2197=VERTEX_POINT('',#10253);
#2198=VERTEX_POINT('',#10270);
#2199=VERTEX_POINT('',#10274);
#2200=VERTEX_POINT('',#10278);
#2201=VERTEX_POINT('',#10285);
#2202=VERTEX_POINT('',#10289);
#2203=VERTEX_POINT('',#10293);
#2204=VERTEX_POINT('',#10300);
#2205=VERTEX_POINT('',#10304);
#2206=VERTEX_POINT('',#10305);
#2207=VERTEX_POINT('',#10310);
#2208=VERTEX_POINT('',#10316);
#2209=VERTEX_POINT('',#10320);
#2210=VERTEX_POINT('',#10322);
#2211=VERTEX_POINT('',#10326);
#2212=VERTEX_POINT('',#10328);
#2213=VERTEX_POINT('',#10332);
#2214=VERTEX_POINT('',#10334);
#2215=VERTEX_POINT('',#10343);
#2216=VERTEX_POINT('',#10345);
#2217=VERTEX_POINT('',#10349);
#2218=VERTEX_POINT('',#10351);
#2219=VERTEX_POINT('',#10355);
#2220=VERTEX_POINT('',#10357);
#2221=VERTEX_POINT('',#10366);
#2222=VERTEX_POINT('',#10368);
#2223=VERTEX_POINT('',#10372);
#2224=VERTEX_POINT('',#10373);
#2225=VERTEX_POINT('',#10375);
#2226=VERTEX_POINT('',#10377);
#2227=VERTEX_POINT('',#10381);
#2228=VERTEX_POINT('',#10383);
#2229=VERTEX_POINT('',#10390);
#2230=VERTEX_POINT('',#10394);
#2231=VERTEX_POINT('',#10398);
#2232=VERTEX_POINT('',#10400);
#2233=VERTEX_POINT('',#10404);
#2234=VERTEX_POINT('',#10406);
#2235=VERTEX_POINT('',#10410);
#2236=VERTEX_POINT('',#10412);
#2237=VERTEX_POINT('',#10421);
#2238=VERTEX_POINT('',#10423);
#2239=VERTEX_POINT('',#10427);
#2240=VERTEX_POINT('',#10429);
#2241=VERTEX_POINT('',#10433);
#2242=VERTEX_POINT('',#10435);
#2243=VERTEX_POINT('',#10444);
#2244=VERTEX_POINT('',#10446);
#2245=VERTEX_POINT('',#10450);
#2246=VERTEX_POINT('',#10451);
#2247=VERTEX_POINT('',#10453);
#2248=VERTEX_POINT('',#10455);
#2249=VERTEX_POINT('',#10459);
#2250=VERTEX_POINT('',#10461);
#2251=VERTEX_POINT('',#10468);
#2252=VERTEX_POINT('',#10472);
#2253=VERTEX_POINT('',#10478);
#2254=VERTEX_POINT('',#10480);
#2255=VERTEX_POINT('',#10488);
#2256=VERTEX_POINT('',#10492);
#2257=VERTEX_POINT('',#10496);
#2258=VERTEX_POINT('',#10503);
#2259=VERTEX_POINT('',#10507);
#2260=VERTEX_POINT('',#10511);
#2261=VERTEX_POINT('',#10518);
#2262=VERTEX_POINT('',#10522);
#2263=VERTEX_POINT('',#10526);
#2264=VERTEX_POINT('',#10565);
#2265=VERTEX_POINT('',#10569);
#2266=VERTEX_POINT('',#10595);
#2267=VERTEX_POINT('',#10599);
#2268=VERTEX_POINT('',#10603);
#2269=VERTEX_POINT('',#10607);
#2270=EDGE_CURVE('',#1818,#1819,#1645,.T.);
#2271=EDGE_CURVE('',#1819,#1820,#799,.T.);
#2272=EDGE_CURVE('',#1820,#1821,#1646,.T.);
#2273=EDGE_CURVE('',#1821,#1818,#800,.T.);
#2274=EDGE_CURVE('',#1819,#1822,#801,.T.);
#2275=EDGE_CURVE('',#1822,#1823,#802,.T.);
#2276=EDGE_CURVE('',#1823,#1824,#803,.T.);
#2277=EDGE_CURVE('',#1825,#1824,#804,.T.);
#2278=EDGE_CURVE('',#1825,#1826,#805,.T.);
#2279=EDGE_CURVE('',#1826,#1827,#806,.T.);
#2280=EDGE_CURVE('',#1827,#1828,#807,.T.);
#2281=EDGE_CURVE('',#1829,#1828,#808,.T.);
#2282=EDGE_CURVE('',#1829,#1830,#809,.T.);
#2283=EDGE_CURVE('',#1830,#1831,#810,.T.);
#2284=EDGE_CURVE('',#1831,#1832,#811,.T.);
#2285=EDGE_CURVE('',#1833,#1832,#812,.T.);
#2286=EDGE_CURVE('',#1833,#1834,#813,.T.);
#2287=EDGE_CURVE('',#1834,#1835,#814,.T.);
#2288=EDGE_CURVE('',#1835,#1820,#815,.T.);
#2289=EDGE_CURVE('',#1836,#1825,#1647,.T.);
#2290=EDGE_CURVE('',#1824,#1837,#1648,.T.);
#2291=EDGE_CURVE('',#1837,#1836,#816,.T.);
#2292=EDGE_CURVE('',#1838,#1829,#1649,.T.);
#2293=EDGE_CURVE('',#1828,#1839,#1650,.T.);
#2294=EDGE_CURVE('',#1839,#1838,#817,.T.);
#2295=EDGE_CURVE('',#1832,#1840,#1651,.T.);
#2296=EDGE_CURVE('',#1840,#1841,#818,.T.);
#2297=EDGE_CURVE('',#1841,#1833,#1652,.T.);
#2298=EDGE_CURVE('',#1842,#1840,#1653,.T.);
#2299=EDGE_CURVE('',#1843,#1842,#819,.T.);
#2300=EDGE_CURVE('',#1841,#1843,#1654,.T.);
#2301=EDGE_CURVE('',#1844,#1845,#820,.T.);
#2302=EDGE_CURVE('',#1844,#1827,#821,.T.);
#2303=EDGE_CURVE('',#1845,#1826,#822,.T.);
#2304=EDGE_CURVE('',#1846,#1847,#823,.T.);
#2305=EDGE_CURVE('',#1846,#1823,#824,.T.);
#2306=EDGE_CURVE('',#1847,#1822,#825,.T.);
#2307=EDGE_CURVE('',#1848,#1849,#826,.T.);
#2308=EDGE_CURVE('',#1848,#1835,#827,.T.);
#2309=EDGE_CURVE('',#1849,#1834,#828,.T.);
#2310=EDGE_CURVE('',#1850,#1851,#829,.T.);
#2311=EDGE_CURVE('',#1850,#1831,#830,.T.);
#2312=EDGE_CURVE('',#1851,#1830,#831,.T.);
#2313=EDGE_CURVE('',#1838,#1852,#1655,.T.);
#2314=EDGE_CURVE('',#1853,#1852,#1656,.T.);
#2315=EDGE_CURVE('',#1853,#1854,#832,.T.);
#2316=EDGE_CURVE('',#1855,#1854,#833,.T.);
#2317=EDGE_CURVE('',#1855,#1856,#834,.T.);
#2318=EDGE_CURVE('',#1857,#1856,#835,.T.);
#2319=EDGE_CURVE('',#1858,#1857,#836,.T.);
#2320=EDGE_CURVE('',#1859,#1858,#837,.T.);
#2321=EDGE_CURVE('',#1859,#1860,#838,.T.);
#2322=EDGE_CURVE('',#1861,#1860,#839,.T.);
#2323=EDGE_CURVE('',#1862,#1861,#840,.T.);
#2324=EDGE_CURVE('',#1863,#1862,#841,.T.);
#2325=EDGE_CURVE('',#1864,#1863,#842,.T.);
#2326=EDGE_CURVE('',#1865,#1864,#843,.T.);
#2327=EDGE_CURVE('',#1866,#1865,#844,.T.);
#2328=EDGE_CURVE('',#1867,#1866,#845,.T.);
#2329=EDGE_CURVE('',#1867,#1868,#846,.T.);
#2330=EDGE_CURVE('',#1869,#1868,#847,.T.);
#2331=EDGE_CURVE('',#1870,#1869,#848,.T.);
#2332=EDGE_CURVE('',#1871,#1870,#849,.T.);
#2333=EDGE_CURVE('',#1871,#1872,#850,.T.);
#2334=EDGE_CURVE('',#1873,#1872,#851,.T.);
#2335=EDGE_CURVE('',#1873,#1874,#1657,.T.);
#2336=EDGE_CURVE('',#1874,#1875,#852,.T.);
#2337=EDGE_CURVE('',#1851,#1875,#853,.T.);
#2338=EDGE_CURVE('',#1876,#1846,#854,.T.);
#2339=EDGE_CURVE('',#1877,#1876,#855,.T.);
#2340=EDGE_CURVE('',#1878,#1877,#1658,.T.);
#2341=EDGE_CURVE('',#1878,#1879,#856,.T.);
#2342=EDGE_CURVE('',#1880,#1879,#857,.T.);
#2343=EDGE_CURVE('',#1881,#1880,#858,.T.);
#2344=EDGE_CURVE('',#1881,#1882,#859,.T.);
#2345=EDGE_CURVE('',#1882,#1883,#860,.T.);
#2346=EDGE_CURVE('',#1884,#1883,#861,.T.);
#2347=EDGE_CURVE('',#1885,#1884,#862,.T.);
#2348=EDGE_CURVE('',#1885,#1886,#863,.T.);
#2349=EDGE_CURVE('',#1886,#1887,#864,.T.);
#2350=EDGE_CURVE('',#1888,#1887,#865,.T.);
#2351=EDGE_CURVE('',#1889,#1888,#866,.T.);
#2352=EDGE_CURVE('',#1889,#1890,#867,.T.);
#2353=EDGE_CURVE('',#1891,#1890,#868,.T.);
#2354=EDGE_CURVE('',#1892,#1891,#869,.T.);
#2355=EDGE_CURVE('',#1893,#1892,#870,.T.);
#2356=EDGE_CURVE('',#1893,#1894,#871,.T.);
#2357=EDGE_CURVE('',#1895,#1894,#872,.T.);
#2358=EDGE_CURVE('',#1896,#1895,#873,.T.);
#2359=EDGE_CURVE('',#1897,#1896,#874,.T.);
#2360=EDGE_CURVE('',#1897,#1898,#875,.T.);
#2361=EDGE_CURVE('',#1899,#1898,#1659,.T.);
#2362=EDGE_CURVE('',#1899,#1837,#1660,.T.);
#2363=EDGE_CURVE('',#1848,#1900,#876,.T.);
#2364=EDGE_CURVE('',#1900,#1901,#1661,.T.);
#2365=EDGE_CURVE('',#1901,#1902,#877,.T.);
#2366=EDGE_CURVE('',#1902,#1903,#1662,.T.);
#2367=EDGE_CURVE('',#1904,#1903,#1663,.T.);
#2368=EDGE_CURVE('',#1905,#1904,#878,.T.);
#2369=EDGE_CURVE('',#1905,#1906,#1664,.T.);
#2370=EDGE_CURVE('',#1906,#1907,#1665,.T.);
#2371=EDGE_CURVE('',#1907,#1908,#1666,.T.);
#2372=EDGE_CURVE('',#1909,#1908,#879,.T.);
#2373=EDGE_CURVE('',#1910,#1909,#880,.T.);
#2374=EDGE_CURVE('',#1910,#1911,#881,.T.);
#2375=EDGE_CURVE('',#1911,#1912,#1667,.T.);
#2376=EDGE_CURVE('',#1912,#1913,#1668,.T.);
#2377=EDGE_CURVE('',#1913,#1914,#1669,.T.);
#2378=EDGE_CURVE('',#1914,#1915,#882,.T.);
#2379=EDGE_CURVE('',#1915,#1916,#883,.T.);
#2380=EDGE_CURVE('',#1917,#1916,#1670,.T.);
#2381=EDGE_CURVE('',#1917,#1821,#1671,.T.);
#2382=EDGE_CURVE('',#1918,#1918,#1672,.T.);
#2383=EDGE_CURVE('',#1919,#1919,#1673,.T.);
#2384=EDGE_CURVE('',#1920,#1920,#1674,.T.);
#2385=EDGE_CURVE('',#1849,#1921,#884,.T.);
#2386=EDGE_CURVE('',#1921,#1922,#885,.T.);
#2387=EDGE_CURVE('',#1923,#1922,#886,.T.);
#2388=EDGE_CURVE('',#1923,#1924,#887,.T.);
#2389=EDGE_CURVE('',#1925,#1924,#888,.T.);
#2390=EDGE_CURVE('',#1925,#1926,#889,.T.);
#2391=EDGE_CURVE('',#1927,#1926,#890,.T.);
#2392=EDGE_CURVE('',#1927,#1928,#891,.T.);
#2393=EDGE_CURVE('',#1929,#1928,#892,.T.);
#2394=EDGE_CURVE('',#1929,#1930,#893,.T.);
#2395=EDGE_CURVE('',#1931,#1930,#894,.T.);
#2396=EDGE_CURVE('',#1931,#1932,#895,.T.);
#2397=EDGE_CURVE('',#1933,#1932,#896,.T.);
#2398=EDGE_CURVE('',#1933,#1900,#897,.T.);
#2399=EDGE_CURVE('',#1875,#1934,#898,.T.);
#2400=EDGE_CURVE('',#1934,#1850,#899,.T.);
#2401=EDGE_CURVE('',#1935,#1844,#900,.T.);
#2402=EDGE_CURVE('',#1845,#1936,#901,.T.);
#2403=EDGE_CURVE('',#1936,#1935,#902,.T.);
#2404=EDGE_CURVE('',#1847,#1937,#903,.T.);
#2405=EDGE_CURVE('',#1937,#1876,#904,.T.);
#2406=EDGE_CURVE('',#1938,#1843,#1675,.T.);
#2407=EDGE_CURVE('',#1938,#1939,#905,.T.);
#2408=EDGE_CURVE('',#1940,#1939,#906,.T.);
#2409=EDGE_CURVE('',#1940,#1941,#1676,.T.);
#2410=EDGE_CURVE('',#1941,#1942,#1677,.T.);
#2411=EDGE_CURVE('',#1942,#1943,#1678,.T.);
#2412=EDGE_CURVE('',#1944,#1943,#907,.T.);
#2413=EDGE_CURVE('',#1945,#1944,#43,.T.);
#2414=EDGE_CURVE('',#1945,#1946,#908,.T.);
#2415=EDGE_CURVE('',#1946,#1947,#1679,.T.);
#2416=EDGE_CURVE('',#1947,#1948,#1680,.T.);
#2417=EDGE_CURVE('',#1948,#1949,#1681,.T.);
#2418=EDGE_CURVE('',#1949,#1950,#909,.T.);
#2419=EDGE_CURVE('',#1950,#1951,#1682,.T.);
#2420=EDGE_CURVE('',#1951,#1952,#1683,.T.);
#2421=EDGE_CURVE('',#1952,#1953,#910,.T.);
#2422=EDGE_CURVE('',#1953,#1921,#1684,.T.);
#2423=EDGE_CURVE('',#1954,#1954,#1685,.T.);
#2424=EDGE_CURVE('',#1955,#1955,#1686,.T.);
#2425=EDGE_CURVE('',#1956,#1956,#1687,.T.);
#2426=EDGE_CURVE('',#1957,#1958,#1688,.T.);
#2427=EDGE_CURVE('',#1959,#1957,#44,.T.);
#2428=EDGE_CURVE('',#1960,#1959,#1689,.T.);
#2429=EDGE_CURVE('',#1960,#1961,#911,.T.);
#2430=EDGE_CURVE('',#1962,#1961,#45,.T.);
#2431=EDGE_CURVE('',#1963,#1962,#46,.T.);
#2432=EDGE_CURVE('',#1964,#1963,#1690,.T.);
#2433=EDGE_CURVE('',#1965,#1964,#47,.T.);
#2434=EDGE_CURVE('',#1961,#1965,#48,.T.);
#2435=EDGE_CURVE('',#1966,#1960,#1691,.T.);
#2436=EDGE_CURVE('',#1958,#1966,#49,.T.);
#2437=EDGE_CURVE('',#1967,#1968,#50,.T.);
#2438=EDGE_CURVE('',#1969,#1967,#51,.T.);
#2439=EDGE_CURVE('',#1970,#1969,#1692,.T.);
#2440=EDGE_CURVE('',#1971,#1970,#52,.T.);
#2441=EDGE_CURVE('',#1968,#1971,#53,.T.);
#2442=EDGE_CURVE('',#1968,#1972,#912,.T.);
#2443=EDGE_CURVE('',#1973,#1972,#54,.T.);
#2444=EDGE_CURVE('',#1974,#1973,#55,.T.);
#2445=EDGE_CURVE('',#1975,#1974,#1693,.T.);
#2446=EDGE_CURVE('',#1976,#1975,#56,.T.);
#2447=EDGE_CURVE('',#1972,#1976,#57,.T.);
#2448=EDGE_CURVE('',#1977,#1978,#1694,.T.);
#2449=EDGE_CURVE('',#1978,#1977,#1695,.T.);
#2450=EDGE_CURVE('',#1978,#1979,#913,.T.);
#2451=EDGE_CURVE('',#1980,#1979,#58,.T.);
#2452=EDGE_CURVE('',#1979,#1980,#59,.T.);
#2453=EDGE_CURVE('',#1981,#1982,#60,.T.);
#2454=EDGE_CURVE('',#1982,#1981,#61,.T.);
#2455=EDGE_CURVE('',#1982,#1983,#914,.T.);
#2456=EDGE_CURVE('',#1984,#1983,#62,.T.);
#2457=EDGE_CURVE('',#1983,#1984,#63,.T.);
#2458=EDGE_CURVE('',#1985,#1986,#1696,.T.);
#2459=EDGE_CURVE('',#1987,#1985,#1697,.T.);
#2460=EDGE_CURVE('',#1986,#1987,#1698,.T.);
#2461=EDGE_CURVE('',#1986,#1988,#915,.T.);
#2462=EDGE_CURVE('',#1989,#1988,#64,.T.);
#2463=EDGE_CURVE('',#1990,#1989,#65,.T.);
#2464=EDGE_CURVE('',#1988,#1990,#66,.T.);
#2465=EDGE_CURVE('',#1991,#1992,#67,.T.);
#2466=EDGE_CURVE('',#1993,#1991,#68,.T.);
#2467=EDGE_CURVE('',#1992,#1993,#69,.T.);
#2468=EDGE_CURVE('',#1992,#1994,#916,.T.);
#2469=EDGE_CURVE('',#1995,#1994,#70,.T.);
#2470=EDGE_CURVE('',#1996,#1995,#71,.T.);
#2471=EDGE_CURVE('',#1994,#1996,#72,.T.);
#2472=EDGE_CURVE('',#1997,#1969,#917,.T.);
#2473=EDGE_CURVE('',#1997,#1998,#918,.T.);
#2474=EDGE_CURVE('',#1998,#1999,#919,.T.);
#2475=EDGE_CURVE('',#1999,#1865,#920,.T.);
#2476=EDGE_CURVE('',#2000,#1864,#1699,.F.);
#2477=EDGE_CURVE('',#2000,#2001,#921,.T.);
#2478=EDGE_CURVE('',#2002,#2001,#1700,.F.);
#2479=EDGE_CURVE('',#2003,#2002,#922,.T.);
#2480=EDGE_CURVE('',#2003,#2004,#923,.T.);
#2481=EDGE_CURVE('',#2004,#2005,#924,.T.);
#2482=EDGE_CURVE('',#2006,#2005,#1701,.F.);
#2483=EDGE_CURVE('',#2006,#2007,#925,.T.);
#2484=EDGE_CURVE('',#1887,#2007,#1702,.F.);
#2485=EDGE_CURVE('',#1886,#2008,#926,.T.);
#2486=EDGE_CURVE('',#2008,#2009,#927,.T.);
#2487=EDGE_CURVE('',#2010,#2009,#1703,.F.);
#2488=EDGE_CURVE('',#2010,#2011,#928,.T.);
#2489=EDGE_CURVE('',#2011,#2012,#929,.T.);
#2490=EDGE_CURVE('',#2012,#2013,#930,.T.);
#2491=EDGE_CURVE('',#2014,#2013,#931,.T.);
#2492=EDGE_CURVE('',#2015,#2014,#932,.T.);
#2493=EDGE_CURVE('',#2015,#2016,#933,.T.);
#2494=EDGE_CURVE('',#2016,#2017,#934,.T.);
#2495=EDGE_CURVE('',#2018,#2017,#935,.T.);
#2496=EDGE_CURVE('',#2019,#2018,#936,.T.);
#2497=EDGE_CURVE('',#2019,#2020,#937,.T.);
#2498=EDGE_CURVE('',#2021,#2020,#938,.T.);
#2499=EDGE_CURVE('',#1970,#2021,#939,.T.);
#2500=EDGE_CURVE('',#2022,#2022,#1704,.T.);
#2501=EDGE_CURVE('',#2023,#2023,#1705,.T.);
#2502=EDGE_CURVE('',#2024,#2024,#1706,.T.);
#2503=EDGE_CURVE('',#2025,#1967,#73,.T.);
#2504=EDGE_CURVE('',#1997,#2025,#74,.T.);
#2505=EDGE_CURVE('',#2026,#1963,#940,.T.);
#2506=EDGE_CURVE('',#2026,#2027,#941,.T.);
#2507=EDGE_CURVE('',#2028,#2027,#942,.T.);
#2508=EDGE_CURVE('',#2029,#2028,#943,.T.);
#2509=EDGE_CURVE('',#2029,#2030,#944,.T.);
#2510=EDGE_CURVE('',#2030,#2031,#945,.T.);
#2511=EDGE_CURVE('',#2032,#2031,#946,.T.);
#2512=EDGE_CURVE('',#2033,#2032,#947,.T.);
#2513=EDGE_CURVE('',#2033,#2034,#948,.T.);
#2514=EDGE_CURVE('',#2034,#2035,#949,.T.);
#2515=EDGE_CURVE('',#2035,#2036,#950,.T.);
#2516=EDGE_CURVE('',#2036,#2037,#951,.T.);
#2517=EDGE_CURVE('',#2038,#2037,#1707,.F.);
#2518=EDGE_CURVE('',#2038,#2039,#952,.T.);
#2519=EDGE_CURVE('',#2039,#1889,#953,.T.);
#2520=EDGE_CURVE('',#2040,#1888,#1708,.F.);
#2521=EDGE_CURVE('',#2040,#2041,#954,.T.);
#2522=EDGE_CURVE('',#2042,#2041,#1709,.F.);
#2523=EDGE_CURVE('',#2042,#2043,#955,.T.);
#2524=EDGE_CURVE('',#2043,#2044,#956,.T.);
#2525=EDGE_CURVE('',#2044,#2045,#957,.T.);
#2526=EDGE_CURVE('',#2046,#2045,#1710,.F.);
#2527=EDGE_CURVE('',#2046,#2047,#958,.T.);
#2528=EDGE_CURVE('',#1863,#2047,#1711,.F.);
#2529=EDGE_CURVE('',#1862,#2048,#959,.T.);
#2530=EDGE_CURVE('',#2049,#2048,#960,.T.);
#2531=EDGE_CURVE('',#2050,#2049,#961,.T.);
#2532=EDGE_CURVE('',#1964,#2050,#962,.T.);
#2533=EDGE_CURVE('',#2051,#2051,#1712,.T.);
#2534=EDGE_CURVE('',#2052,#2052,#1713,.T.);
#2535=EDGE_CURVE('',#2053,#2053,#1714,.T.);
#2536=EDGE_CURVE('',#2054,#1962,#75,.T.);
#2537=EDGE_CURVE('',#2026,#2054,#76,.T.);
#2538=EDGE_CURVE('',#2055,#1974,#963,.T.);
#2539=EDGE_CURVE('',#2055,#2056,#964,.T.);
#2540=EDGE_CURVE('',#2056,#2057,#965,.T.);
#2541=EDGE_CURVE('',#1909,#2057,#1715,.T.);
#2542=EDGE_CURVE('',#1908,#2058,#966,.T.);
#2543=EDGE_CURVE('',#2058,#2059,#967,.T.);
#2544=EDGE_CURVE('',#1905,#2059,#968,.T.);
#2545=EDGE_CURVE('',#1950,#1904,#969,.T.);
#2546=EDGE_CURVE('',#2060,#1949,#970,.T.);
#2547=EDGE_CURVE('',#2060,#2061,#971,.T.);
#2548=EDGE_CURVE('',#2061,#1946,#972,.T.);
#2549=EDGE_CURVE('',#1975,#1945,#973,.T.);
#2550=EDGE_CURVE('',#2062,#2063,#974,.T.);
#2551=EDGE_CURVE('',#2063,#2064,#975,.T.);
#2552=EDGE_CURVE('',#2065,#2064,#976,.T.);
#2553=EDGE_CURVE('',#2065,#2062,#977,.T.);
#2554=EDGE_CURVE('',#2066,#2067,#978,.T.);
#2555=EDGE_CURVE('',#2067,#2068,#979,.T.);
#2556=EDGE_CURVE('',#2069,#2068,#980,.T.);
#2557=EDGE_CURVE('',#2069,#2066,#981,.T.);
#2558=EDGE_CURVE('',#2070,#2071,#982,.T.);
#2559=EDGE_CURVE('',#2071,#2072,#983,.T.);
#2560=EDGE_CURVE('',#2072,#2073,#984,.T.);
#2561=EDGE_CURVE('',#2073,#2070,#985,.T.);
#2562=EDGE_CURVE('',#1884,#2074,#986,.T.);
#2563=EDGE_CURVE('',#2074,#2075,#987,.T.);
#2564=EDGE_CURVE('',#2075,#1885,#988,.T.);
#2565=EDGE_CURVE('',#2076,#2077,#989,.T.);
#2566=EDGE_CURVE('',#2077,#1871,#990,.T.);
#2567=EDGE_CURVE('',#1870,#2076,#991,.T.);
#2568=EDGE_CURVE('',#2078,#2078,#1716,.T.);
#2569=EDGE_CURVE('',#2079,#2080,#992,.T.);
#2570=EDGE_CURVE('',#2080,#1867,#993,.T.);
#2571=EDGE_CURVE('',#1866,#2079,#994,.T.);
#2572=EDGE_CURVE('',#2081,#1881,#995,.T.);
#2573=EDGE_CURVE('',#1880,#2082,#996,.T.);
#2574=EDGE_CURVE('',#2082,#2081,#997,.T.);
#2575=EDGE_CURVE('',#2083,#2084,#998,.T.);
#2576=EDGE_CURVE('',#2084,#2085,#999,.T.);
#2577=EDGE_CURVE('',#2085,#2086,#1000,.T.);
#2578=EDGE_CURVE('',#2086,#2083,#1001,.T.);
#2579=EDGE_CURVE('',#2087,#2087,#1717,.T.);
#2580=EDGE_CURVE('',#2088,#2088,#1718,.T.);
#2581=EDGE_CURVE('',#2089,#2089,#1719,.T.);
#2582=EDGE_CURVE('',#2090,#2090,#1720,.T.);
#2583=EDGE_CURVE('',#2091,#2091,#1721,.T.);
#2584=EDGE_CURVE('',#2092,#1973,#77,.T.);
#2585=EDGE_CURVE('',#2055,#2092,#78,.T.);
#2586=EDGE_CURVE('',#1958,#2093,#1002,.T.);
#2587=EDGE_CURVE('',#2093,#2094,#79,.T.);
#2588=EDGE_CURVE('',#2094,#2095,#80,.T.);
#2589=EDGE_CURVE('',#2095,#1944,#81,.F.);
#2590=EDGE_CURVE('',#2096,#1943,#1003,.T.);
#2591=EDGE_CURVE('',#2096,#2097,#1004,.T.);
#2592=EDGE_CURVE('',#2097,#1940,#1005,.T.);
#2593=EDGE_CURVE('',#1915,#1939,#1006,.T.);
#2594=EDGE_CURVE('',#1914,#2098,#1007,.T.);
#2595=EDGE_CURVE('',#2098,#2099,#1008,.T.);
#2596=EDGE_CURVE('',#1911,#2099,#1009,.T.);
#2597=EDGE_CURVE('',#1910,#2100,#1722,.F.);
#2598=EDGE_CURVE('',#2100,#2101,#1010,.T.);
#2599=EDGE_CURVE('',#2101,#2102,#1011,.T.);
#2600=EDGE_CURVE('',#2102,#1957,#1012,.T.);
#2601=EDGE_CURVE('',#2103,#2103,#1723,.T.);
#2602=EDGE_CURVE('',#2104,#2104,#1724,.T.);
#2603=EDGE_CURVE('',#2105,#2105,#1725,.T.);
#2604=EDGE_CURVE('',#2106,#2106,#1726,.T.);
#2605=EDGE_CURVE('',#2107,#2107,#1727,.T.);
#2606=EDGE_CURVE('',#2108,#2109,#1013,.T.);
#2607=EDGE_CURVE('',#2109,#2110,#1014,.T.);
#2608=EDGE_CURVE('',#2110,#2111,#1015,.T.);
#2609=EDGE_CURVE('',#2111,#2108,#1016,.T.);
#2610=EDGE_CURVE('',#1894,#2112,#1017,.T.);
#2611=EDGE_CURVE('',#2112,#2113,#1018,.T.);
#2612=EDGE_CURVE('',#2113,#1895,#1019,.T.);
#2613=EDGE_CURVE('',#2114,#2115,#1020,.T.);
#2614=EDGE_CURVE('',#2115,#1861,#1021,.T.);
#2615=EDGE_CURVE('',#1860,#2114,#1022,.T.);
#2616=EDGE_CURVE('',#2116,#2116,#1728,.T.);
#2617=EDGE_CURVE('',#2117,#2118,#1023,.T.);
#2618=EDGE_CURVE('',#2118,#1857,#1024,.T.);
#2619=EDGE_CURVE('',#1856,#2117,#1025,.T.);
#2620=EDGE_CURVE('',#2119,#1891,#1026,.T.);
#2621=EDGE_CURVE('',#1890,#2120,#1027,.T.);
#2622=EDGE_CURVE('',#2120,#2119,#1028,.T.);
#2623=EDGE_CURVE('',#2121,#2122,#1029,.T.);
#2624=EDGE_CURVE('',#2122,#2123,#1030,.T.);
#2625=EDGE_CURVE('',#2123,#2124,#1031,.T.);
#2626=EDGE_CURVE('',#2124,#2121,#1032,.T.);
#2627=EDGE_CURVE('',#2125,#2126,#1033,.T.);
#2628=EDGE_CURVE('',#2126,#2127,#1034,.T.);
#2629=EDGE_CURVE('',#2128,#2127,#1035,.T.);
#2630=EDGE_CURVE('',#2128,#2125,#1036,.T.);
#2631=EDGE_CURVE('',#2129,#2130,#1037,.T.);
#2632=EDGE_CURVE('',#2130,#2131,#1038,.T.);
#2633=EDGE_CURVE('',#2132,#2131,#1039,.T.);
#2634=EDGE_CURVE('',#2132,#2129,#1040,.T.);
#2635=EDGE_CURVE('',#2094,#1966,#82,.T.);
#2636=EDGE_CURVE('',#2095,#2133,#83,.T.);
#2637=EDGE_CURVE('',#2133,#2134,#84,.T.);
#2638=EDGE_CURVE('',#1945,#2134,#85,.F.);
#2639=EDGE_CURVE('',#2135,#2136,#86,.T.);
#2640=EDGE_CURVE('',#2136,#2137,#87,.T.);
#2641=EDGE_CURVE('',#2138,#2137,#88,.T.);
#2642=EDGE_CURVE('',#2135,#2138,#89,.T.);
#2643=EDGE_CURVE('',#1993,#2135,#90,.T.);
#2644=EDGE_CURVE('',#2139,#2138,#91,.T.);
#2645=EDGE_CURVE('',#2140,#2139,#92,.T.);
#2646=EDGE_CURVE('',#2140,#1991,#93,.T.);
#2647=EDGE_CURVE('',#2141,#2140,#94,.T.);
#2648=EDGE_CURVE('',#2142,#2139,#95,.T.);
#2649=EDGE_CURVE('',#2141,#2142,#96,.T.);
#2650=EDGE_CURVE('',#1990,#2141,#97,.T.);
#2651=EDGE_CURVE('',#2137,#2142,#98,.T.);
#2652=EDGE_CURVE('',#2136,#1989,#99,.T.);
#2653=EDGE_CURVE('',#1996,#2143,#100,.T.);
#2654=EDGE_CURVE('',#2143,#2144,#101,.T.);
#2655=EDGE_CURVE('',#2145,#2144,#102,.T.);
#2656=EDGE_CURVE('',#2146,#2145,#103,.T.);
#2657=EDGE_CURVE('',#2146,#1995,#104,.T.);
#2658=EDGE_CURVE('',#2147,#2146,#105,.T.);
#2659=EDGE_CURVE('',#2148,#2145,#106,.T.);
#2660=EDGE_CURVE('',#2147,#2148,#107,.T.);
#2661=EDGE_CURVE('',#1987,#2147,#108,.T.);
#2662=EDGE_CURVE('',#2149,#2148,#109,.T.);
#2663=EDGE_CURVE('',#2150,#2149,#110,.T.);
#2664=EDGE_CURVE('',#2150,#1985,#111,.T.);
#2665=EDGE_CURVE('',#2143,#2150,#112,.T.);
#2666=EDGE_CURVE('',#2144,#2149,#113,.T.);
#2667=EDGE_CURVE('',#2151,#2054,#114,.T.);
#2668=EDGE_CURVE('',#2054,#2136,#115,.T.);
#2669=EDGE_CURVE('',#2151,#2135,#116,.T.);
#2670=EDGE_CURVE('',#1971,#2151,#117,.T.);
#2671=EDGE_CURVE('',#2025,#2140,#118,.T.);
#2672=EDGE_CURVE('',#2152,#2025,#119,.T.);
#2673=EDGE_CURVE('',#2152,#2141,#120,.T.);
#2674=EDGE_CURVE('',#1965,#2152,#121,.T.);
#2675=EDGE_CURVE('',#1976,#2153,#122,.T.);
#2676=EDGE_CURVE('',#2134,#2153,#123,.F.);
#2677=EDGE_CURVE('',#2133,#2143,#124,.T.);
#2678=EDGE_CURVE('',#2092,#2146,#125,.T.);
#2679=EDGE_CURVE('',#2154,#2092,#126,.T.);
#2680=EDGE_CURVE('',#2154,#2147,#127,.T.);
#2681=EDGE_CURVE('',#1959,#2154,#128,.T.);
#2682=EDGE_CURVE('',#2095,#2150,#129,.T.);
#2683=EDGE_CURVE('',#2021,#2026,#1041,.T.);
#2684=EDGE_CURVE('',#2021,#2151,#130,.T.);
#2685=EDGE_CURVE('',#2050,#1997,#1042,.T.);
#2686=EDGE_CURVE('',#2050,#2152,#131,.T.);
#2687=EDGE_CURVE('',#2102,#2055,#1043,.T.);
#2688=EDGE_CURVE('',#2102,#2154,#132,.T.);
#2689=EDGE_CURVE('',#1998,#2049,#1044,.T.);
#2690=EDGE_CURVE('',#2027,#2020,#1045,.T.);
#2691=EDGE_CURVE('',#2155,#1934,#1046,.T.);
#2692=EDGE_CURVE('',#2156,#2155,#1729,.T.);
#2693=EDGE_CURVE('',#2157,#2156,#1047,.T.);
#2694=EDGE_CURVE('',#2077,#2157,#1048,.T.);
#2695=EDGE_CURVE('',#2076,#2158,#1049,.T.);
#2696=EDGE_CURVE('',#2159,#2158,#1050,.T.);
#2697=EDGE_CURVE('',#2080,#2159,#1051,.T.);
#2698=EDGE_CURVE('',#2079,#1999,#1052,.T.);
#2699=EDGE_CURVE('',#2048,#2115,#1053,.T.);
#2700=EDGE_CURVE('',#2160,#2114,#1054,.T.);
#2701=EDGE_CURVE('',#2161,#2160,#1055,.T.);
#2702=EDGE_CURVE('',#2161,#2118,#1056,.T.);
#2703=EDGE_CURVE('',#2162,#2117,#1057,.T.);
#2704=EDGE_CURVE('',#2163,#2162,#1058,.T.);
#2705=EDGE_CURVE('',#2163,#2164,#1059,.T.);
#2706=EDGE_CURVE('',#1842,#2164,#1730,.T.);
#2707=EDGE_CURVE('',#2028,#2019,#1060,.T.);
#2708=EDGE_CURVE('',#2164,#1938,#1061,.T.);
#2709=EDGE_CURVE('',#2163,#1854,#1062,.T.);
#2710=EDGE_CURVE('',#2165,#1853,#1063,.T.);
#2711=EDGE_CURVE('',#2166,#2165,#1064,.T.);
#2712=EDGE_CURVE('',#2166,#2167,#1065,.T.);
#2713=EDGE_CURVE('',#2168,#2167,#1066,.T.);
#2714=EDGE_CURVE('',#1898,#2168,#1067,.T.);
#2715=EDGE_CURVE('',#1897,#2169,#1068,.T.);
#2716=EDGE_CURVE('',#2170,#2169,#1069,.T.);
#2717=EDGE_CURVE('',#1916,#2170,#1070,.T.);
#2718=EDGE_CURVE('',#1852,#2171,#1071,.T.);
#2719=EDGE_CURVE('',#2171,#2165,#1731,.T.);
#2720=EDGE_CURVE('',#2171,#1839,#1732,.T.);
#2721=EDGE_CURVE('',#2168,#2172,#1733,.T.);
#2722=EDGE_CURVE('',#2172,#1899,#1072,.T.);
#2723=EDGE_CURVE('',#1836,#2172,#1734,.T.);
#2724=EDGE_CURVE('',#2170,#2173,#1735,.T.);
#2725=EDGE_CURVE('',#2173,#1917,#1073,.T.);
#2726=EDGE_CURVE('',#1818,#2173,#1736,.T.);
#2727=EDGE_CURVE('',#2009,#2038,#1074,.T.);
#2728=EDGE_CURVE('',#2037,#2010,#1075,.T.);
#2729=EDGE_CURVE('',#2174,#2169,#1076,.T.);
#2730=EDGE_CURVE('',#2174,#2113,#1077,.T.);
#2731=EDGE_CURVE('',#2175,#2112,#1078,.T.);
#2732=EDGE_CURVE('',#2176,#2175,#1079,.T.);
#2733=EDGE_CURVE('',#2176,#2119,#1080,.T.);
#2734=EDGE_CURVE('',#2039,#2120,#1081,.T.);
#2735=EDGE_CURVE('',#2075,#2008,#1082,.T.);
#2736=EDGE_CURVE('',#2074,#2177,#1083,.T.);
#2737=EDGE_CURVE('',#2178,#2177,#1084,.T.);
#2738=EDGE_CURVE('',#2081,#2178,#1085,.T.);
#2739=EDGE_CURVE('',#2082,#2179,#1086,.T.);
#2740=EDGE_CURVE('',#2180,#2179,#1087,.T.);
#2741=EDGE_CURVE('',#2180,#2181,#1737,.T.);
#2742=EDGE_CURVE('',#2181,#1937,#1088,.T.);
#2743=EDGE_CURVE('',#2007,#2040,#1089,.T.);
#2744=EDGE_CURVE('',#2005,#2042,#1090,.T.);
#2745=EDGE_CURVE('',#2041,#2006,#1091,.T.);
#2746=EDGE_CURVE('',#2182,#2167,#1092,.T.);
#2747=EDGE_CURVE('',#2182,#2111,#1093,.T.);
#2748=EDGE_CURVE('',#2183,#2110,#1094,.T.);
#2749=EDGE_CURVE('',#2184,#2183,#1095,.T.);
#2750=EDGE_CURVE('',#2184,#2123,#1096,.T.);
#2751=EDGE_CURVE('',#2043,#2122,#1097,.T.);
#2752=EDGE_CURVE('',#2070,#2004,#1098,.T.);
#2753=EDGE_CURVE('',#2073,#2185,#1099,.T.);
#2754=EDGE_CURVE('',#2186,#2185,#1100,.T.);
#2755=EDGE_CURVE('',#2086,#2186,#1101,.T.);
#2756=EDGE_CURVE('',#2085,#2187,#1102,.T.);
#2757=EDGE_CURVE('',#2188,#2187,#1103,.T.);
#2758=EDGE_CURVE('',#2188,#2189,#1738,.T.);
#2759=EDGE_CURVE('',#2189,#1936,#1104,.T.);
#2760=EDGE_CURVE('',#2047,#2000,#1105,.T.);
#2761=EDGE_CURVE('',#2045,#2002,#1106,.T.);
#2762=EDGE_CURVE('',#2001,#2046,#1107,.T.);
#2763=EDGE_CURVE('',#2190,#1935,#1108,.T.);
#2764=EDGE_CURVE('',#2191,#2190,#1739,.T.);
#2765=EDGE_CURVE('',#2191,#2192,#1109,.T.);
#2766=EDGE_CURVE('',#2084,#2192,#1110,.T.);
#2767=EDGE_CURVE('',#2083,#2193,#1111,.T.);
#2768=EDGE_CURVE('',#2193,#2194,#1112,.T.);
#2769=EDGE_CURVE('',#2072,#2194,#1113,.T.);
#2770=EDGE_CURVE('',#2071,#2003,#1114,.T.);
#2771=EDGE_CURVE('',#2044,#2121,#1115,.T.);
#2772=EDGE_CURVE('',#2195,#2124,#1116,.T.);
#2773=EDGE_CURVE('',#2196,#2195,#1117,.T.);
#2774=EDGE_CURVE('',#2196,#2109,#1118,.T.);
#2775=EDGE_CURVE('',#2197,#2108,#1119,.T.);
#2776=EDGE_CURVE('',#2166,#2197,#1120,.T.);
#2777=EDGE_CURVE('',#2057,#2100,#1121,.T.);
#2778=EDGE_CURVE('',#2030,#2017,#1122,.T.);
#2779=EDGE_CURVE('',#2018,#2029,#1123,.T.);
#2780=EDGE_CURVE('',#2016,#2031,#1124,.T.);
#2781=EDGE_CURVE('',#2032,#2015,#1125,.T.);
#2782=EDGE_CURVE('',#2034,#2013,#1126,.T.);
#2783=EDGE_CURVE('',#2014,#2033,#1127,.T.);
#2784=EDGE_CURVE('',#2035,#2012,#1128,.T.);
#2785=EDGE_CURVE('',#1920,#2198,#1129,.T.);
#2786=EDGE_CURVE('',#2198,#2198,#1740,.T.);
#2787=EDGE_CURVE('',#2199,#2059,#1741,.T.);
#2788=EDGE_CURVE('',#2199,#1906,#1130,.T.);
#2789=EDGE_CURVE('',#2058,#2200,#1742,.T.);
#2790=EDGE_CURVE('',#2200,#1907,#1131,.T.);
#2791=EDGE_CURVE('',#2200,#2199,#1743,.T.);
#2792=EDGE_CURVE('',#1919,#2201,#1132,.T.);
#2793=EDGE_CURVE('',#2201,#2201,#1744,.T.);
#2794=EDGE_CURVE('',#2202,#2099,#1745,.T.);
#2795=EDGE_CURVE('',#2202,#1912,#1133,.T.);
#2796=EDGE_CURVE('',#2098,#2203,#1746,.T.);
#2797=EDGE_CURVE('',#2203,#1913,#1134,.T.);
#2798=EDGE_CURVE('',#2203,#2202,#1747,.T.);
#2799=EDGE_CURVE('',#1918,#2204,#1135,.T.);
#2800=EDGE_CURVE('',#2204,#2204,#1748,.T.);
#2801=EDGE_CURVE('',#2205,#2206,#1749,.T.);
#2802=EDGE_CURVE('',#2205,#1903,#1136,.T.);
#2803=EDGE_CURVE('',#2206,#1902,#1137,.T.);
#2804=EDGE_CURVE('',#2206,#2207,#1138,.T.);
#2805=EDGE_CURVE('',#2207,#1901,#1139,.T.);
#2806=EDGE_CURVE('',#2207,#1933,#1750,.T.);
#2807=EDGE_CURVE('',#2208,#1932,#1140,.T.);
#2808=EDGE_CURVE('',#2205,#2208,#1751,.T.);
#2809=EDGE_CURVE('',#2209,#2209,#1752,.T.);
#2810=EDGE_CURVE('',#2209,#2210,#1141,.T.);
#2811=EDGE_CURVE('',#2210,#2210,#1753,.T.);
#2812=EDGE_CURVE('',#2211,#2064,#1754,.T.);
#2813=EDGE_CURVE('',#2211,#2212,#1142,.T.);
#2814=EDGE_CURVE('',#2065,#2212,#1755,.T.);
#2815=EDGE_CURVE('',#2063,#2213,#1756,.T.);
#2816=EDGE_CURVE('',#2214,#2062,#1757,.T.);
#2817=EDGE_CURVE('',#2213,#2214,#1143,.T.);
#2818=EDGE_CURVE('',#2213,#2211,#1758,.T.);
#2819=EDGE_CURVE('',#2212,#2214,#1759,.T.);
#2820=EDGE_CURVE('',#2215,#2215,#1760,.T.);
#2821=EDGE_CURVE('',#2215,#2216,#1144,.T.);
#2822=EDGE_CURVE('',#2216,#2216,#1761,.T.);
#2823=EDGE_CURVE('',#2217,#2131,#1762,.T.);
#2824=EDGE_CURVE('',#2217,#2218,#1145,.T.);
#2825=EDGE_CURVE('',#2132,#2218,#1763,.T.);
#2826=EDGE_CURVE('',#2130,#2219,#1764,.T.);
#2827=EDGE_CURVE('',#2220,#2129,#1765,.T.);
#2828=EDGE_CURVE('',#2219,#2220,#1146,.T.);
#2829=EDGE_CURVE('',#2219,#2217,#1766,.T.);
#2830=EDGE_CURVE('',#2218,#2220,#1767,.T.);
#2831=EDGE_CURVE('',#2221,#2221,#1768,.T.);
#2832=EDGE_CURVE('',#2221,#2222,#1147,.T.);
#2833=EDGE_CURVE('',#2222,#2222,#1769,.T.);
#2834=EDGE_CURVE('',#2223,#2224,#1770,.T.);
#2835=EDGE_CURVE('',#2223,#2225,#1148,.T.);
#2836=EDGE_CURVE('',#2226,#2225,#1771,.T.);
#2837=EDGE_CURVE('',#2224,#2226,#1149,.T.);
#2838=EDGE_CURVE('',#2224,#2227,#1150,.T.);
#2839=EDGE_CURVE('',#2228,#2226,#1151,.T.);
#2840=EDGE_CURVE('',#2227,#2228,#1152,.T.);
#2841=EDGE_CURVE('',#2227,#1929,#1772,.T.);
#2842=EDGE_CURVE('',#1930,#2228,#1773,.T.);
#2843=EDGE_CURVE('',#2229,#1928,#1153,.T.);
#2844=EDGE_CURVE('',#2223,#2229,#1774,.T.);
#2845=EDGE_CURVE('',#1931,#2230,#1154,.T.);
#2846=EDGE_CURVE('',#2230,#2225,#1775,.T.);
#2847=EDGE_CURVE('',#2231,#2231,#1776,.T.);
#2848=EDGE_CURVE('',#2231,#2232,#1155,.T.);
#2849=EDGE_CURVE('',#2232,#2232,#1777,.T.);
#2850=EDGE_CURVE('',#2233,#2068,#1778,.T.);
#2851=EDGE_CURVE('',#2233,#2234,#1156,.T.);
#2852=EDGE_CURVE('',#2069,#2234,#1779,.T.);
#2853=EDGE_CURVE('',#2067,#2235,#1780,.T.);
#2854=EDGE_CURVE('',#2236,#2066,#1781,.T.);
#2855=EDGE_CURVE('',#2235,#2236,#1157,.T.);
#2856=EDGE_CURVE('',#2235,#2233,#1782,.T.);
#2857=EDGE_CURVE('',#2234,#2236,#1783,.T.);
#2858=EDGE_CURVE('',#2237,#2237,#1784,.T.);
#2859=EDGE_CURVE('',#2237,#2238,#1158,.T.);
#2860=EDGE_CURVE('',#2238,#2238,#1785,.T.);
#2861=EDGE_CURVE('',#2239,#2127,#1786,.T.);
#2862=EDGE_CURVE('',#2239,#2240,#1159,.T.);
#2863=EDGE_CURVE('',#2128,#2240,#1787,.T.);
#2864=EDGE_CURVE('',#2126,#2241,#1788,.T.);
#2865=EDGE_CURVE('',#2242,#2125,#1789,.T.);
#2866=EDGE_CURVE('',#2241,#2242,#1160,.T.);
#2867=EDGE_CURVE('',#2241,#2239,#1790,.T.);
#2868=EDGE_CURVE('',#2240,#2242,#1791,.T.);
#2869=EDGE_CURVE('',#2243,#2243,#1792,.T.);
#2870=EDGE_CURVE('',#2243,#2244,#1161,.T.);
#2871=EDGE_CURVE('',#2244,#2244,#1793,.T.);
#2872=EDGE_CURVE('',#2245,#2246,#1794,.T.);
#2873=EDGE_CURVE('',#2245,#2247,#1162,.T.);
#2874=EDGE_CURVE('',#2248,#2247,#1795,.T.);
#2875=EDGE_CURVE('',#2246,#2248,#1163,.T.);
#2876=EDGE_CURVE('',#2246,#2249,#1164,.T.);
#2877=EDGE_CURVE('',#2250,#2248,#1165,.T.);
#2878=EDGE_CURVE('',#2249,#2250,#1166,.T.);
#2879=EDGE_CURVE('',#2249,#1925,#1796,.T.);
#2880=EDGE_CURVE('',#1926,#2250,#1797,.T.);
#2881=EDGE_CURVE('',#2251,#1924,#1167,.T.);
#2882=EDGE_CURVE('',#2245,#2251,#1798,.T.);
#2883=EDGE_CURVE('',#1927,#2252,#1168,.T.);
#2884=EDGE_CURVE('',#2252,#2247,#1799,.T.);
#2885=EDGE_CURVE('',#2230,#2208,#1169,.T.);
#2886=EDGE_CURVE('',#2252,#2229,#1170,.T.);
#2887=EDGE_CURVE('',#2253,#2251,#1171,.T.);
#2888=EDGE_CURVE('',#2253,#2254,#1800,.T.);
#2889=EDGE_CURVE('',#1951,#2254,#1172,.T.);
#2890=EDGE_CURVE('',#1923,#2253,#1173,.T.);
#2891=EDGE_CURVE('',#2255,#2255,#1801,.T.);
#2892=EDGE_CURVE('',#2255,#1954,#1174,.T.);
#2893=EDGE_CURVE('',#1948,#2256,#1175,.T.);
#2894=EDGE_CURVE('',#2060,#2256,#1802,.T.);
#2895=EDGE_CURVE('',#2257,#2061,#1803,.T.);
#2896=EDGE_CURVE('',#1947,#2257,#1176,.T.);
#2897=EDGE_CURVE('',#2256,#2257,#1804,.T.);
#2898=EDGE_CURVE('',#2258,#2258,#1805,.T.);
#2899=EDGE_CURVE('',#2258,#1955,#1177,.T.);
#2900=EDGE_CURVE('',#1942,#2259,#1178,.T.);
#2901=EDGE_CURVE('',#2096,#2259,#1806,.T.);
#2902=EDGE_CURVE('',#2260,#2097,#1807,.T.);
#2903=EDGE_CURVE('',#1941,#2260,#1179,.T.);
#2904=EDGE_CURVE('',#2259,#2260,#1808,.T.);
#2905=EDGE_CURVE('',#2261,#2261,#1809,.T.);
#2906=EDGE_CURVE('',#2261,#1956,#1180,.T.);
#2907=EDGE_CURVE('',#2262,#2254,#1810,.T.);
#2908=EDGE_CURVE('',#1952,#2262,#1181,.T.);
#2909=EDGE_CURVE('',#2263,#2262,#1182,.T.);
#2910=EDGE_CURVE('',#1953,#2263,#1183,.T.);
#2911=EDGE_CURVE('',#1922,#2263,#1811,.T.);
#2912=EDGE_CURVE('',#1874,#2155,#1184,.T.);
#2913=EDGE_CURVE('',#2189,#2190,#1185,.T.);
#2914=EDGE_CURVE('',#2181,#1877,#1186,.T.);
#2915=EDGE_CURVE('',#1873,#2156,#1187,.T.);
#2916=EDGE_CURVE('',#2188,#2191,#1188,.T.);
#2917=EDGE_CURVE('',#2180,#1878,#1189,.T.);
#2918=EDGE_CURVE('',#2185,#2194,#1190,.T.);
#2919=EDGE_CURVE('',#2195,#2184,#1191,.T.);
#2920=EDGE_CURVE('',#2177,#1883,#1192,.T.);
#2921=EDGE_CURVE('',#1892,#2176,#1193,.T.);
#2922=EDGE_CURVE('',#1858,#2161,#1194,.T.);
#2923=EDGE_CURVE('',#2158,#1869,#1195,.T.);
#2924=EDGE_CURVE('',#2162,#1855,#1196,.T.);
#2925=EDGE_CURVE('',#1872,#2157,#1197,.T.);
#2926=EDGE_CURVE('',#2264,#2264,#1812,.T.);
#2927=EDGE_CURVE('',#2264,#2116,#1198,.T.);
#2928=EDGE_CURVE('',#2078,#2265,#1199,.T.);
#2929=EDGE_CURVE('',#2265,#2265,#1813,.T.);
#2930=EDGE_CURVE('',#2160,#1859,#1200,.T.);
#2931=EDGE_CURVE('',#1868,#2159,#1201,.T.);
#2932=EDGE_CURVE('',#1882,#2178,#1202,.T.);
#2933=EDGE_CURVE('',#2175,#1893,#1203,.T.);
#2934=EDGE_CURVE('',#2179,#1879,#1204,.T.);
#2935=EDGE_CURVE('',#1896,#2174,#1205,.T.);
#2936=EDGE_CURVE('',#2183,#2196,#1206,.T.);
#2937=EDGE_CURVE('',#2193,#2186,#1207,.T.);
#2938=EDGE_CURVE('',#2197,#2182,#1208,.T.);
#2939=EDGE_CURVE('',#2187,#2192,#1209,.T.);
#2940=EDGE_CURVE('',#2266,#2266,#1814,.T.);
#2941=EDGE_CURVE('',#2266,#2107,#1210,.T.);
#2942=EDGE_CURVE('',#2087,#2267,#1211,.T.);
#2943=EDGE_CURVE('',#2267,#2267,#1815,.T.);
#2944=EDGE_CURVE('',#2268,#2268,#1816,.T.);
#2945=EDGE_CURVE('',#2268,#2106,#1212,.T.);
#2946=EDGE_CURVE('',#2088,#2269,#1213,.T.);
#2947=EDGE_CURVE('',#2269,#2269,#1817,.T.);
#2948=EDGE_CURVE('',#2036,#2011,#1214,.T.);
#2949=EDGE_CURVE('',#2051,#2105,#1215,.T.);
#2950=EDGE_CURVE('',#2089,#2024,#1216,.T.);
#2951=EDGE_CURVE('',#2052,#2104,#1217,.T.);
#2952=EDGE_CURVE('',#2090,#2023,#1218,.T.);
#2953=EDGE_CURVE('',#2053,#2103,#1219,.T.);
#2954=EDGE_CURVE('',#2091,#2022,#1220,.T.);
#2955=EDGE_CURVE('',#2101,#2056,#1221,.T.);
#2956=ORIENTED_EDGE('',*,*,#2270,.T.);
#2957=ORIENTED_EDGE('',*,*,#2271,.T.);
#2958=ORIENTED_EDGE('',*,*,#2272,.T.);
#2959=ORIENTED_EDGE('',*,*,#2273,.T.);
#2960=ORIENTED_EDGE('',*,*,#2271,.F.);
#2961=ORIENTED_EDGE('',*,*,#2274,.T.);
#2962=ORIENTED_EDGE('',*,*,#2275,.T.);
#2963=ORIENTED_EDGE('',*,*,#2276,.T.);
#2964=ORIENTED_EDGE('',*,*,#2277,.F.);
#2965=ORIENTED_EDGE('',*,*,#2278,.T.);
#2966=ORIENTED_EDGE('',*,*,#2279,.T.);
#2967=ORIENTED_EDGE('',*,*,#2280,.T.);
#2968=ORIENTED_EDGE('',*,*,#2281,.F.);
#2969=ORIENTED_EDGE('',*,*,#2282,.T.);
#2970=ORIENTED_EDGE('',*,*,#2283,.T.);
#2971=ORIENTED_EDGE('',*,*,#2284,.T.);
#2972=ORIENTED_EDGE('',*,*,#2285,.F.);
#2973=ORIENTED_EDGE('',*,*,#2286,.T.);
#2974=ORIENTED_EDGE('',*,*,#2287,.T.);
#2975=ORIENTED_EDGE('',*,*,#2288,.T.);
#2976=ORIENTED_EDGE('',*,*,#2289,.T.);
#2977=ORIENTED_EDGE('',*,*,#2277,.T.);
#2978=ORIENTED_EDGE('',*,*,#2290,.T.);
#2979=ORIENTED_EDGE('',*,*,#2291,.T.);
#2980=ORIENTED_EDGE('',*,*,#2292,.T.);
#2981=ORIENTED_EDGE('',*,*,#2281,.T.);
#2982=ORIENTED_EDGE('',*,*,#2293,.T.);
#2983=ORIENTED_EDGE('',*,*,#2294,.T.);
#2984=ORIENTED_EDGE('',*,*,#2295,.T.);
#2985=ORIENTED_EDGE('',*,*,#2296,.T.);
#2986=ORIENTED_EDGE('',*,*,#2297,.T.);
#2987=ORIENTED_EDGE('',*,*,#2285,.T.);
#2988=ORIENTED_EDGE('',*,*,#2296,.F.);
#2989=ORIENTED_EDGE('',*,*,#2298,.F.);
#2990=ORIENTED_EDGE('',*,*,#2299,.F.);
#2991=ORIENTED_EDGE('',*,*,#2300,.F.);
#2992=ORIENTED_EDGE('',*,*,#2301,.F.);
#2993=ORIENTED_EDGE('',*,*,#2302,.T.);
#2994=ORIENTED_EDGE('',*,*,#2279,.F.);
#2995=ORIENTED_EDGE('',*,*,#2303,.F.);
#2996=ORIENTED_EDGE('',*,*,#2304,.F.);
#2997=ORIENTED_EDGE('',*,*,#2305,.T.);
#2998=ORIENTED_EDGE('',*,*,#2275,.F.);
#2999=ORIENTED_EDGE('',*,*,#2306,.F.);
#3000=ORIENTED_EDGE('',*,*,#2307,.F.);
#3001=ORIENTED_EDGE('',*,*,#2308,.T.);
#3002=ORIENTED_EDGE('',*,*,#2287,.F.);
#3003=ORIENTED_EDGE('',*,*,#2309,.F.);
#3004=ORIENTED_EDGE('',*,*,#2310,.F.);
#3005=ORIENTED_EDGE('',*,*,#2311,.T.);
#3006=ORIENTED_EDGE('',*,*,#2283,.F.);
#3007=ORIENTED_EDGE('',*,*,#2312,.F.);
#3008=ORIENTED_EDGE('',*,*,#2313,.T.);
#3009=ORIENTED_EDGE('',*,*,#2314,.F.);
#3010=ORIENTED_EDGE('',*,*,#2315,.T.);
#3011=ORIENTED_EDGE('',*,*,#2316,.F.);
#3012=ORIENTED_EDGE('',*,*,#2317,.T.);
#3013=ORIENTED_EDGE('',*,*,#2318,.F.);
#3014=ORIENTED_EDGE('',*,*,#2319,.F.);
#3015=ORIENTED_EDGE('',*,*,#2320,.F.);
#3016=ORIENTED_EDGE('',*,*,#2321,.T.);
#3017=ORIENTED_EDGE('',*,*,#2322,.F.);
#3018=ORIENTED_EDGE('',*,*,#2323,.F.);
#3019=ORIENTED_EDGE('',*,*,#2324,.F.);
#3020=ORIENTED_EDGE('',*,*,#2325,.F.);
#3021=ORIENTED_EDGE('',*,*,#2326,.F.);
#3022=ORIENTED_EDGE('',*,*,#2327,.F.);
#3023=ORIENTED_EDGE('',*,*,#2328,.F.);
#3024=ORIENTED_EDGE('',*,*,#2329,.T.);
#3025=ORIENTED_EDGE('',*,*,#2330,.F.);
#3026=ORIENTED_EDGE('',*,*,#2331,.F.);
#3027=ORIENTED_EDGE('',*,*,#2332,.F.);
#3028=ORIENTED_EDGE('',*,*,#2333,.T.);
#3029=ORIENTED_EDGE('',*,*,#2334,.F.);
#3030=ORIENTED_EDGE('',*,*,#2335,.T.);
#3031=ORIENTED_EDGE('',*,*,#2336,.T.);
#3032=ORIENTED_EDGE('',*,*,#2337,.F.);
#3033=ORIENTED_EDGE('',*,*,#2312,.T.);
#3034=ORIENTED_EDGE('',*,*,#2282,.F.);
#3035=ORIENTED_EDGE('',*,*,#2292,.F.);
#3036=ORIENTED_EDGE('',*,*,#2276,.F.);
#3037=ORIENTED_EDGE('',*,*,#2305,.F.);
#3038=ORIENTED_EDGE('',*,*,#2338,.F.);
#3039=ORIENTED_EDGE('',*,*,#2339,.F.);
#3040=ORIENTED_EDGE('',*,*,#2340,.F.);
#3041=ORIENTED_EDGE('',*,*,#2341,.T.);
#3042=ORIENTED_EDGE('',*,*,#2342,.F.);
#3043=ORIENTED_EDGE('',*,*,#2343,.F.);
#3044=ORIENTED_EDGE('',*,*,#2344,.T.);
#3045=ORIENTED_EDGE('',*,*,#2345,.T.);
#3046=ORIENTED_EDGE('',*,*,#2346,.F.);
#3047=ORIENTED_EDGE('',*,*,#2347,.F.);
#3048=ORIENTED_EDGE('',*,*,#2348,.T.);
#3049=ORIENTED_EDGE('',*,*,#2349,.T.);
#3050=ORIENTED_EDGE('',*,*,#2350,.F.);
#3051=ORIENTED_EDGE('',*,*,#2351,.F.);
#3052=ORIENTED_EDGE('',*,*,#2352,.T.);
#3053=ORIENTED_EDGE('',*,*,#2353,.F.);
#3054=ORIENTED_EDGE('',*,*,#2354,.F.);
#3055=ORIENTED_EDGE('',*,*,#2355,.F.);
#3056=ORIENTED_EDGE('',*,*,#2356,.T.);
#3057=ORIENTED_EDGE('',*,*,#2357,.F.);
#3058=ORIENTED_EDGE('',*,*,#2358,.F.);
#3059=ORIENTED_EDGE('',*,*,#2359,.F.);
#3060=ORIENTED_EDGE('',*,*,#2360,.T.);
#3061=ORIENTED_EDGE('',*,*,#2361,.F.);
#3062=ORIENTED_EDGE('',*,*,#2362,.T.);
#3063=ORIENTED_EDGE('',*,*,#2290,.F.);
#3064=ORIENTED_EDGE('',*,*,#2288,.F.);
#3065=ORIENTED_EDGE('',*,*,#2308,.F.);
#3066=ORIENTED_EDGE('',*,*,#2363,.T.);
#3067=ORIENTED_EDGE('',*,*,#2364,.T.);
#3068=ORIENTED_EDGE('',*,*,#2365,.T.);
#3069=ORIENTED_EDGE('',*,*,#2366,.T.);
#3070=ORIENTED_EDGE('',*,*,#2367,.F.);
#3071=ORIENTED_EDGE('',*,*,#2368,.F.);
#3072=ORIENTED_EDGE('',*,*,#2369,.T.);
#3073=ORIENTED_EDGE('',*,*,#2370,.T.);
#3074=ORIENTED_EDGE('',*,*,#2371,.T.);
#3075=ORIENTED_EDGE('',*,*,#2372,.F.);
#3076=ORIENTED_EDGE('',*,*,#2373,.F.);
#3077=ORIENTED_EDGE('',*,*,#2374,.T.);
#3078=ORIENTED_EDGE('',*,*,#2375,.T.);
#3079=ORIENTED_EDGE('',*,*,#2376,.T.);
#3080=ORIENTED_EDGE('',*,*,#2377,.T.);
#3081=ORIENTED_EDGE('',*,*,#2378,.T.);
#3082=ORIENTED_EDGE('',*,*,#2379,.T.);
#3083=ORIENTED_EDGE('',*,*,#2380,.F.);
#3084=ORIENTED_EDGE('',*,*,#2381,.T.);
#3085=ORIENTED_EDGE('',*,*,#2272,.F.);
#3086=ORIENTED_EDGE('',*,*,#2382,.T.);
#3087=ORIENTED_EDGE('',*,*,#2383,.T.);
#3088=ORIENTED_EDGE('',*,*,#2384,.T.);
#3089=ORIENTED_EDGE('',*,*,#2363,.F.);
#3090=ORIENTED_EDGE('',*,*,#2307,.T.);
#3091=ORIENTED_EDGE('',*,*,#2385,.T.);
#3092=ORIENTED_EDGE('',*,*,#2386,.T.);
#3093=ORIENTED_EDGE('',*,*,#2387,.F.);
#3094=ORIENTED_EDGE('',*,*,#2388,.T.);
#3095=ORIENTED_EDGE('',*,*,#2389,.F.);
#3096=ORIENTED_EDGE('',*,*,#2390,.T.);
#3097=ORIENTED_EDGE('',*,*,#2391,.F.);
#3098=ORIENTED_EDGE('',*,*,#2392,.T.);
#3099=ORIENTED_EDGE('',*,*,#2393,.F.);
#3100=ORIENTED_EDGE('',*,*,#2394,.T.);
#3101=ORIENTED_EDGE('',*,*,#2395,.F.);
#3102=ORIENTED_EDGE('',*,*,#2396,.T.);
#3103=ORIENTED_EDGE('',*,*,#2397,.F.);
#3104=ORIENTED_EDGE('',*,*,#2398,.T.);
#3105=ORIENTED_EDGE('',*,*,#2337,.T.);
#3106=ORIENTED_EDGE('',*,*,#2399,.T.);
#3107=ORIENTED_EDGE('',*,*,#2400,.T.);
#3108=ORIENTED_EDGE('',*,*,#2310,.T.);
#3109=ORIENTED_EDGE('',*,*,#2401,.T.);
#3110=ORIENTED_EDGE('',*,*,#2301,.T.);
#3111=ORIENTED_EDGE('',*,*,#2402,.T.);
#3112=ORIENTED_EDGE('',*,*,#2403,.T.);
#3113=ORIENTED_EDGE('',*,*,#2338,.T.);
#3114=ORIENTED_EDGE('',*,*,#2304,.T.);
#3115=ORIENTED_EDGE('',*,*,#2404,.T.);
#3116=ORIENTED_EDGE('',*,*,#2405,.T.);
#3117=ORIENTED_EDGE('',*,*,#2300,.T.);
#3118=ORIENTED_EDGE('',*,*,#2406,.F.);
#3119=ORIENTED_EDGE('',*,*,#2407,.T.);
#3120=ORIENTED_EDGE('',*,*,#2408,.F.);
#3121=ORIENTED_EDGE('',*,*,#2409,.T.);
#3122=ORIENTED_EDGE('',*,*,#2410,.T.);
#3123=ORIENTED_EDGE('',*,*,#2411,.T.);
#3124=ORIENTED_EDGE('',*,*,#2412,.F.);
#3125=ORIENTED_EDGE('',*,*,#2413,.F.);
#3126=ORIENTED_EDGE('',*,*,#2414,.T.);
#3127=ORIENTED_EDGE('',*,*,#2415,.T.);
#3128=ORIENTED_EDGE('',*,*,#2416,.T.);
#3129=ORIENTED_EDGE('',*,*,#2417,.T.);
#3130=ORIENTED_EDGE('',*,*,#2418,.T.);
#3131=ORIENTED_EDGE('',*,*,#2419,.T.);
#3132=ORIENTED_EDGE('',*,*,#2420,.T.);
#3133=ORIENTED_EDGE('',*,*,#2421,.T.);
#3134=ORIENTED_EDGE('',*,*,#2422,.T.);
#3135=ORIENTED_EDGE('',*,*,#2385,.F.);
#3136=ORIENTED_EDGE('',*,*,#2309,.T.);
#3137=ORIENTED_EDGE('',*,*,#2286,.F.);
#3138=ORIENTED_EDGE('',*,*,#2297,.F.);
#3139=ORIENTED_EDGE('',*,*,#2423,.T.);
#3140=ORIENTED_EDGE('',*,*,#2424,.T.);
#3141=ORIENTED_EDGE('',*,*,#2425,.T.);
#3142=ORIENTED_EDGE('',*,*,#2426,.F.);
#3143=ORIENTED_EDGE('',*,*,#2427,.F.);
#3144=ORIENTED_EDGE('',*,*,#2428,.F.);
#3145=ORIENTED_EDGE('',*,*,#2429,.T.);
#3146=ORIENTED_EDGE('',*,*,#2430,.F.);
#3147=ORIENTED_EDGE('',*,*,#2431,.F.);
#3148=ORIENTED_EDGE('',*,*,#2432,.F.);
#3149=ORIENTED_EDGE('',*,*,#2433,.F.);
#3150=ORIENTED_EDGE('',*,*,#2434,.F.);
#3151=ORIENTED_EDGE('',*,*,#2429,.F.);
#3152=ORIENTED_EDGE('',*,*,#2435,.F.);
#3153=ORIENTED_EDGE('',*,*,#2436,.F.);
#3154=ORIENTED_EDGE('',*,*,#2437,.F.);
#3155=ORIENTED_EDGE('',*,*,#2438,.F.);
#3156=ORIENTED_EDGE('',*,*,#2439,.F.);
#3157=ORIENTED_EDGE('',*,*,#2440,.F.);
#3158=ORIENTED_EDGE('',*,*,#2441,.F.);
#3159=ORIENTED_EDGE('',*,*,#2442,.T.);
#3160=ORIENTED_EDGE('',*,*,#2443,.F.);
#3161=ORIENTED_EDGE('',*,*,#2444,.F.);
#3162=ORIENTED_EDGE('',*,*,#2445,.F.);
#3163=ORIENTED_EDGE('',*,*,#2446,.F.);
#3164=ORIENTED_EDGE('',*,*,#2447,.F.);
#3165=ORIENTED_EDGE('',*,*,#2442,.F.);
#3166=ORIENTED_EDGE('',*,*,#2448,.F.);
#3167=ORIENTED_EDGE('',*,*,#2449,.F.);
#3168=ORIENTED_EDGE('',*,*,#2450,.T.);
#3169=ORIENTED_EDGE('',*,*,#2451,.F.);
#3170=ORIENTED_EDGE('',*,*,#2452,.F.);
#3171=ORIENTED_EDGE('',*,*,#2450,.F.);
#3172=ORIENTED_EDGE('',*,*,#2453,.F.);
#3173=ORIENTED_EDGE('',*,*,#2454,.F.);
#3174=ORIENTED_EDGE('',*,*,#2455,.T.);
#3175=ORIENTED_EDGE('',*,*,#2456,.F.);
#3176=ORIENTED_EDGE('',*,*,#2457,.F.);
#3177=ORIENTED_EDGE('',*,*,#2455,.F.);
#3178=ORIENTED_EDGE('',*,*,#2458,.F.);
#3179=ORIENTED_EDGE('',*,*,#2459,.F.);
#3180=ORIENTED_EDGE('',*,*,#2460,.F.);
#3181=ORIENTED_EDGE('',*,*,#2461,.T.);
#3182=ORIENTED_EDGE('',*,*,#2462,.F.);
#3183=ORIENTED_EDGE('',*,*,#2463,.F.);
#3184=ORIENTED_EDGE('',*,*,#2464,.F.);
#3185=ORIENTED_EDGE('',*,*,#2461,.F.);
#3186=ORIENTED_EDGE('',*,*,#2465,.F.);
#3187=ORIENTED_EDGE('',*,*,#2466,.F.);
#3188=ORIENTED_EDGE('',*,*,#2467,.F.);
#3189=ORIENTED_EDGE('',*,*,#2468,.T.);
#3190=ORIENTED_EDGE('',*,*,#2469,.F.);
#3191=ORIENTED_EDGE('',*,*,#2470,.F.);
#3192=ORIENTED_EDGE('',*,*,#2471,.F.);
#3193=ORIENTED_EDGE('',*,*,#2468,.F.);
#3194=ORIENTED_EDGE('',*,*,#2439,.T.);
#3195=ORIENTED_EDGE('',*,*,#2472,.F.);
#3196=ORIENTED_EDGE('',*,*,#2473,.T.);
#3197=ORIENTED_EDGE('',*,*,#2474,.T.);
#3198=ORIENTED_EDGE('',*,*,#2475,.T.);
#3199=ORIENTED_EDGE('',*,*,#2326,.T.);
#3200=ORIENTED_EDGE('',*,*,#2476,.F.);
#3201=ORIENTED_EDGE('',*,*,#2477,.T.);
#3202=ORIENTED_EDGE('',*,*,#2478,.F.);
#3203=ORIENTED_EDGE('',*,*,#2479,.F.);
#3204=ORIENTED_EDGE('',*,*,#2480,.T.);
#3205=ORIENTED_EDGE('',*,*,#2481,.T.);
#3206=ORIENTED_EDGE('',*,*,#2482,.F.);
#3207=ORIENTED_EDGE('',*,*,#2483,.T.);
#3208=ORIENTED_EDGE('',*,*,#2484,.F.);
#3209=ORIENTED_EDGE('',*,*,#2349,.F.);
#3210=ORIENTED_EDGE('',*,*,#2485,.T.);
#3211=ORIENTED_EDGE('',*,*,#2486,.T.);
#3212=ORIENTED_EDGE('',*,*,#2487,.F.);
#3213=ORIENTED_EDGE('',*,*,#2488,.T.);
#3214=ORIENTED_EDGE('',*,*,#2489,.T.);
#3215=ORIENTED_EDGE('',*,*,#2490,.T.);
#3216=ORIENTED_EDGE('',*,*,#2491,.F.);
#3217=ORIENTED_EDGE('',*,*,#2492,.F.);
#3218=ORIENTED_EDGE('',*,*,#2493,.T.);
#3219=ORIENTED_EDGE('',*,*,#2494,.T.);
#3220=ORIENTED_EDGE('',*,*,#2495,.F.);
#3221=ORIENTED_EDGE('',*,*,#2496,.F.);
#3222=ORIENTED_EDGE('',*,*,#2497,.T.);
#3223=ORIENTED_EDGE('',*,*,#2498,.F.);
#3224=ORIENTED_EDGE('',*,*,#2499,.F.);
#3225=ORIENTED_EDGE('',*,*,#2500,.T.);
#3226=ORIENTED_EDGE('',*,*,#2501,.T.);
#3227=ORIENTED_EDGE('',*,*,#2502,.T.);
#3228=ORIENTED_EDGE('',*,*,#2438,.T.);
#3229=ORIENTED_EDGE('',*,*,#2503,.F.);
#3230=ORIENTED_EDGE('',*,*,#2504,.F.);
#3231=ORIENTED_EDGE('',*,*,#2472,.T.);
#3232=ORIENTED_EDGE('',*,*,#2432,.T.);
#3233=ORIENTED_EDGE('',*,*,#2505,.F.);
#3234=ORIENTED_EDGE('',*,*,#2506,.T.);
#3235=ORIENTED_EDGE('',*,*,#2507,.F.);
#3236=ORIENTED_EDGE('',*,*,#2508,.F.);
#3237=ORIENTED_EDGE('',*,*,#2509,.T.);
#3238=ORIENTED_EDGE('',*,*,#2510,.T.);
#3239=ORIENTED_EDGE('',*,*,#2511,.F.);
#3240=ORIENTED_EDGE('',*,*,#2512,.F.);
#3241=ORIENTED_EDGE('',*,*,#2513,.T.);
#3242=ORIENTED_EDGE('',*,*,#2514,.T.);
#3243=ORIENTED_EDGE('',*,*,#2515,.T.);
#3244=ORIENTED_EDGE('',*,*,#2516,.T.);
#3245=ORIENTED_EDGE('',*,*,#2517,.F.);
#3246=ORIENTED_EDGE('',*,*,#2518,.T.);
#3247=ORIENTED_EDGE('',*,*,#2519,.T.);
#3248=ORIENTED_EDGE('',*,*,#2351,.T.);
#3249=ORIENTED_EDGE('',*,*,#2520,.F.);
#3250=ORIENTED_EDGE('',*,*,#2521,.T.);
#3251=ORIENTED_EDGE('',*,*,#2522,.F.);
#3252=ORIENTED_EDGE('',*,*,#2523,.T.);
#3253=ORIENTED_EDGE('',*,*,#2524,.T.);
#3254=ORIENTED_EDGE('',*,*,#2525,.T.);
#3255=ORIENTED_EDGE('',*,*,#2526,.F.);
#3256=ORIENTED_EDGE('',*,*,#2527,.T.);
#3257=ORIENTED_EDGE('',*,*,#2528,.F.);
#3258=ORIENTED_EDGE('',*,*,#2324,.T.);
#3259=ORIENTED_EDGE('',*,*,#2529,.T.);
#3260=ORIENTED_EDGE('',*,*,#2530,.F.);
#3261=ORIENTED_EDGE('',*,*,#2531,.F.);
#3262=ORIENTED_EDGE('',*,*,#2532,.F.);
#3263=ORIENTED_EDGE('',*,*,#2533,.T.);
#3264=ORIENTED_EDGE('',*,*,#2534,.T.);
#3265=ORIENTED_EDGE('',*,*,#2535,.T.);
#3266=ORIENTED_EDGE('',*,*,#2431,.T.);
#3267=ORIENTED_EDGE('',*,*,#2536,.F.);
#3268=ORIENTED_EDGE('',*,*,#2537,.F.);
#3269=ORIENTED_EDGE('',*,*,#2505,.T.);
#3270=ORIENTED_EDGE('',*,*,#2445,.T.);
#3271=ORIENTED_EDGE('',*,*,#2538,.F.);
#3272=ORIENTED_EDGE('',*,*,#2539,.T.);
#3273=ORIENTED_EDGE('',*,*,#2540,.T.);
#3274=ORIENTED_EDGE('',*,*,#2541,.F.);
#3275=ORIENTED_EDGE('',*,*,#2372,.T.);
#3276=ORIENTED_EDGE('',*,*,#2542,.T.);
#3277=ORIENTED_EDGE('',*,*,#2543,.T.);
#3278=ORIENTED_EDGE('',*,*,#2544,.F.);
#3279=ORIENTED_EDGE('',*,*,#2368,.T.);
#3280=ORIENTED_EDGE('',*,*,#2545,.F.);
#3281=ORIENTED_EDGE('',*,*,#2418,.F.);
#3282=ORIENTED_EDGE('',*,*,#2546,.F.);
#3283=ORIENTED_EDGE('',*,*,#2547,.T.);
#3284=ORIENTED_EDGE('',*,*,#2548,.T.);
#3285=ORIENTED_EDGE('',*,*,#2414,.F.);
#3286=ORIENTED_EDGE('',*,*,#2549,.F.);
#3287=ORIENTED_EDGE('',*,*,#2550,.T.);
#3288=ORIENTED_EDGE('',*,*,#2551,.T.);
#3289=ORIENTED_EDGE('',*,*,#2552,.F.);
#3290=ORIENTED_EDGE('',*,*,#2553,.T.);
#3291=ORIENTED_EDGE('',*,*,#2554,.T.);
#3292=ORIENTED_EDGE('',*,*,#2555,.T.);
#3293=ORIENTED_EDGE('',*,*,#2556,.F.);
#3294=ORIENTED_EDGE('',*,*,#2557,.T.);
#3295=ORIENTED_EDGE('',*,*,#2558,.T.);
#3296=ORIENTED_EDGE('',*,*,#2559,.T.);
#3297=ORIENTED_EDGE('',*,*,#2560,.T.);
#3298=ORIENTED_EDGE('',*,*,#2561,.T.);
#3299=ORIENTED_EDGE('',*,*,#2562,.T.);
#3300=ORIENTED_EDGE('',*,*,#2563,.T.);
#3301=ORIENTED_EDGE('',*,*,#2564,.T.);
#3302=ORIENTED_EDGE('',*,*,#2347,.T.);
#3303=ORIENTED_EDGE('',*,*,#2565,.T.);
#3304=ORIENTED_EDGE('',*,*,#2566,.T.);
#3305=ORIENTED_EDGE('',*,*,#2332,.T.);
#3306=ORIENTED_EDGE('',*,*,#2567,.T.);
#3307=ORIENTED_EDGE('',*,*,#2568,.T.);
#3308=ORIENTED_EDGE('',*,*,#2569,.T.);
#3309=ORIENTED_EDGE('',*,*,#2570,.T.);
#3310=ORIENTED_EDGE('',*,*,#2328,.T.);
#3311=ORIENTED_EDGE('',*,*,#2571,.T.);
#3312=ORIENTED_EDGE('',*,*,#2572,.T.);
#3313=ORIENTED_EDGE('',*,*,#2343,.T.);
#3314=ORIENTED_EDGE('',*,*,#2573,.T.);
#3315=ORIENTED_EDGE('',*,*,#2574,.T.);
#3316=ORIENTED_EDGE('',*,*,#2575,.T.);
#3317=ORIENTED_EDGE('',*,*,#2576,.T.);
#3318=ORIENTED_EDGE('',*,*,#2577,.T.);
#3319=ORIENTED_EDGE('',*,*,#2578,.T.);
#3320=ORIENTED_EDGE('',*,*,#2579,.T.);
#3321=ORIENTED_EDGE('',*,*,#2580,.T.);
#3322=ORIENTED_EDGE('',*,*,#2581,.T.);
#3323=ORIENTED_EDGE('',*,*,#2582,.T.);
#3324=ORIENTED_EDGE('',*,*,#2583,.T.);
#3325=ORIENTED_EDGE('',*,*,#2444,.T.);
#3326=ORIENTED_EDGE('',*,*,#2584,.F.);
#3327=ORIENTED_EDGE('',*,*,#2585,.F.);
#3328=ORIENTED_EDGE('',*,*,#2538,.T.);
#3329=ORIENTED_EDGE('',*,*,#2426,.T.);
#3330=ORIENTED_EDGE('',*,*,#2586,.T.);
#3331=ORIENTED_EDGE('',*,*,#2587,.T.);
#3332=ORIENTED_EDGE('',*,*,#2588,.T.);
#3333=ORIENTED_EDGE('',*,*,#2589,.T.);
#3334=ORIENTED_EDGE('',*,*,#2412,.T.);
#3335=ORIENTED_EDGE('',*,*,#2590,.F.);
#3336=ORIENTED_EDGE('',*,*,#2591,.T.);
#3337=ORIENTED_EDGE('',*,*,#2592,.T.);
#3338=ORIENTED_EDGE('',*,*,#2408,.T.);
#3339=ORIENTED_EDGE('',*,*,#2593,.F.);
#3340=ORIENTED_EDGE('',*,*,#2378,.F.);
#3341=ORIENTED_EDGE('',*,*,#2594,.T.);
#3342=ORIENTED_EDGE('',*,*,#2595,.T.);
#3343=ORIENTED_EDGE('',*,*,#2596,.F.);
#3344=ORIENTED_EDGE('',*,*,#2374,.F.);
#3345=ORIENTED_EDGE('',*,*,#2597,.T.);
#3346=ORIENTED_EDGE('',*,*,#2598,.T.);
#3347=ORIENTED_EDGE('',*,*,#2599,.T.);
#3348=ORIENTED_EDGE('',*,*,#2600,.T.);
#3349=ORIENTED_EDGE('',*,*,#2601,.T.);
#3350=ORIENTED_EDGE('',*,*,#2602,.T.);
#3351=ORIENTED_EDGE('',*,*,#2603,.T.);
#3352=ORIENTED_EDGE('',*,*,#2604,.T.);
#3353=ORIENTED_EDGE('',*,*,#2605,.T.);
#3354=ORIENTED_EDGE('',*,*,#2606,.T.);
#3355=ORIENTED_EDGE('',*,*,#2607,.T.);
#3356=ORIENTED_EDGE('',*,*,#2608,.T.);
#3357=ORIENTED_EDGE('',*,*,#2609,.T.);
#3358=ORIENTED_EDGE('',*,*,#2610,.T.);
#3359=ORIENTED_EDGE('',*,*,#2611,.T.);
#3360=ORIENTED_EDGE('',*,*,#2612,.T.);
#3361=ORIENTED_EDGE('',*,*,#2357,.T.);
#3362=ORIENTED_EDGE('',*,*,#2613,.T.);
#3363=ORIENTED_EDGE('',*,*,#2614,.T.);
#3364=ORIENTED_EDGE('',*,*,#2322,.T.);
#3365=ORIENTED_EDGE('',*,*,#2615,.T.);
#3366=ORIENTED_EDGE('',*,*,#2616,.T.);
#3367=ORIENTED_EDGE('',*,*,#2617,.T.);
#3368=ORIENTED_EDGE('',*,*,#2618,.T.);
#3369=ORIENTED_EDGE('',*,*,#2318,.T.);
#3370=ORIENTED_EDGE('',*,*,#2619,.T.);
#3371=ORIENTED_EDGE('',*,*,#2620,.T.);
#3372=ORIENTED_EDGE('',*,*,#2353,.T.);
#3373=ORIENTED_EDGE('',*,*,#2621,.T.);
#3374=ORIENTED_EDGE('',*,*,#2622,.T.);
#3375=ORIENTED_EDGE('',*,*,#2623,.T.);
#3376=ORIENTED_EDGE('',*,*,#2624,.T.);
#3377=ORIENTED_EDGE('',*,*,#2625,.T.);
#3378=ORIENTED_EDGE('',*,*,#2626,.T.);
#3379=ORIENTED_EDGE('',*,*,#2627,.T.);
#3380=ORIENTED_EDGE('',*,*,#2628,.T.);
#3381=ORIENTED_EDGE('',*,*,#2629,.F.);
#3382=ORIENTED_EDGE('',*,*,#2630,.T.);
#3383=ORIENTED_EDGE('',*,*,#2631,.T.);
#3384=ORIENTED_EDGE('',*,*,#2632,.T.);
#3385=ORIENTED_EDGE('',*,*,#2633,.F.);
#3386=ORIENTED_EDGE('',*,*,#2634,.T.);
#3387=ORIENTED_EDGE('',*,*,#2436,.T.);
#3388=ORIENTED_EDGE('',*,*,#2635,.F.);
#3389=ORIENTED_EDGE('',*,*,#2587,.F.);
#3390=ORIENTED_EDGE('',*,*,#2586,.F.);
#3391=ORIENTED_EDGE('',*,*,#2589,.F.);
#3392=ORIENTED_EDGE('',*,*,#2636,.T.);
#3393=ORIENTED_EDGE('',*,*,#2637,.T.);
#3394=ORIENTED_EDGE('',*,*,#2638,.F.);
#3395=ORIENTED_EDGE('',*,*,#2413,.T.);
#3396=ORIENTED_EDGE('',*,*,#2639,.T.);
#3397=ORIENTED_EDGE('',*,*,#2640,.T.);
#3398=ORIENTED_EDGE('',*,*,#2641,.F.);
#3399=ORIENTED_EDGE('',*,*,#2642,.F.);
#3400=ORIENTED_EDGE('',*,*,#2465,.T.);
#3401=ORIENTED_EDGE('',*,*,#2467,.T.);
#3402=ORIENTED_EDGE('',*,*,#2643,.T.);
#3403=ORIENTED_EDGE('',*,*,#2642,.T.);
#3404=ORIENTED_EDGE('',*,*,#2644,.F.);
#3405=ORIENTED_EDGE('',*,*,#2645,.F.);
#3406=ORIENTED_EDGE('',*,*,#2646,.T.);
#3407=ORIENTED_EDGE('',*,*,#2647,.T.);
#3408=ORIENTED_EDGE('',*,*,#2645,.T.);
#3409=ORIENTED_EDGE('',*,*,#2648,.F.);
#3410=ORIENTED_EDGE('',*,*,#2649,.F.);
#3411=ORIENTED_EDGE('',*,*,#2462,.T.);
#3412=ORIENTED_EDGE('',*,*,#2464,.T.);
#3413=ORIENTED_EDGE('',*,*,#2650,.T.);
#3414=ORIENTED_EDGE('',*,*,#2649,.T.);
#3415=ORIENTED_EDGE('',*,*,#2651,.F.);
#3416=ORIENTED_EDGE('',*,*,#2640,.F.);
#3417=ORIENTED_EDGE('',*,*,#2652,.T.);
#3418=ORIENTED_EDGE('',*,*,#2469,.T.);
#3419=ORIENTED_EDGE('',*,*,#2471,.T.);
#3420=ORIENTED_EDGE('',*,*,#2653,.T.);
#3421=ORIENTED_EDGE('',*,*,#2654,.T.);
#3422=ORIENTED_EDGE('',*,*,#2655,.F.);
#3423=ORIENTED_EDGE('',*,*,#2656,.F.);
#3424=ORIENTED_EDGE('',*,*,#2657,.T.);
#3425=ORIENTED_EDGE('',*,*,#2658,.T.);
#3426=ORIENTED_EDGE('',*,*,#2656,.T.);
#3427=ORIENTED_EDGE('',*,*,#2659,.F.);
#3428=ORIENTED_EDGE('',*,*,#2660,.F.);
#3429=ORIENTED_EDGE('',*,*,#2458,.T.);
#3430=ORIENTED_EDGE('',*,*,#2460,.T.);
#3431=ORIENTED_EDGE('',*,*,#2661,.T.);
#3432=ORIENTED_EDGE('',*,*,#2660,.T.);
#3433=ORIENTED_EDGE('',*,*,#2662,.F.);
#3434=ORIENTED_EDGE('',*,*,#2663,.F.);
#3435=ORIENTED_EDGE('',*,*,#2664,.T.);
#3436=ORIENTED_EDGE('',*,*,#2665,.T.);
#3437=ORIENTED_EDGE('',*,*,#2663,.T.);
#3438=ORIENTED_EDGE('',*,*,#2666,.F.);
#3439=ORIENTED_EDGE('',*,*,#2654,.F.);
#3440=ORIENTED_EDGE('',*,*,#2667,.T.);
#3441=ORIENTED_EDGE('',*,*,#2668,.T.);
#3442=ORIENTED_EDGE('',*,*,#2639,.F.);
#3443=ORIENTED_EDGE('',*,*,#2669,.F.);
#3444=ORIENTED_EDGE('',*,*,#2437,.T.);
#3445=ORIENTED_EDGE('',*,*,#2441,.T.);
#3446=ORIENTED_EDGE('',*,*,#2670,.T.);
#3447=ORIENTED_EDGE('',*,*,#2669,.T.);
#3448=ORIENTED_EDGE('',*,*,#2643,.F.);
#3449=ORIENTED_EDGE('',*,*,#2466,.T.);
#3450=ORIENTED_EDGE('',*,*,#2646,.F.);
#3451=ORIENTED_EDGE('',*,*,#2671,.F.);
#3452=ORIENTED_EDGE('',*,*,#2503,.T.);
#3453=ORIENTED_EDGE('',*,*,#2453,.T.);
#3454=ORIENTED_EDGE('',*,*,#2454,.T.);
#3455=ORIENTED_EDGE('',*,*,#2672,.T.);
#3456=ORIENTED_EDGE('',*,*,#2671,.T.);
#3457=ORIENTED_EDGE('',*,*,#2647,.F.);
#3458=ORIENTED_EDGE('',*,*,#2673,.F.);
#3459=ORIENTED_EDGE('',*,*,#2430,.T.);
#3460=ORIENTED_EDGE('',*,*,#2434,.T.);
#3461=ORIENTED_EDGE('',*,*,#2674,.T.);
#3462=ORIENTED_EDGE('',*,*,#2673,.T.);
#3463=ORIENTED_EDGE('',*,*,#2650,.F.);
#3464=ORIENTED_EDGE('',*,*,#2463,.T.);
#3465=ORIENTED_EDGE('',*,*,#2652,.F.);
#3466=ORIENTED_EDGE('',*,*,#2668,.F.);
#3467=ORIENTED_EDGE('',*,*,#2536,.T.);
#3468=ORIENTED_EDGE('',*,*,#2451,.T.);
#3469=ORIENTED_EDGE('',*,*,#2452,.T.);
#3470=ORIENTED_EDGE('',*,*,#2443,.T.);
#3471=ORIENTED_EDGE('',*,*,#2447,.T.);
#3472=ORIENTED_EDGE('',*,*,#2675,.T.);
#3473=ORIENTED_EDGE('',*,*,#2676,.F.);
#3474=ORIENTED_EDGE('',*,*,#2637,.F.);
#3475=ORIENTED_EDGE('',*,*,#2677,.T.);
#3476=ORIENTED_EDGE('',*,*,#2653,.F.);
#3477=ORIENTED_EDGE('',*,*,#2470,.T.);
#3478=ORIENTED_EDGE('',*,*,#2657,.F.);
#3479=ORIENTED_EDGE('',*,*,#2678,.F.);
#3480=ORIENTED_EDGE('',*,*,#2584,.T.);
#3481=ORIENTED_EDGE('',*,*,#2456,.T.);
#3482=ORIENTED_EDGE('',*,*,#2457,.T.);
#3483=ORIENTED_EDGE('',*,*,#2679,.T.);
#3484=ORIENTED_EDGE('',*,*,#2678,.T.);
#3485=ORIENTED_EDGE('',*,*,#2658,.F.);
#3486=ORIENTED_EDGE('',*,*,#2680,.F.);
#3487=ORIENTED_EDGE('',*,*,#2435,.T.);
#3488=ORIENTED_EDGE('',*,*,#2428,.T.);
#3489=ORIENTED_EDGE('',*,*,#2681,.T.);
#3490=ORIENTED_EDGE('',*,*,#2680,.T.);
#3491=ORIENTED_EDGE('',*,*,#2661,.F.);
#3492=ORIENTED_EDGE('',*,*,#2459,.T.);
#3493=ORIENTED_EDGE('',*,*,#2664,.F.);
#3494=ORIENTED_EDGE('',*,*,#2682,.F.);
#3495=ORIENTED_EDGE('',*,*,#2588,.F.);
#3496=ORIENTED_EDGE('',*,*,#2635,.T.);
#3497=ORIENTED_EDGE('',*,*,#2448,.T.);
#3498=ORIENTED_EDGE('',*,*,#2449,.T.);
#3499=ORIENTED_EDGE('',*,*,#2636,.F.);
#3500=ORIENTED_EDGE('',*,*,#2682,.T.);
#3501=ORIENTED_EDGE('',*,*,#2665,.F.);
#3502=ORIENTED_EDGE('',*,*,#2677,.F.);
#3503=ORIENTED_EDGE('',*,*,#2683,.T.);
#3504=ORIENTED_EDGE('',*,*,#2537,.T.);
#3505=ORIENTED_EDGE('',*,*,#2667,.F.);
#3506=ORIENTED_EDGE('',*,*,#2684,.F.);
#3507=ORIENTED_EDGE('',*,*,#2440,.T.);
#3508=ORIENTED_EDGE('',*,*,#2499,.T.);
#3509=ORIENTED_EDGE('',*,*,#2684,.T.);
#3510=ORIENTED_EDGE('',*,*,#2670,.F.);
#3511=ORIENTED_EDGE('',*,*,#2685,.T.);
#3512=ORIENTED_EDGE('',*,*,#2504,.T.);
#3513=ORIENTED_EDGE('',*,*,#2672,.F.);
#3514=ORIENTED_EDGE('',*,*,#2686,.F.);
#3515=ORIENTED_EDGE('',*,*,#2433,.T.);
#3516=ORIENTED_EDGE('',*,*,#2532,.T.);
#3517=ORIENTED_EDGE('',*,*,#2686,.T.);
#3518=ORIENTED_EDGE('',*,*,#2674,.F.);
#3519=ORIENTED_EDGE('',*,*,#2446,.T.);
#3520=ORIENTED_EDGE('',*,*,#2549,.T.);
#3521=ORIENTED_EDGE('',*,*,#2638,.T.);
#3522=ORIENTED_EDGE('',*,*,#2676,.T.);
#3523=ORIENTED_EDGE('',*,*,#2675,.F.);
#3524=ORIENTED_EDGE('',*,*,#2687,.T.);
#3525=ORIENTED_EDGE('',*,*,#2585,.T.);
#3526=ORIENTED_EDGE('',*,*,#2679,.F.);
#3527=ORIENTED_EDGE('',*,*,#2688,.F.);
#3528=ORIENTED_EDGE('',*,*,#2427,.T.);
#3529=ORIENTED_EDGE('',*,*,#2600,.F.);
#3530=ORIENTED_EDGE('',*,*,#2688,.T.);
#3531=ORIENTED_EDGE('',*,*,#2681,.F.);
#3532=ORIENTED_EDGE('',*,*,#2666,.T.);
#3533=ORIENTED_EDGE('',*,*,#2662,.T.);
#3534=ORIENTED_EDGE('',*,*,#2659,.T.);
#3535=ORIENTED_EDGE('',*,*,#2655,.T.);
#3536=ORIENTED_EDGE('',*,*,#2651,.T.);
#3537=ORIENTED_EDGE('',*,*,#2648,.T.);
#3538=ORIENTED_EDGE('',*,*,#2644,.T.);
#3539=ORIENTED_EDGE('',*,*,#2641,.T.);
#3540=ORIENTED_EDGE('',*,*,#2685,.F.);
#3541=ORIENTED_EDGE('',*,*,#2531,.T.);
#3542=ORIENTED_EDGE('',*,*,#2689,.F.);
#3543=ORIENTED_EDGE('',*,*,#2473,.F.);
#3544=ORIENTED_EDGE('',*,*,#2683,.F.);
#3545=ORIENTED_EDGE('',*,*,#2498,.T.);
#3546=ORIENTED_EDGE('',*,*,#2690,.F.);
#3547=ORIENTED_EDGE('',*,*,#2506,.F.);
#3548=ORIENTED_EDGE('',*,*,#2400,.F.);
#3549=ORIENTED_EDGE('',*,*,#2691,.F.);
#3550=ORIENTED_EDGE('',*,*,#2692,.F.);
#3551=ORIENTED_EDGE('',*,*,#2693,.F.);
#3552=ORIENTED_EDGE('',*,*,#2694,.F.);
#3553=ORIENTED_EDGE('',*,*,#2565,.F.);
#3554=ORIENTED_EDGE('',*,*,#2695,.T.);
#3555=ORIENTED_EDGE('',*,*,#2696,.F.);
#3556=ORIENTED_EDGE('',*,*,#2697,.F.);
#3557=ORIENTED_EDGE('',*,*,#2569,.F.);
#3558=ORIENTED_EDGE('',*,*,#2698,.T.);
#3559=ORIENTED_EDGE('',*,*,#2474,.F.);
#3560=ORIENTED_EDGE('',*,*,#2689,.T.);
#3561=ORIENTED_EDGE('',*,*,#2530,.T.);
#3562=ORIENTED_EDGE('',*,*,#2699,.T.);
#3563=ORIENTED_EDGE('',*,*,#2613,.F.);
#3564=ORIENTED_EDGE('',*,*,#2700,.F.);
#3565=ORIENTED_EDGE('',*,*,#2701,.F.);
#3566=ORIENTED_EDGE('',*,*,#2702,.T.);
#3567=ORIENTED_EDGE('',*,*,#2617,.F.);
#3568=ORIENTED_EDGE('',*,*,#2703,.F.);
#3569=ORIENTED_EDGE('',*,*,#2704,.F.);
#3570=ORIENTED_EDGE('',*,*,#2705,.T.);
#3571=ORIENTED_EDGE('',*,*,#2706,.F.);
#3572=ORIENTED_EDGE('',*,*,#2298,.T.);
#3573=ORIENTED_EDGE('',*,*,#2295,.F.);
#3574=ORIENTED_EDGE('',*,*,#2284,.F.);
#3575=ORIENTED_EDGE('',*,*,#2311,.F.);
#3576=ORIENTED_EDGE('',*,*,#2690,.T.);
#3577=ORIENTED_EDGE('',*,*,#2497,.F.);
#3578=ORIENTED_EDGE('',*,*,#2707,.F.);
#3579=ORIENTED_EDGE('',*,*,#2507,.T.);
#3580=ORIENTED_EDGE('',*,*,#2706,.T.);
#3581=ORIENTED_EDGE('',*,*,#2708,.T.);
#3582=ORIENTED_EDGE('',*,*,#2406,.T.);
#3583=ORIENTED_EDGE('',*,*,#2299,.T.);
#3584=ORIENTED_EDGE('',*,*,#2708,.F.);
#3585=ORIENTED_EDGE('',*,*,#2705,.F.);
#3586=ORIENTED_EDGE('',*,*,#2709,.T.);
#3587=ORIENTED_EDGE('',*,*,#2315,.F.);
#3588=ORIENTED_EDGE('',*,*,#2710,.F.);
#3589=ORIENTED_EDGE('',*,*,#2711,.F.);
#3590=ORIENTED_EDGE('',*,*,#2712,.T.);
#3591=ORIENTED_EDGE('',*,*,#2713,.F.);
#3592=ORIENTED_EDGE('',*,*,#2714,.F.);
#3593=ORIENTED_EDGE('',*,*,#2360,.F.);
#3594=ORIENTED_EDGE('',*,*,#2715,.T.);
#3595=ORIENTED_EDGE('',*,*,#2716,.F.);
#3596=ORIENTED_EDGE('',*,*,#2717,.F.);
#3597=ORIENTED_EDGE('',*,*,#2379,.F.);
#3598=ORIENTED_EDGE('',*,*,#2593,.T.);
#3599=ORIENTED_EDGE('',*,*,#2407,.F.);
#3600=ORIENTED_EDGE('',*,*,#2314,.T.);
#3601=ORIENTED_EDGE('',*,*,#2718,.T.);
#3602=ORIENTED_EDGE('',*,*,#2719,.T.);
#3603=ORIENTED_EDGE('',*,*,#2710,.T.);
#3604=ORIENTED_EDGE('',*,*,#2294,.F.);
#3605=ORIENTED_EDGE('',*,*,#2720,.F.);
#3606=ORIENTED_EDGE('',*,*,#2718,.F.);
#3607=ORIENTED_EDGE('',*,*,#2313,.F.);
#3608=ORIENTED_EDGE('',*,*,#2721,.T.);
#3609=ORIENTED_EDGE('',*,*,#2722,.T.);
#3610=ORIENTED_EDGE('',*,*,#2361,.T.);
#3611=ORIENTED_EDGE('',*,*,#2714,.T.);
#3612=ORIENTED_EDGE('',*,*,#2291,.F.);
#3613=ORIENTED_EDGE('',*,*,#2362,.F.);
#3614=ORIENTED_EDGE('',*,*,#2722,.F.);
#3615=ORIENTED_EDGE('',*,*,#2723,.F.);
#3616=ORIENTED_EDGE('',*,*,#2724,.T.);
#3617=ORIENTED_EDGE('',*,*,#2725,.T.);
#3618=ORIENTED_EDGE('',*,*,#2380,.T.);
#3619=ORIENTED_EDGE('',*,*,#2717,.T.);
#3620=ORIENTED_EDGE('',*,*,#2273,.F.);
#3621=ORIENTED_EDGE('',*,*,#2381,.F.);
#3622=ORIENTED_EDGE('',*,*,#2725,.F.);
#3623=ORIENTED_EDGE('',*,*,#2726,.F.);
#3624=ORIENTED_EDGE('',*,*,#2487,.T.);
#3625=ORIENTED_EDGE('',*,*,#2727,.T.);
#3626=ORIENTED_EDGE('',*,*,#2517,.T.);
#3627=ORIENTED_EDGE('',*,*,#2728,.T.);
#3628=ORIENTED_EDGE('',*,*,#2726,.T.);
#3629=ORIENTED_EDGE('',*,*,#2724,.F.);
#3630=ORIENTED_EDGE('',*,*,#2716,.T.);
#3631=ORIENTED_EDGE('',*,*,#2729,.F.);
#3632=ORIENTED_EDGE('',*,*,#2730,.T.);
#3633=ORIENTED_EDGE('',*,*,#2611,.F.);
#3634=ORIENTED_EDGE('',*,*,#2731,.F.);
#3635=ORIENTED_EDGE('',*,*,#2732,.F.);
#3636=ORIENTED_EDGE('',*,*,#2733,.T.);
#3637=ORIENTED_EDGE('',*,*,#2622,.F.);
#3638=ORIENTED_EDGE('',*,*,#2734,.F.);
#3639=ORIENTED_EDGE('',*,*,#2518,.F.);
#3640=ORIENTED_EDGE('',*,*,#2727,.F.);
#3641=ORIENTED_EDGE('',*,*,#2486,.F.);
#3642=ORIENTED_EDGE('',*,*,#2735,.F.);
#3643=ORIENTED_EDGE('',*,*,#2563,.F.);
#3644=ORIENTED_EDGE('',*,*,#2736,.T.);
#3645=ORIENTED_EDGE('',*,*,#2737,.F.);
#3646=ORIENTED_EDGE('',*,*,#2738,.F.);
#3647=ORIENTED_EDGE('',*,*,#2574,.F.);
#3648=ORIENTED_EDGE('',*,*,#2739,.T.);
#3649=ORIENTED_EDGE('',*,*,#2740,.F.);
#3650=ORIENTED_EDGE('',*,*,#2741,.T.);
#3651=ORIENTED_EDGE('',*,*,#2742,.T.);
#3652=ORIENTED_EDGE('',*,*,#2404,.F.);
#3653=ORIENTED_EDGE('',*,*,#2306,.T.);
#3654=ORIENTED_EDGE('',*,*,#2274,.F.);
#3655=ORIENTED_EDGE('',*,*,#2270,.F.);
#3656=ORIENTED_EDGE('',*,*,#2520,.T.);
#3657=ORIENTED_EDGE('',*,*,#2350,.T.);
#3658=ORIENTED_EDGE('',*,*,#2484,.T.);
#3659=ORIENTED_EDGE('',*,*,#2743,.T.);
#3660=ORIENTED_EDGE('',*,*,#2482,.T.);
#3661=ORIENTED_EDGE('',*,*,#2744,.T.);
#3662=ORIENTED_EDGE('',*,*,#2522,.T.);
#3663=ORIENTED_EDGE('',*,*,#2745,.T.);
#3664=ORIENTED_EDGE('',*,*,#2723,.T.);
#3665=ORIENTED_EDGE('',*,*,#2721,.F.);
#3666=ORIENTED_EDGE('',*,*,#2713,.T.);
#3667=ORIENTED_EDGE('',*,*,#2746,.F.);
#3668=ORIENTED_EDGE('',*,*,#2747,.T.);
#3669=ORIENTED_EDGE('',*,*,#2608,.F.);
#3670=ORIENTED_EDGE('',*,*,#2748,.F.);
#3671=ORIENTED_EDGE('',*,*,#2749,.F.);
#3672=ORIENTED_EDGE('',*,*,#2750,.T.);
#3673=ORIENTED_EDGE('',*,*,#2624,.F.);
#3674=ORIENTED_EDGE('',*,*,#2751,.F.);
#3675=ORIENTED_EDGE('',*,*,#2523,.F.);
#3676=ORIENTED_EDGE('',*,*,#2744,.F.);
#3677=ORIENTED_EDGE('',*,*,#2481,.F.);
#3678=ORIENTED_EDGE('',*,*,#2752,.F.);
#3679=ORIENTED_EDGE('',*,*,#2561,.F.);
#3680=ORIENTED_EDGE('',*,*,#2753,.T.);
#3681=ORIENTED_EDGE('',*,*,#2754,.F.);
#3682=ORIENTED_EDGE('',*,*,#2755,.F.);
#3683=ORIENTED_EDGE('',*,*,#2577,.F.);
#3684=ORIENTED_EDGE('',*,*,#2756,.T.);
#3685=ORIENTED_EDGE('',*,*,#2757,.F.);
#3686=ORIENTED_EDGE('',*,*,#2758,.T.);
#3687=ORIENTED_EDGE('',*,*,#2759,.T.);
#3688=ORIENTED_EDGE('',*,*,#2402,.F.);
#3689=ORIENTED_EDGE('',*,*,#2303,.T.);
#3690=ORIENTED_EDGE('',*,*,#2278,.F.);
#3691=ORIENTED_EDGE('',*,*,#2289,.F.);
#3692=ORIENTED_EDGE('',*,*,#2476,.T.);
#3693=ORIENTED_EDGE('',*,*,#2325,.T.);
#3694=ORIENTED_EDGE('',*,*,#2528,.T.);
#3695=ORIENTED_EDGE('',*,*,#2760,.T.);
#3696=ORIENTED_EDGE('',*,*,#2526,.T.);
#3697=ORIENTED_EDGE('',*,*,#2761,.T.);
#3698=ORIENTED_EDGE('',*,*,#2478,.T.);
#3699=ORIENTED_EDGE('',*,*,#2762,.T.);
#3700=ORIENTED_EDGE('',*,*,#2401,.F.);
#3701=ORIENTED_EDGE('',*,*,#2763,.F.);
#3702=ORIENTED_EDGE('',*,*,#2764,.F.);
#3703=ORIENTED_EDGE('',*,*,#2765,.T.);
#3704=ORIENTED_EDGE('',*,*,#2766,.F.);
#3705=ORIENTED_EDGE('',*,*,#2575,.F.);
#3706=ORIENTED_EDGE('',*,*,#2767,.T.);
#3707=ORIENTED_EDGE('',*,*,#2768,.T.);
#3708=ORIENTED_EDGE('',*,*,#2769,.F.);
#3709=ORIENTED_EDGE('',*,*,#2559,.F.);
#3710=ORIENTED_EDGE('',*,*,#2770,.T.);
#3711=ORIENTED_EDGE('',*,*,#2479,.T.);
#3712=ORIENTED_EDGE('',*,*,#2761,.F.);
#3713=ORIENTED_EDGE('',*,*,#2525,.F.);
#3714=ORIENTED_EDGE('',*,*,#2771,.T.);
#3715=ORIENTED_EDGE('',*,*,#2626,.F.);
#3716=ORIENTED_EDGE('',*,*,#2772,.F.);
#3717=ORIENTED_EDGE('',*,*,#2773,.F.);
#3718=ORIENTED_EDGE('',*,*,#2774,.T.);
#3719=ORIENTED_EDGE('',*,*,#2606,.F.);
#3720=ORIENTED_EDGE('',*,*,#2775,.F.);
#3721=ORIENTED_EDGE('',*,*,#2776,.F.);
#3722=ORIENTED_EDGE('',*,*,#2711,.T.);
#3723=ORIENTED_EDGE('',*,*,#2719,.F.);
#3724=ORIENTED_EDGE('',*,*,#2720,.T.);
#3725=ORIENTED_EDGE('',*,*,#2293,.F.);
#3726=ORIENTED_EDGE('',*,*,#2280,.F.);
#3727=ORIENTED_EDGE('',*,*,#2302,.F.);
#3728=ORIENTED_EDGE('',*,*,#2597,.F.);
#3729=ORIENTED_EDGE('',*,*,#2373,.T.);
#3730=ORIENTED_EDGE('',*,*,#2541,.T.);
#3731=ORIENTED_EDGE('',*,*,#2777,.T.);
#3732=ORIENTED_EDGE('',*,*,#2778,.F.);
#3733=ORIENTED_EDGE('',*,*,#2509,.F.);
#3734=ORIENTED_EDGE('',*,*,#2779,.F.);
#3735=ORIENTED_EDGE('',*,*,#2495,.T.);
#3736=ORIENTED_EDGE('',*,*,#2780,.F.);
#3737=ORIENTED_EDGE('',*,*,#2493,.F.);
#3738=ORIENTED_EDGE('',*,*,#2781,.F.);
#3739=ORIENTED_EDGE('',*,*,#2511,.T.);
#3740=ORIENTED_EDGE('',*,*,#2782,.F.);
#3741=ORIENTED_EDGE('',*,*,#2513,.F.);
#3742=ORIENTED_EDGE('',*,*,#2783,.F.);
#3743=ORIENTED_EDGE('',*,*,#2491,.T.);
#3744=ORIENTED_EDGE('',*,*,#2782,.T.);
#3745=ORIENTED_EDGE('',*,*,#2490,.F.);
#3746=ORIENTED_EDGE('',*,*,#2784,.F.);
#3747=ORIENTED_EDGE('',*,*,#2514,.F.);
#3748=ORIENTED_EDGE('',*,*,#2384,.F.);
#3749=ORIENTED_EDGE('',*,*,#2785,.T.);
#3750=ORIENTED_EDGE('',*,*,#2786,.F.);
#3751=ORIENTED_EDGE('',*,*,#2785,.F.);
#3752=ORIENTED_EDGE('',*,*,#2787,.F.);
#3753=ORIENTED_EDGE('',*,*,#2788,.T.);
#3754=ORIENTED_EDGE('',*,*,#2369,.F.);
#3755=ORIENTED_EDGE('',*,*,#2544,.T.);
#3756=ORIENTED_EDGE('',*,*,#2789,.F.);
#3757=ORIENTED_EDGE('',*,*,#2542,.F.);
#3758=ORIENTED_EDGE('',*,*,#2371,.F.);
#3759=ORIENTED_EDGE('',*,*,#2790,.F.);
#3760=ORIENTED_EDGE('',*,*,#2791,.F.);
#3761=ORIENTED_EDGE('',*,*,#2790,.T.);
#3762=ORIENTED_EDGE('',*,*,#2370,.F.);
#3763=ORIENTED_EDGE('',*,*,#2788,.F.);
#3764=ORIENTED_EDGE('',*,*,#2791,.T.);
#3765=ORIENTED_EDGE('',*,*,#2787,.T.);
#3766=ORIENTED_EDGE('',*,*,#2543,.F.);
#3767=ORIENTED_EDGE('',*,*,#2789,.T.);
#3768=ORIENTED_EDGE('',*,*,#2786,.T.);
#3769=ORIENTED_EDGE('',*,*,#2383,.F.);
#3770=ORIENTED_EDGE('',*,*,#2792,.T.);
#3771=ORIENTED_EDGE('',*,*,#2793,.F.);
#3772=ORIENTED_EDGE('',*,*,#2792,.F.);
#3773=ORIENTED_EDGE('',*,*,#2794,.F.);
#3774=ORIENTED_EDGE('',*,*,#2795,.T.);
#3775=ORIENTED_EDGE('',*,*,#2375,.F.);
#3776=ORIENTED_EDGE('',*,*,#2596,.T.);
#3777=ORIENTED_EDGE('',*,*,#2796,.F.);
#3778=ORIENTED_EDGE('',*,*,#2594,.F.);
#3779=ORIENTED_EDGE('',*,*,#2377,.F.);
#3780=ORIENTED_EDGE('',*,*,#2797,.F.);
#3781=ORIENTED_EDGE('',*,*,#2798,.F.);
#3782=ORIENTED_EDGE('',*,*,#2797,.T.);
#3783=ORIENTED_EDGE('',*,*,#2376,.F.);
#3784=ORIENTED_EDGE('',*,*,#2795,.F.);
#3785=ORIENTED_EDGE('',*,*,#2798,.T.);
#3786=ORIENTED_EDGE('',*,*,#2794,.T.);
#3787=ORIENTED_EDGE('',*,*,#2595,.F.);
#3788=ORIENTED_EDGE('',*,*,#2796,.T.);
#3789=ORIENTED_EDGE('',*,*,#2793,.T.);
#3790=ORIENTED_EDGE('',*,*,#2382,.F.);
#3791=ORIENTED_EDGE('',*,*,#2799,.T.);
#3792=ORIENTED_EDGE('',*,*,#2800,.F.);
#3793=ORIENTED_EDGE('',*,*,#2799,.F.);
#3794=ORIENTED_EDGE('',*,*,#2801,.F.);
#3795=ORIENTED_EDGE('',*,*,#2802,.T.);
#3796=ORIENTED_EDGE('',*,*,#2366,.F.);
#3797=ORIENTED_EDGE('',*,*,#2803,.F.);
#3798=ORIENTED_EDGE('',*,*,#2804,.F.);
#3799=ORIENTED_EDGE('',*,*,#2803,.T.);
#3800=ORIENTED_EDGE('',*,*,#2365,.F.);
#3801=ORIENTED_EDGE('',*,*,#2805,.F.);
#3802=ORIENTED_EDGE('',*,*,#2806,.F.);
#3803=ORIENTED_EDGE('',*,*,#2805,.T.);
#3804=ORIENTED_EDGE('',*,*,#2364,.F.);
#3805=ORIENTED_EDGE('',*,*,#2398,.F.);
#3806=ORIENTED_EDGE('',*,*,#2807,.F.);
#3807=ORIENTED_EDGE('',*,*,#2808,.F.);
#3808=ORIENTED_EDGE('',*,*,#2801,.T.);
#3809=ORIENTED_EDGE('',*,*,#2804,.T.);
#3810=ORIENTED_EDGE('',*,*,#2806,.T.);
#3811=ORIENTED_EDGE('',*,*,#2397,.T.);
#3812=ORIENTED_EDGE('',*,*,#2800,.T.);
#3813=ORIENTED_EDGE('',*,*,#2809,.F.);
#3814=ORIENTED_EDGE('',*,*,#2810,.T.);
#3815=ORIENTED_EDGE('',*,*,#2811,.F.);
#3816=ORIENTED_EDGE('',*,*,#2810,.F.);
#3817=ORIENTED_EDGE('',*,*,#2812,.F.);
#3818=ORIENTED_EDGE('',*,*,#2813,.T.);
#3819=ORIENTED_EDGE('',*,*,#2814,.F.);
#3820=ORIENTED_EDGE('',*,*,#2552,.T.);
#3821=ORIENTED_EDGE('',*,*,#2815,.F.);
#3822=ORIENTED_EDGE('',*,*,#2550,.F.);
#3823=ORIENTED_EDGE('',*,*,#2816,.F.);
#3824=ORIENTED_EDGE('',*,*,#2817,.F.);
#3825=ORIENTED_EDGE('',*,*,#2818,.F.);
#3826=ORIENTED_EDGE('',*,*,#2817,.T.);
#3827=ORIENTED_EDGE('',*,*,#2819,.F.);
#3828=ORIENTED_EDGE('',*,*,#2813,.F.);
#3829=ORIENTED_EDGE('',*,*,#2818,.T.);
#3830=ORIENTED_EDGE('',*,*,#2812,.T.);
#3831=ORIENTED_EDGE('',*,*,#2551,.F.);
#3832=ORIENTED_EDGE('',*,*,#2815,.T.);
#3833=ORIENTED_EDGE('',*,*,#2811,.T.);
#3834=ORIENTED_EDGE('',*,*,#2819,.T.);
#3835=ORIENTED_EDGE('',*,*,#2816,.T.);
#3836=ORIENTED_EDGE('',*,*,#2553,.F.);
#3837=ORIENTED_EDGE('',*,*,#2814,.T.);
#3838=ORIENTED_EDGE('',*,*,#2809,.T.);
#3839=ORIENTED_EDGE('',*,*,#2820,.F.);
#3840=ORIENTED_EDGE('',*,*,#2821,.T.);
#3841=ORIENTED_EDGE('',*,*,#2822,.F.);
#3842=ORIENTED_EDGE('',*,*,#2821,.F.);
#3843=ORIENTED_EDGE('',*,*,#2823,.F.);
#3844=ORIENTED_EDGE('',*,*,#2824,.T.);
#3845=ORIENTED_EDGE('',*,*,#2825,.F.);
#3846=ORIENTED_EDGE('',*,*,#2633,.T.);
#3847=ORIENTED_EDGE('',*,*,#2826,.F.);
#3848=ORIENTED_EDGE('',*,*,#2631,.F.);
#3849=ORIENTED_EDGE('',*,*,#2827,.F.);
#3850=ORIENTED_EDGE('',*,*,#2828,.F.);
#3851=ORIENTED_EDGE('',*,*,#2829,.F.);
#3852=ORIENTED_EDGE('',*,*,#2828,.T.);
#3853=ORIENTED_EDGE('',*,*,#2830,.F.);
#3854=ORIENTED_EDGE('',*,*,#2824,.F.);
#3855=ORIENTED_EDGE('',*,*,#2829,.T.);
#3856=ORIENTED_EDGE('',*,*,#2823,.T.);
#3857=ORIENTED_EDGE('',*,*,#2632,.F.);
#3858=ORIENTED_EDGE('',*,*,#2826,.T.);
#3859=ORIENTED_EDGE('',*,*,#2822,.T.);
#3860=ORIENTED_EDGE('',*,*,#2830,.T.);
#3861=ORIENTED_EDGE('',*,*,#2827,.T.);
#3862=ORIENTED_EDGE('',*,*,#2634,.F.);
#3863=ORIENTED_EDGE('',*,*,#2825,.T.);
#3864=ORIENTED_EDGE('',*,*,#2820,.T.);
#3865=ORIENTED_EDGE('',*,*,#2831,.F.);
#3866=ORIENTED_EDGE('',*,*,#2832,.T.);
#3867=ORIENTED_EDGE('',*,*,#2833,.F.);
#3868=ORIENTED_EDGE('',*,*,#2832,.F.);
#3869=ORIENTED_EDGE('',*,*,#2834,.F.);
#3870=ORIENTED_EDGE('',*,*,#2835,.T.);
#3871=ORIENTED_EDGE('',*,*,#2836,.F.);
#3872=ORIENTED_EDGE('',*,*,#2837,.F.);
#3873=ORIENTED_EDGE('',*,*,#2838,.F.);
#3874=ORIENTED_EDGE('',*,*,#2837,.T.);
#3875=ORIENTED_EDGE('',*,*,#2839,.F.);
#3876=ORIENTED_EDGE('',*,*,#2840,.F.);
#3877=ORIENTED_EDGE('',*,*,#2841,.F.);
#3878=ORIENTED_EDGE('',*,*,#2840,.T.);
#3879=ORIENTED_EDGE('',*,*,#2842,.F.);
#3880=ORIENTED_EDGE('',*,*,#2394,.F.);
#3881=ORIENTED_EDGE('',*,*,#2843,.F.);
#3882=ORIENTED_EDGE('',*,*,#2844,.F.);
#3883=ORIENTED_EDGE('',*,*,#2834,.T.);
#3884=ORIENTED_EDGE('',*,*,#2838,.T.);
#3885=ORIENTED_EDGE('',*,*,#2841,.T.);
#3886=ORIENTED_EDGE('',*,*,#2393,.T.);
#3887=ORIENTED_EDGE('',*,*,#2833,.T.);
#3888=ORIENTED_EDGE('',*,*,#2845,.F.);
#3889=ORIENTED_EDGE('',*,*,#2395,.T.);
#3890=ORIENTED_EDGE('',*,*,#2842,.T.);
#3891=ORIENTED_EDGE('',*,*,#2839,.T.);
#3892=ORIENTED_EDGE('',*,*,#2836,.T.);
#3893=ORIENTED_EDGE('',*,*,#2846,.F.);
#3894=ORIENTED_EDGE('',*,*,#2831,.T.);
#3895=ORIENTED_EDGE('',*,*,#2847,.F.);
#3896=ORIENTED_EDGE('',*,*,#2848,.T.);
#3897=ORIENTED_EDGE('',*,*,#2849,.F.);
#3898=ORIENTED_EDGE('',*,*,#2848,.F.);
#3899=ORIENTED_EDGE('',*,*,#2850,.F.);
#3900=ORIENTED_EDGE('',*,*,#2851,.T.);
#3901=ORIENTED_EDGE('',*,*,#2852,.F.);
#3902=ORIENTED_EDGE('',*,*,#2556,.T.);
#3903=ORIENTED_EDGE('',*,*,#2853,.F.);
#3904=ORIENTED_EDGE('',*,*,#2554,.F.);
#3905=ORIENTED_EDGE('',*,*,#2854,.F.);
#3906=ORIENTED_EDGE('',*,*,#2855,.F.);
#3907=ORIENTED_EDGE('',*,*,#2856,.F.);
#3908=ORIENTED_EDGE('',*,*,#2855,.T.);
#3909=ORIENTED_EDGE('',*,*,#2857,.F.);
#3910=ORIENTED_EDGE('',*,*,#2851,.F.);
#3911=ORIENTED_EDGE('',*,*,#2856,.T.);
#3912=ORIENTED_EDGE('',*,*,#2850,.T.);
#3913=ORIENTED_EDGE('',*,*,#2555,.F.);
#3914=ORIENTED_EDGE('',*,*,#2853,.T.);
#3915=ORIENTED_EDGE('',*,*,#2849,.T.);
#3916=ORIENTED_EDGE('',*,*,#2857,.T.);
#3917=ORIENTED_EDGE('',*,*,#2854,.T.);
#3918=ORIENTED_EDGE('',*,*,#2557,.F.);
#3919=ORIENTED_EDGE('',*,*,#2852,.T.);
#3920=ORIENTED_EDGE('',*,*,#2847,.T.);
#3921=ORIENTED_EDGE('',*,*,#2858,.F.);
#3922=ORIENTED_EDGE('',*,*,#2859,.T.);
#3923=ORIENTED_EDGE('',*,*,#2860,.F.);
#3924=ORIENTED_EDGE('',*,*,#2859,.F.);
#3925=ORIENTED_EDGE('',*,*,#2861,.F.);
#3926=ORIENTED_EDGE('',*,*,#2862,.T.);
#3927=ORIENTED_EDGE('',*,*,#2863,.F.);
#3928=ORIENTED_EDGE('',*,*,#2629,.T.);
#3929=ORIENTED_EDGE('',*,*,#2864,.F.);
#3930=ORIENTED_EDGE('',*,*,#2627,.F.);
#3931=ORIENTED_EDGE('',*,*,#2865,.F.);
#3932=ORIENTED_EDGE('',*,*,#2866,.F.);
#3933=ORIENTED_EDGE('',*,*,#2867,.F.);
#3934=ORIENTED_EDGE('',*,*,#2866,.T.);
#3935=ORIENTED_EDGE('',*,*,#2868,.F.);
#3936=ORIENTED_EDGE('',*,*,#2862,.F.);
#3937=ORIENTED_EDGE('',*,*,#2867,.T.);
#3938=ORIENTED_EDGE('',*,*,#2861,.T.);
#3939=ORIENTED_EDGE('',*,*,#2628,.F.);
#3940=ORIENTED_EDGE('',*,*,#2864,.T.);
#3941=ORIENTED_EDGE('',*,*,#2860,.T.);
#3942=ORIENTED_EDGE('',*,*,#2868,.T.);
#3943=ORIENTED_EDGE('',*,*,#2865,.T.);
#3944=ORIENTED_EDGE('',*,*,#2630,.F.);
#3945=ORIENTED_EDGE('',*,*,#2863,.T.);
#3946=ORIENTED_EDGE('',*,*,#2858,.T.);
#3947=ORIENTED_EDGE('',*,*,#2869,.F.);
#3948=ORIENTED_EDGE('',*,*,#2870,.T.);
#3949=ORIENTED_EDGE('',*,*,#2871,.F.);
#3950=ORIENTED_EDGE('',*,*,#2870,.F.);
#3951=ORIENTED_EDGE('',*,*,#2872,.F.);
#3952=ORIENTED_EDGE('',*,*,#2873,.T.);
#3953=ORIENTED_EDGE('',*,*,#2874,.F.);
#3954=ORIENTED_EDGE('',*,*,#2875,.F.);
#3955=ORIENTED_EDGE('',*,*,#2876,.F.);
#3956=ORIENTED_EDGE('',*,*,#2875,.T.);
#3957=ORIENTED_EDGE('',*,*,#2877,.F.);
#3958=ORIENTED_EDGE('',*,*,#2878,.F.);
#3959=ORIENTED_EDGE('',*,*,#2879,.F.);
#3960=ORIENTED_EDGE('',*,*,#2878,.T.);
#3961=ORIENTED_EDGE('',*,*,#2880,.F.);
#3962=ORIENTED_EDGE('',*,*,#2390,.F.);
#3963=ORIENTED_EDGE('',*,*,#2881,.F.);
#3964=ORIENTED_EDGE('',*,*,#2882,.F.);
#3965=ORIENTED_EDGE('',*,*,#2872,.T.);
#3966=ORIENTED_EDGE('',*,*,#2876,.T.);
#3967=ORIENTED_EDGE('',*,*,#2879,.T.);
#3968=ORIENTED_EDGE('',*,*,#2389,.T.);
#3969=ORIENTED_EDGE('',*,*,#2871,.T.);
#3970=ORIENTED_EDGE('',*,*,#2883,.F.);
#3971=ORIENTED_EDGE('',*,*,#2391,.T.);
#3972=ORIENTED_EDGE('',*,*,#2880,.T.);
#3973=ORIENTED_EDGE('',*,*,#2877,.T.);
#3974=ORIENTED_EDGE('',*,*,#2874,.T.);
#3975=ORIENTED_EDGE('',*,*,#2884,.F.);
#3976=ORIENTED_EDGE('',*,*,#2869,.T.);
#3977=ORIENTED_EDGE('',*,*,#2802,.F.);
#3978=ORIENTED_EDGE('',*,*,#2808,.T.);
#3979=ORIENTED_EDGE('',*,*,#2885,.F.);
#3980=ORIENTED_EDGE('',*,*,#2846,.T.);
#3981=ORIENTED_EDGE('',*,*,#2835,.F.);
#3982=ORIENTED_EDGE('',*,*,#2844,.T.);
#3983=ORIENTED_EDGE('',*,*,#2886,.F.);
#3984=ORIENTED_EDGE('',*,*,#2884,.T.);
#3985=ORIENTED_EDGE('',*,*,#2873,.F.);
#3986=ORIENTED_EDGE('',*,*,#2882,.T.);
#3987=ORIENTED_EDGE('',*,*,#2887,.F.);
#3988=ORIENTED_EDGE('',*,*,#2888,.T.);
#3989=ORIENTED_EDGE('',*,*,#2889,.F.);
#3990=ORIENTED_EDGE('',*,*,#2419,.F.);
#3991=ORIENTED_EDGE('',*,*,#2545,.T.);
#3992=ORIENTED_EDGE('',*,*,#2367,.T.);
#3993=ORIENTED_EDGE('',*,*,#2881,.T.);
#3994=ORIENTED_EDGE('',*,*,#2388,.F.);
#3995=ORIENTED_EDGE('',*,*,#2890,.T.);
#3996=ORIENTED_EDGE('',*,*,#2887,.T.);
#3997=ORIENTED_EDGE('',*,*,#2843,.T.);
#3998=ORIENTED_EDGE('',*,*,#2392,.F.);
#3999=ORIENTED_EDGE('',*,*,#2883,.T.);
#4000=ORIENTED_EDGE('',*,*,#2886,.T.);
#4001=ORIENTED_EDGE('',*,*,#2807,.T.);
#4002=ORIENTED_EDGE('',*,*,#2396,.F.);
#4003=ORIENTED_EDGE('',*,*,#2845,.T.);
#4004=ORIENTED_EDGE('',*,*,#2885,.T.);
#4005=ORIENTED_EDGE('',*,*,#2891,.F.);
#4006=ORIENTED_EDGE('',*,*,#2892,.T.);
#4007=ORIENTED_EDGE('',*,*,#2423,.F.);
#4008=ORIENTED_EDGE('',*,*,#2892,.F.);
#4009=ORIENTED_EDGE('',*,*,#2417,.F.);
#4010=ORIENTED_EDGE('',*,*,#2893,.T.);
#4011=ORIENTED_EDGE('',*,*,#2894,.F.);
#4012=ORIENTED_EDGE('',*,*,#2546,.T.);
#4013=ORIENTED_EDGE('',*,*,#2415,.F.);
#4014=ORIENTED_EDGE('',*,*,#2548,.F.);
#4015=ORIENTED_EDGE('',*,*,#2895,.F.);
#4016=ORIENTED_EDGE('',*,*,#2896,.F.);
#4017=ORIENTED_EDGE('',*,*,#2416,.F.);
#4018=ORIENTED_EDGE('',*,*,#2896,.T.);
#4019=ORIENTED_EDGE('',*,*,#2897,.F.);
#4020=ORIENTED_EDGE('',*,*,#2893,.F.);
#4021=ORIENTED_EDGE('',*,*,#2897,.T.);
#4022=ORIENTED_EDGE('',*,*,#2895,.T.);
#4023=ORIENTED_EDGE('',*,*,#2547,.F.);
#4024=ORIENTED_EDGE('',*,*,#2894,.T.);
#4025=ORIENTED_EDGE('',*,*,#2891,.T.);
#4026=ORIENTED_EDGE('',*,*,#2898,.F.);
#4027=ORIENTED_EDGE('',*,*,#2899,.T.);
#4028=ORIENTED_EDGE('',*,*,#2424,.F.);
#4029=ORIENTED_EDGE('',*,*,#2899,.F.);
#4030=ORIENTED_EDGE('',*,*,#2411,.F.);
#4031=ORIENTED_EDGE('',*,*,#2900,.T.);
#4032=ORIENTED_EDGE('',*,*,#2901,.F.);
#4033=ORIENTED_EDGE('',*,*,#2590,.T.);
#4034=ORIENTED_EDGE('',*,*,#2409,.F.);
#4035=ORIENTED_EDGE('',*,*,#2592,.F.);
#4036=ORIENTED_EDGE('',*,*,#2902,.F.);
#4037=ORIENTED_EDGE('',*,*,#2903,.F.);
#4038=ORIENTED_EDGE('',*,*,#2410,.F.);
#4039=ORIENTED_EDGE('',*,*,#2903,.T.);
#4040=ORIENTED_EDGE('',*,*,#2904,.F.);
#4041=ORIENTED_EDGE('',*,*,#2900,.F.);
#4042=ORIENTED_EDGE('',*,*,#2904,.T.);
#4043=ORIENTED_EDGE('',*,*,#2902,.T.);
#4044=ORIENTED_EDGE('',*,*,#2591,.F.);
#4045=ORIENTED_EDGE('',*,*,#2901,.T.);
#4046=ORIENTED_EDGE('',*,*,#2898,.T.);
#4047=ORIENTED_EDGE('',*,*,#2905,.F.);
#4048=ORIENTED_EDGE('',*,*,#2906,.T.);
#4049=ORIENTED_EDGE('',*,*,#2425,.F.);
#4050=ORIENTED_EDGE('',*,*,#2906,.F.);
#4051=ORIENTED_EDGE('',*,*,#2420,.F.);
#4052=ORIENTED_EDGE('',*,*,#2889,.T.);
#4053=ORIENTED_EDGE('',*,*,#2907,.F.);
#4054=ORIENTED_EDGE('',*,*,#2908,.F.);
#4055=ORIENTED_EDGE('',*,*,#2421,.F.);
#4056=ORIENTED_EDGE('',*,*,#2908,.T.);
#4057=ORIENTED_EDGE('',*,*,#2909,.F.);
#4058=ORIENTED_EDGE('',*,*,#2910,.F.);
#4059=ORIENTED_EDGE('',*,*,#2422,.F.);
#4060=ORIENTED_EDGE('',*,*,#2910,.T.);
#4061=ORIENTED_EDGE('',*,*,#2911,.F.);
#4062=ORIENTED_EDGE('',*,*,#2386,.F.);
#4063=ORIENTED_EDGE('',*,*,#2890,.F.);
#4064=ORIENTED_EDGE('',*,*,#2387,.T.);
#4065=ORIENTED_EDGE('',*,*,#2911,.T.);
#4066=ORIENTED_EDGE('',*,*,#2909,.T.);
#4067=ORIENTED_EDGE('',*,*,#2907,.T.);
#4068=ORIENTED_EDGE('',*,*,#2888,.F.);
#4069=ORIENTED_EDGE('',*,*,#2905,.T.);
#4070=ORIENTED_EDGE('',*,*,#2912,.T.);
#4071=ORIENTED_EDGE('',*,*,#2691,.T.);
#4072=ORIENTED_EDGE('',*,*,#2399,.F.);
#4073=ORIENTED_EDGE('',*,*,#2336,.F.);
#4074=ORIENTED_EDGE('',*,*,#2913,.T.);
#4075=ORIENTED_EDGE('',*,*,#2763,.T.);
#4076=ORIENTED_EDGE('',*,*,#2403,.F.);
#4077=ORIENTED_EDGE('',*,*,#2759,.F.);
#4078=ORIENTED_EDGE('',*,*,#2914,.T.);
#4079=ORIENTED_EDGE('',*,*,#2339,.T.);
#4080=ORIENTED_EDGE('',*,*,#2405,.F.);
#4081=ORIENTED_EDGE('',*,*,#2742,.F.);
#4082=ORIENTED_EDGE('',*,*,#2915,.T.);
#4083=ORIENTED_EDGE('',*,*,#2692,.T.);
#4084=ORIENTED_EDGE('',*,*,#2912,.F.);
#4085=ORIENTED_EDGE('',*,*,#2335,.F.);
#4086=ORIENTED_EDGE('',*,*,#2916,.T.);
#4087=ORIENTED_EDGE('',*,*,#2764,.T.);
#4088=ORIENTED_EDGE('',*,*,#2913,.F.);
#4089=ORIENTED_EDGE('',*,*,#2758,.F.);
#4090=ORIENTED_EDGE('',*,*,#2917,.T.);
#4091=ORIENTED_EDGE('',*,*,#2340,.T.);
#4092=ORIENTED_EDGE('',*,*,#2914,.F.);
#4093=ORIENTED_EDGE('',*,*,#2741,.F.);
#4094=ORIENTED_EDGE('',*,*,#2480,.F.);
#4095=ORIENTED_EDGE('',*,*,#2770,.F.);
#4096=ORIENTED_EDGE('',*,*,#2558,.F.);
#4097=ORIENTED_EDGE('',*,*,#2752,.T.);
#4098=ORIENTED_EDGE('',*,*,#2524,.F.);
#4099=ORIENTED_EDGE('',*,*,#2751,.T.);
#4100=ORIENTED_EDGE('',*,*,#2623,.F.);
#4101=ORIENTED_EDGE('',*,*,#2771,.F.);
#4102=ORIENTED_EDGE('',*,*,#2918,.F.);
#4103=ORIENTED_EDGE('',*,*,#2753,.F.);
#4104=ORIENTED_EDGE('',*,*,#2560,.F.);
#4105=ORIENTED_EDGE('',*,*,#2769,.T.);
#4106=ORIENTED_EDGE('',*,*,#2919,.F.);
#4107=ORIENTED_EDGE('',*,*,#2772,.T.);
#4108=ORIENTED_EDGE('',*,*,#2625,.F.);
#4109=ORIENTED_EDGE('',*,*,#2750,.F.);
#4110=ORIENTED_EDGE('',*,*,#2920,.F.);
#4111=ORIENTED_EDGE('',*,*,#2736,.F.);
#4112=ORIENTED_EDGE('',*,*,#2562,.F.);
#4113=ORIENTED_EDGE('',*,*,#2346,.T.);
#4114=ORIENTED_EDGE('',*,*,#2921,.F.);
#4115=ORIENTED_EDGE('',*,*,#2354,.T.);
#4116=ORIENTED_EDGE('',*,*,#2620,.F.);
#4117=ORIENTED_EDGE('',*,*,#2733,.F.);
#4118=ORIENTED_EDGE('',*,*,#2485,.F.);
#4119=ORIENTED_EDGE('',*,*,#2348,.F.);
#4120=ORIENTED_EDGE('',*,*,#2564,.F.);
#4121=ORIENTED_EDGE('',*,*,#2735,.T.);
#4122=ORIENTED_EDGE('',*,*,#2519,.F.);
#4123=ORIENTED_EDGE('',*,*,#2734,.T.);
#4124=ORIENTED_EDGE('',*,*,#2621,.F.);
#4125=ORIENTED_EDGE('',*,*,#2352,.F.);
#4126=ORIENTED_EDGE('',*,*,#2922,.F.);
#4127=ORIENTED_EDGE('',*,*,#2319,.T.);
#4128=ORIENTED_EDGE('',*,*,#2618,.F.);
#4129=ORIENTED_EDGE('',*,*,#2702,.F.);
#4130=ORIENTED_EDGE('',*,*,#2923,.F.);
#4131=ORIENTED_EDGE('',*,*,#2695,.F.);
#4132=ORIENTED_EDGE('',*,*,#2567,.F.);
#4133=ORIENTED_EDGE('',*,*,#2331,.T.);
#4134=ORIENTED_EDGE('',*,*,#2924,.F.);
#4135=ORIENTED_EDGE('',*,*,#2703,.T.);
#4136=ORIENTED_EDGE('',*,*,#2619,.F.);
#4137=ORIENTED_EDGE('',*,*,#2317,.F.);
#4138=ORIENTED_EDGE('',*,*,#2925,.F.);
#4139=ORIENTED_EDGE('',*,*,#2333,.F.);
#4140=ORIENTED_EDGE('',*,*,#2566,.F.);
#4141=ORIENTED_EDGE('',*,*,#2694,.T.);
#4142=ORIENTED_EDGE('',*,*,#2926,.F.);
#4143=ORIENTED_EDGE('',*,*,#2927,.T.);
#4144=ORIENTED_EDGE('',*,*,#2616,.F.);
#4145=ORIENTED_EDGE('',*,*,#2927,.F.);
#4146=ORIENTED_EDGE('',*,*,#2568,.F.);
#4147=ORIENTED_EDGE('',*,*,#2928,.T.);
#4148=ORIENTED_EDGE('',*,*,#2929,.F.);
#4149=ORIENTED_EDGE('',*,*,#2928,.F.);
#4150=ORIENTED_EDGE('',*,*,#2529,.F.);
#4151=ORIENTED_EDGE('',*,*,#2323,.T.);
#4152=ORIENTED_EDGE('',*,*,#2614,.F.);
#4153=ORIENTED_EDGE('',*,*,#2699,.F.);
#4154=ORIENTED_EDGE('',*,*,#2475,.F.);
#4155=ORIENTED_EDGE('',*,*,#2698,.F.);
#4156=ORIENTED_EDGE('',*,*,#2571,.F.);
#4157=ORIENTED_EDGE('',*,*,#2327,.T.);
#4158=ORIENTED_EDGE('',*,*,#2930,.F.);
#4159=ORIENTED_EDGE('',*,*,#2700,.T.);
#4160=ORIENTED_EDGE('',*,*,#2615,.F.);
#4161=ORIENTED_EDGE('',*,*,#2321,.F.);
#4162=ORIENTED_EDGE('',*,*,#2931,.F.);
#4163=ORIENTED_EDGE('',*,*,#2329,.F.);
#4164=ORIENTED_EDGE('',*,*,#2570,.F.);
#4165=ORIENTED_EDGE('',*,*,#2697,.T.);
#4166=ORIENTED_EDGE('',*,*,#2932,.F.);
#4167=ORIENTED_EDGE('',*,*,#2344,.F.);
#4168=ORIENTED_EDGE('',*,*,#2572,.F.);
#4169=ORIENTED_EDGE('',*,*,#2738,.T.);
#4170=ORIENTED_EDGE('',*,*,#2933,.F.);
#4171=ORIENTED_EDGE('',*,*,#2731,.T.);
#4172=ORIENTED_EDGE('',*,*,#2610,.F.);
#4173=ORIENTED_EDGE('',*,*,#2356,.F.);
#4174=ORIENTED_EDGE('',*,*,#2934,.F.);
#4175=ORIENTED_EDGE('',*,*,#2739,.F.);
#4176=ORIENTED_EDGE('',*,*,#2573,.F.);
#4177=ORIENTED_EDGE('',*,*,#2342,.T.);
#4178=ORIENTED_EDGE('',*,*,#2935,.F.);
#4179=ORIENTED_EDGE('',*,*,#2358,.T.);
#4180=ORIENTED_EDGE('',*,*,#2612,.F.);
#4181=ORIENTED_EDGE('',*,*,#2730,.F.);
#4182=ORIENTED_EDGE('',*,*,#2936,.F.);
#4183=ORIENTED_EDGE('',*,*,#2748,.T.);
#4184=ORIENTED_EDGE('',*,*,#2607,.F.);
#4185=ORIENTED_EDGE('',*,*,#2774,.F.);
#4186=ORIENTED_EDGE('',*,*,#2937,.F.);
#4187=ORIENTED_EDGE('',*,*,#2767,.F.);
#4188=ORIENTED_EDGE('',*,*,#2578,.F.);
#4189=ORIENTED_EDGE('',*,*,#2755,.T.);
#4190=ORIENTED_EDGE('',*,*,#2938,.F.);
#4191=ORIENTED_EDGE('',*,*,#2775,.T.);
#4192=ORIENTED_EDGE('',*,*,#2609,.F.);
#4193=ORIENTED_EDGE('',*,*,#2747,.F.);
#4194=ORIENTED_EDGE('',*,*,#2939,.F.);
#4195=ORIENTED_EDGE('',*,*,#2756,.F.);
#4196=ORIENTED_EDGE('',*,*,#2576,.F.);
#4197=ORIENTED_EDGE('',*,*,#2766,.T.);
#4198=ORIENTED_EDGE('',*,*,#2940,.F.);
#4199=ORIENTED_EDGE('',*,*,#2941,.T.);
#4200=ORIENTED_EDGE('',*,*,#2605,.F.);
#4201=ORIENTED_EDGE('',*,*,#2941,.F.);
#4202=ORIENTED_EDGE('',*,*,#2579,.F.);
#4203=ORIENTED_EDGE('',*,*,#2942,.T.);
#4204=ORIENTED_EDGE('',*,*,#2943,.F.);
#4205=ORIENTED_EDGE('',*,*,#2942,.F.);
#4206=ORIENTED_EDGE('',*,*,#2944,.F.);
#4207=ORIENTED_EDGE('',*,*,#2945,.T.);
#4208=ORIENTED_EDGE('',*,*,#2604,.F.);
#4209=ORIENTED_EDGE('',*,*,#2945,.F.);
#4210=ORIENTED_EDGE('',*,*,#2580,.F.);
#4211=ORIENTED_EDGE('',*,*,#2946,.T.);
#4212=ORIENTED_EDGE('',*,*,#2947,.F.);
#4213=ORIENTED_EDGE('',*,*,#2946,.F.);
#4214=ORIENTED_EDGE('',*,*,#2934,.T.);
#4215=ORIENTED_EDGE('',*,*,#2341,.F.);
#4216=ORIENTED_EDGE('',*,*,#2917,.F.);
#4217=ORIENTED_EDGE('',*,*,#2740,.T.);
#4218=ORIENTED_EDGE('',*,*,#2939,.T.);
#4219=ORIENTED_EDGE('',*,*,#2765,.F.);
#4220=ORIENTED_EDGE('',*,*,#2916,.F.);
#4221=ORIENTED_EDGE('',*,*,#2757,.T.);
#4222=ORIENTED_EDGE('',*,*,#2918,.T.);
#4223=ORIENTED_EDGE('',*,*,#2768,.F.);
#4224=ORIENTED_EDGE('',*,*,#2937,.T.);
#4225=ORIENTED_EDGE('',*,*,#2754,.T.);
#4226=ORIENTED_EDGE('',*,*,#2943,.T.);
#4227=ORIENTED_EDGE('',*,*,#2925,.T.);
#4228=ORIENTED_EDGE('',*,*,#2693,.T.);
#4229=ORIENTED_EDGE('',*,*,#2915,.F.);
#4230=ORIENTED_EDGE('',*,*,#2334,.T.);
#4231=ORIENTED_EDGE('',*,*,#2923,.T.);
#4232=ORIENTED_EDGE('',*,*,#2330,.T.);
#4233=ORIENTED_EDGE('',*,*,#2931,.T.);
#4234=ORIENTED_EDGE('',*,*,#2696,.T.);
#4235=ORIENTED_EDGE('',*,*,#2947,.T.);
#4236=ORIENTED_EDGE('',*,*,#2920,.T.);
#4237=ORIENTED_EDGE('',*,*,#2345,.F.);
#4238=ORIENTED_EDGE('',*,*,#2932,.T.);
#4239=ORIENTED_EDGE('',*,*,#2737,.T.);
#4240=ORIENTED_EDGE('',*,*,#2929,.T.);
#4241=ORIENTED_EDGE('',*,*,#2938,.T.);
#4242=ORIENTED_EDGE('',*,*,#2746,.T.);
#4243=ORIENTED_EDGE('',*,*,#2712,.F.);
#4244=ORIENTED_EDGE('',*,*,#2776,.T.);
#4245=ORIENTED_EDGE('',*,*,#2924,.T.);
#4246=ORIENTED_EDGE('',*,*,#2316,.T.);
#4247=ORIENTED_EDGE('',*,*,#2709,.F.);
#4248=ORIENTED_EDGE('',*,*,#2704,.T.);
#4249=ORIENTED_EDGE('',*,*,#2935,.T.);
#4250=ORIENTED_EDGE('',*,*,#2729,.T.);
#4251=ORIENTED_EDGE('',*,*,#2715,.F.);
#4252=ORIENTED_EDGE('',*,*,#2359,.T.);
#4253=ORIENTED_EDGE('',*,*,#2922,.T.);
#4254=ORIENTED_EDGE('',*,*,#2701,.T.);
#4255=ORIENTED_EDGE('',*,*,#2930,.T.);
#4256=ORIENTED_EDGE('',*,*,#2320,.T.);
#4257=ORIENTED_EDGE('',*,*,#2944,.T.);
#4258=ORIENTED_EDGE('',*,*,#2921,.T.);
#4259=ORIENTED_EDGE('',*,*,#2732,.T.);
#4260=ORIENTED_EDGE('',*,*,#2933,.T.);
#4261=ORIENTED_EDGE('',*,*,#2355,.T.);
#4262=ORIENTED_EDGE('',*,*,#2926,.T.);
#4263=ORIENTED_EDGE('',*,*,#2919,.T.);
#4264=ORIENTED_EDGE('',*,*,#2749,.T.);
#4265=ORIENTED_EDGE('',*,*,#2936,.T.);
#4266=ORIENTED_EDGE('',*,*,#2773,.T.);
#4267=ORIENTED_EDGE('',*,*,#2940,.T.);
#4268=ORIENTED_EDGE('',*,*,#2728,.F.);
#4269=ORIENTED_EDGE('',*,*,#2516,.F.);
#4270=ORIENTED_EDGE('',*,*,#2948,.T.);
#4271=ORIENTED_EDGE('',*,*,#2488,.F.);
#4272=ORIENTED_EDGE('',*,*,#2743,.F.);
#4273=ORIENTED_EDGE('',*,*,#2483,.F.);
#4274=ORIENTED_EDGE('',*,*,#2745,.F.);
#4275=ORIENTED_EDGE('',*,*,#2521,.F.);
#4276=ORIENTED_EDGE('',*,*,#2760,.F.);
#4277=ORIENTED_EDGE('',*,*,#2527,.F.);
#4278=ORIENTED_EDGE('',*,*,#2762,.F.);
#4279=ORIENTED_EDGE('',*,*,#2477,.F.);
#4280=ORIENTED_EDGE('',*,*,#2533,.F.);
#4281=ORIENTED_EDGE('',*,*,#2949,.T.);
#4282=ORIENTED_EDGE('',*,*,#2603,.F.);
#4283=ORIENTED_EDGE('',*,*,#2949,.F.);
#4284=ORIENTED_EDGE('',*,*,#2581,.F.);
#4285=ORIENTED_EDGE('',*,*,#2950,.T.);
#4286=ORIENTED_EDGE('',*,*,#2502,.F.);
#4287=ORIENTED_EDGE('',*,*,#2950,.F.);
#4288=ORIENTED_EDGE('',*,*,#2534,.F.);
#4289=ORIENTED_EDGE('',*,*,#2951,.T.);
#4290=ORIENTED_EDGE('',*,*,#2602,.F.);
#4291=ORIENTED_EDGE('',*,*,#2951,.F.);
#4292=ORIENTED_EDGE('',*,*,#2582,.F.);
#4293=ORIENTED_EDGE('',*,*,#2952,.T.);
#4294=ORIENTED_EDGE('',*,*,#2501,.F.);
#4295=ORIENTED_EDGE('',*,*,#2952,.F.);
#4296=ORIENTED_EDGE('',*,*,#2535,.F.);
#4297=ORIENTED_EDGE('',*,*,#2953,.T.);
#4298=ORIENTED_EDGE('',*,*,#2601,.F.);
#4299=ORIENTED_EDGE('',*,*,#2953,.F.);
#4300=ORIENTED_EDGE('',*,*,#2583,.F.);
#4301=ORIENTED_EDGE('',*,*,#2954,.T.);
#4302=ORIENTED_EDGE('',*,*,#2500,.F.);
#4303=ORIENTED_EDGE('',*,*,#2954,.F.);
#4304=ORIENTED_EDGE('',*,*,#2955,.F.);
#4305=ORIENTED_EDGE('',*,*,#2598,.F.);
#4306=ORIENTED_EDGE('',*,*,#2777,.F.);
#4307=ORIENTED_EDGE('',*,*,#2540,.F.);
#4308=ORIENTED_EDGE('',*,*,#2687,.F.);
#4309=ORIENTED_EDGE('',*,*,#2599,.F.);
#4310=ORIENTED_EDGE('',*,*,#2955,.T.);
#4311=ORIENTED_EDGE('',*,*,#2539,.F.);
#4312=ORIENTED_EDGE('',*,*,#2508,.T.);
#4313=ORIENTED_EDGE('',*,*,#2707,.T.);
#4314=ORIENTED_EDGE('',*,*,#2496,.T.);
#4315=ORIENTED_EDGE('',*,*,#2779,.T.);
#4316=ORIENTED_EDGE('',*,*,#2781,.T.);
#4317=ORIENTED_EDGE('',*,*,#2492,.T.);
#4318=ORIENTED_EDGE('',*,*,#2783,.T.);
#4319=ORIENTED_EDGE('',*,*,#2512,.T.);
#4320=ORIENTED_EDGE('',*,*,#2778,.T.);
#4321=ORIENTED_EDGE('',*,*,#2494,.F.);
#4322=ORIENTED_EDGE('',*,*,#2780,.T.);
#4323=ORIENTED_EDGE('',*,*,#2510,.F.);
#4324=ORIENTED_EDGE('',*,*,#2515,.F.);
#4325=ORIENTED_EDGE('',*,*,#2784,.T.);
#4326=ORIENTED_EDGE('',*,*,#2489,.F.);
#4327=ORIENTED_EDGE('',*,*,#2948,.F.);
#4328=CYLINDRICAL_SURFACE('',#4645,12.);
#4329=CYLINDRICAL_SURFACE('',#4649,12.);
#4330=CYLINDRICAL_SURFACE('',#4652,12.);
#4331=CYLINDRICAL_SURFACE('',#4655,12.);
#4332=CYLINDRICAL_SURFACE('',#4658,85.0000000000001);
#4333=CYLINDRICAL_SURFACE('',#4703,12.5);
#4334=CYLINDRICAL_SURFACE('',#4708,12.5);
#4335=CYLINDRICAL_SURFACE('',#4711,12.5);
#4336=CYLINDRICAL_SURFACE('',#4714,12.5);
#4337=CYLINDRICAL_SURFACE('',#4715,8.);
#4338=CYLINDRICAL_SURFACE('',#4719,8.);
#4339=CYLINDRICAL_SURFACE('',#4761,10.);
#4340=CYLINDRICAL_SURFACE('',#4763,10.);
#4341=CYLINDRICAL_SURFACE('',#4765,85.0000000000001);
#4342=CYLINDRICAL_SURFACE('',#4767,10.);
#4343=CYLINDRICAL_SURFACE('',#4769,85.0000000000001);
#4344=CYLINDRICAL_SURFACE('',#4771,10.);
#4345=CYLINDRICAL_SURFACE('',#4773,85.0000000000001);
#4346=CYLINDRICAL_SURFACE('',#4775,1.);
#4347=CYLINDRICAL_SURFACE('',#4778,1.);
#4348=CYLINDRICAL_SURFACE('',#4779,1.);
#4349=CYLINDRICAL_SURFACE('',#4782,1.);
#4350=CYLINDRICAL_SURFACE('',#4783,1.);
#4351=CYLINDRICAL_SURFACE('',#4786,12.);
#4352=CYLINDRICAL_SURFACE('',#4791,1.5);
#4353=CYLINDRICAL_SURFACE('',#4793,2.50000000000001);
#4354=CYLINDRICAL_SURFACE('',#4795,2.50000000000001);
#4355=CYLINDRICAL_SURFACE('',#4797,2.50000000000001);
#4356=CYLINDRICAL_SURFACE('',#4800,1.5);
#4357=CYLINDRICAL_SURFACE('',#4802,2.50000000000001);
#4358=CYLINDRICAL_SURFACE('',#4804,2.50000000000001);
#4359=CYLINDRICAL_SURFACE('',#4806,2.50000000000001);
#4360=CYLINDRICAL_SURFACE('',#4809,1.5);
#4361=CYLINDRICAL_SURFACE('',#4811,2.50000000000001);
#4362=CYLINDRICAL_SURFACE('',#4814,2.50000000000002);
#4363=CYLINDRICAL_SURFACE('',#4818,1.5);
#4364=CYLINDRICAL_SURFACE('',#4821,2.50000000000001);
#4365=CYLINDRICAL_SURFACE('',#4824,2.50000000000001);
#4366=CYLINDRICAL_SURFACE('',#4827,2.50000000000001);
#4367=CYLINDRICAL_SURFACE('',#4832,1.5);
#4368=CYLINDRICAL_SURFACE('',#4835,2.50000000000001);
#4369=CYLINDRICAL_SURFACE('',#4838,2.50000000000001);
#4370=CYLINDRICAL_SURFACE('',#4841,2.50000000000001);
#4371=CYLINDRICAL_SURFACE('',#4846,1.5);
#4372=CYLINDRICAL_SURFACE('',#4849,2.50000000000001);
#4373=CYLINDRICAL_SURFACE('',#4853,2.50000000000002);
#4374=CYLINDRICAL_SURFACE('',#4860,1.5);
#4375=CYLINDRICAL_SURFACE('',#4863,2.50000000000001);
#4376=CYLINDRICAL_SURFACE('',#4866,2.50000000000001);
#4377=CYLINDRICAL_SURFACE('',#4869,2.50000000000001);
#4378=CYLINDRICAL_SURFACE('',#4874,1.5);
#4379=CYLINDRICAL_SURFACE('',#4877,2.50000000000001);
#4380=CYLINDRICAL_SURFACE('',#4880,2.50000000000001);
#4381=CYLINDRICAL_SURFACE('',#4883,2.50000000000001);
#4382=CYLINDRICAL_SURFACE('',#4888,1.5);
#4383=CYLINDRICAL_SURFACE('',#4891,2.50000000000001);
#4384=CYLINDRICAL_SURFACE('',#4895,2.50000000000002);
#4385=CYLINDRICAL_SURFACE('',#4902,90.);
#4386=CYLINDRICAL_SURFACE('',#4907,1.5);
#4387=CYLINDRICAL_SURFACE('',#4909,2.50000000000001);
#4388=CYLINDRICAL_SURFACE('',#4911,2.50000000000001);
#4389=CYLINDRICAL_SURFACE('',#4913,2.50000000000001);
#4390=CYLINDRICAL_SURFACE('',#4916,1.5);
#4391=CYLINDRICAL_SURFACE('',#4918,2.50000000000001);
#4392=CYLINDRICAL_SURFACE('',#4920,2.50000000000001);
#4393=CYLINDRICAL_SURFACE('',#4922,2.50000000000001);
#4394=CYLINDRICAL_SURFACE('',#4925,1.5);
#4395=CYLINDRICAL_SURFACE('',#4927,2.50000000000001);
#4396=CYLINDRICAL_SURFACE('',#4930,2.50000000000002);
#4397=CYLINDRICAL_SURFACE('',#4936,88.);
#4398=CYLINDRICAL_SURFACE('',#4937,88.);
#4399=CYLINDRICAL_SURFACE('',#4938,88.);
#4400=CYLINDRICAL_SURFACE('',#4951,10.);
#4401=CYLINDRICAL_SURFACE('',#4953,10.);
#4402=CYLINDRICAL_SURFACE('',#4967,10.);
#4403=CYLINDRICAL_SURFACE('',#4969,10.);
#4404=CYLINDRICAL_SURFACE('',#4971,10.);
#4405=CYLINDRICAL_SURFACE('',#4973,10.);
#4406=CYLINDRICAL_SURFACE('',#4990,12.5);
#4407=CYLINDRICAL_SURFACE('',#4991,12.5);
#4408=CYLINDRICAL_SURFACE('',#4992,12.5);
#4409=CYLINDRICAL_SURFACE('',#4993,12.5);
#4410=CYLINDRICAL_SURFACE('',#4994,12.5);
#4411=CYLINDRICAL_SURFACE('',#4995,12.5);
#4412=ADVANCED_FACE('',(#305),#4328,.F.);
#4413=ADVANCED_FACE('',(#306),#207,.T.);
#4414=ADVANCED_FACE('',(#307),#4329,.F.);
#4415=ADVANCED_FACE('',(#308),#4330,.F.);
#4416=ADVANCED_FACE('',(#309),#4331,.F.);
#4417=ADVANCED_FACE('',(#310),#4332,.F.);
#4418=ADVANCED_FACE('',(#311),#208,.T.);
#4419=ADVANCED_FACE('',(#312),#209,.T.);
#4420=ADVANCED_FACE('',(#313),#210,.T.);
#4421=ADVANCED_FACE('',(#314),#211,.T.);
#4422=ADVANCED_FACE('',(#315),#212,.F.);
#4423=ADVANCED_FACE('',(#316),#213,.F.);
#4424=ADVANCED_FACE('',(#317,#133,#134,#135),#214,.T.);
#4425=ADVANCED_FACE('',(#318,#136,#137,#138),#215,.T.);
#4426=ADVANCED_FACE('',(#319,#139,#140,#141),#216,.T.);
#4427=ADVANCED_FACE('',(#320),#4333,.F.);
#4428=ADVANCED_FACE('',(#321),#4334,.F.);
#4429=ADVANCED_FACE('',(#322),#4335,.F.);
#4430=ADVANCED_FACE('',(#323),#4336,.F.);
#4431=ADVANCED_FACE('',(#324),#4337,.F.);
#4432=ADVANCED_FACE('',(#325),#4338,.F.);
#4433=ADVANCED_FACE('',(#326,#142,#143,#144),#217,.F.);
#4434=ADVANCED_FACE('',(#327),#15,.T.);
#4435=ADVANCED_FACE('',(#328,#145,#146,#147),#218,.T.);
#4436=ADVANCED_FACE('',(#329),#16,.T.);
#4437=ADVANCED_FACE('',(#330,#148,#149,#150,#151,#152,#153,#154,#155,#156,
#157,#158,#159,#160,#161),#219,.T.);
#4438=ADVANCED_FACE('',(#331),#17,.T.);
#4439=ADVANCED_FACE('',(#332,#162,#163,#164,#165,#166,#167,#168,#169,#170,
#171,#172,#173,#174,#175),#220,.T.);
#4440=ADVANCED_FACE('',(#333),#18,.T.);
#4441=ADVANCED_FACE('',(#334),#19,.T.);
#4442=ADVANCED_FACE('',(#335),#20,.T.);
#4443=ADVANCED_FACE('',(#336),#21,.T.);
#4444=ADVANCED_FACE('',(#337),#22,.T.);
#4445=ADVANCED_FACE('',(#338),#23,.T.);
#4446=ADVANCED_FACE('',(#339),#24,.T.);
#4447=ADVANCED_FACE('',(#340),#25,.T.);
#4448=ADVANCED_FACE('',(#341),#26,.T.);
#4449=ADVANCED_FACE('',(#342),#27,.T.);
#4450=ADVANCED_FACE('',(#343),#28,.T.);
#4451=ADVANCED_FACE('',(#344,#176),#29,.T.);
#4452=ADVANCED_FACE('',(#345),#30,.T.);
#4453=ADVANCED_FACE('',(#346,#177),#31,.T.);
#4454=ADVANCED_FACE('',(#347,#178),#32,.T.);
#4455=ADVANCED_FACE('',(#348),#33,.T.);
#4456=ADVANCED_FACE('',(#349,#179),#34,.T.);
#4457=ADVANCED_FACE('',(#350),#35,.T.);
#4458=ADVANCED_FACE('',(#351),#36,.T.);
#4459=ADVANCED_FACE('',(#352),#37,.T.);
#4460=ADVANCED_FACE('',(#353),#38,.T.);
#4461=ADVANCED_FACE('',(#354),#39,.T.);
#4462=ADVANCED_FACE('',(#355),#40,.T.);
#4463=ADVANCED_FACE('',(#356),#41,.T.);
#4464=ADVANCED_FACE('',(#357),#42,.T.);
#4465=ADVANCED_FACE('',(#358,#180),#221,.T.);
#4466=ADVANCED_FACE('',(#359),#222,.F.);
#4467=ADVANCED_FACE('',(#360),#223,.F.);
#4468=ADVANCED_FACE('',(#361),#224,.T.);
#4469=ADVANCED_FACE('',(#362),#225,.T.);
#4470=ADVANCED_FACE('',(#363),#4339,.F.);
#4471=ADVANCED_FACE('',(#364),#226,.T.);
#4472=ADVANCED_FACE('',(#365),#4340,.F.);
#4473=ADVANCED_FACE('',(#366),#4341,.F.);
#4474=ADVANCED_FACE('',(#367),#4342,.F.);
#4475=ADVANCED_FACE('',(#368),#4343,.F.);
#4476=ADVANCED_FACE('',(#369),#4344,.F.);
#4477=ADVANCED_FACE('',(#370),#4345,.F.);
#4478=ADVANCED_FACE('',(#371),#4346,.T.);
#4479=ADVANCED_FACE('',(#372),#227,.F.);
#4480=ADVANCED_FACE('',(#373),#4347,.T.);
#4481=ADVANCED_FACE('',(#374),#4348,.T.);
#4482=ADVANCED_FACE('',(#375),#228,.F.);
#4483=ADVANCED_FACE('',(#376),#4349,.T.);
#4484=ADVANCED_FACE('',(#377),#4350,.T.);
#4485=ADVANCED_FACE('',(#378),#229,.F.);
#4486=ADVANCED_FACE('',(#379),#4351,.F.);
#4487=ADVANCED_FACE('',(#380),#230,.F.);
#4488=ADVANCED_FACE('',(#381),#231,.F.);
#4489=ADVANCED_FACE('',(#382),#232,.F.);
#4490=ADVANCED_FACE('',(#383),#233,.T.);
#4491=ADVANCED_FACE('',(#384),#4352,.F.);
#4492=ADVANCED_FACE('',(#385),#4353,.F.);
#4493=ADVANCED_FACE('',(#386),#4354,.F.);
#4494=ADVANCED_FACE('',(#387),#4355,.T.);
#4495=ADVANCED_FACE('',(#388,#181),#234,.T.);
#4496=ADVANCED_FACE('',(#389),#4356,.F.);
#4497=ADVANCED_FACE('',(#390),#4357,.F.);
#4498=ADVANCED_FACE('',(#391),#4358,.F.);
#4499=ADVANCED_FACE('',(#392),#4359,.T.);
#4500=ADVANCED_FACE('',(#393,#182),#235,.T.);
#4501=ADVANCED_FACE('',(#394),#4360,.F.);
#4502=ADVANCED_FACE('',(#395),#4361,.F.);
#4503=ADVANCED_FACE('',(#396),#236,.T.);
#4504=ADVANCED_FACE('',(#397),#4362,.T.);
#4505=ADVANCED_FACE('',(#398,#183),#237,.T.);
#4506=ADVANCED_FACE('',(#399),#4363,.F.);
#4507=ADVANCED_FACE('',(#400),#4364,.F.);
#4508=ADVANCED_FACE('',(#401),#4365,.F.);
#4509=ADVANCED_FACE('',(#402),#4366,.T.);
#4510=ADVANCED_FACE('',(#403,#184),#238,.T.);
#4511=ADVANCED_FACE('',(#404,#185),#239,.F.);
#4512=ADVANCED_FACE('',(#405),#4367,.F.);
#4513=ADVANCED_FACE('',(#406),#4368,.F.);
#4514=ADVANCED_FACE('',(#407),#4369,.F.);
#4515=ADVANCED_FACE('',(#408),#4370,.T.);
#4516=ADVANCED_FACE('',(#409,#186),#240,.T.);
#4517=ADVANCED_FACE('',(#410,#187),#241,.F.);
#4518=ADVANCED_FACE('',(#411),#4371,.F.);
#4519=ADVANCED_FACE('',(#412),#4372,.F.);
#4520=ADVANCED_FACE('',(#413),#242,.T.);
#4521=ADVANCED_FACE('',(#414),#4373,.T.);
#4522=ADVANCED_FACE('',(#415,#188),#243,.T.);
#4523=ADVANCED_FACE('',(#416,#189),#244,.F.);
#4524=ADVANCED_FACE('',(#417),#4374,.F.);
#4525=ADVANCED_FACE('',(#418),#4375,.F.);
#4526=ADVANCED_FACE('',(#419),#4376,.F.);
#4527=ADVANCED_FACE('',(#420),#4377,.T.);
#4528=ADVANCED_FACE('',(#421,#190),#245,.T.);
#4529=ADVANCED_FACE('',(#422,#191),#246,.F.);
#4530=ADVANCED_FACE('',(#423),#4378,.F.);
#4531=ADVANCED_FACE('',(#424),#4379,.F.);
#4532=ADVANCED_FACE('',(#425),#4380,.F.);
#4533=ADVANCED_FACE('',(#426),#4381,.T.);
#4534=ADVANCED_FACE('',(#427,#192),#247,.T.);
#4535=ADVANCED_FACE('',(#428,#193),#248,.F.);
#4536=ADVANCED_FACE('',(#429),#4382,.F.);
#4537=ADVANCED_FACE('',(#430),#4383,.F.);
#4538=ADVANCED_FACE('',(#431),#249,.T.);
#4539=ADVANCED_FACE('',(#432),#4384,.T.);
#4540=ADVANCED_FACE('',(#433,#194),#250,.T.);
#4541=ADVANCED_FACE('',(#434,#195),#251,.F.);
#4542=ADVANCED_FACE('',(#435),#4385,.T.);
#4543=ADVANCED_FACE('',(#436),#252,.T.);
#4544=ADVANCED_FACE('',(#437),#253,.T.);
#4545=ADVANCED_FACE('',(#438),#254,.T.);
#4546=ADVANCED_FACE('',(#439),#4386,.F.);
#4547=ADVANCED_FACE('',(#440),#4387,.F.);
#4548=ADVANCED_FACE('',(#441),#4388,.F.);
#4549=ADVANCED_FACE('',(#442),#4389,.T.);
#4550=ADVANCED_FACE('',(#443,#196),#255,.F.);
#4551=ADVANCED_FACE('',(#444),#4390,.F.);
#4552=ADVANCED_FACE('',(#445),#4391,.F.);
#4553=ADVANCED_FACE('',(#446),#4392,.F.);
#4554=ADVANCED_FACE('',(#447),#4393,.T.);
#4555=ADVANCED_FACE('',(#448,#197),#256,.F.);
#4556=ADVANCED_FACE('',(#449),#4394,.F.);
#4557=ADVANCED_FACE('',(#450),#4395,.F.);
#4558=ADVANCED_FACE('',(#451),#257,.T.);
#4559=ADVANCED_FACE('',(#452),#4396,.T.);
#4560=ADVANCED_FACE('',(#453,#198),#258,.F.);
#4561=ADVANCED_FACE('',(#454),#259,.T.);
#4562=ADVANCED_FACE('',(#455),#260,.T.);
#4563=ADVANCED_FACE('',(#456),#261,.T.);
#4564=ADVANCED_FACE('',(#457),#4397,.F.);
#4565=ADVANCED_FACE('',(#458),#4398,.F.);
#4566=ADVANCED_FACE('',(#459),#4399,.F.);
#4567=ADVANCED_FACE('',(#460),#262,.F.);
#4568=ADVANCED_FACE('',(#461),#263,.F.);
#4569=ADVANCED_FACE('',(#462),#264,.F.);
#4570=ADVANCED_FACE('',(#463),#265,.F.);
#4571=ADVANCED_FACE('',(#464),#266,.F.);
#4572=ADVANCED_FACE('',(#465),#267,.F.);
#4573=ADVANCED_FACE('',(#466),#268,.F.);
#4574=ADVANCED_FACE('',(#467),#269,.F.);
#4575=ADVANCED_FACE('',(#468),#270,.F.);
#4576=ADVANCED_FACE('',(#469),#271,.F.);
#4577=ADVANCED_FACE('',(#470),#272,.F.);
#4578=ADVANCED_FACE('',(#471),#273,.F.);
#4579=ADVANCED_FACE('',(#472),#4400,.F.);
#4580=ADVANCED_FACE('',(#473),#4401,.F.);
#4581=ADVANCED_FACE('',(#474),#274,.F.);
#4582=ADVANCED_FACE('',(#475),#275,.F.);
#4583=ADVANCED_FACE('',(#476),#276,.F.);
#4584=ADVANCED_FACE('',(#477),#277,.F.);
#4585=ADVANCED_FACE('',(#478),#278,.F.);
#4586=ADVANCED_FACE('',(#479),#279,.F.);
#4587=ADVANCED_FACE('',(#480),#280,.F.);
#4588=ADVANCED_FACE('',(#481),#281,.F.);
#4589=ADVANCED_FACE('',(#482),#282,.F.);
#4590=ADVANCED_FACE('',(#483),#283,.F.);
#4591=ADVANCED_FACE('',(#484),#284,.F.);
#4592=ADVANCED_FACE('',(#485),#285,.F.);
#4593=ADVANCED_FACE('',(#486),#4402,.F.);
#4594=ADVANCED_FACE('',(#487),#4403,.F.);
#4595=ADVANCED_FACE('',(#488),#4404,.F.);
#4596=ADVANCED_FACE('',(#489),#4405,.F.);
#4597=ADVANCED_FACE('',(#490),#286,.F.);
#4598=ADVANCED_FACE('',(#491),#287,.F.);
#4599=ADVANCED_FACE('',(#492,#199),#288,.F.);
#4600=ADVANCED_FACE('',(#493),#289,.F.);
#4601=ADVANCED_FACE('',(#494,#200),#290,.F.);
#4602=ADVANCED_FACE('',(#495,#201),#291,.F.);
#4603=ADVANCED_FACE('',(#496),#292,.T.);
#4604=ADVANCED_FACE('',(#497),#293,.T.);
#4605=ADVANCED_FACE('',(#498),#294,.T.);
#4606=ADVANCED_FACE('',(#499,#202),#295,.T.);
#4607=ADVANCED_FACE('',(#500,#203),#296,.T.);
#4608=ADVANCED_FACE('',(#501,#204),#297,.T.);
#4609=ADVANCED_FACE('',(#502),#298,.T.);
#4610=ADVANCED_FACE('',(#503),#299,.T.);
#4611=ADVANCED_FACE('',(#504),#300,.T.);
#4612=ADVANCED_FACE('',(#505),#4406,.F.);
#4613=ADVANCED_FACE('',(#506),#4407,.F.);
#4614=ADVANCED_FACE('',(#507),#4408,.F.);
#4615=ADVANCED_FACE('',(#508),#4409,.F.);
#4616=ADVANCED_FACE('',(#509),#4410,.F.);
#4617=ADVANCED_FACE('',(#510),#4411,.F.);
#4618=ADVANCED_FACE('',(#511),#301,.T.);
#4619=ADVANCED_FACE('',(#512,#205,#206),#302,.T.);
#4620=ADVANCED_FACE('',(#513),#303,.T.);
#4621=ADVANCED_FACE('',(#514),#304,.T.);
#4622=CLOSED_SHELL('',(#4412,#4413,#4414,#4415,#4416,#4417,#4418,#4419,
#4420,#4421,#4422,#4423,#4424,#4425,#4426,#4427,#4428,#4429,#4430,#4431,
#4432,#4433,#4434,#4435,#4436,#4437,#4438,#4439,#4440,#4441,#4442,#4443,
#4444,#4445,#4446,#4447,#4448,#4449,#4450,#4451,#4452,#4453,#4454,#4455,
#4456,#4457,#4458,#4459,#4460,#4461,#4462,#4463,#4464,#4465,#4466,#4467,
#4468,#4469,#4470,#4471,#4472,#4473,#4474,#4475,#4476,#4477,#4478,#4479,
#4480,#4481,#4482,#4483,#4484,#4485,#4486,#4487,#4488,#4489,#4490,#4491,
#4492,#4493,#4494,#4495,#4496,#4497,#4498,#4499,#4500,#4501,#4502,#4503,
#4504,#4505,#4506,#4507,#4508,#4509,#4510,#4511,#4512,#4513,#4514,#4515,
#4516,#4517,#4518,#4519,#4520,#4521,#4522,#4523,#4524,#4525,#4526,#4527,
#4528,#4529,#4530,#4531,#4532,#4533,#4534,#4535,#4536,#4537,#4538,#4539,
#4540,#4541,#4542,#4543,#4544,#4545,#4546,#4547,#4548,#4549,#4550,#4551,
#4552,#4553,#4554,#4555,#4556,#4557,#4558,#4559,#4560,#4561,#4562,#4563,
#4564,#4565,#4566,#4567,#4568,#4569,#4570,#4571,#4572,#4573,#4574,#4575,
#4576,#4577,#4578,#4579,#4580,#4581,#4582,#4583,#4584,#4585,#4586,#4587,
#4588,#4589,#4590,#4591,#4592,#4593,#4594,#4595,#4596,#4597,#4598,#4599,
#4600,#4601,#4602,#4603,#4604,#4605,#4606,#4607,#4608,#4609,#4610,#4611,
#4612,#4613,#4614,#4615,#4616,#4617,#4618,#4619,#4620,#4621));
#4623=DERIVED_UNIT_ELEMENT(#4626,1.);
#4624=DERIVED_UNIT_ELEMENT(#10648,-3.);
#4625=DIMENSIONAL_EXPONENTS(0.,1.,0.,0.,0.,0.,0.);
#4626=(
CONVERSION_BASED_UNIT('gram',#4628)
MASS_UNIT()
NAMED_UNIT(#4625)
);
#4627=(
MASS_UNIT()
NAMED_UNIT(*)
SI_UNIT(.KILO.,.GRAM.)
);
#4628=MASS_MEASURE_WITH_UNIT(MASS_MEASURE(0.001),#4627);
#4629=DERIVED_UNIT((#4623,#4624));
#4630=MEASURE_REPRESENTATION_ITEM('density measure',
POSITIVE_RATIO_MEASURE(1.),#4629);
#4631=PROPERTY_DEFINITION_REPRESENTATION(#4636,#4633);
#4632=PROPERTY_DEFINITION_REPRESENTATION(#4637,#4634);
#4633=REPRESENTATION('material name',(#4635),#10645);
#4634=REPRESENTATION('density',(#4630),#10645);
#4635=DESCRIPTIVE_REPRESENTATION_ITEM('Generic','Generic');
#4636=PROPERTY_DEFINITION('material property','material name',#10655);
#4637=PROPERTY_DEFINITION('material property','density of part',#10655);
#4638=DATE_TIME_ROLE('creation_date');
#4639=APPLIED_DATE_AND_TIME_ASSIGNMENT(#4640,#4638,(#10655));
#4640=DATE_AND_TIME(#4641,#4642);
#4641=CALENDAR_DATE(2026,4,5);
#4642=LOCAL_TIME(0,0,0.,#4643);
#4643=COORDINATED_UNIVERSAL_TIME_OFFSET(0,0,.BEHIND.);
#4644=AXIS2_PLACEMENT_3D('',#6135,#5000,#5001);
#4645=AXIS2_PLACEMENT_3D('',#6136,#5002,#5003);
#4646=AXIS2_PLACEMENT_3D('',#6139,#5004,#5005);
#4647=AXIS2_PLACEMENT_3D('',#6143,#5007,#5008);
#4648=AXIS2_PLACEMENT_3D('',#6145,#5010,#5011);
#4649=AXIS2_PLACEMENT_3D('',#6175,#5027,#5028);
#4650=AXIS2_PLACEMENT_3D('',#6177,#5029,#5030);
#4651=AXIS2_PLACEMENT_3D('',#6179,#5031,#5032);
#4652=AXIS2_PLACEMENT_3D('',#6181,#5034,#5035);
#4653=AXIS2_PLACEMENT_3D('',#6183,#5036,#5037);
#4654=AXIS2_PLACEMENT_3D('',#6185,#5038,#5039);
#4655=AXIS2_PLACEMENT_3D('',#6187,#5041,#5042);
#4656=AXIS2_PLACEMENT_3D('',#6189,#5043,#5044);
#4657=AXIS2_PLACEMENT_3D('',#6192,#5046,#5047);
#4658=AXIS2_PLACEMENT_3D('',#6193,#5048,#5049);
#4659=AXIS2_PLACEMENT_3D('',#6195,#5050,#5051);
#4660=AXIS2_PLACEMENT_3D('',#6198,#5053,#5054);
#4661=AXIS2_PLACEMENT_3D('',#6199,#5055,#5056);
#4662=AXIS2_PLACEMENT_3D('',#6205,#5060,#5061);
#4663=AXIS2_PLACEMENT_3D('',#6211,#5065,#5066);
#4664=AXIS2_PLACEMENT_3D('',#6217,#5070,#5071);
#4665=AXIS2_PLACEMENT_3D('',#6223,#5075,#5076);
#4666=AXIS2_PLACEMENT_3D('',#6225,#5077,#5078);
#4667=AXIS2_PLACEMENT_3D('',#6227,#5079,#5080);
#4668=AXIS2_PLACEMENT_3D('',#6269,#5101,#5102);
#4669=AXIS2_PLACEMENT_3D('',#6273,#5105,#5106);
#4670=AXIS2_PLACEMENT_3D('',#6279,#5109,#5110);
#4671=AXIS2_PLACEMENT_3D('',#6321,#5131,#5132);
#4672=AXIS2_PLACEMENT_3D('',#6322,#5133,#5134);
#4673=AXIS2_PLACEMENT_3D('',#6323,#5135,#5136);
#4674=AXIS2_PLACEMENT_3D('',#6327,#5138,#5139);
#4675=AXIS2_PLACEMENT_3D('',#6331,#5141,#5142);
#4676=AXIS2_PLACEMENT_3D('',#6333,#5143,#5144);
#4677=AXIS2_PLACEMENT_3D('',#6337,#5146,#5147);
#4678=AXIS2_PLACEMENT_3D('',#6339,#5148,#5149);
#4679=AXIS2_PLACEMENT_3D('',#6341,#5150,#5151);
#4680=AXIS2_PLACEMENT_3D('',#6349,#5155,#5156);
#4681=AXIS2_PLACEMENT_3D('',#6351,#5157,#5158);
#4682=AXIS2_PLACEMENT_3D('',#6353,#5159,#5160);
#4683=AXIS2_PLACEMENT_3D('',#6359,#5163,#5164);
#4684=AXIS2_PLACEMENT_3D('',#6360,#5165,#5166);
#4685=AXIS2_PLACEMENT_3D('',#6362,#5167,#5168);
#4686=AXIS2_PLACEMENT_3D('',#6364,#5169,#5170);
#4687=AXIS2_PLACEMENT_3D('',#6366,#5171,#5172);
#4688=AXIS2_PLACEMENT_3D('',#6367,#5173,#5174);
#4689=AXIS2_PLACEMENT_3D('',#6406,#5196,#5197);
#4690=AXIS2_PLACEMENT_3D('',#6408,#5198,#5199);
#4691=AXIS2_PLACEMENT_3D('',#6414,#5202,#5203);
#4692=AXIS2_PLACEMENT_3D('',#6416,#5204,#5205);
#4693=AXIS2_PLACEMENT_3D('',#6418,#5206,#5207);
#4694=AXIS2_PLACEMENT_3D('',#6429,#5210,#5211);
#4695=AXIS2_PLACEMENT_3D('',#6431,#5212,#5213);
#4696=AXIS2_PLACEMENT_3D('',#6433,#5214,#5215);
#4697=AXIS2_PLACEMENT_3D('',#6437,#5217,#5218);
#4698=AXIS2_PLACEMENT_3D('',#6439,#5219,#5220);
#4699=AXIS2_PLACEMENT_3D('',#6442,#5222,#5223);
#4700=AXIS2_PLACEMENT_3D('',#6444,#5224,#5225);
#4701=AXIS2_PLACEMENT_3D('',#6446,#5226,#5227);
#4702=AXIS2_PLACEMENT_3D('',#6448,#5228,#5229);
#4703=AXIS2_PLACEMENT_3D('',#6449,#5230,#5231);
#4704=AXIS2_PLACEMENT_3D('',#6452,#5232,#5233);
#4705=AXIS2_PLACEMENT_3D('',#6474,#5234,#5235);
#4706=AXIS2_PLACEMENT_3D('',#6509,#5237,#5238);
#4707=AXIS2_PLACEMENT_3D('',#6538,#5239,#5240);
#4708=AXIS2_PLACEMENT_3D('',#6558,#5241,#5242);
#4709=AXIS2_PLACEMENT_3D('',#6592,#5243,#5244);
#4710=AXIS2_PLACEMENT_3D('',#6657,#5246,#5247);
#4711=AXIS2_PLACEMENT_3D('',#6688,#5248,#5249);
#4712=AXIS2_PLACEMENT_3D('',#6691,#5250,#5251);
#4713=AXIS2_PLACEMENT_3D('',#6692,#5252,#5253);
#4714=AXIS2_PLACEMENT_3D('',#6744,#5255,#5256);
#4715=AXIS2_PLACEMENT_3D('',#6844,#5258,#5259);
#4716=AXIS2_PLACEMENT_3D('',#6847,#5260,#5261);
#4717=AXIS2_PLACEMENT_3D('',#6849,#5262,#5263);
#4718=AXIS2_PLACEMENT_3D('',#6850,#5264,#5265);
#4719=AXIS2_PLACEMENT_3D('',#6907,#5267,#5268);
#4720=AXIS2_PLACEMENT_3D('',#7017,#5270,#5271);
#4721=AXIS2_PLACEMENT_3D('',#7026,#5276,#5277);
#4722=AXIS2_PLACEMENT_3D('',#7030,#5279,#5280);
#4723=AXIS2_PLACEMENT_3D('',#7038,#5284,#5285);
#4724=AXIS2_PLACEMENT_3D('',#7041,#5287,#5288);
#4725=AXIS2_PLACEMENT_3D('',#7047,#5291,#5292);
#4726=AXIS2_PLACEMENT_3D('',#7072,#5305,#5306);
#4727=AXIS2_PLACEMENT_3D('',#7074,#5307,#5308);
#4728=AXIS2_PLACEMENT_3D('',#7076,#5309,#5310);
#4729=AXIS2_PLACEMENT_3D('',#7102,#5311,#5312);
#4730=AXIS2_PLACEMENT_3D('',#7128,#5325,#5326);
#4731=AXIS2_PLACEMENT_3D('',#7133,#5329,#5330);
#4732=AXIS2_PLACEMENT_3D('',#7137,#5332,#5333);
#4733=AXIS2_PLACEMENT_3D('',#7145,#5337,#5338);
#4734=AXIS2_PLACEMENT_3D('',#7148,#5340,#5341);
#4735=AXIS2_PLACEMENT_3D('',#7157,#5346,#5347);
#4736=AXIS2_PLACEMENT_3D('',#7159,#5348,#5349);
#4737=AXIS2_PLACEMENT_3D('',#7161,#5350,#5351);
#4738=AXIS2_PLACEMENT_3D('',#7187,#5352,#5353);
#4739=AXIS2_PLACEMENT_3D('',#7194,#5357,#5358);
#4740=AXIS2_PLACEMENT_3D('',#7242,#5385,#5386);
#4741=AXIS2_PLACEMENT_3D('',#7262,#5397,#5398);
#4742=AXIS2_PLACEMENT_3D('',#7264,#5399,#5400);
#4743=AXIS2_PLACEMENT_3D('',#7266,#5401,#5402);
#4744=AXIS2_PLACEMENT_3D('',#7268,#5403,#5404);
#4745=AXIS2_PLACEMENT_3D('',#7270,#5405,#5406);
#4746=AXIS2_PLACEMENT_3D('',#7296,#5407,#5408);
#4747=AXIS2_PLACEMENT_3D('',#7335,#5417,#5418);
#4748=AXIS2_PLACEMENT_3D('',#7342,#5422,#5423);
#4749=AXIS2_PLACEMENT_3D('',#7344,#5424,#5425);
#4750=AXIS2_PLACEMENT_3D('',#7346,#5426,#5427);
#4751=AXIS2_PLACEMENT_3D('',#7348,#5428,#5429);
#4752=AXIS2_PLACEMENT_3D('',#7350,#5430,#5431);
#4753=AXIS2_PLACEMENT_3D('',#7370,#5442,#5443);
#4754=AXIS2_PLACEMENT_3D('',#10104,#5465,#5466);
#4755=AXIS2_PLACEMENT_3D('',#10105,#5467,#5468);
#4756=AXIS2_PLACEMENT_3D('',#10107,#5470,#5471);
#4757=AXIS2_PLACEMENT_3D('',#10109,#5473,#5474);
#4758=AXIS2_PLACEMENT_3D('',#10113,#5476,#5477);
#4759=AXIS2_PLACEMENT_3D('',#10135,#5491,#5492);
#4760=AXIS2_PLACEMENT_3D('',#10136,#5493,#5494);
#4761=AXIS2_PLACEMENT_3D('',#10138,#5496,#5497);
#4762=AXIS2_PLACEMENT_3D('',#10140,#5499,#5500);
#4763=AXIS2_PLACEMENT_3D('',#10156,#5510,#5511);
#4764=AXIS2_PLACEMENT_3D('',#10159,#5513,#5514);
#4765=AXIS2_PLACEMENT_3D('',#10160,#5515,#5516);
#4766=AXIS2_PLACEMENT_3D('',#10161,#5517,#5518);
#4767=AXIS2_PLACEMENT_3D('',#10162,#5519,#5520);
#4768=AXIS2_PLACEMENT_3D('',#10164,#5521,#5522);
#4769=AXIS2_PLACEMENT_3D('',#10166,#5524,#5525);
#4770=AXIS2_PLACEMENT_3D('',#10167,#5526,#5527);
#4771=AXIS2_PLACEMENT_3D('',#10168,#5528,#5529);
#4772=AXIS2_PLACEMENT_3D('',#10170,#5530,#5531);
#4773=AXIS2_PLACEMENT_3D('',#10172,#5533,#5534);
#4774=AXIS2_PLACEMENT_3D('',#10173,#5535,#5536);
#4775=AXIS2_PLACEMENT_3D('',#10174,#5537,#5538);
#4776=AXIS2_PLACEMENT_3D('',#10177,#5541,#5542);
#4777=AXIS2_PLACEMENT_3D('',#10198,#5555,#5556);
#4778=AXIS2_PLACEMENT_3D('',#10200,#5558,#5559);
#4779=AXIS2_PLACEMENT_3D('',#10202,#5561,#5562);
#4780=AXIS2_PLACEMENT_3D('',#10205,#5565,#5566);
#4781=AXIS2_PLACEMENT_3D('',#10226,#5579,#5580);
#4782=AXIS2_PLACEMENT_3D('',#10228,#5582,#5583);
#4783=AXIS2_PLACEMENT_3D('',#10230,#5585,#5586);
#4784=AXIS2_PLACEMENT_3D('',#10233,#5589,#5590);
#4785=AXIS2_PLACEMENT_3D('',#10237,#5592,#5593);
#4786=AXIS2_PLACEMENT_3D('',#10256,#5606,#5607);
#4787=AXIS2_PLACEMENT_3D('',#10258,#5609,#5610);
#4788=AXIS2_PLACEMENT_3D('',#10261,#5613,#5614);
#4789=AXIS2_PLACEMENT_3D('',#10264,#5617,#5618);
#4790=AXIS2_PLACEMENT_3D('',#10267,#5621,#5622);
#4791=AXIS2_PLACEMENT_3D('',#10269,#5624,#5625);
#4792=AXIS2_PLACEMENT_3D('',#10272,#5627,#5628);
#4793=AXIS2_PLACEMENT_3D('',#10273,#5629,#5630);
#4794=AXIS2_PLACEMENT_3D('',#10275,#5631,#5632);
#4795=AXIS2_PLACEMENT_3D('',#10277,#5634,#5635);
#4796=AXIS2_PLACEMENT_3D('',#10279,#5636,#5637);
#4797=AXIS2_PLACEMENT_3D('',#10281,#5639,#5640);
#4798=AXIS2_PLACEMENT_3D('',#10282,#5641,#5642);
#4799=AXIS2_PLACEMENT_3D('',#10283,#5643,#5644);
#4800=AXIS2_PLACEMENT_3D('',#10284,#5645,#5646);
#4801=AXIS2_PLACEMENT_3D('',#10287,#5648,#5649);
#4802=AXIS2_PLACEMENT_3D('',#10288,#5650,#5651);
#4803=AXIS2_PLACEMENT_3D('',#10290,#5652,#5653);
#4804=AXIS2_PLACEMENT_3D('',#10292,#5655,#5656);
#4805=AXIS2_PLACEMENT_3D('',#10294,#5657,#5658);
#4806=AXIS2_PLACEMENT_3D('',#10296,#5660,#5661);
#4807=AXIS2_PLACEMENT_3D('',#10297,#5662,#5663);
#4808=AXIS2_PLACEMENT_3D('',#10298,#5664,#5665);
#4809=AXIS2_PLACEMENT_3D('',#10299,#5666,#5667);
#4810=AXIS2_PLACEMENT_3D('',#10302,#5669,#5670);
#4811=AXIS2_PLACEMENT_3D('',#10303,#5671,#5672);
#4812=AXIS2_PLACEMENT_3D('',#10306,#5673,#5674);
#4813=AXIS2_PLACEMENT_3D('',#10309,#5677,#5678);
#4814=AXIS2_PLACEMENT_3D('',#10313,#5681,#5682);
#4815=AXIS2_PLACEMENT_3D('',#10314,#5683,#5684);
#4816=AXIS2_PLACEMENT_3D('',#10315,#5685,#5686);
#4817=AXIS2_PLACEMENT_3D('',#10318,#5688,#5689);
#4818=AXIS2_PLACEMENT_3D('',#10319,#5690,#5691);
#4819=AXIS2_PLACEMENT_3D('',#10321,#5692,#5693);
#4820=AXIS2_PLACEMENT_3D('',#10324,#5695,#5696);
#4821=AXIS2_PLACEMENT_3D('',#10325,#5697,#5698);
#4822=AXIS2_PLACEMENT_3D('',#10327,#5699,#5700);
#4823=AXIS2_PLACEMENT_3D('',#10330,#5702,#5703);
#4824=AXIS2_PLACEMENT_3D('',#10331,#5704,#5705);
#4825=AXIS2_PLACEMENT_3D('',#10333,#5706,#5707);
#4826=AXIS2_PLACEMENT_3D('',#10335,#5708,#5709);
#4827=AXIS2_PLACEMENT_3D('',#10337,#5711,#5712);
#4828=AXIS2_PLACEMENT_3D('',#10338,#5713,#5714);
#4829=AXIS2_PLACEMENT_3D('',#10339,#5715,#5716);
#4830=AXIS2_PLACEMENT_3D('',#10340,#5717,#5718);
#4831=AXIS2_PLACEMENT_3D('',#10341,#5719,#5720);
#4832=AXIS2_PLACEMENT_3D('',#10342,#5721,#5722);
#4833=AXIS2_PLACEMENT_3D('',#10344,#5723,#5724);
#4834=AXIS2_PLACEMENT_3D('',#10347,#5726,#5727);
#4835=AXIS2_PLACEMENT_3D('',#10348,#5728,#5729);
#4836=AXIS2_PLACEMENT_3D('',#10350,#5730,#5731);
#4837=AXIS2_PLACEMENT_3D('',#10353,#5733,#5734);
#4838=AXIS2_PLACEMENT_3D('',#10354,#5735,#5736);
#4839=AXIS2_PLACEMENT_3D('',#10356,#5737,#5738);
#4840=AXIS2_PLACEMENT_3D('',#10358,#5739,#5740);
#4841=AXIS2_PLACEMENT_3D('',#10360,#5742,#5743);
#4842=AXIS2_PLACEMENT_3D('',#10361,#5744,#5745);
#4843=AXIS2_PLACEMENT_3D('',#10362,#5746,#5747);
#4844=AXIS2_PLACEMENT_3D('',#10363,#5748,#5749);
#4845=AXIS2_PLACEMENT_3D('',#10364,#5750,#5751);
#4846=AXIS2_PLACEMENT_3D('',#10365,#5752,#5753);
#4847=AXIS2_PLACEMENT_3D('',#10367,#5754,#5755);
#4848=AXIS2_PLACEMENT_3D('',#10370,#5757,#5758);
#4849=AXIS2_PLACEMENT_3D('',#10371,#5759,#5760);
#4850=AXIS2_PLACEMENT_3D('',#10374,#5761,#5762);
#4851=AXIS2_PLACEMENT_3D('',#10378,#5764,#5765);
#4852=AXIS2_PLACEMENT_3D('',#10380,#5767,#5768);
#4853=AXIS2_PLACEMENT_3D('',#10386,#5772,#5773);
#4854=AXIS2_PLACEMENT_3D('',#10387,#5774,#5775);
#4855=AXIS2_PLACEMENT_3D('',#10388,#5776,#5777);
#4856=AXIS2_PLACEMENT_3D('',#10389,#5778,#5779);
#4857=AXIS2_PLACEMENT_3D('',#10392,#5781,#5782);
#4858=AXIS2_PLACEMENT_3D('',#10393,#5783,#5784);
#4859=AXIS2_PLACEMENT_3D('',#10396,#5786,#5787);
#4860=AXIS2_PLACEMENT_3D('',#10397,#5788,#5789);
#4861=AXIS2_PLACEMENT_3D('',#10399,#5790,#5791);
#4862=AXIS2_PLACEMENT_3D('',#10402,#5793,#5794);
#4863=AXIS2_PLACEMENT_3D('',#10403,#5795,#5796);
#4864=AXIS2_PLACEMENT_3D('',#10405,#5797,#5798);
#4865=AXIS2_PLACEMENT_3D('',#10408,#5800,#5801);
#4866=AXIS2_PLACEMENT_3D('',#10409,#5802,#5803);
#4867=AXIS2_PLACEMENT_3D('',#10411,#5804,#5805);
#4868=AXIS2_PLACEMENT_3D('',#10413,#5806,#5807);
#4869=AXIS2_PLACEMENT_3D('',#10415,#5809,#5810);
#4870=AXIS2_PLACEMENT_3D('',#10416,#5811,#5812);
#4871=AXIS2_PLACEMENT_3D('',#10417,#5813,#5814);
#4872=AXIS2_PLACEMENT_3D('',#10418,#5815,#5816);
#4873=AXIS2_PLACEMENT_3D('',#10419,#5817,#5818);
#4874=AXIS2_PLACEMENT_3D('',#10420,#5819,#5820);
#4875=AXIS2_PLACEMENT_3D('',#10422,#5821,#5822);
#4876=AXIS2_PLACEMENT_3D('',#10425,#5824,#5825);
#4877=AXIS2_PLACEMENT_3D('',#10426,#5826,#5827);
#4878=AXIS2_PLACEMENT_3D('',#10428,#5828,#5829);
#4879=AXIS2_PLACEMENT_3D('',#10431,#5831,#5832);
#4880=AXIS2_PLACEMENT_3D('',#10432,#5833,#5834);
#4881=AXIS2_PLACEMENT_3D('',#10434,#5835,#5836);
#4882=AXIS2_PLACEMENT_3D('',#10436,#5837,#5838);
#4883=AXIS2_PLACEMENT_3D('',#10438,#5840,#5841);
#4884=AXIS2_PLACEMENT_3D('',#10439,#5842,#5843);
#4885=AXIS2_PLACEMENT_3D('',#10440,#5844,#5845);
#4886=AXIS2_PLACEMENT_3D('',#10441,#5846,#5847);
#4887=AXIS2_PLACEMENT_3D('',#10442,#5848,#5849);
#4888=AXIS2_PLACEMENT_3D('',#10443,#5850,#5851);
#4889=AXIS2_PLACEMENT_3D('',#10445,#5852,#5853);
#4890=AXIS2_PLACEMENT_3D('',#10448,#5855,#5856);
#4891=AXIS2_PLACEMENT_3D('',#10449,#5857,#5858);
#4892=AXIS2_PLACEMENT_3D('',#10452,#5859,#5860);
#4893=AXIS2_PLACEMENT_3D('',#10456,#5862,#5863);
#4894=AXIS2_PLACEMENT_3D('',#10458,#5865,#5866);
#4895=AXIS2_PLACEMENT_3D('',#10464,#5870,#5871);
#4896=AXIS2_PLACEMENT_3D('',#10465,#5872,#5873);
#4897=AXIS2_PLACEMENT_3D('',#10466,#5874,#5875);
#4898=AXIS2_PLACEMENT_3D('',#10467,#5876,#5877);
#4899=AXIS2_PLACEMENT_3D('',#10470,#5879,#5880);
#4900=AXIS2_PLACEMENT_3D('',#10471,#5881,#5882);
#4901=AXIS2_PLACEMENT_3D('',#10474,#5884,#5885);
#4902=AXIS2_PLACEMENT_3D('',#10475,#5886,#5887);
#4903=AXIS2_PLACEMENT_3D('',#10481,#5891,#5892);
#4904=AXIS2_PLACEMENT_3D('',#10483,#5894,#5895);
#4905=AXIS2_PLACEMENT_3D('',#10485,#5897,#5898);
#4906=AXIS2_PLACEMENT_3D('',#10486,#5899,#5900);
#4907=AXIS2_PLACEMENT_3D('',#10487,#5901,#5902);
#4908=AXIS2_PLACEMENT_3D('',#10489,#5903,#5904);
#4909=AXIS2_PLACEMENT_3D('',#10491,#5906,#5907);
#4910=AXIS2_PLACEMENT_3D('',#10494,#5909,#5910);
#4911=AXIS2_PLACEMENT_3D('',#10495,#5911,#5912);
#4912=AXIS2_PLACEMENT_3D('',#10497,#5913,#5914);
#4913=AXIS2_PLACEMENT_3D('',#10499,#5916,#5917);
#4914=AXIS2_PLACEMENT_3D('',#10500,#5918,#5919);
#4915=AXIS2_PLACEMENT_3D('',#10501,#5920,#5921);
#4916=AXIS2_PLACEMENT_3D('',#10502,#5922,#5923);
#4917=AXIS2_PLACEMENT_3D('',#10504,#5924,#5925);
#4918=AXIS2_PLACEMENT_3D('',#10506,#5927,#5928);
#4919=AXIS2_PLACEMENT_3D('',#10509,#5930,#5931);
#4920=AXIS2_PLACEMENT_3D('',#10510,#5932,#5933);
#4921=AXIS2_PLACEMENT_3D('',#10512,#5934,#5935);
#4922=AXIS2_PLACEMENT_3D('',#10514,#5937,#5938);
#4923=AXIS2_PLACEMENT_3D('',#10515,#5939,#5940);
#4924=AXIS2_PLACEMENT_3D('',#10516,#5941,#5942);
#4925=AXIS2_PLACEMENT_3D('',#10517,#5943,#5944);
#4926=AXIS2_PLACEMENT_3D('',#10519,#5945,#5946);
#4927=AXIS2_PLACEMENT_3D('',#10521,#5948,#5949);
#4928=AXIS2_PLACEMENT_3D('',#10523,#5950,#5951);
#4929=AXIS2_PLACEMENT_3D('',#10525,#5953,#5954);
#4930=AXIS2_PLACEMENT_3D('',#10529,#5957,#5958);
#4931=AXIS2_PLACEMENT_3D('',#10530,#5959,#5960);
#4932=AXIS2_PLACEMENT_3D('',#10531,#5961,#5962);
#4933=AXIS2_PLACEMENT_3D('',#10532,#5963,#5964);
#4934=AXIS2_PLACEMENT_3D('',#10534,#5966,#5967);
#4935=AXIS2_PLACEMENT_3D('',#10536,#5969,#5970);
#4936=AXIS2_PLACEMENT_3D('',#10538,#5972,#5973);
#4937=AXIS2_PLACEMENT_3D('',#10540,#5975,#5976);
#4938=AXIS2_PLACEMENT_3D('',#10542,#5978,#5979);
#4939=AXIS2_PLACEMENT_3D('',#10544,#5981,#5982);
#4940=AXIS2_PLACEMENT_3D('',#10545,#5983,#5984);
#4941=AXIS2_PLACEMENT_3D('',#10546,#5985,#5986);
#4942=AXIS2_PLACEMENT_3D('',#10548,#5988,#5989);
#4943=AXIS2_PLACEMENT_3D('',#10550,#5991,#5992);
#4944=AXIS2_PLACEMENT_3D('',#10552,#5994,#5995);
#4945=AXIS2_PLACEMENT_3D('',#10554,#5997,#5998);
#4946=AXIS2_PLACEMENT_3D('',#10555,#5999,#6000);
#4947=AXIS2_PLACEMENT_3D('',#10556,#6001,#6002);
#4948=AXIS2_PLACEMENT_3D('',#10558,#6004,#6005);
#4949=AXIS2_PLACEMENT_3D('',#10560,#6007,#6008);
#4950=AXIS2_PLACEMENT_3D('',#10562,#6010,#6011);
#4951=AXIS2_PLACEMENT_3D('',#10564,#6013,#6014);
#4952=AXIS2_PLACEMENT_3D('',#10566,#6015,#6016);
#4953=AXIS2_PLACEMENT_3D('',#10568,#6018,#6019);
#4954=AXIS2_PLACEMENT_3D('',#10571,#6021,#6022);
#4955=AXIS2_PLACEMENT_3D('',#10572,#6023,#6024);
#4956=AXIS2_PLACEMENT_3D('',#10573,#6025,#6026);
#4957=AXIS2_PLACEMENT_3D('',#10574,#6027,#6028);
#4958=AXIS2_PLACEMENT_3D('',#10576,#6030,#6031);
#4959=AXIS2_PLACEMENT_3D('',#10578,#6033,#6034);
#4960=AXIS2_PLACEMENT_3D('',#10580,#6036,#6037);
#4961=AXIS2_PLACEMENT_3D('',#10582,#6039,#6040);
#4962=AXIS2_PLACEMENT_3D('',#10584,#6042,#6043);
#4963=AXIS2_PLACEMENT_3D('',#10586,#6045,#6046);
#4964=AXIS2_PLACEMENT_3D('',#10588,#6048,#6049);
#4965=AXIS2_PLACEMENT_3D('',#10590,#6051,#6052);
#4966=AXIS2_PLACEMENT_3D('',#10592,#6054,#6055);
#4967=AXIS2_PLACEMENT_3D('',#10594,#6057,#6058);
#4968=AXIS2_PLACEMENT_3D('',#10596,#6059,#6060);
#4969=AXIS2_PLACEMENT_3D('',#10598,#6062,#6063);
#4970=AXIS2_PLACEMENT_3D('',#10601,#6065,#6066);
#4971=AXIS2_PLACEMENT_3D('',#10602,#6067,#6068);
#4972=AXIS2_PLACEMENT_3D('',#10604,#6069,#6070);
#4973=AXIS2_PLACEMENT_3D('',#10606,#6072,#6073);
#4974=AXIS2_PLACEMENT_3D('',#10609,#6075,#6076);
#4975=AXIS2_PLACEMENT_3D('',#10610,#6077,#6078);
#4976=AXIS2_PLACEMENT_3D('',#10611,#6079,#6080);
#4977=AXIS2_PLACEMENT_3D('',#10612,#6081,#6082);
#4978=AXIS2_PLACEMENT_3D('',#10613,#6083,#6084);
#4979=AXIS2_PLACEMENT_3D('',#10614,#6085,#6086);
#4980=AXIS2_PLACEMENT_3D('',#10615,#6087,#6088);
#4981=AXIS2_PLACEMENT_3D('',#10616,#6089,#6090);
#4982=AXIS2_PLACEMENT_3D('',#10617,#6091,#6092);
#4983=AXIS2_PLACEMENT_3D('',#10618,#6093,#6094);
#4984=AXIS2_PLACEMENT_3D('',#10619,#6095,#6096);
#4985=AXIS2_PLACEMENT_3D('',#10620,#6097,#6098);
#4986=AXIS2_PLACEMENT_3D('',#10621,#6099,#6100);
#4987=AXIS2_PLACEMENT_3D('',#10622,#6101,#6102);
#4988=AXIS2_PLACEMENT_3D('',#10624,#6104,#6105);
#4989=AXIS2_PLACEMENT_3D('',#10625,#6106,#6107);
#4990=AXIS2_PLACEMENT_3D('',#10626,#6108,#6109);
#4991=AXIS2_PLACEMENT_3D('',#10628,#6111,#6112);
#4992=AXIS2_PLACEMENT_3D('',#10630,#6114,#6115);
#4993=AXIS2_PLACEMENT_3D('',#10632,#6117,#6118);
#4994=AXIS2_PLACEMENT_3D('',#10634,#6120,#6121);
#4995=AXIS2_PLACEMENT_3D('',#10636,#6123,#6124);
#4996=AXIS2_PLACEMENT_3D('',#10638,#6126,#6127);
#4997=AXIS2_PLACEMENT_3D('',#10640,#6129,#6130);
#4998=AXIS2_PLACEMENT_3D('',#10641,#6131,#6132);
#4999=AXIS2_PLACEMENT_3D('',#10642,#6133,#6134);
#5000=DIRECTION('axis',(0.,0.,1.));
#5001=DIRECTION('refdir',(1.,0.,0.));
#5002=DIRECTION('center_axis',(-1.,0.,0.));
#5003=DIRECTION('ref_axis',(0.,-0.993102780611102,0.117247034685306));
#5004=DIRECTION('center_axis',(1.,0.,1.11022302462516E-15));
#5005=DIRECTION('ref_axis',(0.,-0.993102780611102,0.117247034685306));
#5006=DIRECTION('',(-1.,0.,0.));
#5007=DIRECTION('center_axis',(-1.,0.,0.));
#5008=DIRECTION('ref_axis',(0.,-0.993102780611102,0.117247034685306));
#5009=DIRECTION('',(1.,0.,0.));
#5010=DIRECTION('center_axis',(0.,0.707106781186548,0.707106781186547));
#5011=DIRECTION('ref_axis',(1.,0.,0.));
#5012=DIRECTION('',(5.06481438285089E-17,0.707106781186547,-0.707106781186548));
#5013=DIRECTION('',(1.,-1.60590610463943E-15,1.60590610463943E-15));
#5014=DIRECTION('',(-1.34599522124227E-15,-0.707106781186547,0.707106781186548));
#5015=DIRECTION('',(-1.,0.,0.));
#5016=DIRECTION('',(-1.57767895895506E-15,0.707106781186547,-0.707106781186548));
#5017=DIRECTION('',(1.,-3.58136459556502E-17,3.58136459556503E-17));
#5018=DIRECTION('',(-6.42767090295262E-16,-0.707106781186547,0.707106781186548));
#5019=DIRECTION('',(-1.,0.,0.));
#5020=DIRECTION('',(6.42767090295265E-16,0.707106781186547,-0.707106781186548));
#5021=DIRECTION('',(1.,-5.92943228069247E-16,5.92943228069248E-16));
#5022=DIRECTION('',(2.31782764203849E-15,-0.707106781186547,0.707106781186548));
#5023=DIRECTION('',(-1.,0.,0.));
#5024=DIRECTION('',(5.06481438285089E-17,0.707106781186547,-0.707106781186548));
#5025=DIRECTION('',(-1.,3.58136459556502E-17,-3.58136459556503E-17));
#5026=DIRECTION('',(1.49990417455349E-14,-0.707106781186547,0.707106781186548));
#5027=DIRECTION('center_axis',(-1.,0.,0.));
#5028=DIRECTION('ref_axis',(0.,-0.993102780611102,0.117247034685306));
#5029=DIRECTION('center_axis',(1.,0.,1.11022302462516E-15));
#5030=DIRECTION('ref_axis',(0.,-0.993102780611102,0.117247034685306));
#5031=DIRECTION('center_axis',(-1.,0.,-2.22044604925031E-15));
#5032=DIRECTION('ref_axis',(0.,-0.993102780611102,0.117247034685306));
#5033=DIRECTION('',(1.,0.,0.));
#5034=DIRECTION('center_axis',(-1.,0.,0.));
#5035=DIRECTION('ref_axis',(0.,-0.993102780611102,0.117247034685306));
#5036=DIRECTION('center_axis',(1.,0.,1.11022302462516E-15));
#5037=DIRECTION('ref_axis',(0.,-0.993102780611102,0.117247034685306));
#5038=DIRECTION('center_axis',(-1.,0.,-2.22044604925031E-15));
#5039=DIRECTION('ref_axis',(0.,-0.993102780611102,0.117247034685306));
#5040=DIRECTION('',(1.,0.,0.));
#5041=DIRECTION('center_axis',(-1.,0.,0.));
#5042=DIRECTION('ref_axis',(0.,-0.993102780611102,0.117247034685306));
#5043=DIRECTION('center_axis',(-1.,-4.29763751467801E-16,0.));
#5044=DIRECTION('ref_axis',(0.,-0.993102780611102,0.117247034685306));
#5045=DIRECTION('',(1.,0.,0.));
#5046=DIRECTION('center_axis',(1.,0.,0.));
#5047=DIRECTION('ref_axis',(0.,-0.993102780611102,0.117247034685306));
#5048=DIRECTION('center_axis',(-1.,0.,0.));
#5049=DIRECTION('ref_axis',(0.,0.176470588235295,0.984305913569501));
#5050=DIRECTION('center_axis',(1.,4.29763751467801E-16,0.));
#5051=DIRECTION('ref_axis',(0.,0.176470588235295,0.984305913569501));
#5052=DIRECTION('',(-1.,0.,0.));
#5053=DIRECTION('center_axis',(-1.,0.,0.));
#5054=DIRECTION('ref_axis',(0.,0.176470588235295,0.984305913569501));
#5055=DIRECTION('center_axis',(-5.06481438285089E-17,-0.707106781186547,
0.707106781186548));
#5056=DIRECTION('ref_axis',(1.,-3.58136459556502E-17,3.58136459556503E-17));
#5057=DIRECTION('',(-1.,3.58136459556502E-17,-3.58136459556503E-17));
#5058=DIRECTION('',(0.,0.707106781186548,0.707106781186547));
#5059=DIRECTION('',(0.,0.707106781186548,0.707106781186547));
#5060=DIRECTION('center_axis',(-2.27109419307883E-15,-0.707106781186547,
0.707106781186548));
#5061=DIRECTION('ref_axis',(1.,-1.60590610463943E-15,1.60590610463943E-15));
#5062=DIRECTION('',(-1.,1.60590610463943E-15,-1.60590610463943E-15));
#5063=DIRECTION('',(0.,0.707106781186548,0.707106781186547));
#5064=DIRECTION('',(0.,0.707106781186548,0.707106781186547));
#5065=DIRECTION('center_axis',(5.06481438285089E-17,0.707106781186547,-0.707106781186548));
#5066=DIRECTION('ref_axis',(-1.,3.58136459556502E-17,-3.58136459556503E-17));
#5067=DIRECTION('',(1.,-3.58136459556502E-17,3.58136459556503E-17));
#5068=DIRECTION('',(0.,0.707106781186548,0.707106781186547));
#5069=DIRECTION('',(0.,0.707106781186548,0.707106781186547));
#5070=DIRECTION('center_axis',(-8.38548354852813E-16,-0.707106781186547,
0.707106781186548));
#5071=DIRECTION('ref_axis',(1.,-5.92943228069247E-16,5.92943228069248E-16));
#5072=DIRECTION('',(-1.,5.92943228069247E-16,-5.92943228069248E-16));
#5073=DIRECTION('',(0.,0.707106781186548,0.707106781186547));
#5074=DIRECTION('',(0.,0.707106781186548,0.707106781186547));
#5075=DIRECTION('center_axis',(-1.,0.,-1.11022302462516E-15));
#5076=DIRECTION('ref_axis',(-1.11022302462516E-15,-1.35963107344689E-31,
1.));
#5077=DIRECTION('center_axis',(-1.,0.,-1.11022302462516E-15));
#5078=DIRECTION('ref_axis',(0.,0.176470588235295,0.984305913569501));
#5079=DIRECTION('center_axis',(1.,0.,1.11022302462516E-15));
#5080=DIRECTION('ref_axis',(0.,0.730296743340222,0.683130051063972));
#5081=DIRECTION('',(1.11022302462516E-15,-4.44089209850064E-15,-1.));
#5082=DIRECTION('',(0.,-1.,0.));
#5083=DIRECTION('',(0.,0.,-1.));
#5084=DIRECTION('',(0.,-1.,0.));
#5085=DIRECTION('',(0.,0.,-1.));
#5086=DIRECTION('',(0.,-1.,0.));
#5087=DIRECTION('',(0.,0.,-1.));
#5088=DIRECTION('',(0.,-1.,0.));
#5089=DIRECTION('',(0.,0.,-1.));
#5090=DIRECTION('',(0.,-1.,0.));
#5091=DIRECTION('',(1.11022302462516E-15,1.38919536972194E-31,-1.));
#5092=DIRECTION('',(0.,1.,0.));
#5093=DIRECTION('',(0.,0.,-1.));
#5094=DIRECTION('',(0.,1.,0.));
#5095=DIRECTION('',(0.,0.,-1.));
#5096=DIRECTION('',(0.,1.,0.));
#5097=DIRECTION('',(0.,0.,-1.));
#5098=DIRECTION('',(0.,1.,0.));
#5099=DIRECTION('',(0.,0.,-1.));
#5100=DIRECTION('',(0.,1.,0.));
#5101=DIRECTION('center_axis',(1.,0.,0.));
#5102=DIRECTION('ref_axis',(0.,0.,1.));
#5103=DIRECTION('',(0.,-0.707106781186549,-0.707106781186546));
#5104=DIRECTION('',(0.,-0.707106781186547,0.707106781186548));
#5105=DIRECTION('center_axis',(1.,0.,2.22044604925031E-15));
#5106=DIRECTION('ref_axis',(2.22044604925031E-15,2.71926214689378E-31,-1.));
#5107=DIRECTION('',(2.22044604925031E-15,0.707106781186547,-0.707106781186548));
#5108=DIRECTION('',(0.,-0.707106781186549,-0.707106781186546));
#5109=DIRECTION('center_axis',(1.,0.,0.));
#5110=DIRECTION('ref_axis',(0.,1.00929365875014E-16,1.));
#5111=DIRECTION('',(0.,1.,0.));
#5112=DIRECTION('',(0.,0.,-1.));
#5113=DIRECTION('',(0.,-1.,0.));
#5114=DIRECTION('',(0.,0.,-1.));
#5115=DIRECTION('',(0.,1.,0.));
#5116=DIRECTION('',(0.,0.,-1.));
#5117=DIRECTION('',(0.,-1.,0.));
#5118=DIRECTION('',(0.,0.,-1.));
#5119=DIRECTION('',(0.,1.,0.));
#5120=DIRECTION('',(-2.22044604925031E-15,-2.77839073944388E-31,1.));
#5121=DIRECTION('',(0.,1.,0.));
#5122=DIRECTION('',(0.,0.,-1.));
#5123=DIRECTION('',(0.,1.,0.));
#5124=DIRECTION('',(0.,0.,-1.));
#5125=DIRECTION('',(0.,1.,0.));
#5126=DIRECTION('',(0.,0.,-1.));
#5127=DIRECTION('',(0.,1.,0.));
#5128=DIRECTION('',(0.,0.,-1.));
#5129=DIRECTION('',(0.,1.,0.));
#5130=DIRECTION('',(-2.22044604925031E-15,4.44089209850064E-15,1.));
#5131=DIRECTION('center_axis',(-1.,0.,-2.22044604925031E-15));
#5132=DIRECTION('ref_axis',(0.,0.730296743340222,0.683130051063972));
#5133=DIRECTION('center_axis',(1.,0.,2.22044604925031E-15));
#5134=DIRECTION('ref_axis',(0.,0.176470588235295,0.984305913569501));
#5135=DIRECTION('center_axis',(-1.,0.,0.));
#5136=DIRECTION('ref_axis',(0.,0.,-1.));
#5137=DIRECTION('',(0.,-0.707106781186548,0.707106781186548));
#5138=DIRECTION('center_axis',(-1.,0.,0.));
#5139=DIRECTION('ref_axis',(0.,0.70710678118654,0.707106781186556));
#5140=DIRECTION('',(0.,0.707106781186482,-0.707106781186613));
#5141=DIRECTION('center_axis',(1.,0.,0.));
#5142=DIRECTION('ref_axis',(0.,0.707106781186543,0.707106781186552));
#5143=DIRECTION('center_axis',(1.,0.,0.));
#5144=DIRECTION('ref_axis',(0.,-9.86864910777917E-17,1.));
#5145=DIRECTION('',(0.,-1.,0.));
#5146=DIRECTION('center_axis',(1.,0.,0.));
#5147=DIRECTION('ref_axis',(0.,2.48689957516031E-14,1.));
#5148=DIRECTION('center_axis',(-1.,0.,0.));
#5149=DIRECTION('ref_axis',(0.,1.,2.44249065417534E-15));
#5150=DIRECTION('center_axis',(1.,0.,0.));
#5151=DIRECTION('ref_axis',(0.,1.,2.44249065417534E-15));
#5152=DIRECTION('',(0.,-1.,0.));
#5153=DIRECTION('',(0.,0.,1.));
#5154=DIRECTION('',(0.,-1.,0.));
#5155=DIRECTION('center_axis',(1.,0.,0.));
#5156=DIRECTION('ref_axis',(0.,3.55271367880049E-15,-1.));
#5157=DIRECTION('center_axis',(-1.,0.,0.));
#5158=DIRECTION('ref_axis',(0.,-1.,-1.77635683940024E-15));
#5159=DIRECTION('center_axis',(1.,0.,0.));
#5160=DIRECTION('ref_axis',(0.,-1.,-1.77635683940024E-15));
#5161=DIRECTION('',(0.,-1.,0.));
#5162=DIRECTION('',(0.,4.44089209850064E-15,1.));
#5163=DIRECTION('center_axis',(-1.,0.,0.));
#5164=DIRECTION('ref_axis',(0.,0.730296743340222,0.683130051063972));
#5165=DIRECTION('center_axis',(1.,0.,0.));
#5166=DIRECTION('ref_axis',(0.,0.176470588235295,0.984305913569501));
#5167=DIRECTION('center_axis',(1.,0.,0.));
#5168=DIRECTION('ref_axis',(0.,0.,1.));
#5169=DIRECTION('center_axis',(1.,0.,0.));
#5170=DIRECTION('ref_axis',(0.,0.,1.));
#5171=DIRECTION('center_axis',(1.,0.,0.));
#5172=DIRECTION('ref_axis',(0.,0.,1.));
#5173=DIRECTION('center_axis',(0.,-0.707106781186548,-0.707106781186547));
#5174=DIRECTION('ref_axis',(0.,0.707106781186547,-0.707106781186548));
#5175=DIRECTION('',(0.,-0.707106781186547,0.707106781186548));
#5176=DIRECTION('',(-1.,0.,0.));
#5177=DIRECTION('',(0.,-0.707106781186548,0.707106781186548));
#5178=DIRECTION('',(-1.,1.58328651295843E-16,-1.58328651295843E-16));
#5179=DIRECTION('',(0.,0.707106781186548,-0.707106781186548));
#5180=DIRECTION('',(-1.,0.,0.));
#5181=DIRECTION('',(0.,-0.707106781186548,0.707106781186548));
#5182=DIRECTION('',(-1.,1.58328651295843E-16,-1.58328651295843E-16));
#5183=DIRECTION('',(0.,0.707106781186548,-0.707106781186548));
#5184=DIRECTION('',(-1.,0.,0.));
#5185=DIRECTION('',(0.,-0.707106781186548,0.707106781186548));
#5186=DIRECTION('',(-1.,1.58328651295843E-16,-1.58328651295843E-16));
#5187=DIRECTION('',(0.,0.707106781186548,-0.707106781186548));
#5188=DIRECTION('',(-1.,0.,0.));
#5189=DIRECTION('',(1.,-1.01296287657018E-16,1.01296287657018E-16));
#5190=DIRECTION('',(1.11022302462516E-15,0.707106781186547,-0.707106781186548));
#5191=DIRECTION('',(2.22044604925031E-15,0.707106781186547,-0.707106781186548));
#5192=DIRECTION('',(0.,-0.707106781186547,0.707106781186548));
#5193=DIRECTION('',(1.,-1.01296287657018E-16,1.01296287657018E-16));
#5194=DIRECTION('',(0.,-0.707106781186547,0.707106781186548));
#5195=DIRECTION('',(1.,-1.01296287657018E-16,1.01296287657018E-16));
#5196=DIRECTION('center_axis',(1.,0.,0.));
#5197=DIRECTION('ref_axis',(0.,-1.,0.));
#5198=DIRECTION('center_axis',(1.,0.,0.));
#5199=DIRECTION('ref_axis',(0.,0.730296743340222,0.683130051063972));
#5200=DIRECTION('',(0.,-4.44089209850064E-15,-1.));
#5201=DIRECTION('',(0.,-1.,0.));
#5202=DIRECTION('center_axis',(-1.,0.,0.));
#5203=DIRECTION('ref_axis',(0.,-1.,-1.77635683940024E-15));
#5204=DIRECTION('center_axis',(1.,0.,0.));
#5205=DIRECTION('ref_axis',(0.,-1.,-1.77635683940024E-15));
#5206=DIRECTION('center_axis',(-1.,0.,0.));
#5207=DIRECTION('ref_axis',(0.,3.55271367880049E-15,-1.));
#5208=DIRECTION('',(0.,-1.,0.));
#5209=DIRECTION('',(0.,-1.,0.));
#5210=DIRECTION('center_axis',(-1.,0.,0.));
#5211=DIRECTION('ref_axis',(0.,1.,2.44249065417534E-15));
#5212=DIRECTION('center_axis',(1.,0.,0.));
#5213=DIRECTION('ref_axis',(0.,1.,2.44249065417534E-15));
#5214=DIRECTION('center_axis',(-1.,0.,0.));
#5215=DIRECTION('ref_axis',(0.,2.48689957516031E-14,1.));
#5216=DIRECTION('',(0.,-1.,0.));
#5217=DIRECTION('center_axis',(1.,0.,0.));
#5218=DIRECTION('ref_axis',(0.,9.86864910777918E-17,1.));
#5219=DIRECTION('center_axis',(-1.,0.,0.));
#5220=DIRECTION('ref_axis',(0.,0.707106781186543,0.707106781186552));
#5221=DIRECTION('',(0.,-0.707106781186482,0.707106781186613));
#5222=DIRECTION('center_axis',(1.,0.,0.));
#5223=DIRECTION('ref_axis',(0.,0.70710678118654,0.707106781186556));
#5224=DIRECTION('center_axis',(-1.,0.,0.));
#5225=DIRECTION('ref_axis',(0.,0.,1.));
#5226=DIRECTION('center_axis',(-1.,0.,0.));
#5227=DIRECTION('ref_axis',(0.,0.,1.));
#5228=DIRECTION('center_axis',(-1.,0.,0.));
#5229=DIRECTION('ref_axis',(0.,0.,1.));
#5230=DIRECTION('center_axis',(0.,0.,1.));
#5231=DIRECTION('ref_axis',(-1.,0.,0.));
#5232=DIRECTION('center_axis',(0.,0.,1.));
#5233=DIRECTION('ref_axis',(-1.,0.,0.));
#5234=DIRECTION('center_axis',(0.,0.,1.));
#5235=DIRECTION('ref_axis',(-1.,0.,0.));
#5236=DIRECTION('',(0.,0.,1.));
#5237=DIRECTION('center_axis',(0.,0.,-1.));
#5238=DIRECTION('ref_axis',(-1.,0.,0.));
#5239=DIRECTION('center_axis',(0.,0.,1.));
#5240=DIRECTION('ref_axis',(-1.,0.,0.));
#5241=DIRECTION('center_axis',(0.,0.,1.));
#5242=DIRECTION('ref_axis',(-1.,0.,0.));
#5243=DIRECTION('center_axis',(0.,0.,1.));
#5244=DIRECTION('ref_axis',(-1.,0.,0.));
#5245=DIRECTION('',(0.,0.,1.));
#5246=DIRECTION('center_axis',(0.,0.,-1.));
#5247=DIRECTION('ref_axis',(-1.,0.,0.));
#5248=DIRECTION('center_axis',(0.,0.,1.));
#5249=DIRECTION('ref_axis',(-1.,0.,0.));
#5250=DIRECTION('center_axis',(0.,0.,1.));
#5251=DIRECTION('ref_axis',(-1.,0.,0.));
#5252=DIRECTION('center_axis',(0.,0.,1.));
#5253=DIRECTION('ref_axis',(-1.,0.,0.));
#5254=DIRECTION('',(0.,0.,1.));
#5255=DIRECTION('center_axis',(0.,0.,1.));
#5256=DIRECTION('ref_axis',(-1.,0.,0.));
#5257=DIRECTION('',(0.,0.,1.));
#5258=DIRECTION('center_axis',(0.,0.,1.));
#5259=DIRECTION('ref_axis',(-1.,0.,0.));
#5260=DIRECTION('center_axis',(0.,0.,1.));
#5261=DIRECTION('ref_axis',(-1.,0.,0.));
#5262=DIRECTION('center_axis',(0.,0.,1.));
#5263=DIRECTION('ref_axis',(-1.,0.,0.));
#5264=DIRECTION('center_axis',(0.,0.,1.));
#5265=DIRECTION('ref_axis',(-1.,0.,0.));
#5266=DIRECTION('',(0.,0.,1.));
#5267=DIRECTION('center_axis',(0.,0.,1.));
#5268=DIRECTION('ref_axis',(-1.,0.,0.));
#5269=DIRECTION('',(0.,0.,1.));
#5270=DIRECTION('center_axis',(0.,0.,1.));
#5271=DIRECTION('ref_axis',(1.,0.,0.));
#5272=DIRECTION('',(0.,1.,-7.16272919113003E-17));
#5273=DIRECTION('',(-1.,0.,0.));
#5274=DIRECTION('',(0.,-1.,0.));
#5275=DIRECTION('',(-1.,0.,0.));
#5276=DIRECTION('center_axis',(0.,0.,1.));
#5277=DIRECTION('ref_axis',(0.707106781186549,0.707106781186546,7.85046229341885E-16));
#5278=DIRECTION('',(-1.,-1.25127594988491E-16,0.));
#5279=DIRECTION('center_axis',(0.,0.,1.));
#5280=DIRECTION('ref_axis',(-0.707106781186546,0.707106781186549,-1.57009245868378E-15));
#5281=DIRECTION('',(0.,1.,0.));
#5282=DIRECTION('',(-1.,0.,0.));
#5283=DIRECTION('',(0.,1.,0.));
#5284=DIRECTION('center_axis',(0.,0.,1.));
#5285=DIRECTION('ref_axis',(0.707106781186546,0.707106781186549,7.85046229341889E-16));
#5286=DIRECTION('',(-1.,-1.25127594988491E-16,0.));
#5287=DIRECTION('center_axis',(0.,0.,1.));
#5288=DIRECTION('ref_axis',(-0.707106781186553,0.707106781186543,-1.57009245868376E-15));
#5289=DIRECTION('',(-1.,0.,0.));
#5290=DIRECTION('',(0.,1.,0.));
#5291=DIRECTION('center_axis',(0.,0.,1.));
#5292=DIRECTION('ref_axis',(0.707106781186553,0.707106781186543,7.85046229341882E-16));
#5293=DIRECTION('',(-1.,-1.25127594988491E-16,0.));
#5294=DIRECTION('',(0.,1.,0.));
#5295=DIRECTION('',(1.,8.73618117737828E-16,0.));
#5296=DIRECTION('',(0.,-1.,0.));
#5297=DIRECTION('',(-1.,-1.05735526154777E-16,0.));
#5298=DIRECTION('',(0.,-1.,0.));
#5299=DIRECTION('',(1.,8.73618117737828E-16,0.));
#5300=DIRECTION('',(0.,-1.,0.));
#5301=DIRECTION('',(-1.,-1.05735526154777E-16,-5.01391043379103E-16));
#5302=DIRECTION('',(0.,-1.,0.));
#5303=DIRECTION('',(-1.,0.,0.));
#5304=DIRECTION('',(0.,1.,-7.16272919113003E-17));
#5305=DIRECTION('center_axis',(0.,0.,1.));
#5306=DIRECTION('ref_axis',(1.,0.,0.));
#5307=DIRECTION('center_axis',(0.,0.,1.));
#5308=DIRECTION('ref_axis',(1.,0.,0.));
#5309=DIRECTION('center_axis',(0.,0.,1.));
#5310=DIRECTION('ref_axis',(1.,0.,0.));
#5311=DIRECTION('center_axis',(0.,0.,1.));
#5312=DIRECTION('ref_axis',(1.,0.,0.));
#5313=DIRECTION('',(0.,-1.,0.));
#5314=DIRECTION('',(-1.,0.,0.));
#5315=DIRECTION('',(0.,-1.,0.));
#5316=DIRECTION('',(1.,1.05735526154777E-16,0.));
#5317=DIRECTION('',(0.,-1.,0.));
#5318=DIRECTION('',(-1.,-8.73618117737828E-16,0.));
#5319=DIRECTION('',(0.,-1.,0.));
#5320=DIRECTION('',(1.,1.05735526154777E-16,0.));
#5321=DIRECTION('',(0.,-1.,0.));
#5322=DIRECTION('',(-1.,-8.73618117737828E-16,0.));
#5323=DIRECTION('',(0.,-1.,0.));
#5324=DIRECTION('',(1.,1.25127594988491E-16,0.));
#5325=DIRECTION('center_axis',(0.,0.,-1.));
#5326=DIRECTION('ref_axis',(0.707106781186553,0.707106781186543,7.85046229341882E-16));
#5327=DIRECTION('',(0.,-1.,0.));
#5328=DIRECTION('',(1.,0.,0.));
#5329=DIRECTION('center_axis',(0.,0.,-1.));
#5330=DIRECTION('ref_axis',(-0.707106781186553,0.707106781186543,-1.57009245868376E-15));
#5331=DIRECTION('',(1.,1.25127594988491E-16,0.));
#5332=DIRECTION('center_axis',(0.,0.,-1.));
#5333=DIRECTION('ref_axis',(0.707106781186546,0.707106781186549,7.85046229341889E-16));
#5334=DIRECTION('',(0.,-1.,0.));
#5335=DIRECTION('',(1.,0.,0.));
#5336=DIRECTION('',(0.,1.,0.));
#5337=DIRECTION('center_axis',(0.,0.,-1.));
#5338=DIRECTION('ref_axis',(-0.707106781186546,0.707106781186549,-1.57009245868378E-15));
#5339=DIRECTION('',(1.,1.25127594988491E-16,0.));
#5340=DIRECTION('center_axis',(0.,0.,-1.));
#5341=DIRECTION('ref_axis',(0.707106781186549,0.707106781186546,7.85046229341885E-16));
#5342=DIRECTION('',(1.,0.,0.));
#5343=DIRECTION('',(0.,-1.,0.));
#5344=DIRECTION('',(-1.,0.,0.));
#5345=DIRECTION('',(0.,-1.,0.));
#5346=DIRECTION('center_axis',(0.,0.,-1.));
#5347=DIRECTION('ref_axis',(1.,0.,0.));
#5348=DIRECTION('center_axis',(0.,0.,-1.));
#5349=DIRECTION('ref_axis',(1.,0.,0.));
#5350=DIRECTION('center_axis',(0.,0.,-1.));
#5351=DIRECTION('ref_axis',(1.,0.,0.));
#5352=DIRECTION('center_axis',(0.,0.,1.));
#5353=DIRECTION('ref_axis',(1.,0.,0.));
#5354=DIRECTION('',(0.,-1.,0.));
#5355=DIRECTION('',(-1.,-1.05735526154777E-16,0.));
#5356=DIRECTION('',(0.,-1.,0.));
#5357=DIRECTION('center_axis',(0.,0.,1.));
#5358=DIRECTION('ref_axis',(0.416666666666665,0.90905934288631,0.));
#5359=DIRECTION('',(1.,0.,0.));
#5360=DIRECTION('',(0.,-1.,0.));
#5361=DIRECTION('',(1.,0.,0.));
#5362=DIRECTION('',(-1.,0.,-2.23910525974821E-16));
#5363=DIRECTION('',(1.,0.,0.));
#5364=DIRECTION('',(0.,1.,0.));
#5365=DIRECTION('',(1.,0.,0.));
#5366=DIRECTION('',(0.,-1.,0.));
#5367=DIRECTION('',(1.,0.,0.));
#5368=DIRECTION('',(0.,-1.,0.));
#5369=DIRECTION('',(1.,0.,0.));
#5370=DIRECTION('',(0.,1.,0.));
#5371=DIRECTION('',(1.,0.,0.));
#5372=DIRECTION('',(0.,-1.,0.));
#5373=DIRECTION('',(1.,0.,0.));
#5374=DIRECTION('',(0.,1.,0.));
#5375=DIRECTION('',(1.,0.,0.));
#5376=DIRECTION('',(0.,-1.,0.));
#5377=DIRECTION('',(-1.,-1.43254583822601E-16,0.));
#5378=DIRECTION('',(0.,1.,0.));
#5379=DIRECTION('',(-1.,-1.43254583822601E-16,0.));
#5380=DIRECTION('',(0.,1.,0.));
#5381=DIRECTION('',(1.,0.,0.));
#5382=DIRECTION('',(3.7528665621132E-16,-1.,0.));
#5383=DIRECTION('',(-1.,0.,0.));
#5384=DIRECTION('',(1.,0.,0.));
#5385=DIRECTION('center_axis',(0.,0.,-1.));
#5386=DIRECTION('ref_axis',(1.,0.,0.));
#5387=DIRECTION('',(3.7528665621132E-16,-1.,0.));
#5388=DIRECTION('',(-1.,-1.43254583822601E-16,0.));
#5389=DIRECTION('',(1.,0.,0.));
#5390=DIRECTION('',(1.,0.,0.));
#5391=DIRECTION('',(-1.,0.,0.));
#5392=DIRECTION('',(0.,1.,0.));
#5393=DIRECTION('',(0.,-1.,0.));
#5394=DIRECTION('',(-1.,0.,0.));
#5395=DIRECTION('',(0.,1.,0.));
#5396=DIRECTION('',(1.,0.,0.));
#5397=DIRECTION('center_axis',(0.,0.,-1.));
#5398=DIRECTION('ref_axis',(1.,0.,0.));
#5399=DIRECTION('center_axis',(0.,0.,-1.));
#5400=DIRECTION('ref_axis',(1.,0.,0.));
#5401=DIRECTION('center_axis',(0.,0.,-1.));
#5402=DIRECTION('ref_axis',(1.,0.,0.));
#5403=DIRECTION('center_axis',(0.,0.,-1.));
#5404=DIRECTION('ref_axis',(1.,0.,0.));
#5405=DIRECTION('center_axis',(0.,0.,-1.));
#5406=DIRECTION('ref_axis',(1.,0.,0.));
#5407=DIRECTION('center_axis',(0.,0.,-1.));
#5408=DIRECTION('ref_axis',(-1.,0.,0.));
#5409=DIRECTION('',(0.,-1.,0.));
#5410=DIRECTION('',(1.,0.,0.));
#5411=DIRECTION('',(0.,-1.,0.));
#5412=DIRECTION('',(1.,0.,0.));
#5413=DIRECTION('',(1.,1.22464679914735E-16,2.44929359829471E-16));
#5414=DIRECTION('',(1.,0.,0.));
#5415=DIRECTION('',(0.,1.,0.));
#5416=DIRECTION('',(1.,0.,0.));
#5417=DIRECTION('center_axis',(0.,0.,-1.));
#5418=DIRECTION('ref_axis',(0.416666666666665,0.90905934288631,0.));
#5419=DIRECTION('',(0.,1.,0.));
#5420=DIRECTION('',(1.,1.05735526154777E-16,0.));
#5421=DIRECTION('',(0.,-1.,0.));
#5422=DIRECTION('center_axis',(0.,0.,1.));
#5423=DIRECTION('ref_axis',(1.,0.,0.));
#5424=DIRECTION('center_axis',(0.,0.,1.));
#5425=DIRECTION('ref_axis',(1.,0.,0.));
#5426=DIRECTION('center_axis',(0.,0.,1.));
#5427=DIRECTION('ref_axis',(1.,0.,0.));
#5428=DIRECTION('center_axis',(0.,0.,1.));
#5429=DIRECTION('ref_axis',(1.,0.,0.));
#5430=DIRECTION('center_axis',(0.,0.,1.));
#5431=DIRECTION('ref_axis',(1.,0.,0.));
#5432=DIRECTION('',(0.,1.,0.));
#5433=DIRECTION('',(-1.,0.,0.));
#5434=DIRECTION('',(0.,-1.,0.));
#5435=DIRECTION('',(1.,0.,0.));
#5436=DIRECTION('',(-1.,0.,0.));
#5437=DIRECTION('',(0.,-1.,0.));
#5438=DIRECTION('',(1.,0.,0.));
#5439=DIRECTION('',(-3.7528665621132E-16,1.,0.));
#5440=DIRECTION('',(-1.,0.,0.));
#5441=DIRECTION('',(1.,1.43254583822601E-16,0.));
#5442=DIRECTION('center_axis',(0.,0.,1.));
#5443=DIRECTION('ref_axis',(1.,0.,0.));
#5444=DIRECTION('',(-3.7528665621132E-16,1.,0.));
#5445=DIRECTION('',(-1.,0.,0.));
#5446=DIRECTION('',(1.,0.,0.));
#5447=DIRECTION('',(1.,1.43254583822601E-16,0.));
#5448=DIRECTION('',(-1.,0.,0.));
#5449=DIRECTION('',(0.,-1.,0.));
#5450=DIRECTION('',(-1.,0.,0.));
#5451=DIRECTION('',(0.,-1.,0.));
#5452=DIRECTION('',(1.,1.43254583822601E-16,0.));
#5453=DIRECTION('',(0.,1.,0.));
#5454=DIRECTION('',(1.,0.,0.));
#5455=DIRECTION('',(0.,1.,0.));
#5456=DIRECTION('',(1.,0.,0.));
#5457=DIRECTION('',(0.,-1.,0.));
#5458=DIRECTION('',(1.,0.,0.));
#5459=DIRECTION('',(0.,1.,0.));
#5460=DIRECTION('',(1.,0.,0.));
#5461=DIRECTION('',(0.,-1.,0.));
#5462=DIRECTION('',(0.,0.,-1.));
#5463=DIRECTION('',(0.,0.,1.));
#5464=DIRECTION('',(0.,0.,1.));
#5465=DIRECTION('center_axis',(3.2938654940621E-16,1.,0.));
#5466=DIRECTION('ref_axis',(0.,0.,1.));
#5467=DIRECTION('center_axis',(0.,-1.,0.));
#5468=DIRECTION('ref_axis',(0.,0.,1.));
#5469=DIRECTION('',(0.,0.,-1.));
#5470=DIRECTION('center_axis',(0.,1.,0.));
#5471=DIRECTION('ref_axis',(0.,0.,-1.));
#5472=DIRECTION('',(0.,0.,1.));
#5473=DIRECTION('center_axis',(-1.,-4.29763751467801E-16,0.));
#5474=DIRECTION('ref_axis',(4.29763751467801E-16,-1.,0.));
#5475=DIRECTION('',(0.,-0.707106781186549,-0.707106781186546));
#5476=DIRECTION('center_axis',(1.,0.,0.));
#5477=DIRECTION('ref_axis',(0.,-2.01858731750029E-16,1.));
#5478=DIRECTION('',(4.29763751467801E-16,-1.,0.));
#5479=DIRECTION('',(0.,0.,-1.));
#5480=DIRECTION('',(0.,0.,-1.));
#5481=DIRECTION('',(4.29763751467801E-16,-1.,0.));
#5482=DIRECTION('',(0.,0.,-1.));
#5483=DIRECTION('',(0.,0.,-1.));
#5484=DIRECTION('',(0.,0.,-1.));
#5485=DIRECTION('',(0.,0.,-1.));
#5486=DIRECTION('',(-4.29763751467801E-16,1.,0.));
#5487=DIRECTION('',(0.,0.,-1.));
#5488=DIRECTION('',(0.,0.,-1.));
#5489=DIRECTION('',(-4.29763751467801E-16,1.,0.));
#5490=DIRECTION('',(-1.90853444811535E-30,4.44089209850064E-15,1.));
#5491=DIRECTION('center_axis',(-1.,-4.29763751467801E-16,0.));
#5492=DIRECTION('ref_axis',(0.,0.730296743340222,0.683130051063972));
#5493=DIRECTION('center_axis',(-1.,-4.29763751467801E-16,0.));
#5494=DIRECTION('ref_axis',(4.29763751467801E-16,-1.,0.));
#5495=DIRECTION('',(0.,0.,1.));
#5496=DIRECTION('center_axis',(-1.,0.,0.));
#5497=DIRECTION('ref_axis',(0.,0.730296743340222,0.683130051063972));
#5498=DIRECTION('',(1.,0.,0.));
#5499=DIRECTION('center_axis',(0.,-1.,0.));
#5500=DIRECTION('ref_axis',(0.,0.,-1.));
#5501=DIRECTION('',(-1.,-1.22464679914735E-16,-2.41742110200639E-16));
#5502=DIRECTION('',(1.,0.,0.));
#5503=DIRECTION('',(-2.22044604925031E-15,4.44089209850064E-15,1.));
#5504=DIRECTION('',(-1.,-1.22464679914735E-16,-2.41742110200639E-16));
#5505=DIRECTION('',(1.11022302462516E-15,-4.44089209850064E-15,-1.));
#5506=DIRECTION('',(1.,0.,0.));
#5507=DIRECTION('',(-1.,-1.22464679914735E-16,-2.41742110200639E-16));
#5508=DIRECTION('',(1.11022302462516E-15,-4.44089209850064E-15,-1.));
#5509=DIRECTION('',(1.,0.,0.));
#5510=DIRECTION('center_axis',(-1.,0.,0.));
#5511=DIRECTION('ref_axis',(0.,0.730296743340222,0.683130051063972));
#5512=DIRECTION('',(-1.,0.,0.));
#5513=DIRECTION('center_axis',(-1.,0.,-2.22044604925031E-15));
#5514=DIRECTION('ref_axis',(0.,0.730296743340222,0.683130051063972));
#5515=DIRECTION('center_axis',(-1.,0.,0.));
#5516=DIRECTION('ref_axis',(0.,0.176470588235295,0.984305913569501));
#5517=DIRECTION('center_axis',(1.,0.,2.22044604925031E-15));
#5518=DIRECTION('ref_axis',(0.,0.176470588235295,0.984305913569501));
#5519=DIRECTION('center_axis',(-1.,0.,0.));
#5520=DIRECTION('ref_axis',(0.,0.730296743340222,0.683130051063972));
#5521=DIRECTION('center_axis',(1.,0.,1.11022302462516E-15));
#5522=DIRECTION('ref_axis',(0.,0.730296743340222,0.683130051063972));
#5523=DIRECTION('',(-1.,0.,0.));
#5524=DIRECTION('center_axis',(-1.,0.,0.));
#5525=DIRECTION('ref_axis',(0.,0.176470588235295,0.984305913569501));
#5526=DIRECTION('center_axis',(-1.,0.,-1.11022302462516E-15));
#5527=DIRECTION('ref_axis',(0.,0.176470588235295,0.984305913569501));
#5528=DIRECTION('center_axis',(-1.,0.,0.));
#5529=DIRECTION('ref_axis',(0.,0.730296743340222,0.683130051063972));
#5530=DIRECTION('center_axis',(1.,0.,1.11022302462516E-15));
#5531=DIRECTION('ref_axis',(0.,0.730296743340222,0.683130051063972));
#5532=DIRECTION('',(-1.,0.,0.));
#5533=DIRECTION('center_axis',(-1.,0.,0.));
#5534=DIRECTION('ref_axis',(0.,0.176470588235295,0.984305913569501));
#5535=DIRECTION('center_axis',(-1.,0.,-1.11022302462516E-15));
#5536=DIRECTION('ref_axis',(0.,0.176470588235295,0.984305913569501));
#5537=DIRECTION('center_axis',(1.11022302462516E-15,1.38919536972194E-31,
-1.));
#5538=DIRECTION('ref_axis',(0.707106781186553,0.707106781186543,7.85046229341882E-16));
#5539=DIRECTION('',(1.11022302462516E-15,1.38919536972194E-31,-1.));
#5540=DIRECTION('',(-1.11022302462516E-15,-1.38919536972194E-31,1.));
#5541=DIRECTION('center_axis',(-1.,0.,-1.11022302462516E-15));
#5542=DIRECTION('ref_axis',(-1.11022302462516E-15,-1.35963107344689E-31,
1.));
#5543=DIRECTION('',(0.,-1.,0.));
#5544=DIRECTION('',(0.,0.,-1.));
#5545=DIRECTION('',(0.,0.,-1.));
#5546=DIRECTION('',(0.,-1.,0.));
#5547=DIRECTION('',(0.,0.,-1.));
#5548=DIRECTION('',(0.,0.,-1.));
#5549=DIRECTION('',(0.,0.,-1.));
#5550=DIRECTION('',(0.,0.,-1.));
#5551=DIRECTION('',(0.,1.,0.));
#5552=DIRECTION('',(0.,0.,-1.));
#5553=DIRECTION('',(0.,0.,-1.));
#5554=DIRECTION('',(0.,1.,0.));
#5555=DIRECTION('center_axis',(1.,0.,0.));
#5556=DIRECTION('ref_axis',(0.,-5.04646829375071E-16,1.));
#5557=DIRECTION('',(0.,-0.707106781186549,-0.707106781186546));
#5558=DIRECTION('center_axis',(-2.22044604925031E-15,-2.77839073944388E-31,
1.));
#5559=DIRECTION('ref_axis',(-0.707106781186553,0.707106781186543,-1.57009245868376E-15));
#5560=DIRECTION('',(2.22044604925031E-15,2.77839073944388E-31,-1.));
#5561=DIRECTION('center_axis',(1.11022302462516E-15,1.38919536972194E-31,
-1.));
#5562=DIRECTION('ref_axis',(0.707106781186546,0.707106781186549,7.85046229341889E-16));
#5563=DIRECTION('',(1.11022302462516E-15,1.38919536972194E-31,-1.));
#5564=DIRECTION('',(-1.11022302462516E-15,-1.38919536972194E-31,1.));
#5565=DIRECTION('center_axis',(-1.,0.,-1.11022302462516E-15));
#5566=DIRECTION('ref_axis',(-1.11022302462516E-15,-1.35963107344689E-31,
1.));
#5567=DIRECTION('',(0.,-1.,0.));
#5568=DIRECTION('',(0.,0.,-1.));
#5569=DIRECTION('',(0.,0.,-1.));
#5570=DIRECTION('',(0.,-1.,0.));
#5571=DIRECTION('',(0.,0.,-1.));
#5572=DIRECTION('',(0.,0.,-1.));
#5573=DIRECTION('',(0.,0.,-1.));
#5574=DIRECTION('',(0.,0.,-1.));
#5575=DIRECTION('',(0.,1.,0.));
#5576=DIRECTION('',(0.,0.,-1.));
#5577=DIRECTION('',(0.,0.,-1.));
#5578=DIRECTION('',(0.,1.,0.));
#5579=DIRECTION('center_axis',(1.,0.,0.));
#5580=DIRECTION('ref_axis',(0.,-2.01858731750028E-16,1.));
#5581=DIRECTION('',(0.,-0.707106781186549,-0.707106781186546));
#5582=DIRECTION('center_axis',(1.11022302462516E-15,1.38919536972194E-31,
-1.));
#5583=DIRECTION('ref_axis',(0.707106781186549,0.707106781186546,7.85046229341885E-16));
#5584=DIRECTION('',(-1.11022302462516E-15,-1.38919536972194E-31,1.));
#5585=DIRECTION('center_axis',(-2.22044604925031E-15,-2.77839073944388E-31,
1.));
#5586=DIRECTION('ref_axis',(-0.707106781186546,0.707106781186549,-1.57009245868378E-15));
#5587=DIRECTION('',(-2.22044604925031E-15,-2.77839073944388E-31,1.));
#5588=DIRECTION('',(2.22044604925031E-15,2.77839073944388E-31,-1.));
#5589=DIRECTION('center_axis',(1.,0.,2.22044604925031E-15));
#5590=DIRECTION('ref_axis',(2.22044604925031E-15,2.71926214689378E-31,-1.));
#5591=DIRECTION('',(0.,-0.707106781186549,-0.707106781186546));
#5592=DIRECTION('center_axis',(1.,0.,0.));
#5593=DIRECTION('ref_axis',(0.,-2.01858731750028E-16,1.));
#5594=DIRECTION('',(0.,1.,0.));
#5595=DIRECTION('',(0.,0.,-1.));
#5596=DIRECTION('',(0.,0.,-1.));
#5597=DIRECTION('',(0.,1.,0.));
#5598=DIRECTION('',(0.,0.,-1.));
#5599=DIRECTION('',(0.,0.,-1.));
#5600=DIRECTION('',(0.,0.,-1.));
#5601=DIRECTION('',(0.,0.,-1.));
#5602=DIRECTION('',(0.,1.,0.));
#5603=DIRECTION('',(0.,0.,-1.));
#5604=DIRECTION('',(0.,0.,-1.));
#5605=DIRECTION('',(0.,1.,0.));
#5606=DIRECTION('center_axis',(0.,0.,-1.));
#5607=DIRECTION('ref_axis',(0.416666666666665,0.90905934288631,0.));
#5608=DIRECTION('',(0.,0.,-1.));
#5609=DIRECTION('center_axis',(-1.,0.,0.));
#5610=DIRECTION('ref_axis',(0.,0.,-1.));
#5611=DIRECTION('',(0.,0.,1.));
#5612=DIRECTION('',(0.,0.,-1.));
#5613=DIRECTION('center_axis',(1.,0.,0.));
#5614=DIRECTION('ref_axis',(0.,0.,1.));
#5615=DIRECTION('',(0.,0.,-1.));
#5616=DIRECTION('',(0.,0.,1.));
#5617=DIRECTION('center_axis',(-1.,0.,0.));
#5618=DIRECTION('ref_axis',(0.,0.,-1.));
#5619=DIRECTION('',(0.,0.,1.));
#5620=DIRECTION('',(0.,0.,-1.));
#5621=DIRECTION('center_axis',(8.73618117737828E-16,-1.,0.));
#5622=DIRECTION('ref_axis',(1.,8.73618117737828E-16,0.));
#5623=DIRECTION('',(0.,0.,1.));
#5624=DIRECTION('center_axis',(-1.,0.,0.));
#5625=DIRECTION('ref_axis',(0.,0.,1.));
#5626=DIRECTION('',(1.,0.,0.));
#5627=DIRECTION('center_axis',(-1.,0.,0.));
#5628=DIRECTION('ref_axis',(0.,0.,1.));
#5629=DIRECTION('center_axis',(-1.,0.,0.));
#5630=DIRECTION('ref_axis',(0.,2.48689957516031E-14,1.));
#5631=DIRECTION('center_axis',(-1.,0.,0.));
#5632=DIRECTION('ref_axis',(0.,2.48689957516031E-14,1.));
#5633=DIRECTION('',(-1.,0.,0.));
#5634=DIRECTION('center_axis',(-1.,0.,0.));
#5635=DIRECTION('ref_axis',(0.,1.,2.44249065417534E-15));
#5636=DIRECTION('center_axis',(-1.,0.,0.));
#5637=DIRECTION('ref_axis',(0.,1.,2.44249065417534E-15));
#5638=DIRECTION('',(-1.,0.,0.));
#5639=DIRECTION('center_axis',(-1.,0.,0.));
#5640=DIRECTION('ref_axis',(0.,1.,2.44249065417534E-15));
#5641=DIRECTION('center_axis',(1.,0.,0.));
#5642=DIRECTION('ref_axis',(0.,1.,2.44249065417534E-15));
#5643=DIRECTION('center_axis',(1.,0.,0.));
#5644=DIRECTION('ref_axis',(0.,0.,-1.));
#5645=DIRECTION('center_axis',(-1.,0.,0.));
#5646=DIRECTION('ref_axis',(0.,0.,1.));
#5647=DIRECTION('',(1.,0.,0.));
#5648=DIRECTION('center_axis',(-1.,0.,0.));
#5649=DIRECTION('ref_axis',(0.,0.,1.));
#5650=DIRECTION('center_axis',(-1.,0.,0.));
#5651=DIRECTION('ref_axis',(0.,3.55271367880049E-15,-1.));
#5652=DIRECTION('center_axis',(-1.,0.,0.));
#5653=DIRECTION('ref_axis',(0.,3.55271367880049E-15,-1.));
#5654=DIRECTION('',(-1.,0.,0.));
#5655=DIRECTION('center_axis',(-1.,0.,0.));
#5656=DIRECTION('ref_axis',(0.,-1.,-1.77635683940024E-15));
#5657=DIRECTION('center_axis',(-1.,0.,0.));
#5658=DIRECTION('ref_axis',(0.,-1.,-1.77635683940024E-15));
#5659=DIRECTION('',(-1.,0.,0.));
#5660=DIRECTION('center_axis',(-1.,0.,0.));
#5661=DIRECTION('ref_axis',(0.,-1.,-1.77635683940024E-15));
#5662=DIRECTION('center_axis',(1.,0.,0.));
#5663=DIRECTION('ref_axis',(0.,-1.,-1.77635683940024E-15));
#5664=DIRECTION('center_axis',(1.,0.,0.));
#5665=DIRECTION('ref_axis',(0.,0.,-1.));
#5666=DIRECTION('center_axis',(-1.,0.,0.));
#5667=DIRECTION('ref_axis',(0.,0.,1.));
#5668=DIRECTION('',(1.,0.,0.));
#5669=DIRECTION('center_axis',(-1.,0.,0.));
#5670=DIRECTION('ref_axis',(0.,0.,1.));
#5671=DIRECTION('center_axis',(-1.,0.,0.));
#5672=DIRECTION('ref_axis',(0.,0.707106781186543,0.707106781186552));
#5673=DIRECTION('center_axis',(-1.,0.,0.));
#5674=DIRECTION('ref_axis',(0.,0.707106781186543,0.707106781186552));
#5675=DIRECTION('',(-1.,0.,0.));
#5676=DIRECTION('',(-1.,0.,0.));
#5677=DIRECTION('center_axis',(0.,0.707106781186613,0.707106781186482));
#5678=DIRECTION('ref_axis',(0.,0.707106781186482,-0.707106781186613));
#5679=DIRECTION('',(0.,-0.707106781186482,0.707106781186613));
#5680=DIRECTION('',(-1.,0.,0.));
#5681=DIRECTION('center_axis',(-1.,0.,0.));
#5682=DIRECTION('ref_axis',(0.,0.70710678118654,0.707106781186556));
#5683=DIRECTION('center_axis',(1.,0.,0.));
#5684=DIRECTION('ref_axis',(0.,0.70710678118654,0.707106781186556));
#5685=DIRECTION('center_axis',(1.,0.,0.));
#5686=DIRECTION('ref_axis',(0.,0.,-1.));
#5687=DIRECTION('',(0.,-0.707106781186549,-0.707106781186546));
#5688=DIRECTION('center_axis',(1.,0.,0.));
#5689=DIRECTION('ref_axis',(0.,0.,1.));
#5690=DIRECTION('center_axis',(-1.,0.,0.));
#5691=DIRECTION('ref_axis',(0.,0.,1.));
#5692=DIRECTION('center_axis',(1.,0.,0.));
#5693=DIRECTION('ref_axis',(0.,0.,1.));
#5694=DIRECTION('',(1.,0.,0.));
#5695=DIRECTION('center_axis',(-1.,0.,0.));
#5696=DIRECTION('ref_axis',(0.,0.,1.));
#5697=DIRECTION('center_axis',(-1.,0.,0.));
#5698=DIRECTION('ref_axis',(0.,2.48689957516031E-14,1.));
#5699=DIRECTION('center_axis',(-1.,0.,0.));
#5700=DIRECTION('ref_axis',(0.,2.48689957516031E-14,1.));
#5701=DIRECTION('',(-1.,0.,0.));
#5702=DIRECTION('center_axis',(1.,0.,0.));
#5703=DIRECTION('ref_axis',(0.,2.48689957516031E-14,1.));
#5704=DIRECTION('center_axis',(-1.,0.,0.));
#5705=DIRECTION('ref_axis',(0.,1.,2.44249065417534E-15));
#5706=DIRECTION('center_axis',(-1.,0.,0.));
#5707=DIRECTION('ref_axis',(0.,1.,2.44249065417534E-15));
#5708=DIRECTION('center_axis',(1.,0.,0.));
#5709=DIRECTION('ref_axis',(0.,1.,2.44249065417534E-15));
#5710=DIRECTION('',(-1.,0.,0.));
#5711=DIRECTION('center_axis',(-1.,0.,0.));
#5712=DIRECTION('ref_axis',(0.,1.,2.44249065417534E-15));
#5713=DIRECTION('center_axis',(1.,0.,0.));
#5714=DIRECTION('ref_axis',(0.,1.,2.44249065417534E-15));
#5715=DIRECTION('center_axis',(-1.,0.,0.));
#5716=DIRECTION('ref_axis',(0.,1.,2.44249065417534E-15));
#5717=DIRECTION('center_axis',(1.,0.,0.));
#5718=DIRECTION('ref_axis',(0.,0.,-1.));
#5719=DIRECTION('center_axis',(1.,0.,0.));
#5720=DIRECTION('ref_axis',(0.,0.,-1.));
#5721=DIRECTION('center_axis',(-1.,0.,0.));
#5722=DIRECTION('ref_axis',(0.,0.,1.));
#5723=DIRECTION('center_axis',(1.,0.,0.));
#5724=DIRECTION('ref_axis',(0.,0.,1.));
#5725=DIRECTION('',(1.,0.,0.));
#5726=DIRECTION('center_axis',(-1.,0.,0.));
#5727=DIRECTION('ref_axis',(0.,0.,1.));
#5728=DIRECTION('center_axis',(-1.,0.,0.));
#5729=DIRECTION('ref_axis',(0.,3.55271367880049E-15,-1.));
#5730=DIRECTION('center_axis',(-1.,0.,0.));
#5731=DIRECTION('ref_axis',(0.,3.55271367880049E-15,-1.));
#5732=DIRECTION('',(-1.,0.,0.));
#5733=DIRECTION('center_axis',(1.,0.,0.));
#5734=DIRECTION('ref_axis',(0.,3.55271367880049E-15,-1.));
#5735=DIRECTION('center_axis',(-1.,0.,0.));
#5736=DIRECTION('ref_axis',(0.,-1.,-1.77635683940024E-15));
#5737=DIRECTION('center_axis',(-1.,0.,0.));
#5738=DIRECTION('ref_axis',(0.,-1.,-1.77635683940024E-15));
#5739=DIRECTION('center_axis',(1.,0.,0.));
#5740=DIRECTION('ref_axis',(0.,-1.,-1.77635683940024E-15));
#5741=DIRECTION('',(-1.,0.,0.));
#5742=DIRECTION('center_axis',(-1.,0.,0.));
#5743=DIRECTION('ref_axis',(0.,-1.,-1.77635683940024E-15));
#5744=DIRECTION('center_axis',(1.,0.,0.));
#5745=DIRECTION('ref_axis',(0.,-1.,-1.77635683940024E-15));
#5746=DIRECTION('center_axis',(-1.,0.,0.));
#5747=DIRECTION('ref_axis',(0.,-1.,-1.77635683940024E-15));
#5748=DIRECTION('center_axis',(1.,0.,0.));
#5749=DIRECTION('ref_axis',(0.,0.,-1.));
#5750=DIRECTION('center_axis',(1.,0.,0.));
#5751=DIRECTION('ref_axis',(0.,0.,-1.));
#5752=DIRECTION('center_axis',(-1.,0.,0.));
#5753=DIRECTION('ref_axis',(0.,0.,1.));
#5754=DIRECTION('center_axis',(1.,0.,0.));
#5755=DIRECTION('ref_axis',(0.,0.,1.));
#5756=DIRECTION('',(1.,0.,0.));
#5757=DIRECTION('center_axis',(-1.,0.,0.));
#5758=DIRECTION('ref_axis',(0.,0.,1.));
#5759=DIRECTION('center_axis',(-1.,0.,0.));
#5760=DIRECTION('ref_axis',(0.,0.707106781186543,0.707106781186552));
#5761=DIRECTION('center_axis',(-1.,0.,0.));
#5762=DIRECTION('ref_axis',(0.,0.707106781186543,0.707106781186552));
#5763=DIRECTION('',(-1.,0.,0.));
#5764=DIRECTION('center_axis',(1.,0.,0.));
#5765=DIRECTION('ref_axis',(0.,0.707106781186543,0.707106781186552));
#5766=DIRECTION('',(-1.,0.,0.));
#5767=DIRECTION('center_axis',(0.,0.707106781186613,0.707106781186482));
#5768=DIRECTION('ref_axis',(0.,0.707106781186482,-0.707106781186613));
#5769=DIRECTION('',(0.,-0.707106781186482,0.707106781186613));
#5770=DIRECTION('',(0.,0.707106781186482,-0.707106781186613));
#5771=DIRECTION('',(-1.,0.,0.));
#5772=DIRECTION('center_axis',(-1.,0.,0.));
#5773=DIRECTION('ref_axis',(0.,0.70710678118654,0.707106781186556));
#5774=DIRECTION('center_axis',(1.,0.,0.));
#5775=DIRECTION('ref_axis',(0.,0.70710678118654,0.707106781186556));
#5776=DIRECTION('center_axis',(-1.,0.,0.));
#5777=DIRECTION('ref_axis',(0.,0.70710678118654,0.707106781186556));
#5778=DIRECTION('center_axis',(1.,0.,0.));
#5779=DIRECTION('ref_axis',(0.,0.,-1.));
#5780=DIRECTION('',(0.,-0.707106781186549,-0.707106781186546));
#5781=DIRECTION('center_axis',(1.,0.,0.));
#5782=DIRECTION('ref_axis',(0.,0.,1.));
#5783=DIRECTION('center_axis',(1.,0.,0.));
#5784=DIRECTION('ref_axis',(0.,0.,-1.));
#5785=DIRECTION('',(0.,0.707106781186549,0.707106781186546));
#5786=DIRECTION('center_axis',(-1.,0.,0.));
#5787=DIRECTION('ref_axis',(0.,0.,1.));
#5788=DIRECTION('center_axis',(-1.,0.,0.));
#5789=DIRECTION('ref_axis',(0.,0.,1.));
#5790=DIRECTION('center_axis',(1.,0.,0.));
#5791=DIRECTION('ref_axis',(0.,0.,1.));
#5792=DIRECTION('',(1.,0.,0.));
#5793=DIRECTION('center_axis',(-1.,0.,0.));
#5794=DIRECTION('ref_axis',(0.,0.,1.));
#5795=DIRECTION('center_axis',(-1.,0.,0.));
#5796=DIRECTION('ref_axis',(0.,2.48689957516031E-14,1.));
#5797=DIRECTION('center_axis',(-1.,0.,0.));
#5798=DIRECTION('ref_axis',(0.,2.48689957516031E-14,1.));
#5799=DIRECTION('',(-1.,0.,0.));
#5800=DIRECTION('center_axis',(1.,0.,0.));
#5801=DIRECTION('ref_axis',(0.,2.48689957516031E-14,1.));
#5802=DIRECTION('center_axis',(-1.,0.,0.));
#5803=DIRECTION('ref_axis',(0.,1.,2.44249065417534E-15));
#5804=DIRECTION('center_axis',(-1.,0.,0.));
#5805=DIRECTION('ref_axis',(0.,1.,2.44249065417534E-15));
#5806=DIRECTION('center_axis',(1.,0.,0.));
#5807=DIRECTION('ref_axis',(0.,1.,2.44249065417534E-15));
#5808=DIRECTION('',(-1.,0.,0.));
#5809=DIRECTION('center_axis',(-1.,0.,0.));
#5810=DIRECTION('ref_axis',(0.,1.,2.44249065417534E-15));
#5811=DIRECTION('center_axis',(1.,0.,0.));
#5812=DIRECTION('ref_axis',(0.,1.,2.44249065417534E-15));
#5813=DIRECTION('center_axis',(-1.,0.,0.));
#5814=DIRECTION('ref_axis',(0.,1.,2.44249065417534E-15));
#5815=DIRECTION('center_axis',(1.,0.,0.));
#5816=DIRECTION('ref_axis',(0.,0.,-1.));
#5817=DIRECTION('center_axis',(1.,0.,0.));
#5818=DIRECTION('ref_axis',(0.,0.,-1.));
#5819=DIRECTION('center_axis',(-1.,0.,0.));
#5820=DIRECTION('ref_axis',(0.,0.,1.));
#5821=DIRECTION('center_axis',(1.,0.,0.));
#5822=DIRECTION('ref_axis',(0.,0.,1.));
#5823=DIRECTION('',(1.,0.,0.));
#5824=DIRECTION('center_axis',(-1.,0.,0.));
#5825=DIRECTION('ref_axis',(0.,0.,1.));
#5826=DIRECTION('center_axis',(-1.,0.,0.));
#5827=DIRECTION('ref_axis',(0.,3.55271367880049E-15,-1.));
#5828=DIRECTION('center_axis',(-1.,0.,0.));
#5829=DIRECTION('ref_axis',(0.,3.55271367880049E-15,-1.));
#5830=DIRECTION('',(-1.,0.,0.));
#5831=DIRECTION('center_axis',(1.,0.,0.));
#5832=DIRECTION('ref_axis',(0.,3.55271367880049E-15,-1.));
#5833=DIRECTION('center_axis',(-1.,0.,0.));
#5834=DIRECTION('ref_axis',(0.,-1.,-1.77635683940024E-15));
#5835=DIRECTION('center_axis',(-1.,0.,0.));
#5836=DIRECTION('ref_axis',(0.,-1.,-1.77635683940024E-15));
#5837=DIRECTION('center_axis',(1.,0.,0.));
#5838=DIRECTION('ref_axis',(0.,-1.,-1.77635683940024E-15));
#5839=DIRECTION('',(-1.,0.,0.));
#5840=DIRECTION('center_axis',(-1.,0.,0.));
#5841=DIRECTION('ref_axis',(0.,-1.,-1.77635683940024E-15));
#5842=DIRECTION('center_axis',(1.,0.,0.));
#5843=DIRECTION('ref_axis',(0.,-1.,-1.77635683940024E-15));
#5844=DIRECTION('center_axis',(-1.,0.,0.));
#5845=DIRECTION('ref_axis',(0.,-1.,-1.77635683940024E-15));
#5846=DIRECTION('center_axis',(1.,0.,0.));
#5847=DIRECTION('ref_axis',(0.,0.,-1.));
#5848=DIRECTION('center_axis',(1.,0.,0.));
#5849=DIRECTION('ref_axis',(0.,0.,-1.));
#5850=DIRECTION('center_axis',(-1.,0.,0.));
#5851=DIRECTION('ref_axis',(0.,0.,1.));
#5852=DIRECTION('center_axis',(1.,0.,0.));
#5853=DIRECTION('ref_axis',(0.,0.,1.));
#5854=DIRECTION('',(1.,0.,0.));
#5855=DIRECTION('center_axis',(-1.,0.,0.));
#5856=DIRECTION('ref_axis',(0.,0.,1.));
#5857=DIRECTION('center_axis',(-1.,0.,0.));
#5858=DIRECTION('ref_axis',(0.,0.707106781186543,0.707106781186552));
#5859=DIRECTION('center_axis',(-1.,0.,0.));
#5860=DIRECTION('ref_axis',(0.,0.707106781186543,0.707106781186552));
#5861=DIRECTION('',(-1.,0.,0.));
#5862=DIRECTION('center_axis',(1.,0.,0.));
#5863=DIRECTION('ref_axis',(0.,0.707106781186543,0.707106781186552));
#5864=DIRECTION('',(-1.,0.,0.));
#5865=DIRECTION('center_axis',(0.,0.707106781186613,0.707106781186482));
#5866=DIRECTION('ref_axis',(0.,0.707106781186482,-0.707106781186613));
#5867=DIRECTION('',(0.,-0.707106781186482,0.707106781186613));
#5868=DIRECTION('',(0.,0.707106781186482,-0.707106781186613));
#5869=DIRECTION('',(-1.,0.,0.));
#5870=DIRECTION('center_axis',(-1.,0.,0.));
#5871=DIRECTION('ref_axis',(0.,0.70710678118654,0.707106781186556));
#5872=DIRECTION('center_axis',(1.,0.,0.));
#5873=DIRECTION('ref_axis',(0.,0.70710678118654,0.707106781186556));
#5874=DIRECTION('center_axis',(-1.,0.,0.));
#5875=DIRECTION('ref_axis',(0.,0.70710678118654,0.707106781186556));
#5876=DIRECTION('center_axis',(1.,0.,0.));
#5877=DIRECTION('ref_axis',(0.,0.,-1.));
#5878=DIRECTION('',(0.,-0.707106781186549,-0.707106781186546));
#5879=DIRECTION('center_axis',(1.,0.,0.));
#5880=DIRECTION('ref_axis',(0.,0.,1.));
#5881=DIRECTION('center_axis',(1.,0.,0.));
#5882=DIRECTION('ref_axis',(0.,0.,-1.));
#5883=DIRECTION('',(0.,0.707106781186549,0.707106781186546));
#5884=DIRECTION('center_axis',(-1.,0.,0.));
#5885=DIRECTION('ref_axis',(0.,0.,1.));
#5886=DIRECTION('center_axis',(1.,0.,0.));
#5887=DIRECTION('ref_axis',(0.,0.,1.));
#5888=DIRECTION('',(-1.,1.58328651295843E-16,-1.58328651295843E-16));
#5889=DIRECTION('',(-1.,1.58328651295843E-16,-1.58328651295843E-16));
#5890=DIRECTION('',(-1.,1.58328651295843E-16,-1.58328651295843E-16));
#5891=DIRECTION('center_axis',(-1.,0.,0.));
#5892=DIRECTION('ref_axis',(0.,0.,1.));
#5893=DIRECTION('',(-1.,0.,0.));
#5894=DIRECTION('center_axis',(-2.23910525974821E-16,-0.707106781186546,
0.707106781186549));
#5895=DIRECTION('ref_axis',(-1.,1.58328651295843E-16,-1.58328651295843E-16));
#5896=DIRECTION('',(0.,0.707106781186549,0.707106781186546));
#5897=DIRECTION('center_axis',(-2.23910525974821E-16,-0.707106781186546,
0.707106781186549));
#5898=DIRECTION('ref_axis',(-1.,1.58328651295843E-16,-1.58328651295843E-16));
#5899=DIRECTION('center_axis',(-2.23910525974821E-16,-0.707106781186546,
0.707106781186549));
#5900=DIRECTION('ref_axis',(-1.,1.58328651295843E-16,-1.58328651295843E-16));
#5901=DIRECTION('center_axis',(-1.,0.,0.));
#5902=DIRECTION('ref_axis',(0.,0.,1.));
#5903=DIRECTION('center_axis',(1.,0.,0.));
#5904=DIRECTION('ref_axis',(0.,0.,1.));
#5905=DIRECTION('',(1.,0.,0.));
#5906=DIRECTION('center_axis',(-1.,0.,0.));
#5907=DIRECTION('ref_axis',(0.,2.48689957516031E-14,1.));
#5908=DIRECTION('',(-1.,0.,0.));
#5909=DIRECTION('center_axis',(1.,0.,0.));
#5910=DIRECTION('ref_axis',(0.,2.48689957516031E-14,1.));
#5911=DIRECTION('center_axis',(-1.,0.,0.));
#5912=DIRECTION('ref_axis',(0.,1.,2.44249065417534E-15));
#5913=DIRECTION('center_axis',(1.,0.,0.));
#5914=DIRECTION('ref_axis',(0.,1.,2.44249065417534E-15));
#5915=DIRECTION('',(-1.,0.,0.));
#5916=DIRECTION('center_axis',(-1.,0.,0.));
#5917=DIRECTION('ref_axis',(0.,1.,2.44249065417534E-15));
#5918=DIRECTION('center_axis',(-1.,0.,0.));
#5919=DIRECTION('ref_axis',(0.,1.,2.44249065417534E-15));
#5920=DIRECTION('center_axis',(1.,0.,0.));
#5921=DIRECTION('ref_axis',(0.,0.,-1.));
#5922=DIRECTION('center_axis',(-1.,0.,0.));
#5923=DIRECTION('ref_axis',(0.,0.,1.));
#5924=DIRECTION('center_axis',(1.,0.,0.));
#5925=DIRECTION('ref_axis',(0.,0.,1.));
#5926=DIRECTION('',(1.,0.,0.));
#5927=DIRECTION('center_axis',(-1.,0.,0.));
#5928=DIRECTION('ref_axis',(0.,3.55271367880049E-15,-1.));
#5929=DIRECTION('',(-1.,0.,0.));
#5930=DIRECTION('center_axis',(1.,0.,0.));
#5931=DIRECTION('ref_axis',(0.,3.55271367880049E-15,-1.));
#5932=DIRECTION('center_axis',(-1.,0.,0.));
#5933=DIRECTION('ref_axis',(0.,-1.,-1.77635683940024E-15));
#5934=DIRECTION('center_axis',(1.,0.,0.));
#5935=DIRECTION('ref_axis',(0.,-1.,-1.77635683940024E-15));
#5936=DIRECTION('',(-1.,0.,0.));
#5937=DIRECTION('center_axis',(-1.,0.,0.));
#5938=DIRECTION('ref_axis',(0.,-1.,-1.77635683940024E-15));
#5939=DIRECTION('center_axis',(-1.,0.,0.));
#5940=DIRECTION('ref_axis',(0.,-1.,-1.77635683940024E-15));
#5941=DIRECTION('center_axis',(1.,0.,0.));
#5942=DIRECTION('ref_axis',(0.,0.,-1.));
#5943=DIRECTION('center_axis',(-1.,0.,0.));
#5944=DIRECTION('ref_axis',(0.,0.,1.));
#5945=DIRECTION('center_axis',(1.,0.,0.));
#5946=DIRECTION('ref_axis',(0.,0.,1.));
#5947=DIRECTION('',(1.,0.,0.));
#5948=DIRECTION('center_axis',(-1.,0.,0.));
#5949=DIRECTION('ref_axis',(0.,0.707106781186543,0.707106781186552));
#5950=DIRECTION('center_axis',(1.,0.,0.));
#5951=DIRECTION('ref_axis',(0.,0.707106781186543,0.707106781186552));
#5952=DIRECTION('',(-1.,0.,0.));
#5953=DIRECTION('center_axis',(0.,0.707106781186613,0.707106781186482));
#5954=DIRECTION('ref_axis',(0.,0.707106781186482,-0.707106781186613));
#5955=DIRECTION('',(0.,0.707106781186482,-0.707106781186613));
#5956=DIRECTION('',(-1.,0.,0.));
#5957=DIRECTION('center_axis',(-1.,0.,0.));
#5958=DIRECTION('ref_axis',(0.,0.70710678118654,0.707106781186556));
#5959=DIRECTION('center_axis',(-1.,0.,0.));
#5960=DIRECTION('ref_axis',(0.,0.70710678118654,0.707106781186556));
#5961=DIRECTION('center_axis',(1.,0.,0.));
#5962=DIRECTION('ref_axis',(0.,0.,-1.));
#5963=DIRECTION('center_axis',(1.43254583822601E-16,0.707106781186546,-0.707106781186549));
#5964=DIRECTION('ref_axis',(1.,-1.01296287657018E-16,1.01296287657018E-16));
#5965=DIRECTION('',(1.,-1.01296287657018E-16,1.01296287657018E-16));
#5966=DIRECTION('center_axis',(1.43254583822601E-16,0.707106781186546,-0.707106781186549));
#5967=DIRECTION('ref_axis',(1.,-1.01296287657018E-16,1.01296287657018E-16));
#5968=DIRECTION('',(1.,-1.01296287657018E-16,1.01296287657018E-16));
#5969=DIRECTION('center_axis',(1.43254583822601E-16,0.707106781186546,-0.707106781186549));
#5970=DIRECTION('ref_axis',(1.,-1.01296287657018E-16,1.01296287657018E-16));
#5971=DIRECTION('',(1.,-1.01296287657018E-16,1.01296287657018E-16));
#5972=DIRECTION('center_axis',(1.,0.,0.));
#5973=DIRECTION('ref_axis',(0.,0.,1.));
#5974=DIRECTION('',(1.,0.,1.43254583822601E-16));
#5975=DIRECTION('center_axis',(1.,0.,0.));
#5976=DIRECTION('ref_axis',(0.,0.,1.));
#5977=DIRECTION('',(1.,0.,1.43254583822601E-16));
#5978=DIRECTION('center_axis',(1.,0.,0.));
#5979=DIRECTION('ref_axis',(0.,0.,1.));
#5980=DIRECTION('',(1.,0.,1.43254583822601E-16));
#5981=DIRECTION('center_axis',(0.,1.,0.));
#5982=DIRECTION('ref_axis',(1.,0.,0.));
#5983=DIRECTION('center_axis',(0.,1.,0.));
#5984=DIRECTION('ref_axis',(1.,0.,0.));
#5985=DIRECTION('center_axis',(1.43254583822601E-16,-1.,0.));
#5986=DIRECTION('ref_axis',(-1.,-1.43254583822601E-16,0.));
#5987=DIRECTION('',(1.,1.43254583822601E-16,0.));
#5988=DIRECTION('center_axis',(1.43254583822601E-16,-1.,0.));
#5989=DIRECTION('ref_axis',(-1.,-1.43254583822601E-16,0.));
#5990=DIRECTION('',(-1.,-1.43254583822601E-16,0.));
#5991=DIRECTION('center_axis',(1.43254583822601E-16,-1.,0.));
#5992=DIRECTION('ref_axis',(-1.,-1.43254583822601E-16,0.));
#5993=DIRECTION('',(1.,1.43254583822601E-16,0.));
#5994=DIRECTION('center_axis',(1.43254583822601E-16,-1.,0.));
#5995=DIRECTION('ref_axis',(-1.,-1.43254583822601E-16,0.));
#5996=DIRECTION('',(-1.,-1.43254583822601E-16,0.));
#5997=DIRECTION('center_axis',(0.,1.,0.));
#5998=DIRECTION('ref_axis',(1.,0.,0.));
#5999=DIRECTION('center_axis',(0.,1.,0.));
#6000=DIRECTION('ref_axis',(1.,0.,0.));
#6001=DIRECTION('center_axis',(0.,1.,0.));
#6002=DIRECTION('ref_axis',(1.,0.,0.));
#6003=DIRECTION('',(1.,0.,0.));
#6004=DIRECTION('center_axis',(0.,1.,0.));
#6005=DIRECTION('ref_axis',(1.,0.,0.));
#6006=DIRECTION('',(-1.,0.,0.));
#6007=DIRECTION('center_axis',(0.,-1.,0.));
#6008=DIRECTION('ref_axis',(-1.,0.,0.));
#6009=DIRECTION('',(-1.,0.,0.));
#6010=DIRECTION('center_axis',(0.,-1.,0.));
#6011=DIRECTION('ref_axis',(-1.,0.,0.));
#6012=DIRECTION('',(1.,0.,0.));
#6013=DIRECTION('center_axis',(0.,0.,-1.));
#6014=DIRECTION('ref_axis',(1.,0.,0.));
#6015=DIRECTION('center_axis',(0.,0.,-1.));
#6016=DIRECTION('ref_axis',(1.,0.,0.));
#6017=DIRECTION('',(0.,0.,-1.));
#6018=DIRECTION('center_axis',(0.,0.,-1.));
#6019=DIRECTION('ref_axis',(1.,0.,0.));
#6020=DIRECTION('',(0.,0.,-1.));
#6021=DIRECTION('center_axis',(0.,0.,1.));
#6022=DIRECTION('ref_axis',(1.,0.,0.));
#6023=DIRECTION('center_axis',(0.,1.,0.));
#6024=DIRECTION('ref_axis',(1.,0.,0.));
#6025=DIRECTION('center_axis',(0.,1.,0.));
#6026=DIRECTION('ref_axis',(1.,0.,0.));
#6027=DIRECTION('center_axis',(1.43254583822601E-16,-1.,0.));
#6028=DIRECTION('ref_axis',(-1.,-1.43254583822601E-16,0.));
#6029=DIRECTION('',(-1.,-1.43254583822601E-16,0.));
#6030=DIRECTION('center_axis',(1.43254583822601E-16,-1.,0.));
#6031=DIRECTION('ref_axis',(-1.,-1.43254583822601E-16,0.));
#6032=DIRECTION('',(1.,1.43254583822601E-16,0.));
#6033=DIRECTION('center_axis',(0.,1.,0.));
#6034=DIRECTION('ref_axis',(1.,0.,0.));
#6035=DIRECTION('',(-1.,0.,0.));
#6036=DIRECTION('center_axis',(0.,1.,0.));
#6037=DIRECTION('ref_axis',(1.,0.,0.));
#6038=DIRECTION('',(1.,0.,0.));
#6039=DIRECTION('center_axis',(0.,-1.,0.));
#6040=DIRECTION('ref_axis',(-1.,0.,0.));
#6041=DIRECTION('',(1.,0.,0.));
#6042=DIRECTION('center_axis',(0.,-1.,0.));
#6043=DIRECTION('ref_axis',(-1.,0.,0.));
#6044=DIRECTION('',(-1.,0.,0.));
#6045=DIRECTION('center_axis',(0.,1.,0.));
#6046=DIRECTION('ref_axis',(1.,0.,0.));
#6047=DIRECTION('',(1.,0.,0.));
#6048=DIRECTION('center_axis',(0.,1.,0.));
#6049=DIRECTION('ref_axis',(1.,0.,0.));
#6050=DIRECTION('',(-1.,0.,0.));
#6051=DIRECTION('center_axis',(0.,-1.,0.));
#6052=DIRECTION('ref_axis',(-1.,0.,0.));
#6053=DIRECTION('',(-1.,0.,0.));
#6054=DIRECTION('center_axis',(0.,-1.,0.));
#6055=DIRECTION('ref_axis',(-1.,0.,0.));
#6056=DIRECTION('',(1.,0.,0.));
#6057=DIRECTION('center_axis',(0.,0.,-1.));
#6058=DIRECTION('ref_axis',(1.,0.,0.));
#6059=DIRECTION('center_axis',(0.,0.,-1.));
#6060=DIRECTION('ref_axis',(1.,0.,0.));
#6061=DIRECTION('',(0.,0.,-1.));
#6062=DIRECTION('center_axis',(0.,0.,-1.));
#6063=DIRECTION('ref_axis',(1.,0.,0.));
#6064=DIRECTION('',(0.,0.,-1.));
#6065=DIRECTION('center_axis',(0.,0.,1.));
#6066=DIRECTION('ref_axis',(1.,0.,0.));
#6067=DIRECTION('center_axis',(0.,0.,-1.));
#6068=DIRECTION('ref_axis',(1.,0.,0.));
#6069=DIRECTION('center_axis',(0.,0.,-1.));
#6070=DIRECTION('ref_axis',(1.,0.,0.));
#6071=DIRECTION('',(0.,0.,-1.));
#6072=DIRECTION('center_axis',(0.,0.,-1.));
#6073=DIRECTION('ref_axis',(1.,0.,0.));
#6074=DIRECTION('',(0.,0.,-1.));
#6075=DIRECTION('center_axis',(0.,0.,1.));
#6076=DIRECTION('ref_axis',(1.,0.,0.));
#6077=DIRECTION('center_axis',(0.,0.,1.));
#6078=DIRECTION('ref_axis',(1.,0.,0.));
#6079=DIRECTION('center_axis',(0.,0.,1.));
#6080=DIRECTION('ref_axis',(1.,0.,0.));
#6081=DIRECTION('center_axis',(0.,0.,1.));
#6082=DIRECTION('ref_axis',(1.,0.,0.));
#6083=DIRECTION('center_axis',(0.,0.,1.));
#6084=DIRECTION('ref_axis',(1.,0.,0.));
#6085=DIRECTION('center_axis',(0.,0.,1.));
#6086=DIRECTION('ref_axis',(1.,0.,0.));
#6087=DIRECTION('center_axis',(0.,0.,1.));
#6088=DIRECTION('ref_axis',(1.,0.,0.));
#6089=DIRECTION('center_axis',(0.,0.,1.));
#6090=DIRECTION('ref_axis',(1.,0.,0.));
#6091=DIRECTION('center_axis',(0.,0.,1.));
#6092=DIRECTION('ref_axis',(1.,0.,0.));
#6093=DIRECTION('center_axis',(0.,0.,1.));
#6094=DIRECTION('ref_axis',(1.,0.,0.));
#6095=DIRECTION('center_axis',(0.,0.,1.));
#6096=DIRECTION('ref_axis',(1.,0.,0.));
#6097=DIRECTION('center_axis',(0.,0.,1.));
#6098=DIRECTION('ref_axis',(1.,0.,0.));
#6099=DIRECTION('center_axis',(0.,0.,1.));
#6100=DIRECTION('ref_axis',(1.,0.,0.));
#6101=DIRECTION('center_axis',(-1.25127594988491E-16,1.,0.));
#6102=DIRECTION('ref_axis',(-1.,-1.25127594988491E-16,0.));
#6103=DIRECTION('',(0.,0.,1.));
#6104=DIRECTION('center_axis',(-1.25127594988491E-16,1.,0.));
#6105=DIRECTION('ref_axis',(-1.,-1.25127594988491E-16,0.));
#6106=DIRECTION('center_axis',(-1.25127594988491E-16,1.,0.));
#6107=DIRECTION('ref_axis',(-1.,-1.25127594988491E-16,0.));
#6108=DIRECTION('center_axis',(0.,0.,-1.));
#6109=DIRECTION('ref_axis',(1.,0.,0.));
#6110=DIRECTION('',(0.,0.,-1.));
#6111=DIRECTION('center_axis',(0.,0.,-1.));
#6112=DIRECTION('ref_axis',(1.,0.,0.));
#6113=DIRECTION('',(0.,0.,-1.));
#6114=DIRECTION('center_axis',(0.,0.,-1.));
#6115=DIRECTION('ref_axis',(1.,0.,0.));
#6116=DIRECTION('',(0.,0.,-1.));
#6117=DIRECTION('center_axis',(0.,0.,-1.));
#6118=DIRECTION('ref_axis',(1.,0.,0.));
#6119=DIRECTION('',(0.,0.,-1.));
#6120=DIRECTION('center_axis',(0.,0.,-1.));
#6121=DIRECTION('ref_axis',(1.,0.,0.));
#6122=DIRECTION('',(0.,0.,-1.));
#6123=DIRECTION('center_axis',(0.,0.,-1.));
#6124=DIRECTION('ref_axis',(1.,0.,0.));
#6125=DIRECTION('',(0.,0.,-1.));
#6126=DIRECTION('center_axis',(-1.,0.,0.));
#6127=DIRECTION('ref_axis',(0.,1.,0.));
#6128=DIRECTION('',(0.,0.,1.));
#6129=DIRECTION('center_axis',(-1.05735526154777E-16,1.,0.));
#6130=DIRECTION('ref_axis',(1.,1.05735526154777E-16,0.));
#6131=DIRECTION('center_axis',(8.73618117737828E-16,-1.,0.));
#6132=DIRECTION('ref_axis',(1.,8.73618117737828E-16,0.));
#6133=DIRECTION('center_axis',(1.,0.,0.));
#6134=DIRECTION('ref_axis',(0.,1.,0.));
#6135=CARTESIAN_POINT('',(0.,0.,0.));
#6136=CARTESIAN_POINT('Origin',(0.,-91.1787863118733,-9.77958312778411));
#6137=CARTESIAN_POINT('',(-117.,-97.4547511850579,0.448430604634922));
#6138=CARTESIAN_POINT('',(-117.,-99.6640676861118,-18.2648645020227));
#6139=CARTESIAN_POINT('Origin',(-117.,-91.1787863118733,-9.77958312778411));
#6140=CARTESIAN_POINT('',(-119.,-99.6640676861118,-18.2648645020227));
#6141=CARTESIAN_POINT('',(0.,-99.6640676861118,-18.2648645020227));
#6142=CARTESIAN_POINT('',(-119.,-97.4547511850579,0.448430604634931));
#6143=CARTESIAN_POINT('Origin',(-119.,-91.1787863118733,-9.77958312778411));
#6144=CARTESIAN_POINT('',(0.,-97.4547511850579,0.448430604634931));
#6145=CARTESIAN_POINT('Origin',(-59.5,-103.204581464245,-14.7243507238896));
#6146=CARTESIAN_POINT('',(-117.,-98.9619407771254,-18.9669914110091));
#6147=CARTESIAN_POINT('',(-117.,-98.9619407771254,-18.9669914110091));
#6148=CARTESIAN_POINT('',(-85.9999999999999,-98.9619407771255,-18.966991411009));
#6149=CARTESIAN_POINT('',(-85.9999999999999,-98.9619407771255,-18.966991411009));
#6150=CARTESIAN_POINT('',(-85.9999999999999,-99.6640676861118,-18.2648645020227));
#6151=CARTESIAN_POINT('',(-85.9999999999999,-109.568542494924,-8.36038969321084));
#6152=CARTESIAN_POINT('',(-74.9999999999999,-99.6640676861118,-18.2648645020227));
#6153=CARTESIAN_POINT('',(0.,-99.6640676861118,-18.2648645020227));
#6154=CARTESIAN_POINT('',(-74.9999999999999,-98.9619407771255,-18.966991411009));
#6155=CARTESIAN_POINT('',(-74.9999999999999,-98.9619407771255,-18.966991411009));
#6156=CARTESIAN_POINT('',(-44.,-98.9619407771255,-18.966991411009));
#6157=CARTESIAN_POINT('',(-44.,-98.9619407771255,-18.966991411009));
#6158=CARTESIAN_POINT('',(-44.,-99.6640676861118,-18.2648645020227));
#6159=CARTESIAN_POINT('',(-44.,-109.568542494924,-8.36038969321084));
#6160=CARTESIAN_POINT('',(-33.,-99.6640676861118,-18.2648645020227));
#6161=CARTESIAN_POINT('',(0.,-99.6640676861118,-18.2648645020227));
#6162=CARTESIAN_POINT('',(-33.,-98.9619407771256,-18.966991411009));
#6163=CARTESIAN_POINT('',(-33.,-98.9619407771256,-18.9669914110089));
#6164=CARTESIAN_POINT('',(-1.99999999999998,-98.9619407771256,-18.9669914110089));
#6165=CARTESIAN_POINT('',(-1.99999999999998,-98.9619407771256,-18.9669914110089));
#6166=CARTESIAN_POINT('',(-1.99999999999997,-99.6640676861118,-18.2648645020227));
#6167=CARTESIAN_POINT('',(-1.99999999999994,-109.568542494924,-8.36038969321071));
#6168=CARTESIAN_POINT('',(7.094307083589E-16,-99.6640676861118,-18.2648645020227));
#6169=CARTESIAN_POINT('',(0.,-99.6640676861118,-18.2648645020227));
#6170=CARTESIAN_POINT('',(0.,-96.8406204335659,-21.0883117545686));
#6171=CARTESIAN_POINT('',(9.11666588913164E-16,-96.840620433566,-21.0883117545686));
#6172=CARTESIAN_POINT('',(-119.,-96.8406204335659,-21.0883117545686));
#6173=CARTESIAN_POINT('',(-119.,-96.8406204335659,-21.0883117545686));
#6174=CARTESIAN_POINT('',(-119.,-109.568542494924,-8.36038969321084));
#6175=CARTESIAN_POINT('Origin',(0.,-91.1787863118733,-9.77958312778411));
#6176=CARTESIAN_POINT('',(-75.0000000000001,-97.4547511850579,0.448430604634922));
#6177=CARTESIAN_POINT('Origin',(-75.,-91.1787863118733,-9.77958312778411));
#6178=CARTESIAN_POINT('',(-86.0000000000002,-97.4547511850579,0.448430604634931));
#6179=CARTESIAN_POINT('Origin',(-86.,-91.1787863118733,-9.77958312778411));
#6180=CARTESIAN_POINT('',(0.,-97.4547511850579,0.448430604634931));
#6181=CARTESIAN_POINT('Origin',(0.,-91.1787863118733,-9.77958312778411));
#6182=CARTESIAN_POINT('',(-33.,-97.4547511850579,0.44843060463494));
#6183=CARTESIAN_POINT('Origin',(-33.,-91.1787863118733,-9.77958312778411));
#6184=CARTESIAN_POINT('',(-44.0000000000002,-97.4547511850579,0.448430604634922));
#6185=CARTESIAN_POINT('Origin',(-44.,-91.1787863118733,-9.77958312778411));
#6186=CARTESIAN_POINT('',(0.,-97.4547511850579,0.448430604634931));
#6187=CARTESIAN_POINT('Origin',(0.,-91.1787863118733,-9.77958312778411));
#6188=CARTESIAN_POINT('',(-1.99999999999998,-97.4547511850579,0.448430604634931));
#6189=CARTESIAN_POINT('Origin',(-2.,-91.1787863118733,-9.77958312778411));
#6190=CARTESIAN_POINT('',(0.,-97.4547511850579,0.448430604634931));
#6191=CARTESIAN_POINT('',(0.,-97.4547511850579,0.448430604634931));
#6192=CARTESIAN_POINT('Origin',(0.,-91.1787863118733,-9.77958312778411));
#6193=CARTESIAN_POINT('Origin',(0.,-53.,-72.));
#6194=CARTESIAN_POINT('',(-2.,-47.3333333333333,12.8109007668761));
#6195=CARTESIAN_POINT('Origin',(-2.,-53.,-72.));
#6196=CARTESIAN_POINT('',(0.,-47.3333333333333,12.8109007668761));
#6197=CARTESIAN_POINT('',(0.,-47.3333333333333,12.8109007668761));
#6198=CARTESIAN_POINT('Origin',(0.,-53.,-72.));
#6199=CARTESIAN_POINT('Origin',(-74.9999999999999,-106.033008588991,-26.0380592228745));
#6200=CARTESIAN_POINT('',(-44.,-106.033008588991,-26.0380592228745));
#6201=CARTESIAN_POINT('',(-74.9999999999999,-106.033008588991,-26.0380592228745));
#6202=CARTESIAN_POINT('',(-44.,-106.033008588991,-26.0380592228745));
#6203=CARTESIAN_POINT('',(-44.,-106.033008588991,-26.0380592228745));
#6204=CARTESIAN_POINT('',(-74.9999999999999,-106.033008588991,-26.0380592228745));
#6205=CARTESIAN_POINT('Origin',(-117.,-106.033008588991,-26.0380592228745));
#6206=CARTESIAN_POINT('',(-85.9999999999999,-106.033008588991,-26.0380592228745));
#6207=CARTESIAN_POINT('',(-117.,-106.033008588991,-26.0380592228745));
#6208=CARTESIAN_POINT('',(-85.9999999999999,-106.033008588991,-26.0380592228745));
#6209=CARTESIAN_POINT('',(-85.9999999999999,-106.033008588991,-26.0380592228745));
#6210=CARTESIAN_POINT('',(-117.,-106.033008588991,-26.0380592228745));
#6211=CARTESIAN_POINT('Origin',(0.,-103.911688245431,-28.1593795664341));
#6212=CARTESIAN_POINT('',(-119.,-103.911688245431,-28.1593795664341));
#6213=CARTESIAN_POINT('',(0.,-103.911688245431,-28.1593795664341));
#6214=CARTESIAN_POINT('',(-119.,-103.911688245431,-28.1593795664341));
#6215=CARTESIAN_POINT('',(-119.,-103.911688245431,-28.1593795664341));
#6216=CARTESIAN_POINT('',(0.,-103.911688245431,-28.1593795664341));
#6217=CARTESIAN_POINT('Origin',(-33.,-106.033008588991,-26.0380592228744));
#6218=CARTESIAN_POINT('',(-1.99999999999998,-106.033008588991,-26.0380592228744));
#6219=CARTESIAN_POINT('',(-33.,-106.033008588991,-26.0380592228744));
#6220=CARTESIAN_POINT('',(-1.99999999999998,-106.033008588991,-26.0380592228744));
#6221=CARTESIAN_POINT('',(-1.99999999999998,-106.033008588991,-26.0380592228744));
#6222=CARTESIAN_POINT('',(-33.,-106.033008588991,-26.0380592228744));
#6223=CARTESIAN_POINT('Origin',(-33.,-4.04133443718626E-15,-6.66133814775094E-15));
#6224=CARTESIAN_POINT('',(-33.0000000000001,-47.3333333333333,12.8109007668761));
#6225=CARTESIAN_POINT('Origin',(-33.,-53.,-72.));
#6226=CARTESIAN_POINT('',(-33.,-38.,2.8331477354789));
#6227=CARTESIAN_POINT('Origin',(-33.,-48.,2.8331477354789));
#6228=CARTESIAN_POINT('',(-33.,-38.,-6.66133814775094E-15));
#6229=CARTESIAN_POINT('',(-33.,-38.,5.83300132670387));
#6230=CARTESIAN_POINT('',(-33.,-35.,-7.49400541621981E-15));
#6231=CARTESIAN_POINT('',(-33.,-4.04133443718626E-15,-7.49400541621981E-15));
#6232=CARTESIAN_POINT('',(-33.,-35.,-2.));
#6233=CARTESIAN_POINT('',(-33.,-35.,18.));
#6234=CARTESIAN_POINT('',(-33.,-33.,-2.));
#6235=CARTESIAN_POINT('',(-33.,-8.75000000000001,-2.));
#6236=CARTESIAN_POINT('',(-33.,-33.,0.));
#6237=CARTESIAN_POINT('',(-33.,-33.,18.));
#6238=CARTESIAN_POINT('',(-33.,-2.,-7.49400541621981E-15));
#6239=CARTESIAN_POINT('',(-33.,-4.04133443718626E-15,-7.49400541621981E-15));
#6240=CARTESIAN_POINT('',(-33.,-2.,-2.));
#6241=CARTESIAN_POINT('',(-33.,-2.,18.));
#6242=CARTESIAN_POINT('',(-33.,8.32667268468867E-16,-2.));
#6243=CARTESIAN_POINT('',(-33.,7.74999999999999,-2.));
#6244=CARTESIAN_POINT('',(-33.,8.32667268468867E-16,0.));
#6245=CARTESIAN_POINT('',(-33.,8.32667268468867E-16,18.));
#6246=CARTESIAN_POINT('',(-33.,1.,-7.49400541621981E-15));
#6247=CARTESIAN_POINT('',(-33.,-4.04133443718626E-15,-7.49400541621981E-15));
#6248=CARTESIAN_POINT('',(-33.,1.,16.));
#6249=CARTESIAN_POINT('',(-33.,1.,-2.05391259555654E-14));
#6250=CARTESIAN_POINT('',(-33.,8.32667268468867E-16,16.));
#6251=CARTESIAN_POINT('',(-33.,-4.04133443718626E-15,16.));
#6252=CARTESIAN_POINT('',(-33.,8.32667268468867E-16,18.));
#6253=CARTESIAN_POINT('',(-33.,8.32667268468867E-16,18.));
#6254=CARTESIAN_POINT('',(-33.,-2.,18.));
#6255=CARTESIAN_POINT('',(-33.,7.74999999999999,18.));
#6256=CARTESIAN_POINT('',(-33.,-2.,16.));
#6257=CARTESIAN_POINT('',(-33.,-2.,18.));
#6258=CARTESIAN_POINT('',(-33.,-33.,16.));
#6259=CARTESIAN_POINT('',(-33.,-4.04133443718626E-15,16.));
#6260=CARTESIAN_POINT('',(-33.,-33.,18.));
#6261=CARTESIAN_POINT('',(-33.,-33.,18.));
#6262=CARTESIAN_POINT('',(-33.,-35.,18.));
#6263=CARTESIAN_POINT('',(-33.,-8.75000000000001,18.));
#6264=CARTESIAN_POINT('',(-33.,-35.,16.));
#6265=CARTESIAN_POINT('',(-33.,-35.,18.));
#6266=CARTESIAN_POINT('',(-33.,-53.,16.));
#6267=CARTESIAN_POINT('',(-33.,-4.04133443718626E-15,16.));
#6268=CARTESIAN_POINT('',(-33.,-115.225396744416,-9.77460325558379));
#6269=CARTESIAN_POINT('Origin',(-33.,-53.,-72.));
#6270=CARTESIAN_POINT('',(-33.,-118.760930650349,-13.3101371615165));
#6271=CARTESIAN_POINT('',(-33.,-115.225396744416,-9.77460325558379));
#6272=CARTESIAN_POINT('',(-33.,-106.033008588991,-26.0380592228744));
#6273=CARTESIAN_POINT('Origin',(-86.,-1.05319624726672E-14,16.));
#6274=CARTESIAN_POINT('',(-86.,-118.760930650349,-13.3101371615166));
#6275=CARTESIAN_POINT('',(-86.,-118.760930650349,-13.3101371615166));
#6276=CARTESIAN_POINT('',(-86.,-115.225396744416,-9.77460325558381));
#6277=CARTESIAN_POINT('',(-86.,-115.225396744416,-9.77460325558381));
#6278=CARTESIAN_POINT('',(-86.,-53.,16.));
#6279=CARTESIAN_POINT('Origin',(-86.,-53.,-72.));
#6280=CARTESIAN_POINT('',(-86.,-35.,16.));
#6281=CARTESIAN_POINT('',(-86.,-1.05319624726672E-14,16.));
#6282=CARTESIAN_POINT('',(-86.,-35.,18.));
#6283=CARTESIAN_POINT('',(-86.,-35.,18.));
#6284=CARTESIAN_POINT('',(-86.,-33.,18.));
#6285=CARTESIAN_POINT('',(-86.,-7.75000000000001,18.));
#6286=CARTESIAN_POINT('',(-86.,-33.,16.));
#6287=CARTESIAN_POINT('',(-86.,-33.,18.));
#6288=CARTESIAN_POINT('',(-86.,-2.00000000000001,16.));
#6289=CARTESIAN_POINT('',(-86.,-1.05319624726672E-14,16.));
#6290=CARTESIAN_POINT('',(-86.,-2.00000000000001,18.));
#6291=CARTESIAN_POINT('',(-86.,-2.00000000000001,18.));
#6292=CARTESIAN_POINT('',(-86.,-1.11022302462516E-14,18.));
#6293=CARTESIAN_POINT('',(-86.,8.74999999999999,18.));
#6294=CARTESIAN_POINT('',(-86.,-1.11022302462516E-14,16.));
#6295=CARTESIAN_POINT('',(-86.,-1.11022302462516E-14,18.));
#6296=CARTESIAN_POINT('',(-86.,0.999999999999994,16.));
#6297=CARTESIAN_POINT('',(-86.,-1.05319624726672E-14,16.));
#6298=CARTESIAN_POINT('',(-86.,0.999999999999994,-2.05391259555654E-14));
#6299=CARTESIAN_POINT('',(-86.,0.999999999999994,7.9999999999999));
#6300=CARTESIAN_POINT('',(-86.,-1.11022302462516E-14,0.));
#6301=CARTESIAN_POINT('',(-86.,-1.05319624726672E-14,-2.05391259555654E-14));
#6302=CARTESIAN_POINT('',(-86.,-1.11022302462516E-14,-2.));
#6303=CARTESIAN_POINT('',(-86.,-1.11022302462516E-14,18.));
#6304=CARTESIAN_POINT('',(-86.,-2.00000000000001,-2.));
#6305=CARTESIAN_POINT('',(-86.,8.74999999999999,-2.));
#6306=CARTESIAN_POINT('',(-86.,-2.00000000000001,-2.05391259555654E-14));
#6307=CARTESIAN_POINT('',(-86.,-2.00000000000001,18.));
#6308=CARTESIAN_POINT('',(-86.,-33.,-2.05391259555654E-14));
#6309=CARTESIAN_POINT('',(-86.,-1.05319624726672E-14,-2.05391259555654E-14));
#6310=CARTESIAN_POINT('',(-86.,-33.,-2.));
#6311=CARTESIAN_POINT('',(-86.,-33.,18.));
#6312=CARTESIAN_POINT('',(-86.,-35.,-2.));
#6313=CARTESIAN_POINT('',(-86.,-7.75000000000001,-2.));
#6314=CARTESIAN_POINT('',(-86.,-35.,-2.05391259555654E-14));
#6315=CARTESIAN_POINT('',(-86.,-35.,18.));
#6316=CARTESIAN_POINT('',(-86.,-38.,-1.99840144432528E-14));
#6317=CARTESIAN_POINT('',(-86.,-1.05319624726672E-14,-2.05391259555654E-14));
#6318=CARTESIAN_POINT('',(-86.,-38.,2.8331477354789));
#6319=CARTESIAN_POINT('',(-86.,-37.9999999999999,13.8330013267038));
#6320=CARTESIAN_POINT('',(-86.0000000000002,-47.3333333333333,12.8109007668761));
#6321=CARTESIAN_POINT('Origin',(-86.,-48.,2.8331477354789));
#6322=CARTESIAN_POINT('Origin',(-86.,-53.,-72.));
#6323=CARTESIAN_POINT('Origin',(-119.,-1.45732969098535E-14,18.));
#6324=CARTESIAN_POINT('',(-119.,-121.942911165688,-10.1281566461771));
#6325=CARTESIAN_POINT('',(-119.,-121.942911165688,-10.1281566461771));
#6326=CARTESIAN_POINT('',(-119.,-118.407377259756,-6.59262274024435));
#6327=CARTESIAN_POINT('Origin',(-119.,-120.175144212722,-8.36038969321075));
#6328=CARTESIAN_POINT('',(-119.,-118.38348415311,-6.61651584688992));
#6329=CARTESIAN_POINT('',(-119.,-118.38348415311,-6.61651584688992));
#6330=CARTESIAN_POINT('',(-119.,-114.896373492032,-6.66364757246614));
#6331=CARTESIAN_POINT('Origin',(-119.,-116.615717200144,-4.84874889392353));
#6332=CARTESIAN_POINT('',(-119.,-53.,18.));
#6333=CARTESIAN_POINT('Origin',(-119.,-53.,-72.));
#6334=CARTESIAN_POINT('',(-119.,-22.5000000000001,17.9999999999999));
#6335=CARTESIAN_POINT('',(-119.,-1.45732969098535E-14,18.));
#6336=CARTESIAN_POINT('',(-119.,-20.,20.5));
#6337=CARTESIAN_POINT('Origin',(-119.,-22.5,20.5));
#6338=CARTESIAN_POINT('',(-119.,-15.,20.5));
#6339=CARTESIAN_POINT('Origin',(-119.,-17.5,20.5));
#6340=CARTESIAN_POINT('',(-119.,-12.5,18.));
#6341=CARTESIAN_POINT('Origin',(-119.,-12.5,20.5));
#6342=CARTESIAN_POINT('',(-119.,-10.9087121146357,18.));
#6343=CARTESIAN_POINT('',(-119.,-1.45732969098535E-14,18.));
#6344=CARTESIAN_POINT('',(-119.,-10.9087121146357,-2.00000000000002));
#6345=CARTESIAN_POINT('',(-119.,-10.9087121146357,0.));
#6346=CARTESIAN_POINT('',(-119.,-12.5,-2.00000000000002));
#6347=CARTESIAN_POINT('',(-119.,-1.45732969098535E-14,-2.00000000000002));
#6348=CARTESIAN_POINT('',(-119.,-15.,-4.50000000000002));
#6349=CARTESIAN_POINT('Origin',(-119.,-12.5,-4.50000000000003));
#6350=CARTESIAN_POINT('',(-119.,-20.,-4.50000000000002));
#6351=CARTESIAN_POINT('Origin',(-119.,-17.5,-4.50000000000002));
#6352=CARTESIAN_POINT('',(-119.,-22.5000000000001,-1.99999999999999));
#6353=CARTESIAN_POINT('Origin',(-119.,-22.5,-4.50000000000003));
#6354=CARTESIAN_POINT('',(-119.,-38.,-2.));
#6355=CARTESIAN_POINT('',(-119.,-1.45732969098535E-14,-2.00000000000002));
#6356=CARTESIAN_POINT('',(-119.,-38.,2.8331477354789));
#6357=CARTESIAN_POINT('',(-119.,-37.9999999999999,14.8330013267039));
#6358=CARTESIAN_POINT('',(-119.,-47.3333333333333,12.8109007668761));
#6359=CARTESIAN_POINT('Origin',(-119.,-48.,2.8331477354789));
#6360=CARTESIAN_POINT('Origin',(-119.,-53.,-72.));
#6361=CARTESIAN_POINT('',(-119.,-120.175144212722,-9.86038969321075));
#6362=CARTESIAN_POINT('Origin',(-119.,-120.175144212722,-8.36038969321075));
#6363=CARTESIAN_POINT('',(-119.,-17.5,-6.00000000000002));
#6364=CARTESIAN_POINT('Origin',(-119.,-17.5,-4.50000000000002));
#6365=CARTESIAN_POINT('',(-119.,-17.5,19.));
#6366=CARTESIAN_POINT('Origin',(-119.,-17.5,20.5));
#6367=CARTESIAN_POINT('Origin',(-59.5,-113.104076400857,-18.9669914110089));
#6368=CARTESIAN_POINT('',(0.,-121.942911165688,-10.1281566461771));
#6369=CARTESIAN_POINT('',(0.,-106.033008588991,-26.0380592228744));
#6370=CARTESIAN_POINT('',(-5.,-121.942911165688,-10.1281566461771));
#6371=CARTESIAN_POINT('',(0.,-121.942911165688,-10.1281566461771));
#6372=CARTESIAN_POINT('',(-5.,-120.175144212722,-11.8959235991434));
#6373=CARTESIAN_POINT('',(-5.,-121.942911165688,-10.1281566461771));
#6374=CARTESIAN_POINT('',(-38.,-120.175144212722,-11.8959235991435));
#6375=CARTESIAN_POINT('',(0.,-120.175144212722,-11.8959235991435));
#6376=CARTESIAN_POINT('',(-38.,-121.942911165688,-10.1281566461771));
#6377=CARTESIAN_POINT('',(-38.,-121.942911165688,-10.1281566461771));
#6378=CARTESIAN_POINT('',(-43.,-121.942911165688,-10.1281566461771));
#6379=CARTESIAN_POINT('',(-38.,-121.942911165688,-10.1281566461771));
#6380=CARTESIAN_POINT('',(-43.,-120.175144212722,-11.8959235991435));
#6381=CARTESIAN_POINT('',(-43.,-121.942911165688,-10.1281566461771));
#6382=CARTESIAN_POINT('',(-76.,-120.175144212722,-11.8959235991435));
#6383=CARTESIAN_POINT('',(0.,-120.175144212722,-11.8959235991435));
#6384=CARTESIAN_POINT('',(-76.,-121.942911165688,-10.1281566461771));
#6385=CARTESIAN_POINT('',(-76.,-121.942911165688,-10.1281566461771));
#6386=CARTESIAN_POINT('',(-81.,-121.942911165688,-10.1281566461771));
#6387=CARTESIAN_POINT('',(-76.,-121.942911165688,-10.1281566461771));
#6388=CARTESIAN_POINT('',(-81.,-120.175144212722,-11.8959235991435));
#6389=CARTESIAN_POINT('',(-81.,-121.942911165688,-10.1281566461771));
#6390=CARTESIAN_POINT('',(-114.,-120.175144212722,-11.8959235991435));
#6391=CARTESIAN_POINT('',(0.,-120.175144212722,-11.8959235991435));
#6392=CARTESIAN_POINT('',(-114.,-121.942911165688,-10.1281566461771));
#6393=CARTESIAN_POINT('',(-114.,-121.942911165688,-10.1281566461771));
#6394=CARTESIAN_POINT('',(-114.,-121.942911165688,-10.1281566461771));
#6395=CARTESIAN_POINT('',(-1.99999999999999,-118.760930650349,-13.3101371615165));
#6396=CARTESIAN_POINT('',(-33.,-118.760930650349,-13.3101371615166));
#6397=CARTESIAN_POINT('',(-1.99999999999999,-118.760930650349,-13.3101371615166));
#6398=CARTESIAN_POINT('',(-44.,-118.760930650349,-13.3101371615166));
#6399=CARTESIAN_POINT('',(-44.,-118.760930650349,-13.3101371615166));
#6400=CARTESIAN_POINT('',(-75.,-118.760930650349,-13.3101371615166));
#6401=CARTESIAN_POINT('',(-75.,-106.033008588991,-26.0380592228744));
#6402=CARTESIAN_POINT('',(-75.,-118.760930650349,-13.3101371615166));
#6403=CARTESIAN_POINT('',(-117.,-118.760930650349,-13.3101371615166));
#6404=CARTESIAN_POINT('',(-117.,-106.033008588991,-26.0380592228744));
#6405=CARTESIAN_POINT('',(-117.,-118.760930650349,-13.3101371615166));
#6406=CARTESIAN_POINT('Origin',(0.,35.,0.));
#6407=CARTESIAN_POINT('',(0.,-38.,2.8331477354789));
#6408=CARTESIAN_POINT('Origin',(0.,-48.,2.8331477354789));
#6409=CARTESIAN_POINT('',(0.,-38.,-2.));
#6410=CARTESIAN_POINT('',(0.,-38.,5.83300132670397));
#6411=CARTESIAN_POINT('',(0.,-22.5000000000001,-1.99999999999996));
#6412=CARTESIAN_POINT('',(0.,0.,-2.));
#6413=CARTESIAN_POINT('',(0.,-20.,-4.5));
#6414=CARTESIAN_POINT('Origin',(0.,-22.5,-4.5));
#6415=CARTESIAN_POINT('',(0.,-15.,-4.5));
#6416=CARTESIAN_POINT('Origin',(0.,-17.5,-4.49999999999999));
#6417=CARTESIAN_POINT('',(0.,-12.5,-2.));
#6418=CARTESIAN_POINT('Origin',(0.,-12.5,-4.5));
#6419=CARTESIAN_POINT('',(0.,-10.8676580643897,-2.));
#6420=CARTESIAN_POINT('',(0.,0.,-2.));
#6421=CARTESIAN_POINT('',(0.,-10.8676580643897,18.));
#6422=CARTESIAN_POINT('Ctrl Pts',(-6.66133814775094E-15,-10.8676580643897,
18.));
#6423=CARTESIAN_POINT('Ctrl Pts',(-6.66133814775094E-15,-10.8676580643897,
11.3333333333333));
#6424=CARTESIAN_POINT('Ctrl Pts',(-6.66133814775094E-15,-10.8676580643897,
4.66666666666659));
#6425=CARTESIAN_POINT('Ctrl Pts',(-6.66133814775094E-15,-10.8676580643897,
-2.));
#6426=CARTESIAN_POINT('',(0.,-12.5,18.));
#6427=CARTESIAN_POINT('',(0.,0.,18.));
#6428=CARTESIAN_POINT('',(0.,-15.,20.5));
#6429=CARTESIAN_POINT('Origin',(0.,-12.5,20.5));
#6430=CARTESIAN_POINT('',(0.,-20.,20.5));
#6431=CARTESIAN_POINT('Origin',(0.,-17.5,20.5));
#6432=CARTESIAN_POINT('',(0.,-22.5000000000001,18.));
#6433=CARTESIAN_POINT('Origin',(0.,-22.5,20.5));
#6434=CARTESIAN_POINT('',(0.,-53.,18.));
#6435=CARTESIAN_POINT('',(0.,0.,18.));
#6436=CARTESIAN_POINT('',(0.,-114.896373492032,-6.66364757246612));
#6437=CARTESIAN_POINT('Origin',(0.,-53.,-71.9999999999999));
#6438=CARTESIAN_POINT('',(0.,-118.38348415311,-6.61651584688989));
#6439=CARTESIAN_POINT('Origin',(0.,-116.615717200144,-4.8487488939235));
#6440=CARTESIAN_POINT('',(0.,-118.407377259756,-6.59262274024432));
#6441=CARTESIAN_POINT('',(0.,-118.38348415311,-6.61651584688989));
#6442=CARTESIAN_POINT('Origin',(0.,-120.175144212722,-8.36038969321073));
#6443=CARTESIAN_POINT('',(0.,-17.5,19.));
#6444=CARTESIAN_POINT('Origin',(0.,-17.5,20.5));
#6445=CARTESIAN_POINT('',(0.,-17.5,-6.));
#6446=CARTESIAN_POINT('Origin',(0.,-17.5,-4.5));
#6447=CARTESIAN_POINT('',(0.,-120.175144212722,-9.86038969321073));
#6448=CARTESIAN_POINT('Origin',(0.,-120.175144212722,-8.36038969321073));
#6449=CARTESIAN_POINT('Origin',(1.19403062916867E-15,17.5,-2.));
#6450=CARTESIAN_POINT('',(-2.63299061816681E-15,30.,-2.));
#6451=CARTESIAN_POINT('',(3.49024337756996E-15,5.,-2.));
#6452=CARTESIAN_POINT('Origin',(1.19403062916867E-15,17.5,-2.));
#6453=CARTESIAN_POINT('',(4.01898302158103,29.336290612867,-2.));
#6454=CARTESIAN_POINT('Ctrl Pts',(4.01898302158103,29.336290612867,-2.));
#6455=CARTESIAN_POINT('Ctrl Pts',(3.77008131777778,29.4208045669719,-2.));
#6456=CARTESIAN_POINT('Ctrl Pts',(3.51865428681657,29.4974090845487,-2.));
#6457=CARTESIAN_POINT('Ctrl Pts',(3.26512323115888,29.5660134217963,-2.));
#6458=CARTESIAN_POINT('Ctrl Pts',(3.00151570435804,29.6373444057767,-2.));
#6459=CARTESIAN_POINT('Ctrl Pts',(2.73563345930663,29.7000266346399,-2.));
#6460=CARTESIAN_POINT('Ctrl Pts',(2.46789302693198,29.7539531198627,-2.));
#6461=CARTESIAN_POINT('Ctrl Pts',(2.3056920781396,29.7866225489458,-2.));
#6462=CARTESIAN_POINT('Ctrl Pts',(2.14280806016605,29.8160784296947,-2.));
#6463=CARTESIAN_POINT('Ctrl Pts',(1.97932442528184,29.8422961729028,-2.));
#6464=CARTESIAN_POINT('Ctrl Pts',(1.68000830273007,29.8902972663743,-2.));
#6465=CARTESIAN_POINT('Ctrl Pts',(1.37914877589309,29.9273742186607,-2.));
#6466=CARTESIAN_POINT('Ctrl Pts',(1.077371562941,29.9534816252813,-2.));
#6467=CARTESIAN_POINT('Ctrl Pts',(0.741341009788078,29.982552363268,-2.));
#6468=CARTESIAN_POINT('Ctrl Pts',(0.40417201098457,29.9980219710882,-2.));
#6469=CARTESIAN_POINT('Ctrl Pts',(0.0666649715670505,29.9998222082588,-2.));
#6470=CARTESIAN_POINT('Ctrl Pts',(0.0444447237789576,29.9999407293897,-2.));
#6471=CARTESIAN_POINT('Ctrl Pts',(0.022222992802697,30.,-2.));
#6472=CARTESIAN_POINT('Ctrl Pts',(0.,30.,-2.));
#6473=CARTESIAN_POINT('',(12.5,17.5,-2.));
#6474=CARTESIAN_POINT('Origin',(1.19403062916867E-15,17.5,-2.));
#6475=CARTESIAN_POINT('',(12.5,17.5,-0.00742304736956903));
#6476=CARTESIAN_POINT('',(12.5,17.5,-2.));
#6477=CARTESIAN_POINT('',(4.01898302158103,29.336290612867,-0.00761060381650913));
#6478=CARTESIAN_POINT('Ctrl Pts',(4.01898302158103,29.336290612867,-0.00761060381650913));
#6479=CARTESIAN_POINT('Ctrl Pts',(4.94097800242053,29.0232295116172,-0.00761060381650912));
#6480=CARTESIAN_POINT('Ctrl Pts',(5.82355942028158,28.6034001825084,-0.00757218281041829));
#6481=CARTESIAN_POINT('Ctrl Pts',(7.77543324542132,27.3774085929178,-0.00751791928485538));
#6482=CARTESIAN_POINT('Ctrl Pts',(8.7820197672954,26.4942588062015,-0.00748575359728655));
#6483=CARTESIAN_POINT('Ctrl Pts',(10.6850329875055,24.1945480568184,-0.00743076829184764));
#6484=CARTESIAN_POINT('Ctrl Pts',(11.4762869775094,22.7231925944751,-0.00741286000561061));
#6485=CARTESIAN_POINT('Ctrl Pts',(12.3179340943485,19.958637134974,-0.00740704310277179));
#6486=CARTESIAN_POINT('Ctrl Pts',(12.5,18.7317084309824,-0.00741232998631731));
#6487=CARTESIAN_POINT('Ctrl Pts',(12.5,17.4999999999999,-0.00742304736956905));
#6488=CARTESIAN_POINT('',(0.,30.,0.));
#6489=CARTESIAN_POINT('Ctrl Pts',(0.,30.,-2.77555756156289E-16));
#6490=CARTESIAN_POINT('Ctrl Pts',(0.332414459827946,30.,-0.00128474766740022));
#6491=CARTESIAN_POINT('Ctrl Pts',(0.664549633994294,29.986738797648,-0.00240336846839382));
#6492=CARTESIAN_POINT('Ctrl Pts',(0.995645205638492,29.9602819539184,-0.00335499928145294));
#6493=CARTESIAN_POINT('Ctrl Pts',(1.29723172400064,29.9361830892081,-0.00422181553710815));
#6494=CARTESIAN_POINT('Ctrl Pts',(1.59795630374466,29.9011359548761,-0.00495016315609441));
#6495=CARTESIAN_POINT('Ctrl Pts',(1.89720046227778,29.855186259653,-0.00554383103820255));
#6496=CARTESIAN_POINT('Ctrl Pts',(1.92648032487392,29.8506902629088,-0.00560191910281535));
#6497=CARTESIAN_POINT('Ctrl Pts',(1.95574597259892,29.8460898830271,-0.00565872103968064));
#6498=CARTESIAN_POINT('Ctrl Pts',(1.98499679788118,29.8413851603589,-0.00571424251725138));
#6499=CARTESIAN_POINT('Ctrl Pts',(2.25640050914407,29.797732402521,-0.00622939841190011));
#6500=CARTESIAN_POINT('Ctrl Pts',(2.52615064996402,29.7451548698579,-0.00663341018350203));
#6501=CARTESIAN_POINT('Ctrl Pts',(2.79385519515587,29.683764264936,-0.00693322133035175));
#6502=CARTESIAN_POINT('Ctrl Pts',(3.05091969057213,29.624813660021,-0.00722111633463666));
#6503=CARTESIAN_POINT('Ctrl Pts',(3.30609810817897,29.5577366331405,-0.00741295193598343));
#6504=CARTESIAN_POINT('Ctrl Pts',(3.55899581522086,29.4826279329074,-0.00751673702602364));
#6505=CARTESIAN_POINT('Ctrl Pts',(3.713206864689,29.4368284212289,-0.00758002272300148));
#6506=CARTESIAN_POINT('Ctrl Pts',(3.86656894684095,29.3880424326444,-0.00761060381650913));
#6507=CARTESIAN_POINT('Ctrl Pts',(4.01898302158103,29.336290612867,-0.00761060381650913));
#6508=CARTESIAN_POINT('',(0.,5.,0.));
#6509=CARTESIAN_POINT('Origin',(1.19403062916867E-15,17.5,0.));
#6510=CARTESIAN_POINT('',(6.01327593413797,6.54141831531485,-0.00761060381650913));
#6511=CARTESIAN_POINT('Ctrl Pts',(6.0132759341378,6.54141831531678,-0.00761060381650913));
#6512=CARTESIAN_POINT('Ctrl Pts',(5.69459396826545,6.36654873354313,-0.00761060381650913));
#6513=CARTESIAN_POINT('Ctrl Pts',(5.36876125577692,6.20582758402135,-0.00754093277818162));
#6514=CARTESIAN_POINT('Ctrl Pts',(5.03669198757547,6.05962847151343,-0.00739724338464584));
#6515=CARTESIAN_POINT('Ctrl Pts',(4.69678889312275,5.90998038448377,-0.00725016422321854));
#6516=CARTESIAN_POINT('Ctrl Pts',(4.3503515737999,5.77554759820115,-0.00702552897385433));
#6517=CARTESIAN_POINT('Ctrl Pts',(3.99841571857807,5.65673562177678,-0.0067192457326865));
#6518=CARTESIAN_POINT('Ctrl Pts',(3.68484301620251,5.5508748747992,-0.0064463492312351));
#6519=CARTESIAN_POINT('Ctrl Pts',(3.36690609104326,5.45741510114425,-0.00610864184440229));
#6520=CARTESIAN_POINT('Ctrl Pts',(3.04537218899337,5.37664616406851,-0.00570363414524604));
#6521=CARTESIAN_POINT('Ctrl Pts',(2.58010101568387,5.25977059393234,-0.00511757337160928));
#6522=CARTESIAN_POINT('Ctrl Pts',(2.1089410740416,5.16988802553632,-0.00439259907327796));
#6523=CARTESIAN_POINT('Ctrl Pts',(1.63422643991619,5.10728797965902,-0.00352523911688261));
#6524=CARTESIAN_POINT('Ctrl Pts',(1.0929291696128,5.03590776190635,-0.00253622478486765));
#6525=CARTESIAN_POINT('Ctrl Pts',(0.547010408335789,5.,-0.00136202766025034));
#6526=CARTESIAN_POINT('Ctrl Pts',(0.,5.,-2.77555756156289E-16));
#6527=CARTESIAN_POINT('Ctrl Pts',(12.5,17.4999999999999,-0.00742304736956902));
#6528=CARTESIAN_POINT('Ctrl Pts',(12.5,17.1549621824638,-0.00742604962435097));
#6529=CARTESIAN_POINT('Ctrl Pts',(12.4857141571923,16.8095492877329,-0.00742947326359106));
#6530=CARTESIAN_POINT('Ctrl Pts',(12.3321881033667,14.9623733905297,-0.00744974914440416));
#6531=CARTESIAN_POINT('Ctrl Pts',(11.9365994147397,13.495002292428,-0.00747275778671674));
#6532=CARTESIAN_POINT('Ctrl Pts',(10.6703185814483,10.8311261948436,-0.00752040108782292));
#6533=CARTESIAN_POINT('Ctrl Pts',(9.83047451802731,9.64561605157869,-0.00754454024506196));
#6534=CARTESIAN_POINT('Ctrl Pts',(7.97797880245136,7.80633914635585,-0.00758324822274166));
#6535=CARTESIAN_POINT('Ctrl Pts',(7.03752004881854,7.10344930278273,-0.00761060381650912));
#6536=CARTESIAN_POINT('Ctrl Pts',(6.01327593413798,6.54141831531484,-0.00761060381650913));
#6537=CARTESIAN_POINT('',(6.01327593413798,6.54141831531484,-2.));
#6538=CARTESIAN_POINT('Origin',(1.19403062916867E-15,17.5,-2.));
#6539=CARTESIAN_POINT('Ctrl Pts',(0.,5.,-2.));
#6540=CARTESIAN_POINT('Ctrl Pts',(0.515654611330144,5.,-2.));
#6541=CARTESIAN_POINT('Ctrl Pts',(1.03033522497376,5.03190920064697,-2.));
#6542=CARTESIAN_POINT('Ctrl Pts',(1.54108326389933,5.09536107377895,-2.));
#6543=CARTESIAN_POINT('Ctrl Pts',(2.01565385342079,5.15431850590503,-2.));
#6544=CARTESIAN_POINT('Ctrl Pts',(2.48682862155838,5.24050833334973,-2.));
#6545=CARTESIAN_POINT('Ctrl Pts',(2.95227883202503,5.35364043227237,-2.));
#6546=CARTESIAN_POINT('Ctrl Pts',(2.98776101699622,5.36226471467656,-2.));
#6547=CARTESIAN_POINT('Ctrl Pts',(3.02320996022938,5.37104556927385,-2.));
#6548=CARTESIAN_POINT('Ctrl Pts',(3.05862464315548,5.3799828686814,-2.));
#6549=CARTESIAN_POINT('Ctrl Pts',(3.4209623390827,5.4714229214387,-2.));
#6550=CARTESIAN_POINT('Ctrl Pts',(3.77871308530941,5.57898350197711,-2.));
#6551=CARTESIAN_POINT('Ctrl Pts',(4.1307813171166,5.70224913077878,-2.));
#6552=CARTESIAN_POINT('Ctrl Pts',(4.47447327031055,5.82258206882055,-2.));
#6553=CARTESIAN_POINT('Ctrl Pts',(4.8127498134062,5.95788164103394,-2.));
#6554=CARTESIAN_POINT('Ctrl Pts',(5.14464061638571,6.10776559961228,-2.));
#6555=CARTESIAN_POINT('Ctrl Pts',(5.43943849052043,6.24089815995778,-2.));
#6556=CARTESIAN_POINT('Ctrl Pts',(5.72919878963855,6.38553735319687,-2.));
#6557=CARTESIAN_POINT('Ctrl Pts',(6.01327593413797,6.54141831531484,-2.));
#6558=CARTESIAN_POINT('Origin',(1.19403062916867E-15,17.5,-2.));
#6559=CARTESIAN_POINT('',(6.01327593413797,6.54141831531484,15.9315045656514));
#6560=CARTESIAN_POINT('',(12.5,17.4999999999961,15.9331925736739));
#6561=CARTESIAN_POINT('Ctrl Pts',(6.01327593413797,6.54141831531484,15.9315045656514));
#6562=CARTESIAN_POINT('Ctrl Pts',(6.98471603591107,7.07447428492196,15.9315045656514));
#6563=CARTESIAN_POINT('Ctrl Pts',(7.88473279957346,7.73643764547109,15.9317370263976));
#6564=CARTESIAN_POINT('Ctrl Pts',(9.33812762350629,9.1412635204462,15.9320039510252));
#6565=CARTESIAN_POINT('Ctrl Pts',(9.91863790663717,9.83907805018498,15.9321337102355));
#6566=CARTESIAN_POINT('Ctrl Pts',(11.3072954759466,11.9338947828464,15.932501893408));
#6567=CARTESIAN_POINT('Ctrl Pts',(11.9289038252765,13.4333414456212,15.9327437124525));
#6568=CARTESIAN_POINT('Ctrl Pts',(12.4164350052422,15.8310757340689,15.9330398686472));
#6569=CARTESIAN_POINT('Ctrl Pts',(12.5,16.6655102015186,15.933127223855));
#6570=CARTESIAN_POINT('Ctrl Pts',(12.5,17.4999999999921,15.9331925736739));
#6571=CARTESIAN_POINT('',(0.,5.,16.));
#6572=CARTESIAN_POINT('Ctrl Pts',(0.,5.,16.));
#6573=CARTESIAN_POINT('Ctrl Pts',(0.51620737940489,5.,15.9884320326156));
#6574=CARTESIAN_POINT('Ctrl Pts',(1.03145982056835,5.03197731782693,15.9783689429146));
#6575=CARTESIAN_POINT('Ctrl Pts',(1.54279016487966,5.09557297021413,15.9697915456077));
#6576=CARTESIAN_POINT('Ctrl Pts',(2.01501206015442,5.15430459026294,15.9618701795909));
#6577=CARTESIAN_POINT('Ctrl Pts',(2.4838882914159,5.24000287810226,15.9552157156843));
#6578=CARTESIAN_POINT('Ctrl Pts',(2.94712480301164,5.35238884485255,15.9497986389728));
#6579=CARTESIAN_POINT('Ctrl Pts',(2.98548910099716,5.36169642016207,15.9493500077877));
#6580=CARTESIAN_POINT('Ctrl Pts',(3.02381474613763,5.37118704379544,15.9489098558602));
#6581=CARTESIAN_POINT('Ctrl Pts',(3.06210045161986,5.38086055870263,15.9484781622397));
#6582=CARTESIAN_POINT('Ctrl Pts',(3.42401894609077,5.47230523517797,15.9443973204935));
#6583=CARTESIAN_POINT('Ctrl Pts',(3.78135932164,5.57983493919225,15.9410841204033));
#6584=CARTESIAN_POINT('Ctrl Pts',(4.13302983167545,5.70303652935181,15.9385061817358));
#6585=CARTESIAN_POINT('Ctrl Pts',(4.47646267509371,5.82335219761151,15.9359886297048));
#6586=CARTESIAN_POINT('Ctrl Pts',(4.81448809356524,5.95861413598582,15.9341722604853));
#6587=CARTESIAN_POINT('Ctrl Pts',(5.14613794757554,6.10844181911599,15.9330218564596));
#6588=CARTESIAN_POINT('Ctrl Pts',(5.4404171588452,6.24138676658018,15.9320010811291));
#6589=CARTESIAN_POINT('Ctrl Pts',(5.72967722386506,6.38579988324895,15.9315045656514));
#6590=CARTESIAN_POINT('Ctrl Pts',(6.01327593413797,6.54141831531484,15.9315045656514));
#6591=CARTESIAN_POINT('',(0.,30.,16.));
#6592=CARTESIAN_POINT('Origin',(1.19403062916867E-15,17.5,16.));
#6593=CARTESIAN_POINT('',(4.01898302158103,29.336290612867,15.9315045656514));
#6594=CARTESIAN_POINT('Ctrl Pts',(4.01898302158103,29.336290612867,15.9315045656514));
#6595=CARTESIAN_POINT('Ctrl Pts',(3.77207262445206,29.4201284237462,15.9315045656514));
#6596=CARTESIAN_POINT('Ctrl Pts',(3.52268958946267,29.4961795177499,15.9322275958368));
#6597=CARTESIAN_POINT('Ctrl Pts',(3.27124012149997,29.5643576228396,15.9337520371628));
#6598=CARTESIAN_POINT('Ctrl Pts',(3.01140015628173,29.63481073057,15.9353273468436));
#6599=CARTESIAN_POINT('Ctrl Pts',(2.74935338406105,29.6968566486441,15.9377586328364));
#6600=CARTESIAN_POINT('Ctrl Pts',(2.485494297171,29.7503954749942,15.9411158775999));
#6601=CARTESIAN_POINT('Ctrl Pts',(2.31743476471105,29.7844959118255,15.9432542045074));
#6602=CARTESIAN_POINT('Ctrl Pts',(2.14863893640857,29.8151451085098,15.9457678298085));
#6603=CARTESIAN_POINT('Ctrl Pts',(1.97919854668815,29.8423163592963,15.9486710167839));
#6604=CARTESIAN_POINT('Ctrl Pts',(1.69361146074141,29.8881127502658,15.9535642580569));
#6605=CARTESIAN_POINT('Ctrl Pts',(1.40666370098729,29.9239587887003,15.9595579607839));
#6606=CARTESIAN_POINT('Ctrl Pts',(1.11888549175719,29.9498221204526,15.966684983841));
#6607=CARTESIAN_POINT('Ctrl Pts',(0.815041501426309,29.9771293232596,15.9742098868926));
#6608=CARTESIAN_POINT('Ctrl Pts',(0.510271040809123,29.9933080364744,15.9829985898273));
#6609=CARTESIAN_POINT('Ctrl Pts',(0.205154712856994,29.9983163756603,15.9930520094052));
#6610=CARTESIAN_POINT('Ctrl Pts',(0.136785206881222,29.9994386285341,15.9953047480066));
#6611=CARTESIAN_POINT('Ctrl Pts',(0.0683981968322594,30.,15.9976208320934));
#6612=CARTESIAN_POINT('Ctrl Pts',(0.,30.,16.));
#6613=CARTESIAN_POINT('Ctrl Pts',(12.5,17.4999999999921,15.9331925736739));
#6614=CARTESIAN_POINT('Ctrl Pts',(12.5,18.311919989231,15.9332561560261));
#6615=CARTESIAN_POINT('Ctrl Pts',(12.4208944294401,19.123892356981,15.9332988461844));
#6616=CARTESIAN_POINT('Ctrl Pts',(11.9560056538966,21.4754330687945,15.9333427547493));
#6617=CARTESIAN_POINT('Ctrl Pts',(11.3577942631081,22.9544155257139,15.9332626159359));
#6618=CARTESIAN_POINT('Ctrl Pts',(9.60012045964192,25.6753948649887,15.9328559258239));
#6619=CARTESIAN_POINT('Ctrl Pts',(8.43220044812194,26.8753607667074,15.9325162369896));
#6620=CARTESIAN_POINT('Ctrl Pts',(5.88929009855736,28.6173118086814,15.931858813198));
#6621=CARTESIAN_POINT('Ctrl Pts',(4.80286841967028,29.0701242767379,15.9315045656514));
#6622=CARTESIAN_POINT('Ctrl Pts',(4.01898302158103,29.336290612867,15.9315045656514));
#6623=CARTESIAN_POINT('',(12.5,17.4999999999949,17.9257695263043));
#6624=CARTESIAN_POINT('',(12.5,17.5,-2.));
#6625=CARTESIAN_POINT('',(4.01898302158103,29.336290612867,17.9238939618349));
#6626=CARTESIAN_POINT('Ctrl Pts',(4.01898302158103,29.336290612867,17.9238939618349));
#6627=CARTESIAN_POINT('Ctrl Pts',(4.68428313022693,29.1103896166548,17.9238939618349));
#6628=CARTESIAN_POINT('Ctrl Pts',(5.62671125675722,28.7306665077631,17.9242227727912));
#6629=CARTESIAN_POINT('Ctrl Pts',(7.76996474685677,27.3769643372414,17.9248200082173));
#6630=CARTESIAN_POINT('Ctrl Pts',(8.75070701323584,26.519529007306,17.9251324750484));
#6631=CARTESIAN_POINT('Ctrl Pts',(10.6448224381937,24.2583960315101,17.9256818410888));
#6632=CARTESIAN_POINT('Ctrl Pts',(11.4450320997778,22.7914461147618,17.925865697307));
#6633=CARTESIAN_POINT('Ctrl Pts',(12.3105115984478,20.0078974768407,17.9259316174992));
#6634=CARTESIAN_POINT('Ctrl Pts',(12.5,18.7565635567681,17.9258788628395));
#6635=CARTESIAN_POINT('Ctrl Pts',(12.5,17.4999999999899,17.9257695263043));
#6636=CARTESIAN_POINT('',(0.,30.,18.));
#6637=CARTESIAN_POINT('Ctrl Pts',(-2.69266265494629E-15,30.,18.));
#6638=CARTESIAN_POINT('Ctrl Pts',(0.301777207601762,30.,17.9883366215855));
#6639=CARTESIAN_POINT('Ctrl Pts',(0.60334202063615,29.9890727957407,17.978040886053));
#6640=CARTESIAN_POINT('Ctrl Pts',(0.904144266613021,29.9672577267262,17.9691215415991));
#6641=CARTESIAN_POINT('Ctrl Pts',(1.19044881121353,29.9464940739172,17.9606320808781));
#6642=CARTESIAN_POINT('Ctrl Pts',(1.47606319447241,29.9158668434366,17.9533891796039));
#6643=CARTESIAN_POINT('Ctrl Pts',(1.76048068442646,29.875407127328,17.9473655933785));
#6644=CARTESIAN_POINT('Ctrl Pts',(1.83446047498356,29.8648831566531,17.9457987992709));
#6645=CARTESIAN_POINT('Ctrl Pts',(1.90835908157051,29.8536939301939,17.9443143250809));
#6646=CARTESIAN_POINT('Ctrl Pts',(1.98216712203283,29.841839954475,17.9429113244405));
#6647=CARTESIAN_POINT('Ctrl Pts',(2.24867743806992,29.7990369374144,17.9378452890639));
#6648=CARTESIAN_POINT('Ctrl Pts',(2.51359331037059,29.7476297260605,17.9338510243658));
#6649=CARTESIAN_POINT('Ctrl Pts',(2.77655035964856,29.6877209534607,17.9308630055838));
#6650=CARTESIAN_POINT('Ctrl Pts',(3.03108079140224,29.6297319936762,17.9279707396691));
#6651=CARTESIAN_POINT('Ctrl Pts',(3.28377612341628,29.5637776343042,17.9260210715996));
#6652=CARTESIAN_POINT('Ctrl Pts',(3.53426096000549,29.4899470229906,17.924936911899));
#6653=CARTESIAN_POINT('Ctrl Pts',(3.69680465150168,29.4420371364213,17.9242333830056));
#6654=CARTESIAN_POINT('Ctrl Pts',(3.8584166043657,29.3908105402438,17.9238939618349));
#6655=CARTESIAN_POINT('Ctrl Pts',(4.01898302158103,29.336290612867,17.9238939618349));
#6656=CARTESIAN_POINT('',(0.,5.,18.));
#6657=CARTESIAN_POINT('Origin',(1.19403062916867E-15,17.5,18.));
#6658=CARTESIAN_POINT('',(6.01327593413797,6.54141831531484,17.9238939618349));
#6659=CARTESIAN_POINT('Ctrl Pts',(6.01327593413798,6.54141831531484,17.9238939618349));
#6660=CARTESIAN_POINT('Ctrl Pts',(5.69479711037393,6.36666020321815,17.9238939618349));
#6661=CARTESIAN_POINT('Ctrl Pts',(5.36918143927868,6.20603495080228,17.9245897833416));
#6662=CARTESIAN_POINT('Ctrl Pts',(5.03734117413963,6.05991411255957,17.9260247580322));
#6663=CARTESIAN_POINT('Ctrl Pts',(4.69780618726033,5.91040502006067,17.9274930069577));
#6664=CARTESIAN_POINT('Ctrl Pts',(4.35175464505686,5.77608080314394,17.9297351270333));
#6665=CARTESIAN_POINT('Ctrl Pts',(4.00021865934359,5.65734427161087,17.9327918588168));
#6666=CARTESIAN_POINT('Ctrl Pts',(3.68615667773787,5.55126514487055,17.9355227406615));
#6667=CARTESIAN_POINT('Ctrl Pts',(3.36771810650196,5.45762759685446,17.9389037463267));
#6668=CARTESIAN_POINT('Ctrl Pts',(3.04567368559766,5.37672190364623,17.9429598610465));
#6669=CARTESIAN_POINT('Ctrl Pts',(2.58300649943001,5.26048821974483,17.9487871043159));
#6670=CARTESIAN_POINT('Ctrl Pts',(2.11454290811359,5.17095287262506,17.955987625763));
#6671=CARTESIAN_POINT('Ctrl Pts',(1.64257658683469,5.10839163804653,17.9645951819015));
#6672=CARTESIAN_POINT('Ctrl Pts',(1.12848596880841,5.04024664061998,17.9739709861812));
#6673=CARTESIAN_POINT('Ctrl Pts',(0.610240090363499,5.00410571602285,17.9850165074911));
#6674=CARTESIAN_POINT('Ctrl Pts',(0.0908600118554135,5.00033023628093,17.9977546240125));
#6675=CARTESIAN_POINT('Ctrl Pts',(0.060576983123121,5.00011010276747,17.9984973339557));
#6676=CARTESIAN_POINT('Ctrl Pts',(0.030290111404996,5.,17.9992457918728));
#6677=CARTESIAN_POINT('Ctrl Pts',(-1.37044235151685E-15,5.,18.));
#6678=CARTESIAN_POINT('Ctrl Pts',(12.5,17.4999999999899,17.9257695263043));
#6679=CARTESIAN_POINT('Ctrl Pts',(12.5,17.1749793739796,17.9257412454992));
#6680=CARTESIAN_POINT('Ctrl Pts',(12.4873236346208,16.8496088636737,17.9257092241853));
#6681=CARTESIAN_POINT('Ctrl Pts',(12.3435913116852,15.0132077098134,17.9255099266465));
#6682=CARTESIAN_POINT('Ctrl Pts',(11.9513107050262,13.5358412283969,17.9252792077945));
#6683=CARTESIAN_POINT('Ctrl Pts',(10.6824873956686,10.847440792379,17.9247993936078));
#6684=CARTESIAN_POINT('Ctrl Pts',(9.83520111960317,9.64882811825199,17.9245553113076));
#6685=CARTESIAN_POINT('Ctrl Pts',(7.96940836923356,7.79902813813902,17.92416594859));
#6686=CARTESIAN_POINT('Ctrl Pts',(7.0302112988242,7.09943879013481,17.9238939618349));
#6687=CARTESIAN_POINT('Ctrl Pts',(6.01327593413797,6.54141831531484,17.9238939618349));
#6688=CARTESIAN_POINT('Origin',(34.1440478827322,31.3574252245235,-2.));
#6689=CARTESIAN_POINT('',(21.6440478827322,31.3574252245235,-2.));
#6690=CARTESIAN_POINT('',(46.6440478827322,31.3574252245235,-2.));
#6691=CARTESIAN_POINT('Origin',(34.1440478827322,31.3574252245235,-2.));
#6692=CARTESIAN_POINT('Origin',(34.1440478827322,31.3574252245235,-2.));
#6693=CARTESIAN_POINT('',(46.6440478827322,31.3574252245253,-0.00454692354643354));
#6694=CARTESIAN_POINT('',(46.6440478827322,31.3574252245235,-2.));
#6695=CARTESIAN_POINT('',(46.116392780403,27.7639648238489,-0.00487489231787294));
#6696=CARTESIAN_POINT('Ctrl Pts',(46.116392780403,27.7639648238489,-0.0048748923178729));
#6697=CARTESIAN_POINT('Ctrl Pts',(45.9485816960537,27.2048680326044,-0.00492873229232547));
#6698=CARTESIAN_POINT('Ctrl Pts',(45.7418126191672,26.6582122155063,-0.00498285767550534));
#6699=CARTESIAN_POINT('Ctrl Pts',(45.1003455619458,25.2655258171369,-0.00512518439538869));
#6700=CARTESIAN_POINT('Ctrl Pts',(44.6060978544969,24.451108723541,-0.00521301248370651));
#6701=CARTESIAN_POINT('Ctrl Pts',(43.5657842192197,23.1086972489462,-0.00536813954770396));
#6702=CARTESIAN_POINT('Ctrl Pts',(43.0548850337191,22.5592657534713,-0.00543554497872435));
#6703=CARTESIAN_POINT('Ctrl Pts',(41.8976060276512,21.5195626116549,-0.00557294046431817));
#6704=CARTESIAN_POINT('Ctrl Pts',(41.2464951217433,21.0396518254951,-0.00564240399663784));
#6705=CARTESIAN_POINT('Ctrl Pts',(39.5133126066694,20.0044741226151,-0.00581095608216343));
#6706=CARTESIAN_POINT('Ctrl Pts',(38.3880830579588,19.5376677045407,-0.00590654530691908));
#6707=CARTESIAN_POINT('Ctrl Pts',(35.6623665189751,18.8472433744771,-0.00611379115761268));
#6708=CARTESIAN_POINT('Ctrl Pts',(34.0502650572026,18.755792545045,-0.00621896457973073));
#6709=CARTESIAN_POINT('Ctrl Pts',(30.8439486457818,19.190472198217,-0.00640359226050951));
#6710=CARTESIAN_POINT('Ctrl Pts',(29.2818890433424,19.7262252716972,-0.00648077321267537));
#6711=CARTESIAN_POINT('Ctrl Pts',(26.4380915707664,21.3774527485427,-0.00660022636291089));
#6712=CARTESIAN_POINT('Ctrl Pts',(25.1874876340815,22.4826496320017,-0.00664116690955013));
#6713=CARTESIAN_POINT('Ctrl Pts',(23.2193553375361,25.0750786699329,-0.00667606435428917));
#6714=CARTESIAN_POINT('Ctrl Pts',(22.5048976763598,26.5255552024276,-0.00667126897473547));
#6715=CARTESIAN_POINT('Ctrl Pts',(21.685152370806,29.5341025012565,-0.00660223050264174));
#6716=CARTESIAN_POINT('Ctrl Pts',(21.5560183435745,31.057266195935,-0.00654145437164088));
#6717=CARTESIAN_POINT('Ctrl Pts',(21.8300128073919,33.8772177262814,-0.00635615927815015));
#6718=CARTESIAN_POINT('Ctrl Pts',(22.1637935848265,35.1598351231395,-0.00624149046058611));
#6719=CARTESIAN_POINT('Ctrl Pts',(23.0497518647611,37.1854043894612,-0.00599593755168025));
#6720=CARTESIAN_POINT('Ctrl Pts',(23.4946826391896,37.9634652774054,-0.00588288104124177));
#6721=CARTESIAN_POINT('Ctrl Pts',(24.4589554527045,39.2954662681686,-0.00565441361309784));
#6722=CARTESIAN_POINT('Ctrl Pts',(24.9530305613052,39.8626419521225,-0.00554281413693017));
#6723=CARTESIAN_POINT('Ctrl Pts',(26.0442356478126,40.9084349812319,-0.00531048844888278));
#6724=CARTESIAN_POINT('Ctrl Pts',(26.6403856315957,41.3835809401378,-0.00519021414222728));
#6725=CARTESIAN_POINT('Ctrl Pts',(28.0543137016146,42.3133744217616,-0.00492572291345967));
#6726=CARTESIAN_POINT('Ctrl Pts',(28.8873844089907,42.736580480557,-0.00478320191325591));
#6727=CARTESIAN_POINT('Ctrl Pts',(31.0322852762253,43.5399365312991,-0.00445986724497103));
#6728=CARTESIAN_POINT('Ctrl Pts',(32.3741185965184,43.8058788874053,-0.00429447657654544));
#6729=CARTESIAN_POINT('Ctrl Pts',(35.3831533845224,43.9050508800295,-0.00401310665507127));
#6730=CARTESIAN_POINT('Ctrl Pts',(37.0285412134846,43.6317068849498,-0.00391776616817808));
#6731=CARTESIAN_POINT('Ctrl Pts',(40.0762075734148,42.4769162512422,-0.00383524644731161));
#6732=CARTESIAN_POINT('Ctrl Pts',(41.4554174451457,41.622778331433,-0.00384491893175438));
#6733=CARTESIAN_POINT('Ctrl Pts',(43.7569765789293,39.4924607346795,-0.00393486944235042));
#6734=CARTESIAN_POINT('Ctrl Pts',(44.6789535449923,38.2569153179454,-0.00401073263378885));
#6735=CARTESIAN_POINT('Ctrl Pts',(46.0016189154005,35.5746553231276,-0.00420033901839879));
#6736=CARTESIAN_POINT('Ctrl Pts',(46.4131674252362,34.160232057793,-0.00431088367950512));
#6737=CARTESIAN_POINT('Ctrl Pts',(46.6197550697916,32.2578530963184,-0.00446959766967093));
#6738=CARTESIAN_POINT('Ctrl Pts',(46.6440478827321,31.8073652545337,-0.00450791972233702));
#6739=CARTESIAN_POINT('Ctrl Pts',(46.6440478827322,31.3574252245271,-0.00454692354643354));
#6740=CARTESIAN_POINT('Ctrl Pts',(46.6440478827322,31.3574252245271,-0.0045469235464334));
#6741=CARTESIAN_POINT('Ctrl Pts',(46.6440478827325,30.1427060002834,-0.0046522235681904));
#6742=CARTESIAN_POINT('Ctrl Pts',(46.4669686011503,28.9319795424704,-0.0047624146868158));
#6743=CARTESIAN_POINT('Ctrl Pts',(46.116392780403,27.7639648238489,-0.00487489231787296));
#6744=CARTESIAN_POINT('Origin',(34.1440478827322,31.3574252245235,-2.));
#6745=CARTESIAN_POINT('',(46.1163803595989,27.7639234416711,15.9561259332739));
#6746=CARTESIAN_POINT('',(46.6440478827322,31.3574252245271,15.9590776880821));
#6747=CARTESIAN_POINT('Ctrl Pts',(46.1163803595989,27.7639234416711,15.9561259332739));
#6748=CARTESIAN_POINT('Ctrl Pts',(46.4383252041946,28.8365347694589,15.9570555487086));
#6749=CARTESIAN_POINT('Ctrl Pts',(46.6146706305889,29.9475628511467,15.9579697627258));
#6750=CARTESIAN_POINT('Ctrl Pts',(46.642924799735,31.1639170271102,15.9589264124746));
#6751=CARTESIAN_POINT('Ctrl Pts',(46.6440478827323,31.2606831300299,15.9590022117909));
#6752=CARTESIAN_POINT('Ctrl Pts',(46.6440478827322,31.3574252245306,15.9590776880821));
#6753=CARTESIAN_POINT('Ctrl Pts',(46.6440478827322,31.3574252245306,15.9590776880821));
#6754=CARTESIAN_POINT('Ctrl Pts',(46.6440478827317,32.1682261646844,15.9597102591277));
#6755=CARTESIAN_POINT('Ctrl Pts',(46.5651595463333,32.9773407028018,15.9603203512078));
#6756=CARTESIAN_POINT('Ctrl Pts',(46.0912517358596,35.3831556045342,15.96206861795));
#6757=CARTESIAN_POINT('Ctrl Pts',(45.4602460409535,36.9149287044136,15.9630948938651));
#6758=CARTESIAN_POINT('Ctrl Pts',(43.6351263753877,39.6584000624317,15.9646658161326));
#6759=CARTESIAN_POINT('Ctrl Pts',(42.4544391536278,40.8402598064312,15.9651908129908));
#6760=CARTESIAN_POINT('Ctrl Pts',(39.7604619021124,42.6363129130985,15.9654392508927));
#6761=CARTESIAN_POINT('Ctrl Pts',(38.2879529173935,43.2563942776262,15.9651890601092));
#6762=CARTESIAN_POINT('Ctrl Pts',(35.1170058918227,43.9293220717558,15.9636991919642));
#6763=CARTESIAN_POINT('Ctrl Pts',(33.4426509182472,43.9473925591582,15.9624145983716));
#6764=CARTESIAN_POINT('Ctrl Pts',(30.6850148533489,43.424104583341,15.9594166423698));
#6765=CARTESIAN_POINT('Ctrl Pts',(29.5912824315134,43.0553731667107,15.957974034413));
#6766=CARTESIAN_POINT('Ctrl Pts',(27.8176863843119,42.1704544127702,15.9552875384913));
#6767=CARTESIAN_POINT('Ctrl Pts',(27.1110818954543,41.7247700795956,15.9541068001025));
#6768=CARTESIAN_POINT('Ctrl Pts',(25.8711006527611,40.7571698510715,15.9518866206343));
#6769=CARTESIAN_POINT('Ctrl Pts',(25.3296196615431,40.2513956630363,15.9508513688046));
#6770=CARTESIAN_POINT('Ctrl Pts',(24.3147823707081,39.1192165959419,15.9488153516138));
#6771=CARTESIAN_POINT('Ctrl Pts',(23.8491737285492,38.4901268323194,15.9478248627527));
#6772=CARTESIAN_POINT('Ctrl Pts',(22.9169481268027,36.9472472115418,15.945731185528));
#6773=CARTESIAN_POINT('Ctrl Pts',(22.4977822683276,36.0112813311867,15.9446966007849));
#6774=CARTESIAN_POINT('Ctrl Pts',(21.7238331417671,33.4969141572534,15.9424615934137));
#6775=CARTESIAN_POINT('Ctrl Pts',(21.5518293373713,31.8820018053863,15.9415257050112));
#6776=CARTESIAN_POINT('Ctrl Pts',(21.8348131671879,28.6144199716856,15.9402894825756));
#6777=CARTESIAN_POINT('Ctrl Pts',(22.3112236755508,26.9955897392607,15.9400172831193));
#6778=CARTESIAN_POINT('Ctrl Pts',(23.8279411160065,24.124701806762,15.9399590940234));
#6779=CARTESIAN_POINT('Ctrl Pts',(24.8212133347766,22.8828100274904,15.9401484385241));
#6780=CARTESIAN_POINT('Ctrl Pts',(27.1612350658,20.8812829527676,15.9408495100192));
#6781=CARTESIAN_POINT('Ctrl Pts',(28.4703798204541,20.118265015915,15.9413419900518));
#6782=CARTESIAN_POINT('Ctrl Pts',(31.2357199335632,19.1156670881221,15.9425660308494));
#6783=CARTESIAN_POINT('Ctrl Pts',(32.6625276124912,18.8624617943855,15.9432782398276));
#6784=CARTESIAN_POINT('Ctrl Pts',(35.7614432333023,18.8517711487863,15.9450406847499));
#6785=CARTESIAN_POINT('Ctrl Pts',(37.406578067123,19.1769799164779,15.9461091999948));
#6786=CARTESIAN_POINT('Ctrl Pts',(39.8384322335294,20.1873554027154,15.9479807023238));
#6787=CARTESIAN_POINT('Ctrl Pts',(40.6902034651452,20.6642348697877,15.9487042762591));
#6788=CARTESIAN_POINT('Ctrl Pts',(42.0874196958901,21.6765599485052,15.9500379767738));
#6789=CARTESIAN_POINT('Ctrl Pts',(42.6557009911045,22.1722159407652,15.9506339839649));
#6790=CARTESIAN_POINT('Ctrl Pts',(43.7266938715914,23.291597198166,15.9518856546305));
#6791=CARTESIAN_POINT('Ctrl Pts',(44.2211564149581,23.9185698350378,15.9525399345935));
#6792=CARTESIAN_POINT('Ctrl Pts',(45.286885714385,25.5730342196621,15.9541736854372));
#6793=CARTESIAN_POINT('Ctrl Pts',(45.7796462111694,26.6420391558335,15.9551536137383));
#6794=CARTESIAN_POINT('Ctrl Pts',(46.1163803595989,27.7639234416711,15.9561259332739));
#6795=CARTESIAN_POINT('',(46.6440478827322,31.3574252246356,17.9545307645359));
#6796=CARTESIAN_POINT('',(46.6440478827322,31.3574252245235,-2.));
#6797=CARTESIAN_POINT('',(46.0153780706909,27.4431539553777,17.95094048577));
#6798=CARTESIAN_POINT('Ctrl Pts',(46.0153780706909,27.4431539553777,17.95094048577));
#6799=CARTESIAN_POINT('Ctrl Pts',(45.7358693554301,26.5954507633614,17.9501153446257));
#6800=CARTESIAN_POINT('Ctrl Pts',(45.3663642314043,25.7801192804522,17.9492861229358));
#6801=CARTESIAN_POINT('Ctrl Pts',(44.4457405022339,24.2178986821204,17.9476085095333));
#6802=CARTESIAN_POINT('Ctrl Pts',(43.89207931333,23.4787455544531,17.9467654036359));
#6803=CARTESIAN_POINT('Ctrl Pts',(42.6707407548278,22.1762814227239,17.9451594095448));
#6804=CARTESIAN_POINT('Ctrl Pts',(42.0153180999052,21.6085279499128,17.9443990272642));
#6805=CARTESIAN_POINT('Ctrl Pts',(40.4067943680786,20.4839101575776,17.9427218221696));
#6806=CARTESIAN_POINT('Ctrl Pts',(39.4280583288767,19.9761002923506,17.9418252650506));
#6807=CARTESIAN_POINT('Ctrl Pts',(36.8504549207011,19.0438021860572,17.9397050688114));
#6808=CARTESIAN_POINT('Ctrl Pts',(35.2101241334422,18.795043547792,17.9385598963737));
#6809=CARTESIAN_POINT('Ctrl Pts',(31.9361825956766,18.9458925735091,17.9365525220095));
#6810=CARTESIAN_POINT('Ctrl Pts',(30.3341386658632,19.3405452571597,17.9357069748585));
#6811=CARTESIAN_POINT('Ctrl Pts',(27.357414523234,20.7311257756115,17.9343474476804));
#6812=CARTESIAN_POINT('Ctrl Pts',(26.0145616119448,21.7195786981583,17.9338484097791));
#6813=CARTESIAN_POINT('Ctrl Pts',(23.8083397154646,24.1418663083956,17.933289465512));
#6814=CARTESIAN_POINT('Ctrl Pts',(22.958758321944,25.5453299718719,17.933225890159));
#6815=CARTESIAN_POINT('Ctrl Pts',(21.870225744633,28.5280080585972,17.9336698315585));
#6816=CARTESIAN_POINT('Ctrl Pts',(21.6142661476645,30.0702265709197,17.9341487942154));
#6817=CARTESIAN_POINT('Ctrl Pts',(21.6757137501248,32.9967869677445,17.9357663835744));
#6818=CARTESIAN_POINT('Ctrl Pts',(21.9320008042584,34.3595524392812,17.9368221045762));
#6819=CARTESIAN_POINT('Ctrl Pts',(22.74741507733,36.5879103118472,17.9392446564078));
#6820=CARTESIAN_POINT('Ctrl Pts',(23.2000234985709,37.4786622778667,17.940436250401));
#6821=CARTESIAN_POINT('Ctrl Pts',(24.2333842297092,39.0238454909602,17.9429402412462));
#6822=CARTESIAN_POINT('Ctrl Pts',(24.7863371768323,39.6898020570775,17.9442079589747));
#6823=CARTESIAN_POINT('Ctrl Pts',(26.0217555666156,40.8981985579272,17.9468550251419));
#6824=CARTESIAN_POINT('Ctrl Pts',(26.7011277215251,41.4371537760867,17.9482261101781));
#6825=CARTESIAN_POINT('Ctrl Pts',(28.2751534805043,42.439316614863,17.951135205081));
#6826=CARTESIAN_POINT('Ctrl Pts',(29.1811777283908,42.8735946694552,17.9526522467472));
#6827=CARTESIAN_POINT('Ctrl Pts',(31.3958091704468,43.624693195982,17.9558706293175));
#6828=CARTESIAN_POINT('Ctrl Pts',(32.7231348850372,43.8482093366584,17.9574353773727));
#6829=CARTESIAN_POINT('Ctrl Pts',(35.7141936263879,43.8681964882806,17.9600951385024));
#6830=CARTESIAN_POINT('Ctrl Pts',(37.3537384771683,43.5509744791445,17.9609702529372));
#6831=CARTESIAN_POINT('Ctrl Pts',(40.3678347149331,42.3158091382351,17.9616551432689));
#6832=CARTESIAN_POINT('Ctrl Pts',(41.7209329832481,41.4278032002224,17.9615000891146));
#6833=CARTESIAN_POINT('Ctrl Pts',(43.9654182432728,39.2399306133589,17.960507551985));
#6834=CARTESIAN_POINT('Ctrl Pts',(44.8560219315561,37.9791182279417,17.9597113361879));
#6835=CARTESIAN_POINT('Ctrl Pts',(46.1117139741644,35.2541762062264,17.9577520664068));
#6836=CARTESIAN_POINT('Ctrl Pts',(46.4865949052579,33.8214123020373,17.9566194823433));
#6837=CARTESIAN_POINT('Ctrl Pts',(46.6307490887273,32.0236270516264,17.9551042752957));
#6838=CARTESIAN_POINT('Ctrl Pts',(46.6440478827262,31.6903303206059,17.9548193490345));
#6839=CARTESIAN_POINT('Ctrl Pts',(46.6440478827322,31.3574252247477,17.9545307645359));
#6840=CARTESIAN_POINT('Ctrl Pts',(46.6440478827322,31.3574252247477,17.9545307645359));
#6841=CARTESIAN_POINT('Ctrl Pts',(46.644047882756,30.0296691244042,17.9533797763613));
#6842=CARTESIAN_POINT('Ctrl Pts',(46.4324762127792,28.7081428703117,17.9521718063674));
#6843=CARTESIAN_POINT('Ctrl Pts',(46.0153780706909,27.4431539553777,17.95094048577));
#6844=CARTESIAN_POINT('Origin',(48.3820356408441,65.2586104027087,-2.));
#6845=CARTESIAN_POINT('',(56.3817563520575,65.191763244325,-2.));
#6846=CARTESIAN_POINT('',(56.3820356408441,65.2586104027087,-2.));
#6847=CARTESIAN_POINT('Origin',(48.3820356408441,65.2586104027087,-2.));
#6848=CARTESIAN_POINT('',(40.3823149296235,65.1917632451878,-2.));
#6849=CARTESIAN_POINT('Origin',(48.3820356408441,65.2586104027087,-2.));
#6850=CARTESIAN_POINT('Origin',(48.3820356408441,65.2586104027087,-2.));
#6851=CARTESIAN_POINT('',(56.3820356408441,65.2586104027572,-1.9641949891569E-6));
#6852=CARTESIAN_POINT('',(56.3820356408441,65.2586104027087,-2.));
#6853=CARTESIAN_POINT('',(40.3823149296235,65.1917632451878,-7.8567863773249E-6));
#6854=CARTESIAN_POINT('Ctrl Pts',(40.3823149296235,65.1917632451878,-7.8567863773249E-6));
#6855=CARTESIAN_POINT('Ctrl Pts',(40.377466759047,65.7719526206403,6.03350252492993E-5));
#6856=CARTESIAN_POINT('Ctrl Pts',(40.4357513069835,66.350959340497,1.16828874589773E-15));
#6857=CARTESIAN_POINT('Ctrl Pts',(40.6811920126094,67.5081007618694,1.04991208801699E-15));
#6858=CARTESIAN_POINT('Ctrl Pts',(40.872458274851,68.0816313460676,1.16614000343749E-15));
#6859=CARTESIAN_POINT('Ctrl Pts',(41.5216413309671,69.4795068303304,1.02313602646709E-15));
#6860=CARTESIAN_POINT('Ctrl Pts',(42.0637313986434,70.2546096263567,6.22977430190549E-16));
#6861=CARTESIAN_POINT('Ctrl Pts',(43.4796076002752,71.6692147041702,4.7826200029424E-16));
#6862=CARTESIAN_POINT('Ctrl Pts',(44.3737134171618,72.2631090396002,3.18660621713357E-16));
#6863=CARTESIAN_POINT('Ctrl Pts',(45.9080412896606,72.8896489486316,2.5456499966289E-16));
#6864=CARTESIAN_POINT('Ctrl Pts',(46.4817356651864,73.0523423291456,2.87543873214452E-16));
#6865=CARTESIAN_POINT('Ctrl Pts',(47.5116108835581,73.2238149302038,2.70002064826699E-16));
#6866=CARTESIAN_POINT('Ctrl Pts',(47.9605223238826,73.2601383159603,2.7739441342171E-16));
#6867=CARTESIAN_POINT('Ctrl Pts',(48.8572165036526,73.2569926720272,2.77716215755062E-16));
#6868=CARTESIAN_POINT('Ctrl Pts',(49.3034157185984,73.2179429457828,2.69768554363604E-16));
#6869=CARTESIAN_POINT('Ctrl Pts',(50.3383380153427,73.0391407741706,2.88060184713604E-16));
#6870=CARTESIAN_POINT('Ctrl Pts',(50.9191543968209,72.8695761929145,2.5369786610135E-16));
#6871=CARTESIAN_POINT('Ctrl Pts',(52.4434748692555,72.2304596986588,3.19080084649198E-16));
#6872=CARTESIAN_POINT('Ctrl Pts',(53.3222804544735,71.6379483301763,4.78870626767549E-16));
#6873=CARTESIAN_POINT('Ctrl Pts',(54.8002388399824,70.1480638721441,6.31287208056944E-16));
#6874=CARTESIAN_POINT('Ctrl Pts',(55.3853053830133,69.265392210297,1.01095372122376E-15));
#6875=CARTESIAN_POINT('Ctrl Pts',(56.1787620828152,67.3313158009736,1.20881155753676E-15));
#6876=CARTESIAN_POINT('Ctrl Pts',(56.3820356408315,66.2998113726642,5.9223815638359E-5));
#6877=CARTESIAN_POINT('Ctrl Pts',(56.3820356408441,65.2586104028056,-1.9641949891569E-6));
#6878=CARTESIAN_POINT('',(56.3817563520575,65.191763244325,-7.8567863773249E-6));
#6879=CARTESIAN_POINT('Ctrl Pts',(56.3817563520575,65.191763244325,-7.85678637732754E-6));
#6880=CARTESIAN_POINT('Ctrl Pts',(56.3797079500446,64.9466272594325,-4.16003665726368E-5));
#6881=CARTESIAN_POINT('Ctrl Pts',(56.3663930521656,64.7017149226068,-7.53164832627207E-5));
#6882=CARTESIAN_POINT('Ctrl Pts',(56.3154897042085,64.1957496659844,-0.000145086541970955));
#6883=CARTESIAN_POINT('Ctrl Pts',(56.2762008096755,63.9351593805766,-0.000181085449473601));
#6884=CARTESIAN_POINT('Ctrl Pts',(56.0920484503614,63.0220869728163,-0.000307676517850295));
#6885=CARTESIAN_POINT('Ctrl Pts',(55.8784489582823,62.3863078506896,-0.00039667392810973));
#6886=CARTESIAN_POINT('Ctrl Pts',(55.1347677096971,60.8436985221062,-0.000617252904943567));
#6887=CARTESIAN_POINT('Ctrl Pts',(54.5013292680015,60.0007512549895,-0.000742599407038812));
#6888=CARTESIAN_POINT('Ctrl Pts',(52.9952126306619,58.6497774969756,-0.00095810638723635));
#6889=CARTESIAN_POINT('Ctrl Pts',(52.152776697057,58.1354379207447,-0.0010482031943231));
#6890=CARTESIAN_POINT('Ctrl Pts',(50.2505665965106,57.4083122126335,-0.00119608937742282));
#6891=CARTESIAN_POINT('Ctrl Pts',(49.197497951813,57.2303097836595,-0.0012492922415845));
#6892=CARTESIAN_POINT('Ctrl Pts',(47.1159997777772,57.2932228737865,-0.00129367844672937));
#6893=CARTESIAN_POINT('Ctrl Pts',(46.1070793383345,57.520728320842,-0.00128616886226429));
#6894=CARTESIAN_POINT('Ctrl Pts',(44.2816925318852,58.3213865295357,-0.00120306755457188));
#6895=CARTESIAN_POINT('Ctrl Pts',(43.4727729287329,58.8682247889554,-0.001131640284147));
#6896=CARTESIAN_POINT('Ctrl Pts',(42.0720090056915,60.2416228250905,-0.000921445575344027));
#6897=CARTESIAN_POINT('Ctrl Pts',(41.4984345648942,61.0630607719431,-0.000782484621682637));
#6898=CARTESIAN_POINT('Ctrl Pts',(40.8352045989915,62.5330008954081,-0.000515909999400926));
#6899=CARTESIAN_POINT('Ctrl Pts',(40.6469015546828,63.1252312463749,-0.0004047817879634));
#6900=CARTESIAN_POINT('Ctrl Pts',(40.4354428707826,64.2138979395058,-0.000196939617474377));
#6901=CARTESIAN_POINT('Ctrl Pts',(40.3864064246952,64.7021266012612,-0.000102556493252521));
#6902=CARTESIAN_POINT('Ctrl Pts',(40.3823149296235,65.1917632451878,-7.8567863773249E-6));
#6903=CARTESIAN_POINT('Ctrl Pts',(56.3820356408502,65.258610402806,-1.96419454982155E-6));
#6904=CARTESIAN_POINT('Ctrl Pts',(56.3820426659675,65.236332266029,-3.27340852215271E-6));
#6905=CARTESIAN_POINT('Ctrl Pts',(56.3819425821574,65.2140497381387,-5.23737200604261E-6));
#6906=CARTESIAN_POINT('Ctrl Pts',(56.3817563520575,65.191763244325,-7.8567863773249E-6));
#6907=CARTESIAN_POINT('Origin',(48.3820356408441,65.2586104027087,-2.));
#6908=CARTESIAN_POINT('',(56.3817563520575,65.191763244325,15.9999292889226));
#6909=CARTESIAN_POINT('',(56.3820356408441,65.2586104060557,15.9999823222486));
#6910=CARTESIAN_POINT('Ctrl Pts',(56.3817563520575,65.191763244325,15.9999292889226));
#6911=CARTESIAN_POINT('Ctrl Pts',(56.3819425566661,65.2140466875503,15.999952860425));
#6912=CARTESIAN_POINT('Ctrl Pts',(56.3820416650815,65.2363292298454,15.9999705377186));
#6913=CARTESIAN_POINT('Ctrl Pts',(56.3820356408502,65.258610409403,15.9999823222525));
#6914=CARTESIAN_POINT('',(40.3823149296235,65.1917632451878,15.9999292889226));
#6915=CARTESIAN_POINT('Ctrl Pts',(40.3823149296235,65.1917632451878,15.9999292889226));
#6916=CARTESIAN_POINT('Ctrl Pts',(40.3845728505431,64.9215537491585,15.9994589425066));
#6917=CARTESIAN_POINT('Ctrl Pts',(40.4005197698668,64.6516320870097,15.9989891933142));
#6918=CARTESIAN_POINT('Ctrl Pts',(40.4620135809913,64.0931467965038,15.9980210617587));
#6919=CARTESIAN_POINT('Ctrl Pts',(40.5097609245589,63.8052193154665,15.9975240997048));
#6920=CARTESIAN_POINT('Ctrl Pts',(40.6971905650985,62.9631216956141,15.9960829599263));
#6921=CARTESIAN_POINT('Ctrl Pts',(40.8805883004553,62.4205828762991,15.9951710995051));
#6922=CARTESIAN_POINT('Ctrl Pts',(41.5257483392256,61.0247237891356,15.9928992434147));
#6923=CARTESIAN_POINT('Ctrl Pts',(42.0870282076162,60.2279688954385,15.9916886531135));
#6924=CARTESIAN_POINT('Ctrl Pts',(43.5301077659844,58.8108466239204,15.9897356925789));
#6925=CARTESIAN_POINT('Ctrl Pts',(44.4225293170261,58.2274531442903,15.9890632194331));
#6926=CARTESIAN_POINT('Ctrl Pts',(46.3633683026915,57.4485461026094,15.9883838986537));
#6927=CARTESIAN_POINT('Ctrl Pts',(47.390099179009,57.2531007812541,15.9883674514871));
#6928=CARTESIAN_POINT('Ctrl Pts',(49.4070891038347,57.2640636878897,15.9888495805898));
#6929=CARTESIAN_POINT('Ctrl Pts',(50.3793489789991,57.4500093205459,15.9893165641334));
#6930=CARTESIAN_POINT('Ctrl Pts',(52.1651809432325,58.1478147124593,15.9905837127981));
#6931=CARTESIAN_POINT('Ctrl Pts',(52.970272767255,58.638664526399,15.9913577904121));
#6932=CARTESIAN_POINT('Ctrl Pts',(54.4718890373103,59.9623757407412,15.993265015987));
#6933=CARTESIAN_POINT('Ctrl Pts',(55.1226560945472,60.8200913459932,15.9944142089968));
#6934=CARTESIAN_POINT('Ctrl Pts',(55.8829422833561,62.3946635914174,15.9964407733148));
#6935=CARTESIAN_POINT('Ctrl Pts',(56.0998369223928,63.0447144916669,15.9972594265267));
#6936=CARTESIAN_POINT('Ctrl Pts',(56.3273351191675,64.2011112440661,15.9987018640121));
#6937=CARTESIAN_POINT('Ctrl Pts',(56.3776112196008,64.6957077235546,15.999314739397));
#6938=CARTESIAN_POINT('Ctrl Pts',(56.3817563520575,65.191763244325,15.9999292889226));
#6939=CARTESIAN_POINT('Ctrl Pts',(56.3820356408441,65.2586104094027,15.9999823222486));
#6940=CARTESIAN_POINT('Ctrl Pts',(56.3820356403775,65.8162090287829,16.0002772366127));
#6941=CARTESIAN_POINT('Ctrl Pts',(56.3237368867951,66.3729282021598,16.));
#6942=CARTESIAN_POINT('Ctrl Pts',(56.0824926153289,67.5095326398395,16.));
#6943=CARTESIAN_POINT('Ctrl Pts',(55.8909761514484,68.0834114473325,16.));
#6944=CARTESIAN_POINT('Ctrl Pts',(55.2412394361158,69.4814321823901,16.));
#6945=CARTESIAN_POINT('Ctrl Pts',(54.6989573650267,70.2563499335937,16.));
#6946=CARTESIAN_POINT('Ctrl Pts',(53.2828043292591,71.6704651497989,16.));
#6947=CARTESIAN_POINT('Ctrl Pts',(52.3886438368362,72.2640729712441,16.));
#6948=CARTESIAN_POINT('Ctrl Pts',(50.8544691748732,72.8901383188484,16.));
#6949=CARTESIAN_POINT('Ctrl Pts',(50.2809491777017,73.0526641165433,16.));
#6950=CARTESIAN_POINT('Ctrl Pts',(49.2513051295467,73.2239383202977,16.));
#6951=CARTESIAN_POINT('Ctrl Pts',(48.8024377372085,73.2601940182239,16.));
#6952=CARTESIAN_POINT('Ctrl Pts',(47.905741105705,73.2569293370169,16.));
#6953=CARTESIAN_POINT('Ctrl Pts',(47.4594954096063,73.2178114795292,16.));
#6954=CARTESIAN_POINT('Ctrl Pts',(46.4243327060281,73.0388055185716,16.));
#6955=CARTESIAN_POINT('Ctrl Pts',(45.843336266502,72.8690665196899,16.));
#6956=CARTESIAN_POINT('Ctrl Pts',(44.3183453888243,72.2292487871651,16.));
#6957=CARTESIAN_POINT('Ctrl Pts',(43.4391810645742,71.6360367322688,16.));
#6958=CARTESIAN_POINT('Ctrl Pts',(41.9614544090943,70.144945834655,16.));
#6959=CARTESIAN_POINT('Ctrl Pts',(41.3768047637286,69.2619687011145,16.));
#6960=CARTESIAN_POINT('Ctrl Pts',(40.575856530025,67.3068932126898,16.));
#6961=CARTESIAN_POINT('Ctrl Pts',(40.3734471166887,66.2529905198965,16.0010518587614));
#6962=CARTESIAN_POINT('Ctrl Pts',(40.3823149296235,65.1917632451878,15.9999292889226));
#6963=CARTESIAN_POINT('',(56.3820356408441,65.2586104075535,17.9999803580557));
#6964=CARTESIAN_POINT('',(56.3820356408441,65.2586104027087,-2.));
#6965=CARTESIAN_POINT('',(40.3823149296235,65.1917632451878,17.9999214321362));
#6966=CARTESIAN_POINT('Ctrl Pts',(40.3823149296235,65.1917632451878,17.9999214321362));
#6967=CARTESIAN_POINT('Ctrl Pts',(40.3760392152344,65.9427893806021,18.0008041410399));
#6968=CARTESIAN_POINT('Ctrl Pts',(40.4755554465596,66.6920918791297,18.));
#6969=CARTESIAN_POINT('Ctrl Pts',(40.8966880693261,68.194863987239,18.));
#6970=CARTESIAN_POINT('Ctrl Pts',(41.2310451624234,68.9349330975539,18.));
#6971=CARTESIAN_POINT('Ctrl Pts',(42.1659840028383,70.3761943620671,18.));
#6972=CARTESIAN_POINT('Ctrl Pts',(42.7882617759214,71.0498673902326,18.));
#6973=CARTESIAN_POINT('Ctrl Pts',(44.2360175255592,72.1613074925434,18.));
#6974=CARTESIAN_POINT('Ctrl Pts',(45.0517612356508,72.5897744107978,18.));
#6975=CARTESIAN_POINT('Ctrl Pts',(46.4014181130494,73.0259027943711,18.));
#6976=CARTESIAN_POINT('Ctrl Pts',(46.8942367539911,73.1351662083985,18.));
#6977=CARTESIAN_POINT('Ctrl Pts',(47.783368118685,73.2458200308921,18.));
#6978=CARTESIAN_POINT('Ctrl Pts',(48.1757290328224,73.2655672547293,18.));
#6979=CARTESIAN_POINT('Ctrl Pts',(48.9791578961099,73.2468910864358,18.));
#6980=CARTESIAN_POINT('Ctrl Pts',(49.3890168788543,73.2056332450086,18.));
#6981=CARTESIAN_POINT('Ctrl Pts',(50.3710409703867,73.0295615231061,18.));
#6982=CARTESIAN_POINT('Ctrl Pts',(50.9350795413813,72.862937483949,18.));
#6983=CARTESIAN_POINT('Ctrl Pts',(52.4471075405882,72.2288676120606,18.));
#6984=CARTESIAN_POINT('Ctrl Pts',(53.3284639429269,71.6337293950857,18.));
#6985=CARTESIAN_POINT('Ctrl Pts',(54.8055679625,70.1406684075773,18.));
#6986=CARTESIAN_POINT('Ctrl Pts',(55.3887016012724,69.2589716325522,18.));
#6987=CARTESIAN_POINT('Ctrl Pts',(56.1800469159477,67.3263266301181,18.));
#6988=CARTESIAN_POINT('Ctrl Pts',(56.3820356395871,66.2964330345557,18.0005902527289));
#6989=CARTESIAN_POINT('Ctrl Pts',(56.3820356408441,65.2586104123982,17.9999803580557));
#6990=CARTESIAN_POINT('',(56.3817563520575,65.191763244325,17.9999214321362));
#6991=CARTESIAN_POINT('Ctrl Pts',(56.3817563520575,65.191763244325,17.9999214321362));
#6992=CARTESIAN_POINT('Ctrl Pts',(56.3780151931055,64.7440519657025,17.999305146386));
#6993=CARTESIAN_POINT('Ctrl Pts',(56.3366958058196,64.2974438966043,17.9986902614122));
#6994=CARTESIAN_POINT('Ctrl Pts',(56.1656979622961,63.3367828781657,17.997360475754));
#6995=CARTESIAN_POINT('Ctrl Pts',(56.0219194343397,62.827356441173,17.9966506413389));
#6996=CARTESIAN_POINT('Ctrl Pts',(55.4610094147735,61.3982134825496,17.9946314696574));
#6997=CARTESIAN_POINT('Ctrl Pts',(54.9192293601736,60.5384798123392,17.9933795838282));
#6998=CARTESIAN_POINT('Ctrl Pts',(53.5187246080701,59.0369876123282,17.9910628997033));
#6999=CARTESIAN_POINT('Ctrl Pts',(52.6620993184155,58.4193692700295,17.9900285230565));
#7000=CARTESIAN_POINT('Ctrl Pts',(50.7497398499722,57.5442504723858,17.98835679247));
#7001=CARTESIAN_POINT('Ctrl Pts',(49.7108269692166,57.2992331327,17.9877398090243));
#7002=CARTESIAN_POINT('Ctrl Pts',(47.6189329514585,57.2279771104082,17.9870975938229));
#7003=CARTESIAN_POINT('Ctrl Pts',(46.5864249602526,57.3941854987671,17.9870681422323));
#7004=CARTESIAN_POINT('Ctrl Pts',(44.6895518376406,58.0936189097465,17.9876974157029));
#7005=CARTESIAN_POINT('Ctrl Pts',(43.8356858324866,58.6026174368112,17.9883202513798));
#7006=CARTESIAN_POINT('Ctrl Pts',(42.3418612732053,59.9176928418675,17.9902614770621));
#7007=CARTESIAN_POINT('Ctrl Pts',(41.719590407265,60.7175831228703,17.9915794869405));
#7008=CARTESIAN_POINT('Ctrl Pts',(40.9511941276263,62.2178219518006,17.9942568671458));
#7009=CARTESIAN_POINT('Ctrl Pts',(40.719403301168,62.8611398201694,17.9954536744103));
#7010=CARTESIAN_POINT('Ctrl Pts',(40.4505445361863,64.0730836092697,17.9977584640021));
#7011=CARTESIAN_POINT('Ctrl Pts',(40.3869973990624,64.6314036257401,17.9988376510842));
#7012=CARTESIAN_POINT('Ctrl Pts',(40.3823149296235,65.1917632451878,17.9999214321362));
#7013=CARTESIAN_POINT('Ctrl Pts',(56.3820356408502,65.2586104123987,17.9999803580601));
#7014=CARTESIAN_POINT('Ctrl Pts',(56.3820426759075,65.2363314843358,17.9999672654573));
#7015=CARTESIAN_POINT('Ctrl Pts',(56.381942575579,65.2140489508883,17.9999476253547));
#7016=CARTESIAN_POINT('Ctrl Pts',(56.3817563520575,65.191763244325,17.9999214321362));
#7017=CARTESIAN_POINT('Origin',(-63.,17.5,16.));
#7018=CARTESIAN_POINT('',(0.,2.,16.));
#7019=CARTESIAN_POINT('',(0.,18.5,16.));
#7020=CARTESIAN_POINT('',(-2.,2.,16.));
#7021=CARTESIAN_POINT('',(0.,2.,16.));
#7022=CARTESIAN_POINT('',(-1.99999999999998,9.31154794846909E-16,16.));
#7023=CARTESIAN_POINT('',(-1.99999999999998,35.,16.));
#7024=CARTESIAN_POINT('',(-48.,0.,16.));
#7025=CARTESIAN_POINT('',(-34.,2.,16.));
#7026=CARTESIAN_POINT('Origin',(-34.,1.,16.));
#7027=CARTESIAN_POINT('',(-43.,2.,16.));
#7028=CARTESIAN_POINT('',(-1.99999999999999,2.,16.));
#7029=CARTESIAN_POINT('',(-44.,0.999999999999999,16.));
#7030=CARTESIAN_POINT('Origin',(-43.,0.999999999999999,16.));
#7031=CARTESIAN_POINT('',(-44.,-5.08553772570233E-15,16.));
#7032=CARTESIAN_POINT('',(-44.,-5.38844591624835E-15,16.));
#7033=CARTESIAN_POINT('',(-75.,-5.08553772570233E-15,16.));
#7034=CARTESIAN_POINT('',(-69.,-4.44089209850063E-15,16.));
#7035=CARTESIAN_POINT('',(-75.,0.999999999999995,16.));
#7036=CARTESIAN_POINT('',(-75.,-9.18485099360515E-15,16.));
#7037=CARTESIAN_POINT('',(-76.,1.99999999999999,16.));
#7038=CARTESIAN_POINT('Origin',(-76.,0.999999999999995,16.));
#7039=CARTESIAN_POINT('',(-85.,1.99999999999999,16.));
#7040=CARTESIAN_POINT('',(-1.99999999999999,2.,16.));
#7041=CARTESIAN_POINT('Origin',(-85.,0.999999999999994,16.));
#7042=CARTESIAN_POINT('',(-117.,-1.11022302462516E-14,16.));
#7043=CARTESIAN_POINT('',(-90.,-1.11022302462516E-14,16.));
#7044=CARTESIAN_POINT('',(-117.,0.99999999999999,16.));
#7045=CARTESIAN_POINT('',(-117.,-1.4328367550024E-14,16.));
#7046=CARTESIAN_POINT('',(-118.,1.99999999999999,16.));
#7047=CARTESIAN_POINT('Origin',(-118.,0.99999999999999,15.9999999999999));
#7048=CARTESIAN_POINT('',(-124.,1.99999999999999,16.));
#7049=CARTESIAN_POINT('',(-1.99999999999999,2.,16.));
#7050=CARTESIAN_POINT('',(-124.,33.,16.));
#7051=CARTESIAN_POINT('',(-124.,1.99999999999999,16.));
#7052=CARTESIAN_POINT('',(-121.279918564068,33.,16.));
#7053=CARTESIAN_POINT('',(-124.,33.,16.));
#7054=CARTESIAN_POINT('',(-121.279918564068,35.,16.));
#7055=CARTESIAN_POINT('',(-121.279918564068,35.,16.));
#7056=CARTESIAN_POINT('',(-71.279918564068,35.,16.));
#7057=CARTESIAN_POINT('',(-98.639959282034,35.,16.));
#7058=CARTESIAN_POINT('',(-71.279918564068,33.,16.));
#7059=CARTESIAN_POINT('',(-71.279918564068,35.,16.));
#7060=CARTESIAN_POINT('',(-52.,33.,16.));
#7061=CARTESIAN_POINT('',(-124.,33.,16.));
#7062=CARTESIAN_POINT('',(-52.,35.,16.));
#7063=CARTESIAN_POINT('',(-52.,35.,16.));
#7064=CARTESIAN_POINT('',(-1.99999999999998,35.,16.));
#7065=CARTESIAN_POINT('',(-64.,35.,16.));
#7066=CARTESIAN_POINT('',(-2.,33.,16.));
#7067=CARTESIAN_POINT('',(-1.99999999999998,35.,16.));
#7068=CARTESIAN_POINT('',(0.,33.,16.));
#7069=CARTESIAN_POINT('',(0.,33.,16.));
#7070=CARTESIAN_POINT('',(0.,18.5,16.));
#7071=CARTESIAN_POINT('',(-45.5,17.5,16.));
#7072=CARTESIAN_POINT('Origin',(-33.,17.5,16.));
#7073=CARTESIAN_POINT('',(-105.5,17.5,16.));
#7074=CARTESIAN_POINT('Origin',(-93.,17.5,16.));
#7075=CARTESIAN_POINT('',(-75.5,17.5,16.));
#7076=CARTESIAN_POINT('Origin',(-63.,17.5,16.));
#7077=CARTESIAN_POINT('Ctrl Pts',(0.,2.00000000000001,16.));
#7078=CARTESIAN_POINT('Ctrl Pts',(2.12063428492607,2.18553145941545,15.9544232590366));
#7079=CARTESIAN_POINT('Ctrl Pts',(4.24126856985214,2.37106291883088,15.9315045656514));
#7080=CARTESIAN_POINT('Ctrl Pts',(6.36190285477821,2.55659437824631,15.9315045656514));
#7081=CARTESIAN_POINT('Ctrl Pts',(0.,3.33844161347484,16.));
#7082=CARTESIAN_POINT('Ctrl Pts',(2.08189796041049,3.5205840836285,15.9544232590366));
#7083=CARTESIAN_POINT('Ctrl Pts',(4.16379592082098,3.70272655378216,15.9315045656514));
#7084=CARTESIAN_POINT('Ctrl Pts',(6.24569388123146,3.88486902393582,15.9315045656514));
#7085=CARTESIAN_POINT('Ctrl Pts',(0.,4.67688322694968,16.));
#7086=CARTESIAN_POINT('Ctrl Pts',(2.04316163589491,4.85563670784156,15.9544232590366));
#7087=CARTESIAN_POINT('Ctrl Pts',(4.08632327178981,5.03439018873345,15.9315045656514));
#7088=CARTESIAN_POINT('Ctrl Pts',(6.12948490768472,5.21314366962533,15.9315045656514));
#7089=CARTESIAN_POINT('Ctrl Pts',(0.,6.01532484042451,16.));
#7090=CARTESIAN_POINT('Ctrl Pts',(2.00442531137932,6.19068933205462,15.9544232590366));
#7091=CARTESIAN_POINT('Ctrl Pts',(4.00885062275865,6.36605382368473,15.9315045656514));
#7092=CARTESIAN_POINT('Ctrl Pts',(6.01327593413797,6.54141831531484,15.9315045656514));
#7093=CARTESIAN_POINT('',(6.36190285477821,2.55659437824631,15.9315045656514));
#7094=CARTESIAN_POINT('Ctrl Pts',(6.36190285477821,2.55659437824631,15.9315045656514));
#7095=CARTESIAN_POINT('Ctrl Pts',(6.24569388123146,3.88486902393582,15.9315045656514));
#7096=CARTESIAN_POINT('Ctrl Pts',(6.12948490768472,5.21314366962533,15.9315045656514));
#7097=CARTESIAN_POINT('Ctrl Pts',(6.01327593413797,6.54141831531484,15.9315045656514));
#7098=CARTESIAN_POINT('Ctrl Pts',(0.,2.00000000000001,16.));
#7099=CARTESIAN_POINT('Ctrl Pts',(2.12063428492607,2.18553145941545,15.9544232590366));
#7100=CARTESIAN_POINT('Ctrl Pts',(4.24126856985214,2.37106291883088,15.9315045656514));
#7101=CARTESIAN_POINT('Ctrl Pts',(6.36190285477821,2.55659437824631,15.9315045656514));
#7102=CARTESIAN_POINT('Origin',(-63.,17.5,0.));
#7103=CARTESIAN_POINT('',(0.,33.,0.));
#7104=CARTESIAN_POINT('',(0.,34.,0.));
#7105=CARTESIAN_POINT('',(-2.,33.,0.));
#7106=CARTESIAN_POINT('',(0.,33.,0.));
#7107=CARTESIAN_POINT('',(-1.99999999999998,35.,0.));
#7108=CARTESIAN_POINT('',(-1.99999999999998,35.,0.));
#7109=CARTESIAN_POINT('',(-52.,35.,0.));
#7110=CARTESIAN_POINT('',(-89.,35.,0.));
#7111=CARTESIAN_POINT('',(-52.,33.,0.));
#7112=CARTESIAN_POINT('',(-52.,35.,0.));
#7113=CARTESIAN_POINT('',(-71.279918564068,33.,0.));
#7114=CARTESIAN_POINT('',(-93.5,33.,0.));
#7115=CARTESIAN_POINT('',(-71.279918564068,35.,0.));
#7116=CARTESIAN_POINT('',(-71.279918564068,35.,0.));
#7117=CARTESIAN_POINT('',(-121.279918564068,35.,0.));
#7118=CARTESIAN_POINT('',(-123.639959282034,35.,0.));
#7119=CARTESIAN_POINT('',(-121.279918564068,33.,0.));
#7120=CARTESIAN_POINT('',(-121.279918564068,35.,0.));
#7121=CARTESIAN_POINT('',(-124.,33.,0.));
#7122=CARTESIAN_POINT('',(-93.5,33.,0.));
#7123=CARTESIAN_POINT('',(-124.,1.99999999999999,0.));
#7124=CARTESIAN_POINT('',(-124.,9.74999999999999,0.));
#7125=CARTESIAN_POINT('',(-118.,1.99999999999999,0.));
#7126=CARTESIAN_POINT('',(-32.5,2.,0.));
#7127=CARTESIAN_POINT('',(-117.,0.99999999999999,-2.80331313717852E-14));
#7128=CARTESIAN_POINT('Origin',(-118.,0.99999999999999,-6.10622663543836E-14));
#7129=CARTESIAN_POINT('',(-117.,-1.11022302462516E-14,-2.80331313717852E-14));
#7130=CARTESIAN_POINT('',(-117.,-1.4328367550024E-14,-2.80331313717852E-14));
#7131=CARTESIAN_POINT('',(-90.,-1.11022302462516E-14,0.));
#7132=CARTESIAN_POINT('',(-85.,1.99999999999999,0.));
#7133=CARTESIAN_POINT('Origin',(-85.,0.999999999999994,-4.88498130835069E-14));
#7134=CARTESIAN_POINT('',(-76.,2.,0.));
#7135=CARTESIAN_POINT('',(-32.5,2.,0.));
#7136=CARTESIAN_POINT('',(-75.,0.999999999999995,-1.77635683940025E-14));
#7137=CARTESIAN_POINT('Origin',(-76.,0.999999999999995,-1.4432899320127E-14));
#7138=CARTESIAN_POINT('',(-75.,-5.08553772570233E-15,-1.77635683940025E-14));
#7139=CARTESIAN_POINT('',(-75.,-9.18485099360515E-15,-1.77635683940025E-14));
#7140=CARTESIAN_POINT('',(-44.,-5.08553772570233E-15,-1.02695629777827E-14));
#7141=CARTESIAN_POINT('',(-69.,-4.44089209850063E-15,0.));
#7142=CARTESIAN_POINT('',(-44.,0.999999999999999,-1.02695629777827E-14));
#7143=CARTESIAN_POINT('',(-44.,-5.38844591624835E-15,-1.02695629777827E-14));
#7144=CARTESIAN_POINT('',(-43.,2.,0.));
#7145=CARTESIAN_POINT('Origin',(-43.,0.999999999999999,4.44089209850063E-14));
#7146=CARTESIAN_POINT('',(-34.,2.,0.));
#7147=CARTESIAN_POINT('',(-32.5,2.,0.));
#7148=CARTESIAN_POINT('Origin',(-34.,1.,3.21964677141296E-14));
#7149=CARTESIAN_POINT('',(-1.99999999999998,9.31154794846909E-16,0.));
#7150=CARTESIAN_POINT('',(-48.,0.,0.));
#7151=CARTESIAN_POINT('',(-2.,2.,0.));
#7152=CARTESIAN_POINT('',(-1.99999999999998,35.,0.));
#7153=CARTESIAN_POINT('',(0.,2.,0.));
#7154=CARTESIAN_POINT('',(0.,2.,0.));
#7155=CARTESIAN_POINT('',(0.,34.,0.));
#7156=CARTESIAN_POINT('',(-75.5,17.5,0.));
#7157=CARTESIAN_POINT('Origin',(-63.,17.5,0.));
#7158=CARTESIAN_POINT('',(-105.5,17.5,0.));
#7159=CARTESIAN_POINT('Origin',(-93.,17.5,0.));
#7160=CARTESIAN_POINT('',(-45.5,17.5,0.));
#7161=CARTESIAN_POINT('Origin',(-33.,17.5,0.));
#7162=CARTESIAN_POINT('Ctrl Pts',(0.,33.,-2.77555756156289E-16));
#7163=CARTESIAN_POINT('Ctrl Pts',(1.22345203364693,33.1070381833119,-0.00506408232926424));
#7164=CARTESIAN_POINT('Ctrl Pts',(2.44690406729386,33.2140763666237,-0.00761060381650914));
#7165=CARTESIAN_POINT('Ctrl Pts',(3.67035610094079,33.3211145499356,-0.00761060381650913));
#7166=CARTESIAN_POINT('Ctrl Pts',(0.,31.6615583865252,-2.77555756156289E-16));
#7167=CARTESIAN_POINT('Ctrl Pts',(1.26218835816251,31.7719855590988,-0.00506408232926424));
#7168=CARTESIAN_POINT('Ctrl Pts',(2.52437671632502,31.8824127316724,-0.00761060381650914));
#7169=CARTESIAN_POINT('Ctrl Pts',(3.78656507448753,31.9928399042461,-0.00761060381650913));
#7170=CARTESIAN_POINT('Ctrl Pts',(0.,30.3231167730504,-2.77555756156289E-16));
#7171=CARTESIAN_POINT('Ctrl Pts',(1.3009246826781,30.4369329348857,-0.00506408232926424));
#7172=CARTESIAN_POINT('Ctrl Pts',(2.60184936535619,30.5507490967211,-0.00761060381650914));
#7173=CARTESIAN_POINT('Ctrl Pts',(3.90277404803428,30.6645652585565,-0.00761060381650913));
#7174=CARTESIAN_POINT('Ctrl Pts',(0.,28.9846751595755,-2.77555756156289E-16));
#7175=CARTESIAN_POINT('Ctrl Pts',(1.33966100719368,29.1018803106727,-0.00506408232926424));
#7176=CARTESIAN_POINT('Ctrl Pts',(2.67932201438735,29.2190854617698,-0.00761060381650914));
#7177=CARTESIAN_POINT('Ctrl Pts',(4.01898302158103,29.336290612867,-0.00761060381650913));
#7178=CARTESIAN_POINT('',(3.67035610094079,33.3211145499356,-0.00761060381650913));
#7179=CARTESIAN_POINT('Ctrl Pts',(3.67035610094079,33.3211145499356,-0.00761060381650913));
#7180=CARTESIAN_POINT('Ctrl Pts',(3.78656507448753,31.9928399042461,-0.00761060381650913));
#7181=CARTESIAN_POINT('Ctrl Pts',(3.90277404803428,30.6645652585565,-0.00761060381650913));
#7182=CARTESIAN_POINT('Ctrl Pts',(4.01898302158103,29.336290612867,-0.00761060381650913));
#7183=CARTESIAN_POINT('Ctrl Pts',(0.,33.,-2.77555756156289E-16));
#7184=CARTESIAN_POINT('Ctrl Pts',(1.22345203364693,33.1070381833119,-0.00506408232926424));
#7185=CARTESIAN_POINT('Ctrl Pts',(2.44690406729386,33.2140763666237,-0.00761060381650914));
#7186=CARTESIAN_POINT('Ctrl Pts',(3.67035610094079,33.3211145499356,-0.00761060381650913));
#7187=CARTESIAN_POINT('Origin',(-63.,17.5,18.));
#7188=CARTESIAN_POINT('',(0.,35.,18.));
#7189=CARTESIAN_POINT('',(0.,0.,18.));
#7190=CARTESIAN_POINT('',(-126.,35.,18.));
#7191=CARTESIAN_POINT('',(0.,35.,18.));
#7192=CARTESIAN_POINT('',(-126.,-1.33226762955019E-14,18.));
#7193=CARTESIAN_POINT('',(-126.,35.,18.));
#7194=CARTESIAN_POINT('Origin',(-131.,-10.9087121146357,18.));
#7195=CARTESIAN_POINT('',(-114.,-12.5,18.));
#7196=CARTESIAN_POINT('',(-114.,-12.5,18.));
#7197=CARTESIAN_POINT('',(-114.,-22.5000000000001,17.9999999999999));
#7198=CARTESIAN_POINT('',(-114.,-2.1094237467878E-14,18.));
#7199=CARTESIAN_POINT('',(-114.,-22.5,18.));
#7200=CARTESIAN_POINT('',(0.,-53.,18.));
#7201=CARTESIAN_POINT('',(-5.,-22.5000000000001,18.));
#7202=CARTESIAN_POINT('',(0.,-22.5,18.));
#7203=CARTESIAN_POINT('',(-5.,-12.5,18.));
#7204=CARTESIAN_POINT('',(-5.,-2.1094237467878E-14,18.));
#7205=CARTESIAN_POINT('',(0.,-12.5,18.));
#7206=CARTESIAN_POINT('',(0.,0.,18.));
#7207=CARTESIAN_POINT('',(-81.,-12.5,18.));
#7208=CARTESIAN_POINT('',(-76.,-12.5,18.));
#7209=CARTESIAN_POINT('',(-76.,-12.5,18.));
#7210=CARTESIAN_POINT('',(-76.,-22.5000000000001,17.9999999999999));
#7211=CARTESIAN_POINT('',(-76.,-2.1094237467878E-14,18.));
#7212=CARTESIAN_POINT('',(-81.,-22.5000000000001,17.9999999999999));
#7213=CARTESIAN_POINT('',(-76.,-22.5,18.));
#7214=CARTESIAN_POINT('',(-81.,-2.1094237467878E-14,18.));
#7215=CARTESIAN_POINT('',(-43.,-12.5,18.));
#7216=CARTESIAN_POINT('',(-38.,-12.5,18.));
#7217=CARTESIAN_POINT('',(-38.,-12.5,18.));
#7218=CARTESIAN_POINT('',(-38.,-22.5000000000001,18.));
#7219=CARTESIAN_POINT('',(-38.,-2.1094237467878E-14,18.));
#7220=CARTESIAN_POINT('',(-43.,-22.5000000000001,18.));
#7221=CARTESIAN_POINT('',(-38.,-22.5,18.));
#7222=CARTESIAN_POINT('',(-43.,-2.1094237467878E-14,18.));
#7223=CARTESIAN_POINT('',(-75.,-4.9960036108132E-15,18.));
#7224=CARTESIAN_POINT('',(-44.,-5.08553772570233E-15,18.));
#7225=CARTESIAN_POINT('',(-69.,-4.44089209850063E-15,18.));
#7226=CARTESIAN_POINT('',(-44.,-2.00000000000001,18.));
#7227=CARTESIAN_POINT('',(-44.,8.74999999999999,18.));
#7228=CARTESIAN_POINT('',(-75.,-2.00000000000001,18.));
#7229=CARTESIAN_POINT('',(-53.5,-2.00000000000001,18.));
#7230=CARTESIAN_POINT('',(-75.,7.74999999999999,18.));
#7231=CARTESIAN_POINT('',(-117.,-2.00000000000002,18.));
#7232=CARTESIAN_POINT('',(-74.5,-2.00000000000001,18.));
#7233=CARTESIAN_POINT('',(-117.,-1.11022302462516E-14,18.));
#7234=CARTESIAN_POINT('',(-117.,7.74999999999999,18.));
#7235=CARTESIAN_POINT('',(-90.,-1.11022302462516E-14,18.));
#7236=CARTESIAN_POINT('',(-1.99999999999998,-33.,18.));
#7237=CARTESIAN_POINT('',(-1.99999999999998,-35.,18.));
#7238=CARTESIAN_POINT('',(-1.99999999999998,-7.74999999999999,18.));
#7239=CARTESIAN_POINT('',(-32.5,-35.,18.));
#7240=CARTESIAN_POINT('',(-48.,-33.,18.));
#7241=CARTESIAN_POINT('',(-111.5,-17.5,18.));
#7242=CARTESIAN_POINT('Origin',(-101.5,-17.5,18.));
#7243=CARTESIAN_POINT('',(-1.99999999999998,9.31154794846909E-16,18.));
#7244=CARTESIAN_POINT('',(-1.99999999999998,-2.,18.));
#7245=CARTESIAN_POINT('',(-2.,8.75000000000001,18.));
#7246=CARTESIAN_POINT('',(-32.5,-2.,18.));
#7247=CARTESIAN_POINT('',(-48.,0.,18.));
#7248=CARTESIAN_POINT('',(-117.,-33.,18.));
#7249=CARTESIAN_POINT('',(-90.,-33.,18.));
#7250=CARTESIAN_POINT('',(-117.,-35.,18.));
#7251=CARTESIAN_POINT('',(-74.5,-35.,18.));
#7252=CARTESIAN_POINT('',(-117.,-8.75000000000001,18.));
#7253=CARTESIAN_POINT('',(-44.,-33.,18.));
#7254=CARTESIAN_POINT('',(-44.,-35.,18.));
#7255=CARTESIAN_POINT('',(-44.,-7.75000000000001,18.));
#7256=CARTESIAN_POINT('',(-75.,-35.,18.));
#7257=CARTESIAN_POINT('',(-53.5,-35.,18.));
#7258=CARTESIAN_POINT('',(-75.,-33.,18.));
#7259=CARTESIAN_POINT('',(-75.,-8.75000000000001,18.));
#7260=CARTESIAN_POINT('',(-69.,-33.,18.));
#7261=CARTESIAN_POINT('',(-69.5,-17.5,18.));
#7262=CARTESIAN_POINT('Origin',(-59.5,-17.5,18.));
#7263=CARTESIAN_POINT('',(-27.5,-17.5,18.));
#7264=CARTESIAN_POINT('Origin',(-17.5,-17.5,18.));
#7265=CARTESIAN_POINT('',(-75.5,17.5,18.));
#7266=CARTESIAN_POINT('Origin',(-63.,17.5,18.));
#7267=CARTESIAN_POINT('',(-105.5,17.5,18.));
#7268=CARTESIAN_POINT('Origin',(-93.,17.5,18.));
#7269=CARTESIAN_POINT('',(-45.5,17.5,18.));
#7270=CARTESIAN_POINT('Origin',(-33.,17.5,18.));
#7271=CARTESIAN_POINT('Ctrl Pts',(-2.95710671563217E-15,35.,18.));
#7272=CARTESIAN_POINT('Ctrl Pts',(1.16556930775795,35.1019741009826,17.9493591767074));
#7273=CARTESIAN_POINT('Ctrl Pts',(2.33113861551591,35.2039482019652,17.9238939618349));
#7274=CARTESIAN_POINT('Ctrl Pts',(3.49670792327386,35.3059223029477,17.9238939618349));
#7275=CARTESIAN_POINT('Ctrl Pts',(-2.85105892048907E-15,32.9948917198585,
18.));
#7276=CARTESIAN_POINT('Ctrl Pts',(1.22359987423652,33.1019428375459,17.9493591767074));
#7277=CARTESIAN_POINT('Ctrl Pts',(2.44719974847306,33.2089939552334,17.9238939618349));
#7278=CARTESIAN_POINT('Ctrl Pts',(3.67079962270958,33.3160450729208,17.9238939618349));
#7279=CARTESIAN_POINT('Ctrl Pts',(-2.74501112534597E-15,30.989783439717,
18.));
#7280=CARTESIAN_POINT('Ctrl Pts',(1.2816304407151,31.1019115741093,17.9493591767074));
#7281=CARTESIAN_POINT('Ctrl Pts',(2.5632608814302,31.2140397085016,17.9238939618349));
#7282=CARTESIAN_POINT('Ctrl Pts',(3.84489132214531,31.3261678428939,17.9238939618349));
#7283=CARTESIAN_POINT('Ctrl Pts',(-2.63896333020287E-15,28.9846751595755,
18.));
#7284=CARTESIAN_POINT('Ctrl Pts',(1.33966100719367,29.1018803106727,17.9493591767074));
#7285=CARTESIAN_POINT('Ctrl Pts',(2.67932201438735,29.2190854617698,17.9238939618349));
#7286=CARTESIAN_POINT('Ctrl Pts',(4.01898302158103,29.336290612867,17.9238939618349));
#7287=CARTESIAN_POINT('',(3.49670792327386,35.3059223029477,17.9238939618349));
#7288=CARTESIAN_POINT('Ctrl Pts',(3.49670792327386,35.3059223029477,17.9238939618349));
#7289=CARTESIAN_POINT('Ctrl Pts',(3.67079962270958,33.3160450729208,17.9238939618349));
#7290=CARTESIAN_POINT('Ctrl Pts',(3.84489132214531,31.3261678428939,17.9238939618349));
#7291=CARTESIAN_POINT('Ctrl Pts',(4.01898302158103,29.336290612867,17.9238939618349));
#7292=CARTESIAN_POINT('Ctrl Pts',(0.,35.,18.));
#7293=CARTESIAN_POINT('Ctrl Pts',(1.16556930775795,35.1019741009826,17.9493591767074));
#7294=CARTESIAN_POINT('Ctrl Pts',(2.33113861551591,35.2039482019652,17.9238939618349));
#7295=CARTESIAN_POINT('Ctrl Pts',(3.49670792327386,35.3059223029477,17.9238939618349));
#7296=CARTESIAN_POINT('Origin',(-63.,17.5,-2.));
#7297=CARTESIAN_POINT('',(0.,0.,-2.));
#7298=CARTESIAN_POINT('',(0.,0.,-2.));
#7299=CARTESIAN_POINT('',(6.53555103244514,0.571786625234099,-2.));
#7300=CARTESIAN_POINT('Ctrl Pts',(0.,8.88178419700125E-15,-2.));
#7301=CARTESIAN_POINT('Ctrl Pts',(2.17851701081505,0.190595541744708,-2.));
#7302=CARTESIAN_POINT('Ctrl Pts',(4.35703402163009,0.381191083489409,-2.));
#7303=CARTESIAN_POINT('Ctrl Pts',(6.53555103244514,0.571786625234108,-2.));
#7304=CARTESIAN_POINT('',(10.2673302297419,1.00659372118537,-2.));
#7305=CARTESIAN_POINT('Ctrl Pts',(6.53555103244514,0.571786625234108,-2.));
#7306=CARTESIAN_POINT('Ctrl Pts',(6.53942032806912,0.572125144737036,-2.));
#7307=CARTESIAN_POINT('Ctrl Pts',(6.54328962369176,0.572463664244496,-2.));
#7308=CARTESIAN_POINT('Ctrl Pts',(7.13931355028945,0.62460899944836,-2.));
#7309=CARTESIAN_POINT('Ctrl Pts',(8.32220050867642,0.744469033756804,-2.));
#7310=CARTESIAN_POINT('Ctrl Pts',(9.56067047329667,0.904391426470624,-2.));
#7311=CARTESIAN_POINT('Ctrl Pts',(10.2081613716394,0.997959893480664,-2.));
#7312=CARTESIAN_POINT('Ctrl Pts',(10.2673302318472,1.00659371589599,-2.));
#7313=CARTESIAN_POINT('Ctrl Pts',(-6.93889390390723E-15,-10.8676580643897,
-2.));
#7314=CARTESIAN_POINT('Ctrl Pts',(-7.12393107467809E-15,-8.4232568583274,
-2.));
#7315=CARTESIAN_POINT('Ctrl Pts',(0.771119798143543,-5.98446012803108,-2.));
#7316=CARTESIAN_POINT('Ctrl Pts',(2.17145771352314,-3.98233354558308,-2.));
#7317=CARTESIAN_POINT('Ctrl Pts',(3.1050163237762,-2.64758249061774,-2.));
#7318=CARTESIAN_POINT('Ctrl Pts',(4.31822743057861,-1.50690705691832,-2.));
#7319=CARTESIAN_POINT('Ctrl Pts',(5.70567486004577,-0.652187171691525,-2.));
#7320=CARTESIAN_POINT('Ctrl Pts',(7.09312228951293,0.202532713535273,-2.));
#7321=CARTESIAN_POINT('Ctrl Pts',(8.65480604164484,0.771297050289452,-2.));
#7322=CARTESIAN_POINT('Ctrl Pts',(10.2673302297419,1.00659372118537,-2.));
#7323=CARTESIAN_POINT('',(-5.,-12.5,-2.));
#7324=CARTESIAN_POINT('',(0.,-12.5,-2.));
#7325=CARTESIAN_POINT('',(-5.,-22.5000000000001,-1.99999999999996));
#7326=CARTESIAN_POINT('',(-5.,-2.1094237467878E-14,-2.));
#7327=CARTESIAN_POINT('',(0.,-22.5,-2.));
#7328=CARTESIAN_POINT('',(-119.,-38.,-2.00000000000002));
#7329=CARTESIAN_POINT('',(-114.,-22.5000000000001,-1.99999999999999));
#7330=CARTESIAN_POINT('',(-114.,-22.5,-2.));
#7331=CARTESIAN_POINT('',(-114.,-12.5,-2.00000000000002));
#7332=CARTESIAN_POINT('',(-114.,-2.1094237467878E-14,-2.));
#7333=CARTESIAN_POINT('',(-114.,-12.5,-2.));
#7334=CARTESIAN_POINT('',(-126.,-1.54305496692567E-14,-2.));
#7335=CARTESIAN_POINT('Origin',(-131.,-10.9087121146357,-2.));
#7336=CARTESIAN_POINT('',(-126.,35.,-2.));
#7337=CARTESIAN_POINT('',(-126.,35.,-2.));
#7338=CARTESIAN_POINT('',(0.,35.,-2.));
#7339=CARTESIAN_POINT('',(0.,35.,-2.));
#7340=CARTESIAN_POINT('',(0.,0.,-2.));
#7341=CARTESIAN_POINT('',(-45.5,17.5,-2.));
#7342=CARTESIAN_POINT('Origin',(-33.,17.5,-2.));
#7343=CARTESIAN_POINT('',(-105.5,17.5,-2.));
#7344=CARTESIAN_POINT('Origin',(-93.,17.5,-2.));
#7345=CARTESIAN_POINT('',(-75.5,17.5,-2.));
#7346=CARTESIAN_POINT('Origin',(-63.,17.5,-2.));
#7347=CARTESIAN_POINT('',(-27.5,-17.5,-2.));
#7348=CARTESIAN_POINT('Origin',(-17.5,-17.5,-2.));
#7349=CARTESIAN_POINT('',(-69.5,-17.5,-2.));
#7350=CARTESIAN_POINT('Origin',(-59.5,-17.5,-2.));
#7351=CARTESIAN_POINT('',(-44.,-35.,-2.));
#7352=CARTESIAN_POINT('',(-44.,-33.,-2.));
#7353=CARTESIAN_POINT('',(-44.,-7.75000000000001,-2.));
#7354=CARTESIAN_POINT('',(-75.,-33.,-2.));
#7355=CARTESIAN_POINT('',(-69.,-33.,-2.));
#7356=CARTESIAN_POINT('',(-75.,-35.,-2.));
#7357=CARTESIAN_POINT('',(-75.,-8.75000000000001,-2.));
#7358=CARTESIAN_POINT('',(-53.5,-35.,-2.));
#7359=CARTESIAN_POINT('',(-117.,-33.,-2.));
#7360=CARTESIAN_POINT('',(-90.,-33.,-2.));
#7361=CARTESIAN_POINT('',(-117.,-35.,-2.));
#7362=CARTESIAN_POINT('',(-117.,-8.75000000000001,-2.));
#7363=CARTESIAN_POINT('',(-74.5,-35.,-2.));
#7364=CARTESIAN_POINT('',(-1.99999999999998,-2.,-2.));
#7365=CARTESIAN_POINT('',(-1.99999999999998,9.31154794846909E-16,-2.));
#7366=CARTESIAN_POINT('',(-2.,8.75000000000001,-2.));
#7367=CARTESIAN_POINT('',(-48.,0.,-2.));
#7368=CARTESIAN_POINT('',(-32.5,-2.,-2.));
#7369=CARTESIAN_POINT('',(-111.5,-17.5,-2.));
#7370=CARTESIAN_POINT('Origin',(-101.5,-17.5,-2.));
#7371=CARTESIAN_POINT('',(-1.99999999999998,-35.,-2.));
#7372=CARTESIAN_POINT('',(-1.99999999999998,-33.,-2.));
#7373=CARTESIAN_POINT('',(-1.99999999999998,-7.74999999999999,-2.));
#7374=CARTESIAN_POINT('',(-48.,-33.,-2.));
#7375=CARTESIAN_POINT('',(-32.5,-35.,-2.));
#7376=CARTESIAN_POINT('',(-117.,-2.00000000000002,-2.));
#7377=CARTESIAN_POINT('',(-74.5,-2.00000000000001,-2.));
#7378=CARTESIAN_POINT('',(-117.,-1.11022302462516E-14,-2.));
#7379=CARTESIAN_POINT('',(-90.,-1.11022302462516E-14,-2.));
#7380=CARTESIAN_POINT('',(-117.,7.74999999999999,-2.));
#7381=CARTESIAN_POINT('',(-44.,-5.08553772570233E-15,-2.));
#7382=CARTESIAN_POINT('',(-75.,-4.9960036108132E-15,-2.));
#7383=CARTESIAN_POINT('',(-69.,-4.44089209850063E-15,-2.));
#7384=CARTESIAN_POINT('',(-75.,-2.00000000000001,-2.));
#7385=CARTESIAN_POINT('',(-75.,7.74999999999999,-2.));
#7386=CARTESIAN_POINT('',(-44.,-2.00000000000001,-2.));
#7387=CARTESIAN_POINT('',(-53.5,-2.00000000000001,-2.));
#7388=CARTESIAN_POINT('',(-44.,8.74999999999999,-2.));
#7389=CARTESIAN_POINT('',(-43.,-22.5000000000001,-1.99999999999997));
#7390=CARTESIAN_POINT('',(-38.,-22.5000000000001,-1.99999999999997));
#7391=CARTESIAN_POINT('',(-38.,-22.5,-2.));
#7392=CARTESIAN_POINT('',(-38.,-12.5,-2.00000000000001));
#7393=CARTESIAN_POINT('',(-38.,-2.1094237467878E-14,-2.));
#7394=CARTESIAN_POINT('',(-43.,-12.5,-2.00000000000001));
#7395=CARTESIAN_POINT('',(-38.,-12.5,-2.));
#7396=CARTESIAN_POINT('',(-43.,-2.1094237467878E-14,-2.));
#7397=CARTESIAN_POINT('',(-81.,-22.5000000000001,-1.99999999999998));
#7398=CARTESIAN_POINT('',(-76.,-22.5000000000001,-1.99999999999998));
#7399=CARTESIAN_POINT('',(-76.,-22.5,-2.));
#7400=CARTESIAN_POINT('',(-76.,-12.5,-2.00000000000002));
#7401=CARTESIAN_POINT('',(-76.,-2.1094237467878E-14,-2.));
#7402=CARTESIAN_POINT('',(-81.,-12.5,-2.00000000000002));
#7403=CARTESIAN_POINT('',(-76.,-12.5,-2.));
#7404=CARTESIAN_POINT('',(-81.,-2.1094237467878E-14,-2.));
#7405=CARTESIAN_POINT('Ctrl Pts',(0.,8.88178419700125E-15,-2.));
#7406=CARTESIAN_POINT('Ctrl Pts',(2.17851701081505,0.190595541744708,-2.));
#7407=CARTESIAN_POINT('Ctrl Pts',(4.35703402163009,0.381191083489409,-2.));
#7408=CARTESIAN_POINT('Ctrl Pts',(6.53555103244514,0.571786625234108,-2.));
#7409=CARTESIAN_POINT('Ctrl Pts',(0.,2.00510828014151,-2.));
#7410=CARTESIAN_POINT('Ctrl Pts',(2.12048644433647,2.19062680518134,-2.));
#7411=CARTESIAN_POINT('Ctrl Pts',(4.24097288867294,2.37614533022118,-2.));
#7412=CARTESIAN_POINT('Ctrl Pts',(6.36145933300941,2.56166385526102,-2.));
#7413=CARTESIAN_POINT('Ctrl Pts',(0.,4.010216560283,-2.));
#7414=CARTESIAN_POINT('Ctrl Pts',(2.0624558778579,4.19065806861798,-2.));
#7415=CARTESIAN_POINT('Ctrl Pts',(4.1249117557158,4.37109957695295,-2.));
#7416=CARTESIAN_POINT('Ctrl Pts',(6.18736763357369,4.55154108528793,-2.));
#7417=CARTESIAN_POINT('Ctrl Pts',(0.,6.0153248404245,-2.));
#7418=CARTESIAN_POINT('Ctrl Pts',(2.00442531137932,6.19068933205461,-2.));
#7419=CARTESIAN_POINT('Ctrl Pts',(4.00885062275865,6.36605382368473,-2.));
#7420=CARTESIAN_POINT('Ctrl Pts',(6.01327593413797,6.54141831531484,-2.));
#7421=CARTESIAN_POINT('Ctrl Pts',(6.53555103244514,0.571786625234108,-2.));
#7422=CARTESIAN_POINT('Ctrl Pts',(6.36145933300941,2.56166385526102,-2.));
#7423=CARTESIAN_POINT('Ctrl Pts',(6.18736763357369,4.55154108528793,-2.));
#7424=CARTESIAN_POINT('Ctrl Pts',(6.01327593413797,6.54141831531484,-2.));
#7425=CARTESIAN_POINT('Ctrl Pts',(10.2673302297419,1.00659372118537,18.));
#7426=CARTESIAN_POINT('Ctrl Pts',(10.2673302297419,1.00659372118537,11.3333333333333));
#7427=CARTESIAN_POINT('Ctrl Pts',(10.2673302297419,1.00659372118537,4.66666666666659));
#7428=CARTESIAN_POINT('Ctrl Pts',(10.2673302297419,1.00659372118537,-2.));
#7429=CARTESIAN_POINT('Ctrl Pts',(8.65480604164484,0.771297050289452,18.));
#7430=CARTESIAN_POINT('Ctrl Pts',(8.65480604164484,0.771297050289452,11.3333333333333));
#7431=CARTESIAN_POINT('Ctrl Pts',(8.65480604164484,0.771297050289452,4.66666666666659));
#7432=CARTESIAN_POINT('Ctrl Pts',(8.65480604164484,0.771297050289452,-2.));
#7433=CARTESIAN_POINT('Ctrl Pts',(5.53143853738102,-0.366231623218906,18.));
#7434=CARTESIAN_POINT('Ctrl Pts',(5.53143853738102,-0.366231623218906,11.3333333333333));
#7435=CARTESIAN_POINT('Ctrl Pts',(5.53143853738102,-0.366231623218906,4.66666666666661));
#7436=CARTESIAN_POINT('Ctrl Pts',(5.53143853738102,-0.366231623218906,-2.));
#7437=CARTESIAN_POINT('Ctrl Pts',(1.28519966357258,-4.35859564116687,18.));
#7438=CARTESIAN_POINT('Ctrl Pts',(1.28519966357258,-4.35859564116687,11.3333333333333));
#7439=CARTESIAN_POINT('Ctrl Pts',(1.28519966357258,-4.35859564116687,4.66666666666658));
#7440=CARTESIAN_POINT('Ctrl Pts',(1.28519966357258,-4.35859564116687,-2.));
#7441=CARTESIAN_POINT('Ctrl Pts',(-6.88749068945027E-15,-8.4232568583274,
18.));
#7442=CARTESIAN_POINT('Ctrl Pts',(-6.88749068945027E-15,-8.4232568583274,
11.3333333333333));
#7443=CARTESIAN_POINT('Ctrl Pts',(-6.88749068945027E-15,-8.4232568583274,
4.6666666666666));
#7444=CARTESIAN_POINT('Ctrl Pts',(-6.88749068945027E-15,-8.4232568583274,
-2.));
#7445=CARTESIAN_POINT('Ctrl Pts',(-6.66133814775094E-15,-10.8676580643897,
18.));
#7446=CARTESIAN_POINT('Ctrl Pts',(-6.66133814775094E-15,-10.8676580643897,
11.3333333333333));
#7447=CARTESIAN_POINT('Ctrl Pts',(-6.66133814775094E-15,-10.8676580643897,
4.66666666666659));
#7448=CARTESIAN_POINT('Ctrl Pts',(-6.66133814775094E-15,-10.8676580643897,
-2.));
#7449=CARTESIAN_POINT('',(10.2673302297419,1.00659372118537,17.9244054533899));
#7450=CARTESIAN_POINT('Ctrl Pts',(10.2673302297419,1.00659372118537,-2.));
#7451=CARTESIAN_POINT('Ctrl Pts',(10.2673302297419,1.00659372118537,4.64146848446321));
#7452=CARTESIAN_POINT('Ctrl Pts',(10.2673302297419,1.00659372118537,11.2829369689266));
#7453=CARTESIAN_POINT('Ctrl Pts',(10.2673302297419,1.00659372118537,17.9244054533899));
#7454=CARTESIAN_POINT('',(6.59886433593323,-0.151887744981411,17.9238939618349));
#7455=CARTESIAN_POINT('Ctrl Pts',(10.2673302297419,1.00659372118537,17.9244054533899));
#7456=CARTESIAN_POINT('Ctrl Pts',(8.98761636861179,0.819860143204985,17.9241855313557));
#7457=CARTESIAN_POINT('Ctrl Pts',(7.7490841467962,0.427864625291515,17.9238939618351));
#7458=CARTESIAN_POINT('Ctrl Pts',(6.59886433593785,-0.151887744977524,17.9238939618349));
#7459=CARTESIAN_POINT('Ctrl Pts',(6.59886433594254,-0.151887744975157,17.9238939618349));
#7460=CARTESIAN_POINT('Ctrl Pts',(5.66719151604418,-0.62148453034755,17.9238939618348));
#7461=CARTESIAN_POINT('Ctrl Pts',(4.79857816301852,-1.21163576382751,17.9288547394503));
#7462=CARTESIAN_POINT('Ctrl Pts',(2.84950417819621,-2.94872923482118,17.9473988369765));
#7463=CARTESIAN_POINT('Ctrl Pts',(1.89729703650083,-4.20609223722938,17.9634300997933));
#7464=CARTESIAN_POINT('Ctrl Pts',(0.815084140189128,-6.42671799817969,17.9833714839066));
#7465=CARTESIAN_POINT('Ctrl Pts',(0.511240280975335,-7.28537764955154,17.9895343965035));
#7466=CARTESIAN_POINT('Ctrl Pts',(0.103040036585524,-9.0547447909045,17.9978594494219));
#7467=CARTESIAN_POINT('Ctrl Pts',(-5.41709548471268E-15,-9.9597329025612,
18.));
#7468=CARTESIAN_POINT('Ctrl Pts',(-5.42968447980741E-15,-10.8676580643897,
18.));
#7469=CARTESIAN_POINT('Ctrl Pts',(32.8820277840577,65.1917632455922,15.9999292889226));
#7470=CARTESIAN_POINT('Ctrl Pts',(32.8820330219207,65.2363280169313,15.9999764296901));
#7471=CARTESIAN_POINT('Ctrl Pts',(32.8820356408439,65.2808927883837,15.9999999999986));
#7472=CARTESIAN_POINT('Ctrl Pts',(32.8820356408648,69.4509143815337,16.0000000001832));
#7473=CARTESIAN_POINT('Ctrl Pts',(32.8820356408441,73.5763712033574,16.));
#7474=CARTESIAN_POINT('Ctrl Pts',(32.8820356408441,77.7018280251774,16.));
#7475=CARTESIAN_POINT('Ctrl Pts',(32.8820277840577,65.1917632455922,10.6666169070196));
#7476=CARTESIAN_POINT('Ctrl Pts',(32.8820330219207,65.2363280169313,10.6666500801546));
#7477=CARTESIAN_POINT('Ctrl Pts',(32.8820356408439,65.2808927883837,10.6666666666656));
#7478=CARTESIAN_POINT('Ctrl Pts',(32.8820356408648,69.4509143815337,10.6666666668496));
#7479=CARTESIAN_POINT('Ctrl Pts',(32.8820356408441,73.5763712033574,10.6666666666668));
#7480=CARTESIAN_POINT('Ctrl Pts',(32.8820356408441,77.7018280251774,10.6666666666667));
#7481=CARTESIAN_POINT('Ctrl Pts',(32.8820277840577,65.1917632455922,5.33330452511662));
#7482=CARTESIAN_POINT('Ctrl Pts',(32.8820330219207,65.2363280169313,5.33332373061213));
#7483=CARTESIAN_POINT('Ctrl Pts',(32.8820356408439,65.2808927883837,5.33333333333291));
#7484=CARTESIAN_POINT('Ctrl Pts',(32.8820356408648,69.4509143815337,5.33333333335397));
#7485=CARTESIAN_POINT('Ctrl Pts',(32.8820356408441,73.5763712033574,5.3333333333332));
#7486=CARTESIAN_POINT('Ctrl Pts',(32.8820356408441,77.7018280251774,5.33333333333333));
#7487=CARTESIAN_POINT('Ctrl Pts',(32.8820277840577,65.1917632455922,-7.8567863773249E-6));
#7488=CARTESIAN_POINT('Ctrl Pts',(32.8820330219207,65.2363280169313,-2.61892332619995E-6));
#7489=CARTESIAN_POINT('Ctrl Pts',(32.8820356408439,65.2808927883837,-1.53075499394624E-13));
#7490=CARTESIAN_POINT('Ctrl Pts',(32.8820356408648,69.4509143815337,2.03287109865118E-11));
#7491=CARTESIAN_POINT('Ctrl Pts',(32.8820356408441,73.5763712033574,1.44482357068006E-16));
#7492=CARTESIAN_POINT('Ctrl Pts',(32.8820356408441,77.7018280251774,-2.77555756156289E-16));
#7493=CARTESIAN_POINT('',(32.8820277840577,65.1917632455922,15.9999292889226));
#7494=CARTESIAN_POINT('',(32.8820277840577,65.1917632455922,-7.85678637760245E-6));
#7495=CARTESIAN_POINT('Ctrl Pts',(32.8820277840577,65.1917632455922,15.9999292889226));
#7496=CARTESIAN_POINT('Ctrl Pts',(32.8820277840577,65.1917632455922,10.6666169070196));
#7497=CARTESIAN_POINT('Ctrl Pts',(32.8820277840577,65.1917632455922,5.33330452511662));
#7498=CARTESIAN_POINT('Ctrl Pts',(32.8820277840577,65.1917632455922,-7.8567863773249E-6));
#7499=CARTESIAN_POINT('',(32.8820356408441,77.7018280251774,-8.32667268468867E-16));
#7500=CARTESIAN_POINT('Ctrl Pts',(32.8820277840577,65.1917632455922,-7.8567863773249E-6));
#7501=CARTESIAN_POINT('Ctrl Pts',(32.8820330219207,65.2363280169313,-2.61892332619995E-6));
#7502=CARTESIAN_POINT('Ctrl Pts',(32.8820356408439,65.2808927883837,-1.53075499394624E-13));
#7503=CARTESIAN_POINT('Ctrl Pts',(32.8820356408648,69.4509143815337,2.03287109865118E-11));
#7504=CARTESIAN_POINT('Ctrl Pts',(32.8820356408441,73.5763712033574,1.44482357068006E-16));
#7505=CARTESIAN_POINT('Ctrl Pts',(32.8820356408441,77.7018280251774,-2.77555756156289E-16));
#7506=CARTESIAN_POINT('',(32.8820356408441,77.7018280251774,16.));
#7507=CARTESIAN_POINT('Ctrl Pts',(32.8820356408441,77.7018280251774,16.));
#7508=CARTESIAN_POINT('Ctrl Pts',(32.8820356408441,77.7018280251774,10.6666666666667));
#7509=CARTESIAN_POINT('Ctrl Pts',(32.8820356408441,77.7018280251774,5.33333333333333));
#7510=CARTESIAN_POINT('Ctrl Pts',(32.8820356408441,77.7018280251774,-2.77555756156289E-16));
#7511=CARTESIAN_POINT('Ctrl Pts',(32.8820277840577,65.1917632455922,15.9999292889226));
#7512=CARTESIAN_POINT('Ctrl Pts',(32.8820330219207,65.2363280169313,15.9999764296901));
#7513=CARTESIAN_POINT('Ctrl Pts',(32.8820356408439,65.2808927883838,15.9999999999986));
#7514=CARTESIAN_POINT('Ctrl Pts',(32.8820356408645,69.4509143815323,16.0000000001844));
#7515=CARTESIAN_POINT('Ctrl Pts',(32.8820356408441,73.5763712033574,16.));
#7516=CARTESIAN_POINT('Ctrl Pts',(32.8820356408441,77.7018280251774,16.));
#7517=CARTESIAN_POINT('Ctrl Pts',(63.8819060038689,65.1917632439205,15.9999292889226));
#7518=CARTESIAN_POINT('Ctrl Pts',(63.8819924286092,65.2363280152596,15.9999764296901));
#7519=CARTESIAN_POINT('Ctrl Pts',(63.8820356408416,65.2808927884698,15.9999999999986));
#7520=CARTESIAN_POINT('Ctrl Pts',(63.882035641182,69.4509143814609,16.0000000001844));
#7521=CARTESIAN_POINT('Ctrl Pts',(63.8820356408441,73.5763712033573,16.));
#7522=CARTESIAN_POINT('Ctrl Pts',(63.8820356408441,77.7018280251774,16.));
#7523=CARTESIAN_POINT('Ctrl Pts',(53.5486132639318,65.1917632444778,15.9999292889226));
#7524=CARTESIAN_POINT('Ctrl Pts',(53.5486726263843,65.2363280158005,15.9999764296901));
#7525=CARTESIAN_POINT('Ctrl Pts',(53.5487023075087,65.2808927884561,15.9999999999986));
#7526=CARTESIAN_POINT('Ctrl Pts',(53.548702307848,69.4509143814686,16.0000000001844));
#7527=CARTESIAN_POINT('Ctrl Pts',(53.548702307511,73.5763712033645,16.));
#7528=CARTESIAN_POINT('Ctrl Pts',(53.5487023075108,77.7018280251774,16.));
#7529=CARTESIAN_POINT('Ctrl Pts',(43.2153205239948,65.191763245035,15.9999292889226));
#7530=CARTESIAN_POINT('Ctrl Pts',(43.2153528241457,65.2363280163904,15.9999764296901));
#7531=CARTESIAN_POINT('Ctrl Pts',(43.2153689741767,65.2808927883974,15.9999999999986));
#7532=CARTESIAN_POINT('Ctrl Pts',(43.2153689741984,69.4509143815246,16.0000000001844));
#7533=CARTESIAN_POINT('Ctrl Pts',(43.2153689741772,73.5763712033502,16.));
#7534=CARTESIAN_POINT('Ctrl Pts',(43.2153689741774,77.7018280251774,16.));
#7535=CARTESIAN_POINT('Ctrl Pts',(32.8820277840577,65.1917632455922,15.9999292889226));
#7536=CARTESIAN_POINT('Ctrl Pts',(32.8820330219207,65.2363280169313,15.9999764296901));
#7537=CARTESIAN_POINT('Ctrl Pts',(32.8820356408439,65.2808927883838,15.9999999999986));
#7538=CARTESIAN_POINT('Ctrl Pts',(32.8820356408645,69.4509143815323,16.0000000001844));
#7539=CARTESIAN_POINT('Ctrl Pts',(32.8820356408441,73.5763712033574,16.));
#7540=CARTESIAN_POINT('Ctrl Pts',(32.8820356408441,77.7018280251774,16.));
#7541=CARTESIAN_POINT('Ctrl Pts',(40.3823149296235,65.1917632451878,15.9999292889226));
#7542=CARTESIAN_POINT('Ctrl Pts',(37.8822192144349,65.1917632453226,15.9999292889226));
#7543=CARTESIAN_POINT('Ctrl Pts',(35.3821234992463,65.1917632454574,15.9999292889226));
#7544=CARTESIAN_POINT('Ctrl Pts',(32.8820277840577,65.1917632455922,15.9999292889226));
#7545=CARTESIAN_POINT('',(63.8820356408441,77.7018280251774,16.));
#7546=CARTESIAN_POINT('Ctrl Pts',(63.8820356408441,77.7018280251774,16.));
#7547=CARTESIAN_POINT('Ctrl Pts',(53.5487023075108,77.7018280251774,16.));
#7548=CARTESIAN_POINT('Ctrl Pts',(43.2153689741774,77.7018280251774,16.));
#7549=CARTESIAN_POINT('Ctrl Pts',(32.8820356408441,77.7018280251774,16.));
#7550=CARTESIAN_POINT('',(63.8819060038689,65.1917632439205,15.9999292889226));
#7551=CARTESIAN_POINT('Ctrl Pts',(63.8819060038689,65.1917632439205,15.9999292889226));
#7552=CARTESIAN_POINT('Ctrl Pts',(63.8819924286092,65.2363280152596,15.9999764296901));
#7553=CARTESIAN_POINT('Ctrl Pts',(63.8820356408416,65.2808927884698,15.9999999999986));
#7554=CARTESIAN_POINT('Ctrl Pts',(63.882035641182,69.4509143814609,16.0000000001844));
#7555=CARTESIAN_POINT('Ctrl Pts',(63.8820356408441,73.5763712033573,16.));
#7556=CARTESIAN_POINT('Ctrl Pts',(63.8820356408441,77.7018280251774,16.));
#7557=CARTESIAN_POINT('Ctrl Pts',(63.8819060038689,65.1917632439205,15.9999292889226));
#7558=CARTESIAN_POINT('Ctrl Pts',(61.3818561199317,65.1917632440553,15.9999292889226));
#7559=CARTESIAN_POINT('Ctrl Pts',(58.8818062359946,65.1917632441902,15.9999292889226));
#7560=CARTESIAN_POINT('Ctrl Pts',(56.3817563520575,65.191763244325,15.9999292889226));
#7561=CARTESIAN_POINT('Ctrl Pts',(63.8819060038689,65.1917632439205,-7.8567863773249E-6));
#7562=CARTESIAN_POINT('Ctrl Pts',(63.8819924286092,65.2363280152596,-2.61892332619995E-6));
#7563=CARTESIAN_POINT('Ctrl Pts',(63.8820356408416,65.2808927884698,-1.54208946619813E-13));
#7564=CARTESIAN_POINT('Ctrl Pts',(63.882035641182,69.4509143814609,2.04881635398539E-11));
#7565=CARTESIAN_POINT('Ctrl Pts',(63.8820356408441,73.5763712033573,1.44482357068006E-16));
#7566=CARTESIAN_POINT('Ctrl Pts',(63.8820356408441,77.7018280251774,-2.77555756156289E-16));
#7567=CARTESIAN_POINT('Ctrl Pts',(63.8819060038689,65.1917632439205,5.33330452511662));
#7568=CARTESIAN_POINT('Ctrl Pts',(63.8819924286092,65.2363280152596,5.33332373061213));
#7569=CARTESIAN_POINT('Ctrl Pts',(63.8820356408416,65.2808927884698,5.33333333333291));
#7570=CARTESIAN_POINT('Ctrl Pts',(63.882035641182,69.4509143814609,5.33333333335413));
#7571=CARTESIAN_POINT('Ctrl Pts',(63.8820356408441,73.5763712033573,5.3333333333332));
#7572=CARTESIAN_POINT('Ctrl Pts',(63.8820356408441,77.7018280251774,5.33333333333333));
#7573=CARTESIAN_POINT('Ctrl Pts',(63.8819060038689,65.1917632439205,10.6666169070196));
#7574=CARTESIAN_POINT('Ctrl Pts',(63.8819924286092,65.2363280152596,10.6666500801546));
#7575=CARTESIAN_POINT('Ctrl Pts',(63.8820356408416,65.2808927884698,10.6666666666656));
#7576=CARTESIAN_POINT('Ctrl Pts',(63.882035641182,69.4509143814609,10.6666666668508));
#7577=CARTESIAN_POINT('Ctrl Pts',(63.8820356408441,73.5763712033573,10.6666666666668));
#7578=CARTESIAN_POINT('Ctrl Pts',(63.8820356408441,77.7018280251774,10.6666666666667));
#7579=CARTESIAN_POINT('Ctrl Pts',(63.8819060038689,65.1917632439205,15.9999292889226));
#7580=CARTESIAN_POINT('Ctrl Pts',(63.8819924286092,65.2363280152596,15.9999764296901));
#7581=CARTESIAN_POINT('Ctrl Pts',(63.8820356408416,65.2808927884698,15.9999999999986));
#7582=CARTESIAN_POINT('Ctrl Pts',(63.882035641182,69.4509143814609,16.0000000001844));
#7583=CARTESIAN_POINT('Ctrl Pts',(63.8820356408441,73.5763712033573,16.));
#7584=CARTESIAN_POINT('Ctrl Pts',(63.8820356408441,77.7018280251774,16.));
#7585=CARTESIAN_POINT('',(63.8819060038689,65.1917632439205,-7.85678637760245E-6));
#7586=CARTESIAN_POINT('Ctrl Pts',(63.8819060038689,65.1917632439205,-7.8567863773249E-6));
#7587=CARTESIAN_POINT('Ctrl Pts',(63.8819060038689,65.1917632439205,5.33330452511662));
#7588=CARTESIAN_POINT('Ctrl Pts',(63.8819060038689,65.1917632439205,10.6666169070196));
#7589=CARTESIAN_POINT('Ctrl Pts',(63.8819060038689,65.1917632439205,15.9999292889226));
#7590=CARTESIAN_POINT('',(63.8820356408441,77.7018280251774,-8.32667268468867E-16));
#7591=CARTESIAN_POINT('Ctrl Pts',(63.8820356408441,77.7018280251774,-2.77555756156289E-16));
#7592=CARTESIAN_POINT('Ctrl Pts',(63.8820356408441,77.7018280251774,5.33333333333333));
#7593=CARTESIAN_POINT('Ctrl Pts',(63.8820356408441,77.7018280251774,10.6666666666667));
#7594=CARTESIAN_POINT('Ctrl Pts',(63.8820356408441,77.7018280251774,16.));
#7595=CARTESIAN_POINT('Ctrl Pts',(63.8819060038689,65.1917632439205,-7.8567863773249E-6));
#7596=CARTESIAN_POINT('Ctrl Pts',(63.8819924286092,65.2363280152596,-2.61892332619995E-6));
#7597=CARTESIAN_POINT('Ctrl Pts',(63.8820356408416,65.2808927884698,-1.5368371281907E-13));
#7598=CARTESIAN_POINT('Ctrl Pts',(63.882035641181,69.4509143814601,2.04142746210474E-11));
#7599=CARTESIAN_POINT('Ctrl Pts',(63.8820356408441,73.5763712033573,1.44482357068006E-16));
#7600=CARTESIAN_POINT('Ctrl Pts',(63.8820356408441,77.7018280251774,-2.77555756156289E-16));
#7601=CARTESIAN_POINT('Ctrl Pts',(32.8820277840577,65.1917632455922,-7.8567863773249E-6));
#7602=CARTESIAN_POINT('Ctrl Pts',(32.8820330219207,65.2363280169313,-2.61892332619995E-6));
#7603=CARTESIAN_POINT('Ctrl Pts',(32.8820356408439,65.2808927883838,-1.5368371281907E-13));
#7604=CARTESIAN_POINT('Ctrl Pts',(32.8820356408644,69.4509143815322,2.04142746210474E-11));
#7605=CARTESIAN_POINT('Ctrl Pts',(32.8820356408441,73.5763712033574,1.44482357068006E-16));
#7606=CARTESIAN_POINT('Ctrl Pts',(32.8820356408441,77.7018280251774,-2.77555756156289E-16));
#7607=CARTESIAN_POINT('Ctrl Pts',(43.2153205239948,65.191763245035,-7.8567863773249E-6));
#7608=CARTESIAN_POINT('Ctrl Pts',(43.2153528241457,65.2363280163904,-2.61892332619995E-6));
#7609=CARTESIAN_POINT('Ctrl Pts',(43.2153689741767,65.2808927883974,-1.5368371281907E-13));
#7610=CARTESIAN_POINT('Ctrl Pts',(43.2153689741984,69.4509143815245,2.04142746210474E-11));
#7611=CARTESIAN_POINT('Ctrl Pts',(43.2153689741772,73.5763712033502,1.44482357068006E-16));
#7612=CARTESIAN_POINT('Ctrl Pts',(43.2153689741774,77.7018280251774,-2.77555756156289E-16));
#7613=CARTESIAN_POINT('Ctrl Pts',(53.5486132639318,65.1917632444778,-7.8567863773249E-6));
#7614=CARTESIAN_POINT('Ctrl Pts',(53.5486726263843,65.2363280158005,-2.61892332619995E-6));
#7615=CARTESIAN_POINT('Ctrl Pts',(53.5487023075088,65.2808927884562,-1.5368371281907E-13));
#7616=CARTESIAN_POINT('Ctrl Pts',(53.548702307847,69.4509143814677,2.04142746210474E-11));
#7617=CARTESIAN_POINT('Ctrl Pts',(53.548702307511,73.5763712033645,1.44482357068006E-16));
#7618=CARTESIAN_POINT('Ctrl Pts',(53.5487023075108,77.7018280251774,-2.77555756156289E-16));
#7619=CARTESIAN_POINT('Ctrl Pts',(63.8819060038689,65.1917632439205,-7.8567863773249E-6));
#7620=CARTESIAN_POINT('Ctrl Pts',(63.8819924286092,65.2363280152596,-2.61892332619995E-6));
#7621=CARTESIAN_POINT('Ctrl Pts',(63.8820356408416,65.2808927884698,-1.5368371281907E-13));
#7622=CARTESIAN_POINT('Ctrl Pts',(63.882035641181,69.4509143814601,2.04142746210474E-11));
#7623=CARTESIAN_POINT('Ctrl Pts',(63.8820356408441,73.5763712033573,1.44482357068006E-16));
#7624=CARTESIAN_POINT('Ctrl Pts',(63.8820356408441,77.7018280251774,-2.77555756156289E-16));
#7625=CARTESIAN_POINT('Ctrl Pts',(56.3817563520575,65.191763244325,-7.8567863773249E-6));
#7626=CARTESIAN_POINT('Ctrl Pts',(58.8818062359946,65.1917632441902,-7.8567863773249E-6));
#7627=CARTESIAN_POINT('Ctrl Pts',(61.3818561199317,65.1917632440553,-7.8567863773249E-6));
#7628=CARTESIAN_POINT('Ctrl Pts',(63.8819060038689,65.1917632439205,-7.8567863773249E-6));
#7629=CARTESIAN_POINT('Ctrl Pts',(32.8820356408441,77.7018280251774,-2.77555756156289E-16));
#7630=CARTESIAN_POINT('Ctrl Pts',(43.2153689741774,77.7018280251774,-2.77555756156289E-16));
#7631=CARTESIAN_POINT('Ctrl Pts',(53.5487023075108,77.7018280251774,-2.77555756156289E-16));
#7632=CARTESIAN_POINT('Ctrl Pts',(63.8820356408441,77.7018280251774,-2.77555756156289E-16));
#7633=CARTESIAN_POINT('Ctrl Pts',(32.8820277840577,65.1917632455922,-7.8567863773249E-6));
#7634=CARTESIAN_POINT('Ctrl Pts',(35.3821234992463,65.1917632454574,-7.8567863773249E-6));
#7635=CARTESIAN_POINT('Ctrl Pts',(37.8822192144349,65.1917632453226,-7.8567863773249E-6));
#7636=CARTESIAN_POINT('Ctrl Pts',(40.3823149296235,65.1917632451878,-7.8567863773249E-6));
#7637=CARTESIAN_POINT('Ctrl Pts',(30.8820356408441,65.1917632457001,17.9999214321362));
#7638=CARTESIAN_POINT('Ctrl Pts',(30.8820356408441,65.2363280170391,17.9999738107667));
#7639=CARTESIAN_POINT('Ctrl Pts',(30.8820356408441,65.2808927883782,17.9999999999985));
#7640=CARTESIAN_POINT('Ctrl Pts',(30.8820356408441,69.4509143815371,18.000000000205));
#7641=CARTESIAN_POINT('Ctrl Pts',(30.8820356408441,73.5763712033574,18.));
#7642=CARTESIAN_POINT('Ctrl Pts',(30.8820356408441,77.7018280251774,18.));
#7643=CARTESIAN_POINT('Ctrl Pts',(42.5486564762569,65.1917632450709,17.9999214321362));
#7644=CARTESIAN_POINT('Ctrl Pts',(42.5486870304529,65.2363280164284,17.9999738107667));
#7645=CARTESIAN_POINT('Ctrl Pts',(42.5487023075102,65.2808927883936,17.9999999999985));
#7646=CARTESIAN_POINT('Ctrl Pts',(42.5487023075114,69.4509143815284,18.000000000205));
#7647=CARTESIAN_POINT('Ctrl Pts',(42.5487023075105,73.5763712033493,18.));
#7648=CARTESIAN_POINT('Ctrl Pts',(42.5487023075108,77.7018280251774,18.));
#7649=CARTESIAN_POINT('Ctrl Pts',(54.2152773116697,65.1917632444418,17.9999214321362));
#7650=CARTESIAN_POINT('Ctrl Pts',(54.2153384200771,65.2363280157624,17.9999738107667));
#7651=CARTESIAN_POINT('Ctrl Pts',(54.2153689741754,65.28089278846,17.9999999999985));
#7652=CARTESIAN_POINT('Ctrl Pts',(54.215368974535,69.4509143814646,18.000000000205));
#7653=CARTESIAN_POINT('Ctrl Pts',(54.2153689741777,73.5763712033654,18.));
#7654=CARTESIAN_POINT('Ctrl Pts',(54.2153689741775,77.7018280251774,18.));
#7655=CARTESIAN_POINT('Ctrl Pts',(65.8818981470825,65.1917632438127,17.9999214321362));
#7656=CARTESIAN_POINT('Ctrl Pts',(65.8819898096859,65.2363280151517,17.9999738107667));
#7657=CARTESIAN_POINT('Ctrl Pts',(65.8820356408414,65.2808927884754,17.9999999999985));
#7658=CARTESIAN_POINT('Ctrl Pts',(65.8820356412023,69.450914381456,18.000000000205));
#7659=CARTESIAN_POINT('Ctrl Pts',(65.8820356408441,73.5763712033573,18.));
#7660=CARTESIAN_POINT('Ctrl Pts',(65.8820356408441,77.7018280251774,18.));
#7661=CARTESIAN_POINT('',(65.8818981470825,65.1917632438127,17.9999214321362));
#7662=CARTESIAN_POINT('Ctrl Pts',(56.3817563520575,65.191763244325,17.9999214321362));
#7663=CARTESIAN_POINT('Ctrl Pts',(59.5484702837325,65.1917632441542,17.9999214321362));
#7664=CARTESIAN_POINT('Ctrl Pts',(62.7151842154075,65.1917632439834,17.9999214321362));
#7665=CARTESIAN_POINT('Ctrl Pts',(65.8818981470825,65.1917632438127,17.9999214321362));
#7666=CARTESIAN_POINT('',(65.8820356408441,77.7018280251774,18.));
#7667=CARTESIAN_POINT('Ctrl Pts',(65.8818981470825,65.1917632438127,17.9999214321362));
#7668=CARTESIAN_POINT('Ctrl Pts',(65.8819898096859,65.2363280151517,17.9999738107667));
#7669=CARTESIAN_POINT('Ctrl Pts',(65.8820356408414,65.2808927884754,17.9999999999985));
#7670=CARTESIAN_POINT('Ctrl Pts',(65.8820356412023,69.450914381456,18.000000000205));
#7671=CARTESIAN_POINT('Ctrl Pts',(65.8820356408441,73.5763712033573,18.));
#7672=CARTESIAN_POINT('Ctrl Pts',(65.8820356408441,77.7018280251774,18.));
#7673=CARTESIAN_POINT('',(30.8820356408441,77.7018280251774,18.));
#7674=CARTESIAN_POINT('Ctrl Pts',(30.8820356408441,77.7018280251774,18.));
#7675=CARTESIAN_POINT('Ctrl Pts',(42.5487023075108,77.7018280251774,18.));
#7676=CARTESIAN_POINT('Ctrl Pts',(54.2153689741775,77.7018280251774,18.));
#7677=CARTESIAN_POINT('Ctrl Pts',(65.8820356408441,77.7018280251774,18.));
#7678=CARTESIAN_POINT('',(30.8820356408441,65.1917632457001,17.9999214321362));
#7679=CARTESIAN_POINT('Ctrl Pts',(30.8820356408441,65.1917632457001,17.9999214321362));
#7680=CARTESIAN_POINT('Ctrl Pts',(30.8820356408441,65.2363280170391,17.9999738107667));
#7681=CARTESIAN_POINT('Ctrl Pts',(30.8820356408441,65.2808927883782,17.9999999999985));
#7682=CARTESIAN_POINT('Ctrl Pts',(30.8820356408444,69.4509143815378,18.0000000002035));
#7683=CARTESIAN_POINT('Ctrl Pts',(30.8820356408441,73.5763712033574,18.));
#7684=CARTESIAN_POINT('Ctrl Pts',(30.8820356408441,77.7018280251774,18.));
#7685=CARTESIAN_POINT('Ctrl Pts',(30.8820356408441,65.1917632457001,17.9999214321362));
#7686=CARTESIAN_POINT('Ctrl Pts',(34.0487954037706,65.1917632455293,17.9999214321362));
#7687=CARTESIAN_POINT('Ctrl Pts',(37.2155551666971,65.1917632453586,17.9999214321362));
#7688=CARTESIAN_POINT('Ctrl Pts',(40.3823149296235,65.1917632451878,17.9999214321362));
#7689=CARTESIAN_POINT('Ctrl Pts',(30.8820356408441,65.1917632457001,-2.));
#7690=CARTESIAN_POINT('Ctrl Pts',(30.8820356408441,65.2363280170391,-2.));
#7691=CARTESIAN_POINT('Ctrl Pts',(30.8820356408441,65.2808927883782,-2.));
#7692=CARTESIAN_POINT('Ctrl Pts',(30.8820356408444,69.4509143815378,-2.00000000000001));
#7693=CARTESIAN_POINT('Ctrl Pts',(30.8820356408441,73.5763712033574,-2.));
#7694=CARTESIAN_POINT('Ctrl Pts',(30.8820356408441,77.7018280251774,-2.));
#7695=CARTESIAN_POINT('Ctrl Pts',(30.8820356408441,65.1917632457001,4.66664047737874));
#7696=CARTESIAN_POINT('Ctrl Pts',(30.8820356408441,65.2363280170391,4.66665793691933));
#7697=CARTESIAN_POINT('Ctrl Pts',(30.8820356408441,65.2808927883782,4.66666666666633));
#7698=CARTESIAN_POINT('Ctrl Pts',(30.8820356408444,69.4509143815378,4.66666666666704));
#7699=CARTESIAN_POINT('Ctrl Pts',(30.8820356408441,73.5763712033574,4.6666666666665));
#7700=CARTESIAN_POINT('Ctrl Pts',(30.8820356408441,77.7018280251774,4.66666666666667));
#7701=CARTESIAN_POINT('Ctrl Pts',(30.8820356408441,65.1917632457001,11.3332809547575));
#7702=CARTESIAN_POINT('Ctrl Pts',(30.8820356408441,65.2363280170391,11.3333158738474));
#7703=CARTESIAN_POINT('Ctrl Pts',(30.8820356408441,65.2808927883782,11.3333333333321));
#7704=CARTESIAN_POINT('Ctrl Pts',(30.8820356408444,69.4509143815378,11.3333333335364));
#7705=CARTESIAN_POINT('Ctrl Pts',(30.8820356408441,73.5763712033574,11.3333333333335));
#7706=CARTESIAN_POINT('Ctrl Pts',(30.8820356408441,77.7018280251774,11.3333333333333));
#7707=CARTESIAN_POINT('Ctrl Pts',(30.8820356408441,65.1917632457001,17.9999214321362));
#7708=CARTESIAN_POINT('Ctrl Pts',(30.8820356408441,65.2363280170391,17.9999738107667));
#7709=CARTESIAN_POINT('Ctrl Pts',(30.8820356408441,65.2808927883782,17.9999999999985));
#7710=CARTESIAN_POINT('Ctrl Pts',(30.8820356408444,69.4509143815378,18.0000000002035));
#7711=CARTESIAN_POINT('Ctrl Pts',(30.8820356408441,73.5763712033574,18.));
#7712=CARTESIAN_POINT('Ctrl Pts',(30.8820356408441,77.7018280251774,18.));
#7713=CARTESIAN_POINT('',(30.8820356408441,65.1917632457001,-2.));
#7714=CARTESIAN_POINT('Ctrl Pts',(30.8820356408441,65.1917632457001,-2.));
#7715=CARTESIAN_POINT('Ctrl Pts',(30.8820356408441,65.1917632457001,4.66664047737874));
#7716=CARTESIAN_POINT('Ctrl Pts',(30.8820356408441,65.1917632457001,11.3332809547575));
#7717=CARTESIAN_POINT('Ctrl Pts',(30.8820356408441,65.1917632457001,17.9999214321362));
#7718=CARTESIAN_POINT('',(30.8820356408441,77.7018280251774,-2.));
#7719=CARTESIAN_POINT('Ctrl Pts',(30.8820356408441,77.7018280251774,-2.));
#7720=CARTESIAN_POINT('Ctrl Pts',(30.8820356408441,77.7018280251774,4.66666666666667));
#7721=CARTESIAN_POINT('Ctrl Pts',(30.8820356408441,77.7018280251774,11.3333333333333));
#7722=CARTESIAN_POINT('Ctrl Pts',(30.8820356408441,77.7018280251774,18.));
#7723=CARTESIAN_POINT('Ctrl Pts',(30.8820356408441,65.1917632457001,-2.));
#7724=CARTESIAN_POINT('Ctrl Pts',(30.8820356408441,65.2363280170391,-2.));
#7725=CARTESIAN_POINT('Ctrl Pts',(30.8820356408441,65.2808927883782,-2.));
#7726=CARTESIAN_POINT('Ctrl Pts',(30.8820356408436,69.4509143815368,-1.99999999999998));
#7727=CARTESIAN_POINT('Ctrl Pts',(30.8820356408441,73.5763712033574,-2.));
#7728=CARTESIAN_POINT('Ctrl Pts',(30.8820356408441,77.7018280251774,-2.));
#7729=CARTESIAN_POINT('Ctrl Pts',(65.8818981470825,65.1917632438127,-2.));
#7730=CARTESIAN_POINT('Ctrl Pts',(65.8819898096859,65.2363280151517,-2.));
#7731=CARTESIAN_POINT('Ctrl Pts',(65.8820356408414,65.2808927884753,-2.));
#7732=CARTESIAN_POINT('Ctrl Pts',(65.8820356412013,69.4509143814561,-1.99999999999998));
#7733=CARTESIAN_POINT('Ctrl Pts',(65.8820356408441,73.5763712033573,-2.));
#7734=CARTESIAN_POINT('Ctrl Pts',(65.8820356408441,77.7018280251774,-2.));
#7735=CARTESIAN_POINT('Ctrl Pts',(54.2152773116697,65.1917632444418,-2.));
#7736=CARTESIAN_POINT('Ctrl Pts',(54.2153384200771,65.2363280157624,-2.));
#7737=CARTESIAN_POINT('Ctrl Pts',(54.2153689741753,65.2808927884599,-2.));
#7738=CARTESIAN_POINT('Ctrl Pts',(54.215368974534,69.4509143814648,-1.99999999999998));
#7739=CARTESIAN_POINT('Ctrl Pts',(54.2153689741777,73.5763712033654,-2.));
#7740=CARTESIAN_POINT('Ctrl Pts',(54.2153689741775,77.7018280251774,-2.));
#7741=CARTESIAN_POINT('Ctrl Pts',(42.5486564762569,65.1917632450709,-2.));
#7742=CARTESIAN_POINT('Ctrl Pts',(42.5486870304529,65.2363280164284,-2.));
#7743=CARTESIAN_POINT('Ctrl Pts',(42.5487023075102,65.2808927883936,-2.));
#7744=CARTESIAN_POINT('Ctrl Pts',(42.548702307511,69.4509143815281,-1.99999999999998));
#7745=CARTESIAN_POINT('Ctrl Pts',(42.5487023075105,73.5763712033493,-2.));
#7746=CARTESIAN_POINT('Ctrl Pts',(42.5487023075108,77.7018280251774,-2.));
#7747=CARTESIAN_POINT('Ctrl Pts',(30.8820356408441,65.1917632457001,-2.));
#7748=CARTESIAN_POINT('Ctrl Pts',(30.8820356408441,65.2363280170391,-2.));
#7749=CARTESIAN_POINT('Ctrl Pts',(30.8820356408441,65.2808927883782,-2.));
#7750=CARTESIAN_POINT('Ctrl Pts',(30.8820356408436,69.4509143815368,-1.99999999999998));
#7751=CARTESIAN_POINT('Ctrl Pts',(30.8820356408441,73.5763712033574,-2.));
#7752=CARTESIAN_POINT('Ctrl Pts',(30.8820356408441,77.7018280251774,-2.));
#7753=CARTESIAN_POINT('Ctrl Pts',(40.3823149296235,65.1917632451878,-2.));
#7754=CARTESIAN_POINT('Ctrl Pts',(37.2155551666971,65.1917632453585,-2.));
#7755=CARTESIAN_POINT('Ctrl Pts',(34.0487954037706,65.1917632455293,-2.));
#7756=CARTESIAN_POINT('Ctrl Pts',(30.8820356408441,65.1917632457001,-2.));
#7757=CARTESIAN_POINT('',(65.8820356408441,77.7018280251774,-2.));
#7758=CARTESIAN_POINT('Ctrl Pts',(65.8820356408441,77.7018280251774,-2.));
#7759=CARTESIAN_POINT('Ctrl Pts',(54.2153689741775,77.7018280251774,-2.));
#7760=CARTESIAN_POINT('Ctrl Pts',(42.5487023075108,77.7018280251774,-2.));
#7761=CARTESIAN_POINT('Ctrl Pts',(30.8820356408441,77.7018280251774,-2.));
#7762=CARTESIAN_POINT('',(65.8818981470825,65.1917632438127,-2.));
#7763=CARTESIAN_POINT('Ctrl Pts',(65.8818981470825,65.1917632438127,-2.));
#7764=CARTESIAN_POINT('Ctrl Pts',(65.8819898096859,65.2363280151517,-2.));
#7765=CARTESIAN_POINT('Ctrl Pts',(65.8820356408414,65.2808927884754,-2.));
#7766=CARTESIAN_POINT('Ctrl Pts',(65.8820356412023,69.450914381456,-2.00000000000001));
#7767=CARTESIAN_POINT('Ctrl Pts',(65.8820356408441,73.5763712033573,-2.));
#7768=CARTESIAN_POINT('Ctrl Pts',(65.8820356408441,77.7018280251774,-2.));
#7769=CARTESIAN_POINT('Ctrl Pts',(65.8818981470825,65.1917632438127,-2.));
#7770=CARTESIAN_POINT('Ctrl Pts',(62.7151842154075,65.1917632439834,-2.));
#7771=CARTESIAN_POINT('Ctrl Pts',(59.5484702837325,65.1917632441542,-2.));
#7772=CARTESIAN_POINT('Ctrl Pts',(56.3817563520575,65.191763244325,-2.));
#7773=CARTESIAN_POINT('Ctrl Pts',(65.8818981470825,65.1917632438127,17.9999214321362));
#7774=CARTESIAN_POINT('Ctrl Pts',(65.8819898096859,65.2363280151517,17.9999738107667));
#7775=CARTESIAN_POINT('Ctrl Pts',(65.8820356408414,65.2808927884754,17.9999999999985));
#7776=CARTESIAN_POINT('Ctrl Pts',(65.8820356412023,69.450914381456,18.000000000205));
#7777=CARTESIAN_POINT('Ctrl Pts',(65.8820356408441,73.5763712033573,18.));
#7778=CARTESIAN_POINT('Ctrl Pts',(65.8820356408441,77.7018280251774,18.));
#7779=CARTESIAN_POINT('Ctrl Pts',(65.8818981470825,65.1917632438127,11.3332809547575));
#7780=CARTESIAN_POINT('Ctrl Pts',(65.8819898096859,65.2363280151517,11.3333158738474));
#7781=CARTESIAN_POINT('Ctrl Pts',(65.8820356408414,65.2808927884754,11.3333333333321));
#7782=CARTESIAN_POINT('Ctrl Pts',(65.8820356412023,69.450914381456,11.333333333538));
#7783=CARTESIAN_POINT('Ctrl Pts',(65.8820356408441,73.5763712033573,11.3333333333335));
#7784=CARTESIAN_POINT('Ctrl Pts',(65.8820356408441,77.7018280251774,11.3333333333333));
#7785=CARTESIAN_POINT('Ctrl Pts',(65.8818981470825,65.1917632438127,4.66664047737874));
#7786=CARTESIAN_POINT('Ctrl Pts',(65.8819898096859,65.2363280151517,4.66665793691933));
#7787=CARTESIAN_POINT('Ctrl Pts',(65.8820356408414,65.2808927884754,4.66666666666633));
#7788=CARTESIAN_POINT('Ctrl Pts',(65.8820356412023,69.450914381456,4.66666666666704));
#7789=CARTESIAN_POINT('Ctrl Pts',(65.8820356408441,73.5763712033573,4.6666666666665));
#7790=CARTESIAN_POINT('Ctrl Pts',(65.8820356408441,77.7018280251774,4.66666666666667));
#7791=CARTESIAN_POINT('Ctrl Pts',(65.8818981470825,65.1917632438127,-2.));
#7792=CARTESIAN_POINT('Ctrl Pts',(65.8819898096859,65.2363280151517,-2.));
#7793=CARTESIAN_POINT('Ctrl Pts',(65.8820356408414,65.2808927884754,-2.));
#7794=CARTESIAN_POINT('Ctrl Pts',(65.8820356412023,69.450914381456,-2.00000000000001));
#7795=CARTESIAN_POINT('Ctrl Pts',(65.8820356408441,73.5763712033573,-2.));
#7796=CARTESIAN_POINT('Ctrl Pts',(65.8820356408441,77.7018280251774,-2.));
#7797=CARTESIAN_POINT('Ctrl Pts',(65.8818981470825,65.1917632438127,17.9999214321362));
#7798=CARTESIAN_POINT('Ctrl Pts',(65.8818981470825,65.1917632438127,11.3332809547575));
#7799=CARTESIAN_POINT('Ctrl Pts',(65.8818981470825,65.1917632438127,4.66664047737874));
#7800=CARTESIAN_POINT('Ctrl Pts',(65.8818981470825,65.1917632438127,-2.));
#7801=CARTESIAN_POINT('Ctrl Pts',(65.8820356408441,77.7018280251774,18.));
#7802=CARTESIAN_POINT('Ctrl Pts',(65.8820356408441,77.7018280251774,11.3333333333333));
#7803=CARTESIAN_POINT('Ctrl Pts',(65.8820356408441,77.7018280251774,4.66666666666667));
#7804=CARTESIAN_POINT('Ctrl Pts',(65.8820356408441,77.7018280251774,-2.));
#7805=CARTESIAN_POINT('Ctrl Pts',(3.67035610094079,33.3211145499356,15.9315045656514));
#7806=CARTESIAN_POINT('Ctrl Pts',(3.6722644421068,33.3212815081537,15.9315045656514));
#7807=CARTESIAN_POINT('Ctrl Pts',(3.67417277001482,33.3214486179157,15.9315047450622));
#7808=CARTESIAN_POINT('Ctrl Pts',(3.96812837655227,33.3472134446767,15.9315600177122));
#7809=CARTESIAN_POINT('Ctrl Pts',(4.55151765200775,33.4064356483053,15.9316870658549));
#7810=CARTESIAN_POINT('Ctrl Pts',(5.42382722776336,33.5192831427779,15.9319291564113));
#7811=CARTESIAN_POINT('Ctrl Pts',(6.2927000538234,33.6560587258097,15.9322225814624));
#7812=CARTESIAN_POINT('Ctrl Pts',(7.15747875598981,33.8166583444846,15.9325671188243));
#7813=CARTESIAN_POINT('Ctrl Pts',(8.01750910608876,34.0009598254762,15.9329625076134));
#7814=CARTESIAN_POINT('Ctrl Pts',(8.87214052738385,34.2088229740008,15.9334084484533));
#7815=CARTESIAN_POINT('Ctrl Pts',(9.72072659300622,34.440089682496,15.9339046037031));
#7816=CARTESIAN_POINT('Ctrl Pts',(10.5626255227293,34.6945840553001,15.9344505977188));
#7817=CARTESIAN_POINT('Ctrl Pts',(11.3972006752401,34.9721125463291,15.9350460171422));
#7818=CARTESIAN_POINT('Ctrl Pts',(12.2238210364639,35.272464111065,15.9356904112197));
#7819=CARTESIAN_POINT('Ctrl Pts',(13.0418617033261,35.5954103717427,15.9363832921491));
#7820=CARTESIAN_POINT('Ctrl Pts',(13.8507043621817,35.940705796776,15.9371241354563));
#7821=CARTESIAN_POINT('Ctrl Pts',(14.6497377628949,36.3080878921071,15.9379123803967));
#7822=CARTESIAN_POINT('Ctrl Pts',(15.4383581846936,36.6972774088529,15.938747430392));
#7823=CARTESIAN_POINT('Ctrl Pts',(16.2159699016707,37.1079785571237,15.9396286534786));
#7824=CARTESIAN_POINT('Ctrl Pts',(16.9819856286728,37.5398792478846,15.9405553828166));
#7825=CARTESIAN_POINT('Ctrl Pts',(17.7358269898918,37.9926513134596,15.9415269171524));
#7826=CARTESIAN_POINT('Ctrl Pts',(18.476924914022,38.4659508164762,15.9425425214702));
#7827=CARTESIAN_POINT('Ctrl Pts',(19.204720170012,38.9594182007671,15.9436014273048));
#7828=CARTESIAN_POINT('Ctrl Pts',(19.9186635636028,39.472678835447,15.9447028338977));
#7829=CARTESIAN_POINT('Ctrl Pts',(20.6182168668591,40.0053427171841,15.9458459075449));
#7830=CARTESIAN_POINT('Ctrl Pts',(21.3028520800296,40.5570060947274,15.947029785074));
#7831=CARTESIAN_POINT('Ctrl Pts',(22.195105033524,41.3173154057688,15.9486614650925));
#7832=CARTESIAN_POINT('Ctrl Pts',(23.2705716529529,42.3130725214028,15.9507985240661));
#7833=CARTESIAN_POINT('Ctrl Pts',(24.187797719272,43.2610345694202,15.9528331308713));
#7834=CARTESIAN_POINT('Ctrl Pts',(24.7769921198856,43.9133700127438,15.9542332928387));
#7835=CARTESIAN_POINT('Ctrl Pts',(25.1637556335369,44.3535870002378,15.95517818262));
#7836=CARTESIAN_POINT('Ctrl Pts',(25.8245949855995,45.1377609146459,15.9568613890661));
#7837=CARTESIAN_POINT('Ctrl Pts',(26.5424680051847,46.0645440379124,15.9588508013658));
#7838=CARTESIAN_POINT('Ctrl Pts',(27.3910456812965,47.2585865928402,15.961414043242));
#7839=CARTESIAN_POINT('Ctrl Pts',(28.0301345266015,48.2411841380796,15.9635234899782));
#7840=CARTESIAN_POINT('Ctrl Pts',(28.7774786541997,49.5008504607858,15.9662279014977));
#7841=CARTESIAN_POINT('Ctrl Pts',(29.4724560352001,50.7904683099906,15.9689967720759));
#7842=CARTESIAN_POINT('Ctrl Pts',(30.220181315001,52.3813499595073,15.9724127356133));
#7843=CARTESIAN_POINT('Ctrl Pts',(30.7146212853901,53.6034243716942,15.9750370001167));
#7844=CARTESIAN_POINT('Ctrl Pts',(31.0159772000766,54.4286329668933,15.9768091317283));
#7845=CARTESIAN_POINT('Ctrl Pts',(31.2092969910068,54.9814352459155,15.9779962963093));
#7846=CARTESIAN_POINT('Ctrl Pts',(31.5276245763192,55.9556079432365,15.9800884346683));
#7847=CARTESIAN_POINT('Ctrl Pts',(31.8453683390664,57.0832609525993,15.9825103381957));
#7848=CARTESIAN_POINT('Ctrl Pts',(32.1840756341485,58.5074746821821,15.9855693703605));
#7849=CARTESIAN_POINT('Ctrl Pts',(32.407967056947,59.6572724984195,15.9880391481075));
#7850=CARTESIAN_POINT('Ctrl Pts',(32.6283671532174,61.1043045525262,15.9911475882015));
#7851=CARTESIAN_POINT('Ctrl Pts',(32.7569304967359,62.2684470672719,15.9936485004033));
#7852=CARTESIAN_POINT('Ctrl Pts',(32.8374534705215,63.4365102102035,15.9961579982256));
#7853=CARTESIAN_POINT('Ctrl Pts',(32.8677333004766,64.1676066489152,15.9977287731555));
#7854=CARTESIAN_POINT('Ctrl Pts',(32.8783929152042,64.679650236688,15.9988289445459));
#7855=CARTESIAN_POINT('Ctrl Pts',(32.881088506961,64.935701156823,15.9993791017541));
#7856=CARTESIAN_POINT('Ctrl Pts',(32.8818761314632,65.0820214937486,15.9996934917327));
#7857=CARTESIAN_POINT('Ctrl Pts',(32.8820190508076,65.1551826415549,15.9998506896732));
#7858=CARTESIAN_POINT('Ctrl Pts',(32.8820277840577,65.1917632455922,15.9999292889226));
#7859=CARTESIAN_POINT('Ctrl Pts',(3.67035610094079,33.3211145499356,10.6184661758288));
#7860=CARTESIAN_POINT('Ctrl Pts',(3.6722644421068,33.3212815081537,10.6184661758283));
#7861=CARTESIAN_POINT('Ctrl Pts',(3.67417277001482,33.3214486179157,10.6184663020811));
#7862=CARTESIAN_POINT('Ctrl Pts',(3.96812837655227,33.3472134446767,10.6185051976929));
#7863=CARTESIAN_POINT('Ctrl Pts',(4.55151765200775,33.4064356483053,10.6185946018911));
#7864=CARTESIAN_POINT('Ctrl Pts',(5.42382722776336,33.5192831427779,10.6187649619387));
#7865=CARTESIAN_POINT('Ctrl Pts',(6.2927000538234,33.6560587258097,10.6189714462182));
#7866=CARTESIAN_POINT('Ctrl Pts',(7.15747875598981,33.8166583444846,10.6192138984416));
#7867=CARTESIAN_POINT('Ctrl Pts',(8.01750910608876,34.0009598254762,10.6194921349918));
#7868=CARTESIAN_POINT('Ctrl Pts',(8.87214052738385,34.2088229740008,10.6198059452133));
#7869=CARTESIAN_POINT('Ctrl Pts',(9.72072659300622,34.440089682496,10.6201550914982));
#7870=CARTESIAN_POINT('Ctrl Pts',(10.5626255227293,34.6945840553001,10.6205393095089));
#7871=CARTESIAN_POINT('Ctrl Pts',(11.3972006752401,34.9721125463291,10.6209583083614));
#7872=CARTESIAN_POINT('Ctrl Pts',(12.2238210364639,35.272464111065,10.6214117708597));
#7873=CARTESIAN_POINT('Ctrl Pts',(13.0418617033261,35.5954103717427,10.6218993537355));
#7874=CARTESIAN_POINT('Ctrl Pts',(13.8507043621817,35.940705796776,10.6224206879135));
#7875=CARTESIAN_POINT('Ctrl Pts',(14.6497377628949,36.3080878921071,10.6229753787979));
#7876=CARTESIAN_POINT('Ctrl Pts',(15.4383581846936,36.6972774088529,10.6235630065698));
#7877=CARTESIAN_POINT('Ctrl Pts',(16.2159699016707,37.1079785571237,10.6241831265226));
#7878=CARTESIAN_POINT('Ctrl Pts',(16.9819856286728,37.5398792478846,10.6248352693827));
#7879=CARTESIAN_POINT('Ctrl Pts',(17.7358269898918,37.9926513134596,10.6255189417044));
#7880=CARTESIAN_POINT('Ctrl Pts',(18.476924914022,38.4659508164762,10.6262336262018));
#7881=CARTESIAN_POINT('Ctrl Pts',(19.204720170012,38.9594182007671,10.6269787821966));
#7882=CARTESIAN_POINT('Ctrl Pts',(19.9186635636028,39.472678835447,10.6277538460284));
#7883=CARTESIAN_POINT('Ctrl Pts',(20.6182168668591,40.0053427171841,10.6285582312959));
#7884=CARTESIAN_POINT('Ctrl Pts',(21.3028520800296,40.5570060947274,10.629391330128));
#7885=CARTESIAN_POINT('Ctrl Pts',(22.195105033524,41.3173154057688,10.6305395496386));
#7886=CARTESIAN_POINT('Ctrl Pts',(23.2705716529529,42.3130725214028,10.6320434059085));
#7887=CARTESIAN_POINT('Ctrl Pts',(24.187797719272,43.2610345694202,10.6334751662713));
#7888=CARTESIAN_POINT('Ctrl Pts',(24.7769921198856,43.9133700127438,10.6344604652993));
#7889=CARTESIAN_POINT('Ctrl Pts',(25.1637556335369,44.3535870002378,10.6351253875229));
#7890=CARTESIAN_POINT('Ctrl Pts',(25.8245949855995,45.1377609146459,10.6363098666928));
#7891=CARTESIAN_POINT('Ctrl Pts',(26.5424680051847,46.0645440379124,10.6377098230668));
#7892=CARTESIAN_POINT('Ctrl Pts',(27.3910456812965,47.2585865928402,10.639513586081));
#7893=CARTESIAN_POINT('Ctrl Pts',(28.0301345266015,48.2411841380796,10.6409980115373));
#7894=CARTESIAN_POINT('Ctrl Pts',(28.7774786541997,49.5008504607858,10.6429011157824));
#7895=CARTESIAN_POINT('Ctrl Pts',(29.4724560352001,50.7904683099906,10.6448495805144));
#7896=CARTESIAN_POINT('Ctrl Pts',(30.220181315001,52.3813499595073,10.6472534064679));
#7897=CARTESIAN_POINT('Ctrl Pts',(30.7146212853901,53.6034243716942,10.6491001113985));
#7898=CARTESIAN_POINT('Ctrl Pts',(31.0159772000766,54.4286329668933,10.650347166688));
#7899=CARTESIAN_POINT('Ctrl Pts',(31.2092969910068,54.9814352459155,10.6511825788132));
#7900=CARTESIAN_POINT('Ctrl Pts',(31.5276245763192,55.9556079432365,10.6526548244741));
#7901=CARTESIAN_POINT('Ctrl Pts',(31.8453683390664,57.0832609525993,10.6543591268719));
#7902=CARTESIAN_POINT('Ctrl Pts',(32.1840756341485,58.5074746821821,10.656511779142));
#7903=CARTESIAN_POINT('Ctrl Pts',(32.407967056947,59.6572724984195,10.6582497709602));
#7904=CARTESIAN_POINT('Ctrl Pts',(32.6283671532174,61.1043045525262,10.6604371916307));
#7905=CARTESIAN_POINT('Ctrl Pts',(32.7569304967359,62.2684470672719,10.6621970929833));
#7906=CARTESIAN_POINT('Ctrl Pts',(32.8374534705215,63.4365102102035,10.6639630357114));
#7907=CARTESIAN_POINT('Ctrl Pts',(32.8677333004766,64.1676066489152,10.6650683959839));
#7908=CARTESIAN_POINT('Ctrl Pts',(32.8783929152042,64.679650236688,10.6658425905718));
#7909=CARTESIAN_POINT('Ctrl Pts',(32.881088506961,64.935701156823,10.6662297382896));
#7910=CARTESIAN_POINT('Ctrl Pts',(32.8818761314632,65.0820214937486,10.6664509756515));
#7911=CARTESIAN_POINT('Ctrl Pts',(32.8820190508076,65.1551826415549,10.6665615964443));
#7912=CARTESIAN_POINT('Ctrl Pts',(32.8820277840577,65.1917632455922,10.6666169070196));
#7913=CARTESIAN_POINT('Ctrl Pts',(3.67035610094079,33.3211145499356,5.30542778600613));
#7914=CARTESIAN_POINT('Ctrl Pts',(3.6722644421068,33.3212815081537,5.30542778600657));
#7915=CARTESIAN_POINT('Ctrl Pts',(3.67417277001482,33.3214486179157,5.30542785909916));
#7916=CARTESIAN_POINT('Ctrl Pts',(3.96812837655227,33.3472134446767,5.30545037754283));
#7917=CARTESIAN_POINT('Ctrl Pts',(4.55151765200775,33.4064356483053,5.30550213794764));
#7918=CARTESIAN_POINT('Ctrl Pts',(5.42382722776336,33.5192831427779,5.30560076740726));
#7919=CARTESIAN_POINT('Ctrl Pts',(6.2927000538234,33.6560587258097,5.30572031096217));
#7920=CARTESIAN_POINT('Ctrl Pts',(7.15747875598981,33.8166583444846,5.30586067802993));
#7921=CARTESIAN_POINT('Ctrl Pts',(8.01750910608876,34.0009598254762,5.30602176235646));
#7922=CARTESIAN_POINT('Ctrl Pts',(8.87214052738385,34.2088229740008,5.30620344195704));
#7923=CARTESIAN_POINT('Ctrl Pts',(9.72072659300622,34.440089682496,5.30640557928303));
#7924=CARTESIAN_POINT('Ctrl Pts',(10.5626255227293,34.6945840553001,5.30662802128977));
#7925=CARTESIAN_POINT('Ctrl Pts',(11.3972006752401,34.9721125463291,5.30687059957434));
#7926=CARTESIAN_POINT('Ctrl Pts',(12.2238210364639,35.272464111065,5.30713313049553));
#7927=CARTESIAN_POINT('Ctrl Pts',(13.0418617033261,35.5954103717427,5.30741541531904));
#7928=CARTESIAN_POINT('Ctrl Pts',(13.8507043621817,35.940705796776,5.30771724037127));
#7929=CARTESIAN_POINT('Ctrl Pts',(14.6497377628949,36.3080878921071,5.30803837719842));
#7930=CARTESIAN_POINT('Ctrl Pts',(15.4383581846936,36.6972774088529,5.30837858275466));
#7931=CARTESIAN_POINT('Ctrl Pts',(16.2159699016707,37.1079785571237,5.30873759956473));
#7932=CARTESIAN_POINT('Ctrl Pts',(16.9819856286728,37.5398792478846,5.30911515596905));
#7933=CARTESIAN_POINT('Ctrl Pts',(17.7358269898918,37.9926513134596,5.30951096624276));
#7934=CARTESIAN_POINT('Ctrl Pts',(18.476924914022,38.4659508164762,5.30992473098724));
#7935=CARTESIAN_POINT('Ctrl Pts',(19.204720170012,38.9594182007671,5.31035613703096));
#7936=CARTESIAN_POINT('Ctrl Pts',(19.9186635636028,39.472678835447,5.31080485830235));
#7937=CARTESIAN_POINT('Ctrl Pts',(20.6182168668591,40.0053427171841,5.31127055486515));
#7938=CARTESIAN_POINT('Ctrl Pts',(21.3028520800296,40.5570060947274,5.31175287550977));
#7939=CARTESIAN_POINT('Ctrl Pts',(22.195105033524,41.3173154057688,5.31241763379757));
#7940=CARTESIAN_POINT('Ctrl Pts',(23.2705716529529,42.3130725214028,5.31328828749828));
#7941=CARTESIAN_POINT('Ctrl Pts',(24.187797719272,43.2610345694202,5.31411720136354));
#7942=CARTESIAN_POINT('Ctrl Pts',(24.7769921198856,43.9133700127438,5.31468763785477));
#7943=CARTESIAN_POINT('Ctrl Pts',(25.1637556335369,44.3535870002378,5.31507259316595));
#7944=CARTESIAN_POINT('Ctrl Pts',(25.8245949855995,45.1377609146459,5.3157583433806));
#7945=CARTESIAN_POINT('Ctrl Pts',(26.5424680051847,46.0645440379124,5.31656884511745));
#7946=CARTESIAN_POINT('Ctrl Pts',(27.3910456812965,47.2585865928402,5.31761312863228));
#7947=CARTESIAN_POINT('Ctrl Pts',(28.0301345266015,48.2411841380796,5.31847253288293));
#7948=CARTESIAN_POINT('Ctrl Pts',(28.7774786541997,49.5008504607858,5.31957433032607));
#7949=CARTESIAN_POINT('Ctrl Pts',(29.4724560352001,50.7904683099906,5.32070238845885));
#7950=CARTESIAN_POINT('Ctrl Pts',(30.220181315001,52.3813499595073,5.32209407754687));
#7951=CARTESIAN_POINT('Ctrl Pts',(30.7146212853901,53.6034243716942,5.32316322206453));
#7952=CARTESIAN_POINT('Ctrl Pts',(31.0159772000766,54.4286329668933,5.32388520189897));
#7953=CARTESIAN_POINT('Ctrl Pts',(31.2092969910068,54.9814352459155,5.32436886153055));
#7954=CARTESIAN_POINT('Ctrl Pts',(31.5276245763192,55.9556079432365,5.32522121404619));
#7955=CARTESIAN_POINT('Ctrl Pts',(31.8453683390664,57.0832609525993,5.32620791556774));
#7956=CARTESIAN_POINT('Ctrl Pts',(32.1840756341485,58.5074746821821,5.32745418792521));
#7957=CARTESIAN_POINT('Ctrl Pts',(32.407967056947,59.6572724984195,5.3284603936037));
#7958=CARTESIAN_POINT('Ctrl Pts',(32.6283671532174,61.1043045525262,5.32972679525981));
#7959=CARTESIAN_POINT('Ctrl Pts',(32.7569304967359,62.2684470672719,5.33074568524268));
#7960=CARTESIAN_POINT('Ctrl Pts',(32.8374534705215,63.4365102102035,5.3317680734282));
#7961=CARTESIAN_POINT('Ctrl Pts',(32.8677333004766,64.1676066489152,5.33240801863328));
#7962=CARTESIAN_POINT('Ctrl Pts',(32.8783929152042,64.679650236688,5.33285623670138));
#7963=CARTESIAN_POINT('Ctrl Pts',(32.881088506961,64.935701156823,5.33308037477052));
#7964=CARTESIAN_POINT('Ctrl Pts',(32.8818761314632,65.0820214937486,5.33320845960708));
#7965=CARTESIAN_POINT('Ctrl Pts',(32.8820190508076,65.1551826415549,5.33327250319262));
#7966=CARTESIAN_POINT('Ctrl Pts',(32.8820277840577,65.1917632455922,5.33330452511662));
#7967=CARTESIAN_POINT('Ctrl Pts',(3.67035610094079,33.3211145499356,-0.00761060381650913));
#7968=CARTESIAN_POINT('Ctrl Pts',(3.6722644421068,33.3212815081537,-0.00761060381650913));
#7969=CARTESIAN_POINT('Ctrl Pts',(3.67417277001482,33.3214486179157,-0.00761058388197846));
#7970=CARTESIAN_POINT('Ctrl Pts',(3.96812837655227,33.3472134446767,-0.00760444247642328));
#7971=CARTESIAN_POINT('Ctrl Pts',(4.55151765200775,33.4064356483053,-0.00759032601612396));
#7972=CARTESIAN_POINT('Ctrl Pts',(5.42382722776336,33.5192831427779,-0.00756342706540805));
#7973=CARTESIAN_POINT('Ctrl Pts',(6.2927000538234,33.6560587258097,-0.00753082428195935));
#7974=CARTESIAN_POINT('Ctrl Pts',(7.15747875598981,33.8166583444846,-0.00749254235285256));
#7975=CARTESIAN_POINT('Ctrl Pts',(8.01750910608876,34.0009598254762,-0.0074486102651779));
#7976=CARTESIAN_POINT('Ctrl Pts',(8.87214052738385,34.2088229740008,-0.00739906128296965));
#7977=CARTESIAN_POINT('Ctrl Pts',(9.72072659300622,34.440089682496,-0.00734393292188111));
#7978=CARTESIAN_POINT('Ctrl Pts',(10.5626255227293,34.6945840553001,-0.00728326692013509));
#7979=CARTESIAN_POINT('Ctrl Pts',(11.3972006752401,34.9721125463291,-0.00721710920642696));
#7980=CARTESIAN_POINT('Ctrl Pts',(12.2238210364639,35.272464111065,-0.00714550986447817));
#7981=CARTESIAN_POINT('Ctrl Pts',(13.0418617033261,35.5954103717427,-0.00706852309454508));
#7982=CARTESIAN_POINT('Ctrl Pts',(13.8507043621817,35.940705796776,-0.00698620717152433));
#7983=CARTESIAN_POINT('Ctrl Pts',(14.6497377628949,36.3080878921071,-0.00689862440036629));
#7984=CARTESIAN_POINT('Ctrl Pts',(15.4383581846936,36.6972774088529,-0.00680584106755605));
#7985=CARTESIAN_POINT('Ctrl Pts',(16.2159699016707,37.1079785571237,-0.00670792739126548));
#7986=CARTESIAN_POINT('Ctrl Pts',(16.9819856286728,37.5398792478846,-0.00660495746482376));
#7987=CARTESIAN_POINT('Ctrl Pts',(17.7358269898918,37.9926513134596,-0.00649700920528511));
#7988=CARTESIAN_POINT('Ctrl Pts',(18.476924914022,38.4659508164762,-0.00638416428109149));
#7989=CARTESIAN_POINT('Ctrl Pts',(19.204720170012,38.9594182007671,-0.00626650807724877));
#7990=CARTESIAN_POINT('Ctrl Pts',(19.9186635636028,39.472678835447,-0.0061441295669212));
#7991=CARTESIAN_POINT('Ctrl Pts',(20.6182168668591,40.0053427171841,-0.00601712138389335));
#7992=CARTESIAN_POINT('Ctrl Pts',(21.3028520800296,40.5570060947274,-0.00588557943622436));
#7993=CARTESIAN_POINT('Ctrl Pts',(22.195105033524,41.3173154057688,-0.00570428165638285));
#7994=CARTESIAN_POINT('Ctrl Pts',(23.2705716529529,42.3130725214028,-0.00546683065931746));
#7995=CARTESIAN_POINT('Ctrl Pts',(24.187797719272,43.2610345694202,-0.00524076323651625));
#7996=CARTESIAN_POINT('Ctrl Pts',(24.7769921198856,43.9133700127438,-0.00508518968459193));
#7997=CARTESIAN_POINT('Ctrl Pts',(25.1637556335369,44.3535870002378,-0.00498020193111449));
#7998=CARTESIAN_POINT('Ctrl Pts',(25.8245949855995,45.1377609146459,-0.00479317899265499));
#7999=CARTESIAN_POINT('Ctrl Pts',(26.5424680051847,46.0645440379124,-0.00457213318157407));
#8000=CARTESIAN_POINT('Ctrl Pts',(27.3910456812965,47.2585865928402,-0.00428732852867021));
#8001=CARTESIAN_POINT('Ctrl Pts',(28.0301345266015,48.2411841380796,-0.00405294555797593));
#8002=CARTESIAN_POINT('Ctrl Pts',(28.7774786541997,49.5008504607858,-0.00375245538914946));
#8003=CARTESIAN_POINT('Ctrl Pts',(29.4724560352001,50.7904683099906,-0.00344480310267601));
#8004=CARTESIAN_POINT('Ctrl Pts',(30.220181315001,52.3813499595073,-0.00306525159852543));
#8005=CARTESIAN_POINT('Ctrl Pts',(30.7146212853901,53.6034243716942,-0.00277366665370107));
#8006=CARTESIAN_POINT('Ctrl Pts',(31.0159772000766,54.4286329668933,-0.00257676314130745));
#8007=CARTESIAN_POINT('Ctrl Pts',(31.2092969910068,54.9814352459155,-0.0024448559656322));
#8008=CARTESIAN_POINT('Ctrl Pts',(31.5276245763192,55.9556079432365,-0.00221239614797336));
#8009=CARTESIAN_POINT('Ctrl Pts',(31.8453683390664,57.0832609525993,-0.0019432957560358));
#8010=CARTESIAN_POINT('Ctrl Pts',(32.1840756341485,58.5074746821821,-0.00160340329328149));
#8011=CARTESIAN_POINT('Ctrl Pts',(32.407967056947,59.6572724984195,-0.00132898354361127));
#8012=CARTESIAN_POINT('Ctrl Pts',(32.6283671532174,61.1043045525262,-0.000983601310945565));
#8013=CARTESIAN_POINT('Ctrl Pts',(32.7569304967359,62.2684470672719,-0.000705722177406107));
#8014=CARTESIAN_POINT('Ctrl Pts',(32.8374534705215,63.4365102102035,-0.000426889086041475));
#8015=CARTESIAN_POINT('Ctrl Pts',(32.8677333004766,64.1676066489152,-0.000252358538282495));
#8016=CARTESIAN_POINT('Ctrl Pts',(32.8783929152042,64.679650236688,-0.000130117272679028));
#8017=CARTESIAN_POINT('Ctrl Pts',(32.881088506961,64.935701156823,-6.89886939845908E-5));
#8018=CARTESIAN_POINT('Ctrl Pts',(32.8818761314632,65.0820214937486,-3.40564741414802E-5));
#8019=CARTESIAN_POINT('Ctrl Pts',(32.8820190508076,65.1551826415549,-1.65900363128157E-5));
#8020=CARTESIAN_POINT('Ctrl Pts',(32.8820277840577,65.1917632455922,-7.8567863773249E-6));
#8021=CARTESIAN_POINT('',(3.67035610094079,33.3211145499356,15.9315045656514));
#8022=CARTESIAN_POINT('Ctrl Pts',(3.67035610094079,33.3211145499356,15.9315045656514));
#8023=CARTESIAN_POINT('Ctrl Pts',(3.67035610094079,33.3211145499356,10.6184661758288));
#8024=CARTESIAN_POINT('Ctrl Pts',(3.67035610094079,33.3211145499356,5.30542778600613));
#8025=CARTESIAN_POINT('Ctrl Pts',(3.67035610094079,33.3211145499356,-0.00761060381650913));
#8026=CARTESIAN_POINT('Ctrl Pts',(3.67035610094079,33.3211145499356,-0.00761060381650913));
#8027=CARTESIAN_POINT('Ctrl Pts',(3.6722644421068,33.3212815081537,-0.00761060381650913));
#8028=CARTESIAN_POINT('Ctrl Pts',(3.67417277001482,33.3214486179157,-0.00761058388197846));
#8029=CARTESIAN_POINT('Ctrl Pts',(3.96812837655227,33.3472134446767,-0.00760444247642328));
#8030=CARTESIAN_POINT('Ctrl Pts',(4.55151765200775,33.4064356483053,-0.00759032601612396));
#8031=CARTESIAN_POINT('Ctrl Pts',(5.42382722776336,33.5192831427779,-0.00756342706540805));
#8032=CARTESIAN_POINT('Ctrl Pts',(6.2927000538234,33.6560587258097,-0.00753082428195935));
#8033=CARTESIAN_POINT('Ctrl Pts',(7.15747875598981,33.8166583444846,-0.00749254235285256));
#8034=CARTESIAN_POINT('Ctrl Pts',(8.01750910608876,34.0009598254762,-0.0074486102651779));
#8035=CARTESIAN_POINT('Ctrl Pts',(8.87214052738385,34.2088229740008,-0.00739906128296965));
#8036=CARTESIAN_POINT('Ctrl Pts',(9.72072659300622,34.440089682496,-0.00734393292188111));
#8037=CARTESIAN_POINT('Ctrl Pts',(10.5626255227293,34.6945840553001,-0.00728326692013509));
#8038=CARTESIAN_POINT('Ctrl Pts',(11.3972006752401,34.9721125463291,-0.00721710920642696));
#8039=CARTESIAN_POINT('Ctrl Pts',(12.2238210364639,35.272464111065,-0.00714550986447817));
#8040=CARTESIAN_POINT('Ctrl Pts',(13.0418617033261,35.5954103717427,-0.00706852309454508));
#8041=CARTESIAN_POINT('Ctrl Pts',(13.8507043621817,35.940705796776,-0.00698620717152433));
#8042=CARTESIAN_POINT('Ctrl Pts',(14.6497377628949,36.3080878921071,-0.00689862440036629));
#8043=CARTESIAN_POINT('Ctrl Pts',(15.4383581846936,36.6972774088529,-0.00680584106755605));
#8044=CARTESIAN_POINT('Ctrl Pts',(16.2159699016707,37.1079785571237,-0.00670792739126548));
#8045=CARTESIAN_POINT('Ctrl Pts',(16.9819856286728,37.5398792478846,-0.00660495746482376));
#8046=CARTESIAN_POINT('Ctrl Pts',(17.7358269898918,37.9926513134596,-0.00649700920528511));
#8047=CARTESIAN_POINT('Ctrl Pts',(18.476924914022,38.4659508164762,-0.00638416428109149));
#8048=CARTESIAN_POINT('Ctrl Pts',(19.204720170012,38.9594182007671,-0.00626650807724877));
#8049=CARTESIAN_POINT('Ctrl Pts',(19.9186635636028,39.472678835447,-0.0061441295669212));
#8050=CARTESIAN_POINT('Ctrl Pts',(20.6182168668591,40.0053427171841,-0.00601712138389335));
#8051=CARTESIAN_POINT('Ctrl Pts',(21.3028520800296,40.5570060947274,-0.00588557943622436));
#8052=CARTESIAN_POINT('Ctrl Pts',(22.195105033524,41.3173154057688,-0.00570428165638285));
#8053=CARTESIAN_POINT('Ctrl Pts',(23.2705716529529,42.3130725214028,-0.00546683065931746));
#8054=CARTESIAN_POINT('Ctrl Pts',(24.187797719272,43.2610345694202,-0.00524076323651625));
#8055=CARTESIAN_POINT('Ctrl Pts',(24.7769921198856,43.9133700127438,-0.00508518968459193));
#8056=CARTESIAN_POINT('Ctrl Pts',(25.1637556335369,44.3535870002378,-0.00498020193111449));
#8057=CARTESIAN_POINT('Ctrl Pts',(25.8245949855995,45.1377609146459,-0.00479317899265499));
#8058=CARTESIAN_POINT('Ctrl Pts',(26.5424680051847,46.0645440379124,-0.00457213318157407));
#8059=CARTESIAN_POINT('Ctrl Pts',(27.3910456812965,47.2585865928402,-0.00428732852867021));
#8060=CARTESIAN_POINT('Ctrl Pts',(28.0301345266015,48.2411841380796,-0.00405294555797593));
#8061=CARTESIAN_POINT('Ctrl Pts',(28.7774786541997,49.5008504607858,-0.00375245538914946));
#8062=CARTESIAN_POINT('Ctrl Pts',(29.4724560352001,50.7904683099906,-0.00344480310267601));
#8063=CARTESIAN_POINT('Ctrl Pts',(30.220181315001,52.3813499595073,-0.00306525159852543));
#8064=CARTESIAN_POINT('Ctrl Pts',(30.7146212853901,53.6034243716942,-0.00277366665370107));
#8065=CARTESIAN_POINT('Ctrl Pts',(31.0159772000766,54.4286329668933,-0.00257676314130745));
#8066=CARTESIAN_POINT('Ctrl Pts',(31.2092969910068,54.9814352459155,-0.0024448559656322));
#8067=CARTESIAN_POINT('Ctrl Pts',(31.5276245763192,55.9556079432365,-0.00221239614797336));
#8068=CARTESIAN_POINT('Ctrl Pts',(31.8453683390664,57.0832609525993,-0.0019432957560358));
#8069=CARTESIAN_POINT('Ctrl Pts',(32.1840756341485,58.5074746821821,-0.00160340329328149));
#8070=CARTESIAN_POINT('Ctrl Pts',(32.407967056947,59.6572724984195,-0.00132898354361127));
#8071=CARTESIAN_POINT('Ctrl Pts',(32.6283671532174,61.1043045525262,-0.000983601310945565));
#8072=CARTESIAN_POINT('Ctrl Pts',(32.7569304967359,62.2684470672719,-0.000705722177406107));
#8073=CARTESIAN_POINT('Ctrl Pts',(32.8374534705215,63.4365102102035,-0.000426889086041475));
#8074=CARTESIAN_POINT('Ctrl Pts',(32.8677333004766,64.1676066489152,-0.000252358538282495));
#8075=CARTESIAN_POINT('Ctrl Pts',(32.8783929152042,64.679650236688,-0.000130117272679028));
#8076=CARTESIAN_POINT('Ctrl Pts',(32.881088506961,64.935701156823,-6.89886939845908E-5));
#8077=CARTESIAN_POINT('Ctrl Pts',(32.8818761314632,65.0820214937486,-3.40564741414802E-5));
#8078=CARTESIAN_POINT('Ctrl Pts',(32.8820190508076,65.1551826415549,-1.65900363128157E-5));
#8079=CARTESIAN_POINT('Ctrl Pts',(32.8820277840577,65.1917632455922,-7.8567863773249E-6));
#8080=CARTESIAN_POINT('Ctrl Pts',(3.67035610094079,33.3211145499356,15.9315045656514));
#8081=CARTESIAN_POINT('Ctrl Pts',(3.6722644421068,33.3212815081537,15.9315045656514));
#8082=CARTESIAN_POINT('Ctrl Pts',(3.67417277001478,33.3214486179161,15.9315047450622));
#8083=CARTESIAN_POINT('Ctrl Pts',(3.96812837656482,33.3472134445404,15.9315600177118));
#8084=CARTESIAN_POINT('Ctrl Pts',(4.55151765209018,33.4064356474263,15.931687065853));
#8085=CARTESIAN_POINT('Ctrl Pts',(5.42382722787928,33.5192831415643,15.9319291564087));
#8086=CARTESIAN_POINT('Ctrl Pts',(6.29270005397344,33.6560587242725,15.9322225814591));
#8087=CARTESIAN_POINT('Ctrl Pts',(7.1574787561531,33.8166583428715,15.9325671188209));
#8088=CARTESIAN_POINT('Ctrl Pts',(8.0175091062609,34.0009598238582,15.9329625076099));
#8089=CARTESIAN_POINT('Ctrl Pts',(8.87214052755885,34.2088229724738,15.93340844845));
#8090=CARTESIAN_POINT('Ctrl Pts',(9.72072659318346,34.4400896811044,15.9339046037001));
#8091=CARTESIAN_POINT('Ctrl Pts',(10.5626255229098,34.6945840540808,15.9344505977162));
#8092=CARTESIAN_POINT('Ctrl Pts',(11.397200675428,34.9721125452993,15.9350460171399));
#8093=CARTESIAN_POINT('Ctrl Pts',(12.2238210366653,35.2724641102333,15.9356904112179));
#8094=CARTESIAN_POINT('Ctrl Pts',(13.0418617035505,35.5954103711071,15.9363832921477));
#8095=CARTESIAN_POINT('Ctrl Pts',(13.8507043624409,35.9407057963282,15.9371241354553));
#8096=CARTESIAN_POINT('Ctrl Pts',(14.649737763206,36.3080878918289,15.9379123803961));
#8097=CARTESIAN_POINT('Ctrl Pts',(15.4383581850749,36.697277408722,15.9387474303917));
#8098=CARTESIAN_POINT('Ctrl Pts',(16.2159699021532,37.1079785570999,15.9396286534785));
#8099=CARTESIAN_POINT('Ctrl Pts',(16.9819856292804,37.5398792479327,15.9405553828167));
#8100=CARTESIAN_POINT('Ctrl Pts',(17.7358269906856,37.9926513134941,15.9415269171525));
#8101=CARTESIAN_POINT('Ctrl Pts',(18.4769249150194,38.4659508164602,15.9425425214701));
#8102=CARTESIAN_POINT('Ctrl Pts',(19.2047201713509,38.9594182005026,15.9436014273042));
#8103=CARTESIAN_POINT('Ctrl Pts',(19.9186635652395,39.4726788349575,15.9447028338966));
#8104=CARTESIAN_POINT('Ctrl Pts',(20.6182168691346,40.0053427159713,15.9458459075423));
#8105=CARTESIAN_POINT('Ctrl Pts',(21.3028520826967,40.5570060930758,15.9470297850704));
#8106=CARTESIAN_POINT('Ctrl Pts',(22.1951050376416,41.3173154020394,15.9486614650845));
#8107=CARTESIAN_POINT('Ctrl Pts',(23.2705716612663,42.3130725121951,15.9507985240464));
#8108=CARTESIAN_POINT('Ctrl Pts',(24.1877977177084,43.2610345691104,15.9528331308707));
#8109=CARTESIAN_POINT('Ctrl Pts',(24.776992116836,43.9133700137525,15.9542332928409));
#8110=CARTESIAN_POINT('Ctrl Pts',(25.1637556299327,44.353587001821,15.9551781826234));
#8111=CARTESIAN_POINT('Ctrl Pts',(25.8245949866249,45.1377609131767,15.956861389063));
#8112=CARTESIAN_POINT('Ctrl Pts',(26.5424680132211,46.064544033498,15.9588508013563));
#8113=CARTESIAN_POINT('Ctrl Pts',(27.3910456924367,47.2585865872119,15.9614140432298));
#8114=CARTESIAN_POINT('Ctrl Pts',(28.0301345434291,48.241184130654,15.9635234899622));
#8115=CARTESIAN_POINT('Ctrl Pts',(28.7774786706757,49.5008504543507,15.9662279014837));
#8116=CARTESIAN_POINT('Ctrl Pts',(29.4724560570059,50.7904683006945,15.9689967720558));
#8117=CARTESIAN_POINT('Ctrl Pts',(30.220181334032,52.3813499516665,15.9724127355963));
#8118=CARTESIAN_POINT('Ctrl Pts',(30.7146212902449,53.6034243695103,15.9750370001119));
#8119=CARTESIAN_POINT('Ctrl Pts',(31.0159772014088,54.4286329663361,15.976809131727));
#8120=CARTESIAN_POINT('Ctrl Pts',(31.2092969916263,54.9814352456547,15.9779962963087));
#8121=CARTESIAN_POINT('Ctrl Pts',(31.5276245819112,55.9556079421872,15.9800884346659));
#8122=CARTESIAN_POINT('Ctrl Pts',(31.8453683528567,57.0832609506067,15.9825103381912));
#8123=CARTESIAN_POINT('Ctrl Pts',(32.1840756515548,58.507474680065,15.9855693703557));
#8124=CARTESIAN_POINT('Ctrl Pts',(32.4079670784184,59.6572724958521,15.9880391481018));
#8125=CARTESIAN_POINT('Ctrl Pts',(32.6283671727526,61.1043045507761,15.9911475881975));
#8126=CARTESIAN_POINT('Ctrl Pts',(32.7569305097538,62.2684470659596,15.9936485004004));
#8127=CARTESIAN_POINT('Ctrl Pts',(32.837453474974,63.4365102099184,15.996157998225));
#8128=CARTESIAN_POINT('Ctrl Pts',(32.867733302534,64.1676066487253,15.997728773155));
#8129=CARTESIAN_POINT('Ctrl Pts',(32.8783929155648,64.6796502366648,15.9988289445458));
#8130=CARTESIAN_POINT('Ctrl Pts',(32.8810885071012,64.9357011568111,15.9993791017541));
#8131=CARTESIAN_POINT('Ctrl Pts',(32.881876131519,65.0820214937446,15.9996934917327));
#8132=CARTESIAN_POINT('Ctrl Pts',(32.8820190508076,65.1551826415549,15.9998506896732));
#8133=CARTESIAN_POINT('Ctrl Pts',(32.8820277840577,65.1917632455922,15.9999292889226));
#8134=CARTESIAN_POINT('Ctrl Pts',(6.36190285477821,2.55659437824631,15.9315045656514));
#8135=CARTESIAN_POINT('Ctrl Pts',(6.36565330467746,2.55692250009562,15.9315045656514));
#8136=CARTESIAN_POINT('Ctrl Pts',(6.36940375377196,2.55725063113344,15.9315047450622));
#8137=CARTESIAN_POINT('Ctrl Pts',(6.94712050945099,2.60779714771675,15.9315600177118));
#8138=CARTESIAN_POINT('Ctrl Pts',(8.09367427490155,2.72398216236799,15.931687065853));
#8139=CARTESIAN_POINT('Ctrl Pts',(9.80808114185851,2.94537436043454,15.9319291564087));
#8140=CARTESIAN_POINT('Ctrl Pts',(11.5157690253996,3.2137140718967,15.9322225814591));
#8141=CARTESIAN_POINT('Ctrl Pts',(13.2154524908267,3.52879927678775,15.9325671188209));
#8142=CARTESIAN_POINT('Ctrl Pts',(14.9058521278482,3.89039275767633,15.9329625076099));
#8143=CARTESIAN_POINT('Ctrl Pts',(16.585695519565,4.29822228553807,15.93340844845));
#8144=CARTESIAN_POINT('Ctrl Pts',(18.2537181985185,4.75198082177974,15.9339046037001));
#8145=CARTESIAN_POINT('Ctrl Pts',(19.9086645995484,5.25132675096048,15.9344505977162));
#8146=CARTESIAN_POINT('Ctrl Pts',(21.5492890051862,5.79588413757132,15.9350460171399));
#8147=CARTESIAN_POINT('Ctrl Pts',(23.1743564839908,6.38524300986841,15.9356904112179));
#8148=CARTESIAN_POINT('Ctrl Pts',(24.7826438200648,7.01895966806808,15.9363832921477));
#8149=CARTESIAN_POINT('Ctrl Pts',(26.3729404344958,7.69655701996244,15.9371241354553));
#8150=CARTESIAN_POINT('Ctrl Pts',(27.9440492973432,8.41752493810518,15.9379123803961));
#8151=CARTESIAN_POINT('Ctrl Pts',(29.4947878266133,9.18132064882466,15.9387474303917));
#8152=CARTESIAN_POINT('Ctrl Pts',(31.023988785723,9.98736913161577,15.9396286534785));
#8153=CARTESIAN_POINT('Ctrl Pts',(32.5305011449828,10.8350635731608,15.9405553828167));
#8154=CARTESIAN_POINT('Ctrl Pts',(34.0131909883164,11.7237657786796,15.9415269171525));
#8155=CARTESIAN_POINT('Ctrl Pts',(35.4709422772695,12.6528067554978,15.9425425214701));
#8156=CARTESIAN_POINT('Ctrl Pts',(36.9026578904985,13.6214869863715,15.9436014273042));
#8157=CARTESIAN_POINT('Ctrl Pts',(38.3072600072329,14.6290774748659,15.9447028338966));
#8158=CARTESIAN_POINT('Ctrl Pts',(39.6836919059482,15.6748191330686,15.9458459075423));
#8159=CARTESIAN_POINT('Ctrl Pts',(41.0309165509717,16.7579259531693,15.9470297850704));
#8160=CARTESIAN_POINT('Ctrl Pts',(42.78689116757,18.2507695857902,15.9486614650845));
#8161=CARTESIAN_POINT('Ctrl Pts',(44.9038210881687,20.2060922185765,15.9507985240464));
#8162=CARTESIAN_POINT('Ctrl Pts',(46.7097573729623,22.0678145526746,15.9528331308707));
#8163=CARTESIAN_POINT('Ctrl Pts',(47.8700409111667,23.3490663964834,15.9542332928409));
#8164=CARTESIAN_POINT('Ctrl Pts',(48.6317417320276,24.2137277377672,15.9551781826234));
#8165=CARTESIAN_POINT('Ctrl Pts',(49.9333694877744,25.7540633132757,15.956861389063));
#8166=CARTESIAN_POINT('Ctrl Pts',(51.3476967909784,27.5747256166552,15.9588508013563));
#8167=CARTESIAN_POINT('Ctrl Pts',(53.0200018023849,29.9206962980873,15.9614140432298));
#8168=CARTESIAN_POINT('Ctrl Pts',(54.2798554587892,31.8514636420465,15.9635234899622));
#8169=CARTESIAN_POINT('Ctrl Pts',(55.7536215644014,34.3269703666972,15.9662279014837));
#8170=CARTESIAN_POINT('Ctrl Pts',(57.1246524019168,36.8616550113662,15.9689967720558));
#8171=CARTESIAN_POINT('Ctrl Pts',(58.6006283019341,39.9890013074757,15.9724127355963));
#8172=CARTESIAN_POINT('Ctrl Pts',(59.5773446172026,42.3917751866201,15.9750370001119));
#8173=CARTESIAN_POINT('Ctrl Pts',(60.1729679487497,44.0144394098036,15.976809131727));
#8174=CARTESIAN_POINT('Ctrl Pts',(60.5551541339323,45.1015019629253,15.9779962963087));
#8175=CARTESIAN_POINT('Ctrl Pts',(61.1847298743635,47.0173030666527,15.9800884346659));
#8176=CARTESIAN_POINT('Ctrl Pts',(61.8137563492331,49.2352438786425,15.9825103381912));
#8177=CARTESIAN_POINT('Ctrl Pts',(62.4851204477308,52.0368753994893,15.9855693703557));
#8178=CARTESIAN_POINT('Ctrl Pts',(62.9296763898285,54.2990113621544,15.9880391481018));
#8179=CARTESIAN_POINT('Ctrl Pts',(63.3684367003541,57.1463409360245,15.9911475881975));
#8180=CARTESIAN_POINT('Ctrl Pts',(63.6255146694054,59.4373567046497,15.9936485004004));
#8181=CARTESIAN_POINT('Ctrl Pts',(63.7880683064164,61.7364213301873,15.996157998225));
#8182=CARTESIAN_POINT('Ctrl Pts',(63.8502120224065,63.1755560637307,15.997728773155));
#8183=CARTESIAN_POINT('Ctrl Pts',(63.87297341483,64.1835669592272,15.9988289445458));
#8184=CARTESIAN_POINT('Ctrl Pts',(63.8791685003269,64.6876480133629,15.9993791017541));
#8185=CARTESIAN_POINT('Ctrl Pts',(63.8812267241833,64.9757104347745,15.9996934917327));
#8186=CARTESIAN_POINT('Ctrl Pts',(63.8817619052429,65.1197453102335,15.9998506896732));
#8187=CARTESIAN_POINT('Ctrl Pts',(63.8819060038689,65.1917632439205,15.9999292889226));
#8188=CARTESIAN_POINT('Ctrl Pts',(5.46472060349907,12.8114344354761,15.9315045656514));
#8189=CARTESIAN_POINT('Ctrl Pts',(5.46785701718399,12.8117088358992,15.9315045656514));
#8190=CARTESIAN_POINT('Ctrl Pts',(5.47099342583322,12.8119832935217,15.9315047450622));
#8191=CARTESIAN_POINT('Ctrl Pts',(5.95412313005274,12.8542692682424,15.9315600177118));
#8192=CARTESIAN_POINT('Ctrl Pts',(6.91295540087939,12.9514666537628,15.931687065853));
#8193=CARTESIAN_POINT('Ctrl Pts',(8.34666316976179,13.1366772968063,15.9319291564087));
#8194=CARTESIAN_POINT('Ctrl Pts',(9.77474603480164,13.3611622908483,15.9322225814591));
#8195=CARTESIAN_POINT('Ctrl Pts',(11.1961279122586,13.6247523030752,15.9325671188209));
#8196=CARTESIAN_POINT('Ctrl Pts',(12.6097377871947,13.9272484481552,15.9329625076099));
#8197=CARTESIAN_POINT('Ctrl Pts',(14.014510522079,14.26842251672,15.93340844845));
#8198=CARTESIAN_POINT('Ctrl Pts',(15.4093876633396,14.6480171094767,15.9339046037001));
#8199=CARTESIAN_POINT('Ctrl Pts',(16.7933182406404,15.0657458531368,15.9344505977162));
#8200=CARTESIAN_POINT('Ctrl Pts',(18.1652595619238,15.52129360753,15.9350460171399));
#8201=CARTESIAN_POINT('Ctrl Pts',(19.5241780016423,16.0143167104145,15.9356904112179));
#8202=CARTESIAN_POINT('Ctrl Pts',(20.8690497812412,16.5444432360284,15.9363832921477));
#8203=CARTESIAN_POINT('Ctrl Pts',(22.1988617441065,17.1112732785085,15.9371241354553));
#8204=CARTESIAN_POINT('Ctrl Pts',(23.5126121192137,17.7143792560511,15.9379123803961));
#8205=CARTESIAN_POINT('Ctrl Pts',(24.8093112802137,18.3533062342316,15.9387474303917));
#8206=CARTESIAN_POINT('Ctrl Pts',(26.0879824905873,19.0275722737654,15.9396286534785));
#8207=CARTESIAN_POINT('Ctrl Pts',(27.347662641896,19.7366687947194,15.9405553828167));
#8208=CARTESIAN_POINT('Ctrl Pts',(28.587402986548,20.480060959269,15.9415269171525));
#8209=CARTESIAN_POINT('Ctrl Pts',(29.8062698293472,21.2571881001524,15.9425425214701));
#8210=CARTESIAN_POINT('Ctrl Pts',(31.003345308702,22.0674640673413,15.9436014273042));
#8211=CARTESIAN_POINT('Ctrl Pts',(32.1777278772389,22.9102779040763,15.9447028338966));
#8212=CARTESIAN_POINT('Ctrl Pts',(33.3285335351238,23.7849936908781,15.9458459075423));
#8213=CARTESIAN_POINT('Ctrl Pts',(34.454895101532,24.6909526110145,15.9470297850704));
#8214=CARTESIAN_POINT('Ctrl Pts',(35.9229624073739,25.9396182550151,15.9486614650845));
#8215=CARTESIAN_POINT('Ctrl Pts',(37.6927379010571,27.5750856896707,15.9507985240464));
#8216=CARTESIAN_POINT('Ctrl Pts',(39.2024374455693,29.1322212764686,15.9528331308707));
#8217=CARTESIAN_POINT('Ctrl Pts',(40.1723579928159,30.2038342532712,15.9542332928409));
#8218=CARTESIAN_POINT('Ctrl Pts',(40.8090798723267,30.9270140330458,15.9551781826234));
#8219=CARTESIAN_POINT('Ctrl Pts',(41.8971110985099,32.2152960067128,15.956861389063));
#8220=CARTESIAN_POINT('Ctrl Pts',(43.0792873093043,33.7379983602702,15.9588508013563));
#8221=CARTESIAN_POINT('Ctrl Pts',(44.4770163379982,35.699993109307,15.9614140432298));
#8222=CARTESIAN_POINT('Ctrl Pts',(45.5299484532813,37.3147038386321,15.9635234899622));
#8223=CARTESIAN_POINT('Ctrl Pts',(46.7615739725581,39.3849303501693,15.9662279014837));
#8224=CARTESIAN_POINT('Ctrl Pts',(47.9072534924733,41.5045928563674,15.9689967720558));
#8225=CARTESIAN_POINT('Ctrl Pts',(49.1404793483333,44.1197841484099,15.9724127355963));
#8226=CARTESIAN_POINT('Ctrl Pts',(49.9564366634153,46.1289916865212,15.9750370001119));
#8227=CARTESIAN_POINT('Ctrl Pts',(50.4539711028591,47.4858372184743,15.976809131727));
#8228=CARTESIAN_POINT('Ctrl Pts',(50.7732019394358,48.3948130172473,15.9779962963087));
#8229=CARTESIAN_POINT('Ctrl Pts',(51.2990278787829,49.9967380690289,15.9800884346659));
#8230=CARTESIAN_POINT('Ctrl Pts',(51.8242937823574,51.8512495631743,15.9825103381912));
#8231=CARTESIAN_POINT('Ctrl Pts',(52.3847720917198,54.1937418273751,15.9855693703557));
#8232=CARTESIAN_POINT('Ctrl Pts',(52.7557731748784,56.085098443257,15.9880391481018));
#8233=CARTESIAN_POINT('Ctrl Pts',(53.1217469467216,58.4656621050115,15.9911475881975));
#8234=CARTESIAN_POINT('Ctrl Pts',(53.3359862820599,60.3810535521228,15.9936485004004));
#8235=CARTESIAN_POINT('Ctrl Pts',(53.4711969387896,62.3031175794509,15.996157998225));
#8236=CARTESIAN_POINT('Ctrl Pts',(53.5227189072506,63.5062396264375,15.997728773155));
#8237=CARTESIAN_POINT('Ctrl Pts',(53.5414467059342,64.3489280316963,15.9988289445458));
#8238=CARTESIAN_POINT('Ctrl Pts',(53.5464751027051,64.7703324050741,15.9993791017541));
#8239=CARTESIAN_POINT('Ctrl Pts',(53.5481099048212,65.0111474473082,15.9996934917327));
#8240=CARTESIAN_POINT('Ctrl Pts',(53.5485142592969,65.1315577584023,15.9998506896732));
#8241=CARTESIAN_POINT('Ctrl Pts',(53.5486132639318,65.1917632444778,15.9999292889226));
#8242=CARTESIAN_POINT('Ctrl Pts',(4.56753835221993,23.0662744927058,15.9315045656514));
#8243=CARTESIAN_POINT('Ctrl Pts',(4.57006072960027,23.0664951723502,15.9315045656514));
#8244=CARTESIAN_POINT('Ctrl Pts',(4.57258309795352,23.0667159555278,15.9315047450622));
#8245=CARTESIAN_POINT('Ctrl Pts',(4.96112575596307,23.1007413240148,15.9315600177118));
#8246=CARTESIAN_POINT('Ctrl Pts',(5.73223652611235,23.1789511560314,15.931687065853));
#8247=CARTESIAN_POINT('Ctrl Pts',(6.88524519997601,23.3279802051925,15.9319291564087));
#8248=CARTESIAN_POINT('Ctrl Pts',(8.0337230445714,23.5086105053209,15.9322225814591));
#8249=CARTESIAN_POINT('Ctrl Pts',(9.17680333472117,23.7207053165841,15.9325671188209));
#8250=CARTESIAN_POINT('Ctrl Pts',(10.3136234469144,23.9641041333793,15.9329625076099));
#8251=CARTESIAN_POINT('Ctrl Pts',(11.4433255250449,24.2386227412919,15.93340844845));
#8252=CARTESIAN_POINT('Ctrl Pts',(12.5650571283623,24.5440533934074,15.9339046037001));
#8253=CARTESIAN_POINT('Ctrl Pts',(13.6779718818178,24.8801649519045,15.9344505977162));
#8254=CARTESIAN_POINT('Ctrl Pts',(14.7812301186905,25.2467030753406,15.9350460171399));
#8255=CARTESIAN_POINT('Ctrl Pts',(15.8739995190138,25.6433904096872,15.9356904112179));
#8256=CARTESIAN_POINT('Ctrl Pts',(16.9554557423741,26.0699268031468,15.9363832921477));
#8257=CARTESIAN_POINT('Ctrl Pts',(18.0247830528301,26.5259895377822,15.9371241354553));
#8258=CARTESIAN_POINT('Ctrl Pts',(19.0811749413355,27.011233573883,15.9379123803961));
#8259=CARTESIAN_POINT('Ctrl Pts',(20.1238347314745,27.5252918233151,15.9387474303917));
#8260=CARTESIAN_POINT('Ctrl Pts',(21.1519761972889,28.0677754149502,15.9396286534785));
#8261=CARTESIAN_POINT('Ctrl Pts',(22.1648241323672,28.638274026374,15.9405553828167));
#8262=CARTESIAN_POINT('Ctrl Pts',(23.1616149924541,29.2363561329047,15.9415269171525));
#8263=CARTESIAN_POINT('Ctrl Pts',(24.1415973629416,29.8615694718056,15.9425425214701));
#8264=CARTESIAN_POINT('Ctrl Pts',(25.1040327531475,30.5134411195328,15.9436014273042));
#8265=CARTESIAN_POINT('Ctrl Pts',(26.0481956952335,31.1914784057471,15.9447028338966));
#8266=CARTESIAN_POINT('Ctrl Pts',(26.9733752399591,31.8951681581618,15.9458459075423));
#8267=CARTESIAN_POINT('Ctrl Pts',(27.8788735321364,32.6239794352306,15.9470297850704));
#8268=CARTESIAN_POINT('Ctrl Pts',(29.0590337978377,33.6284667328146,15.9486614650845));
#8269=CARTESIAN_POINT('Ctrl Pts',(30.4816548483779,34.9440790411009,15.9507985240464));
#8270=CARTESIAN_POINT('Ctrl Pts',(31.6951176451015,36.1966278453165,15.9528331308707));
#8271=CARTESIAN_POINT('Ctrl Pts',(32.4746750351867,37.0586021569647,15.9542332928409));
#8272=CARTESIAN_POINT('Ctrl Pts',(32.9864174896336,37.6403007065425,15.9551781826234));
#8273=CARTESIAN_POINT('Ctrl Pts',(33.8608533758894,38.6765282197396,15.956861389063));
#8274=CARTESIAN_POINT('Ctrl Pts',(34.8108774948952,39.901271289883,15.9588508013563));
#8275=CARTESIAN_POINT('Ctrl Pts',(35.9340311568233,41.4792897759921,15.9614140432298));
#8276=CARTESIAN_POINT('Ctrl Pts',(36.780041548937,42.7779439340684,15.9635234899622));
#8277=CARTESIAN_POINT('Ctrl Pts',(37.769526262519,44.4428904708785,15.9662279014837));
#8278=CARTESIAN_POINT('Ctrl Pts',(38.6898549664494,46.1475304556934,15.9689967720558));
#8279=CARTESIAN_POINT('Ctrl Pts',(39.6803302876328,48.2505671107322,15.9724127355963));
#8280=CARTESIAN_POINT('Ctrl Pts',(40.3355292440321,49.8662078696092,15.9750370001119));
#8281=CARTESIAN_POINT('Ctrl Pts',(40.7349740472993,50.9572351576654,15.976809131727));
#8282=CARTESIAN_POINT('Ctrl Pts',(40.9912491861228,51.6881241913326,15.9779962963087));
#8283=CARTESIAN_POINT('Ctrl Pts',(41.4133265774918,52.976172939811,15.9800884346659));
#8284=CARTESIAN_POINT('Ctrl Pts',(41.8348309197324,54.4672552660749,15.9825103381912));
#8285=CARTESIAN_POINT('Ctrl Pts',(42.2844240075658,56.3506082521791,15.9855693703557));
#8286=CARTESIAN_POINT('Ctrl Pts',(42.5818702933685,57.8711854147495,15.9880391481018));
#8287=CARTESIAN_POINT('Ctrl Pts',(42.8750569263851,59.7849833817891,15.9911475881975));
#8288=CARTESIAN_POINT('Ctrl Pts',(43.0464588970993,61.3247502184865,15.9936485004004));
#8289=CARTESIAN_POINT('Ctrl Pts',(43.1543248426008,62.8698139606548,15.996157998225));
#8290=CARTESIAN_POINT('Ctrl Pts',(43.1952264176899,63.8369230860185,15.997728773155));
#8291=CARTESIAN_POINT('Ctrl Pts',(43.2099196244606,64.5142891641957,15.9988289445458));
#8292=CARTESIAN_POINT('Ctrl Pts',(43.213781904723,64.8530167650999,15.9993791017541));
#8293=CARTESIAN_POINT('Ctrl Pts',(43.2149929508811,65.0465844812109,15.9996934917327));
#8294=CARTESIAN_POINT('Ctrl Pts',(43.2152666967536,65.143370193386,15.9998506896732));
#8295=CARTESIAN_POINT('Ctrl Pts',(43.2153205239948,65.191763245035,15.9999292889226));
#8296=CARTESIAN_POINT('Ctrl Pts',(3.67035610094079,33.3211145499356,15.9315045656514));
#8297=CARTESIAN_POINT('Ctrl Pts',(3.6722644421068,33.3212815081537,15.9315045656514));
#8298=CARTESIAN_POINT('Ctrl Pts',(3.67417277001478,33.3214486179161,15.9315047450622));
#8299=CARTESIAN_POINT('Ctrl Pts',(3.96812837656482,33.3472134445404,15.9315600177118));
#8300=CARTESIAN_POINT('Ctrl Pts',(4.55151765209018,33.4064356474263,15.931687065853));
#8301=CARTESIAN_POINT('Ctrl Pts',(5.42382722787928,33.5192831415643,15.9319291564087));
#8302=CARTESIAN_POINT('Ctrl Pts',(6.29270005397344,33.6560587242725,15.9322225814591));
#8303=CARTESIAN_POINT('Ctrl Pts',(7.1574787561531,33.8166583428715,15.9325671188209));
#8304=CARTESIAN_POINT('Ctrl Pts',(8.0175091062609,34.0009598238582,15.9329625076099));
#8305=CARTESIAN_POINT('Ctrl Pts',(8.87214052755885,34.2088229724738,15.93340844845));
#8306=CARTESIAN_POINT('Ctrl Pts',(9.72072659318346,34.4400896811044,15.9339046037001));
#8307=CARTESIAN_POINT('Ctrl Pts',(10.5626255229098,34.6945840540808,15.9344505977162));
#8308=CARTESIAN_POINT('Ctrl Pts',(11.397200675428,34.9721125452993,15.9350460171399));
#8309=CARTESIAN_POINT('Ctrl Pts',(12.2238210366653,35.2724641102333,15.9356904112179));
#8310=CARTESIAN_POINT('Ctrl Pts',(13.0418617035505,35.5954103711071,15.9363832921477));
#8311=CARTESIAN_POINT('Ctrl Pts',(13.8507043624409,35.9407057963282,15.9371241354553));
#8312=CARTESIAN_POINT('Ctrl Pts',(14.649737763206,36.3080878918289,15.9379123803961));
#8313=CARTESIAN_POINT('Ctrl Pts',(15.4383581850749,36.697277408722,15.9387474303917));
#8314=CARTESIAN_POINT('Ctrl Pts',(16.2159699021532,37.1079785570999,15.9396286534785));
#8315=CARTESIAN_POINT('Ctrl Pts',(16.9819856292804,37.5398792479327,15.9405553828167));
#8316=CARTESIAN_POINT('Ctrl Pts',(17.7358269906856,37.9926513134941,15.9415269171525));
#8317=CARTESIAN_POINT('Ctrl Pts',(18.4769249150194,38.4659508164602,15.9425425214701));
#8318=CARTESIAN_POINT('Ctrl Pts',(19.2047201713509,38.9594182005026,15.9436014273042));
#8319=CARTESIAN_POINT('Ctrl Pts',(19.9186635652395,39.4726788349575,15.9447028338966));
#8320=CARTESIAN_POINT('Ctrl Pts',(20.6182168691346,40.0053427159713,15.9458459075423));
#8321=CARTESIAN_POINT('Ctrl Pts',(21.3028520826967,40.5570060930758,15.9470297850704));
#8322=CARTESIAN_POINT('Ctrl Pts',(22.1951050376416,41.3173154020394,15.9486614650845));
#8323=CARTESIAN_POINT('Ctrl Pts',(23.2705716612663,42.3130725121951,15.9507985240464));
#8324=CARTESIAN_POINT('Ctrl Pts',(24.1877977177084,43.2610345691104,15.9528331308707));
#8325=CARTESIAN_POINT('Ctrl Pts',(24.776992116836,43.9133700137525,15.9542332928409));
#8326=CARTESIAN_POINT('Ctrl Pts',(25.1637556299327,44.353587001821,15.9551781826234));
#8327=CARTESIAN_POINT('Ctrl Pts',(25.8245949866249,45.1377609131767,15.956861389063));
#8328=CARTESIAN_POINT('Ctrl Pts',(26.5424680132211,46.064544033498,15.9588508013563));
#8329=CARTESIAN_POINT('Ctrl Pts',(27.3910456924367,47.2585865872119,15.9614140432298));
#8330=CARTESIAN_POINT('Ctrl Pts',(28.0301345434291,48.241184130654,15.9635234899622));
#8331=CARTESIAN_POINT('Ctrl Pts',(28.7774786706757,49.5008504543507,15.9662279014837));
#8332=CARTESIAN_POINT('Ctrl Pts',(29.4724560570059,50.7904683006945,15.9689967720558));
#8333=CARTESIAN_POINT('Ctrl Pts',(30.220181334032,52.3813499516665,15.9724127355963));
#8334=CARTESIAN_POINT('Ctrl Pts',(30.7146212902449,53.6034243695103,15.9750370001119));
#8335=CARTESIAN_POINT('Ctrl Pts',(31.0159772014088,54.4286329663361,15.976809131727));
#8336=CARTESIAN_POINT('Ctrl Pts',(31.2092969916263,54.9814352456547,15.9779962963087));
#8337=CARTESIAN_POINT('Ctrl Pts',(31.5276245819112,55.9556079421872,15.9800884346659));
#8338=CARTESIAN_POINT('Ctrl Pts',(31.8453683528567,57.0832609506067,15.9825103381912));
#8339=CARTESIAN_POINT('Ctrl Pts',(32.1840756515548,58.507474680065,15.9855693703557));
#8340=CARTESIAN_POINT('Ctrl Pts',(32.4079670784184,59.6572724958521,15.9880391481018));
#8341=CARTESIAN_POINT('Ctrl Pts',(32.6283671727526,61.1043045507761,15.9911475881975));
#8342=CARTESIAN_POINT('Ctrl Pts',(32.7569305097538,62.2684470659596,15.9936485004004));
#8343=CARTESIAN_POINT('Ctrl Pts',(32.837453474974,63.4365102099184,15.996157998225));
#8344=CARTESIAN_POINT('Ctrl Pts',(32.867733302534,64.1676066487253,15.997728773155));
#8345=CARTESIAN_POINT('Ctrl Pts',(32.8783929155648,64.6796502366648,15.9988289445458));
#8346=CARTESIAN_POINT('Ctrl Pts',(32.8810885071012,64.9357011568111,15.9993791017541));
#8347=CARTESIAN_POINT('Ctrl Pts',(32.881876131519,65.0820214937446,15.9996934917327));
#8348=CARTESIAN_POINT('Ctrl Pts',(32.8820190508076,65.1551826415549,15.9998506896732));
#8349=CARTESIAN_POINT('Ctrl Pts',(32.8820277840577,65.1917632455922,15.9999292889226));
#8350=CARTESIAN_POINT('Ctrl Pts',(4.01898302158103,29.336290612867,15.9315045656514));
#8351=CARTESIAN_POINT('Ctrl Pts',(3.90277404803428,30.6645652585565,15.9315045656514));
#8352=CARTESIAN_POINT('Ctrl Pts',(3.78656507448753,31.992839904246,15.9315045656514));
#8353=CARTESIAN_POINT('Ctrl Pts',(3.67035610094079,33.3211145499356,15.9315045656514));
#8354=CARTESIAN_POINT('Ctrl Pts',(6.36190285477821,2.55659437824631,15.9315045656514));
#8355=CARTESIAN_POINT('Ctrl Pts',(6.36565330467746,2.55692250009562,15.9315045656514));
#8356=CARTESIAN_POINT('Ctrl Pts',(6.36940375377196,2.55725063113344,15.9315047450622));
#8357=CARTESIAN_POINT('Ctrl Pts',(6.94712050945099,2.60779714771675,15.9315600177118));
#8358=CARTESIAN_POINT('Ctrl Pts',(8.09367427490155,2.72398216236799,15.931687065853));
#8359=CARTESIAN_POINT('Ctrl Pts',(9.80808114185851,2.94537436043454,15.9319291564087));
#8360=CARTESIAN_POINT('Ctrl Pts',(11.5157690253996,3.2137140718967,15.9322225814591));
#8361=CARTESIAN_POINT('Ctrl Pts',(13.2154524908267,3.52879927678775,15.9325671188209));
#8362=CARTESIAN_POINT('Ctrl Pts',(14.9058521278482,3.89039275767633,15.9329625076099));
#8363=CARTESIAN_POINT('Ctrl Pts',(16.585695519565,4.29822228553807,15.93340844845));
#8364=CARTESIAN_POINT('Ctrl Pts',(18.2537181985185,4.75198082177974,15.9339046037001));
#8365=CARTESIAN_POINT('Ctrl Pts',(19.9086645995484,5.25132675096048,15.9344505977162));
#8366=CARTESIAN_POINT('Ctrl Pts',(21.5492890051862,5.79588413757132,15.9350460171399));
#8367=CARTESIAN_POINT('Ctrl Pts',(23.1743564839908,6.38524300986841,15.9356904112179));
#8368=CARTESIAN_POINT('Ctrl Pts',(24.7826438200648,7.01895966806808,15.9363832921477));
#8369=CARTESIAN_POINT('Ctrl Pts',(26.3729404344958,7.69655701996244,15.9371241354553));
#8370=CARTESIAN_POINT('Ctrl Pts',(27.9440492973432,8.41752493810518,15.9379123803961));
#8371=CARTESIAN_POINT('Ctrl Pts',(29.4947878266133,9.18132064882466,15.9387474303917));
#8372=CARTESIAN_POINT('Ctrl Pts',(31.023988785723,9.98736913161577,15.9396286534785));
#8373=CARTESIAN_POINT('Ctrl Pts',(32.5305011449828,10.8350635731608,15.9405553828167));
#8374=CARTESIAN_POINT('Ctrl Pts',(34.0131909883164,11.7237657786796,15.9415269171525));
#8375=CARTESIAN_POINT('Ctrl Pts',(35.4709422772695,12.6528067554978,15.9425425214701));
#8376=CARTESIAN_POINT('Ctrl Pts',(36.9026578904985,13.6214869863715,15.9436014273042));
#8377=CARTESIAN_POINT('Ctrl Pts',(38.3072600072329,14.6290774748659,15.9447028338966));
#8378=CARTESIAN_POINT('Ctrl Pts',(39.6836919059482,15.6748191330686,15.9458459075423));
#8379=CARTESIAN_POINT('Ctrl Pts',(41.0309165509717,16.7579259531693,15.9470297850704));
#8380=CARTESIAN_POINT('Ctrl Pts',(42.78689116757,18.2507695857902,15.9486614650845));
#8381=CARTESIAN_POINT('Ctrl Pts',(44.9038210881687,20.2060922185765,15.9507985240464));
#8382=CARTESIAN_POINT('Ctrl Pts',(46.7097573729623,22.0678145526746,15.9528331308707));
#8383=CARTESIAN_POINT('Ctrl Pts',(47.8700409111667,23.3490663964834,15.9542332928409));
#8384=CARTESIAN_POINT('Ctrl Pts',(48.6317417320276,24.2137277377672,15.9551781826234));
#8385=CARTESIAN_POINT('Ctrl Pts',(49.9333694877744,25.7540633132757,15.956861389063));
#8386=CARTESIAN_POINT('Ctrl Pts',(51.3476967909784,27.5747256166552,15.9588508013563));
#8387=CARTESIAN_POINT('Ctrl Pts',(53.0200018023849,29.9206962980873,15.9614140432298));
#8388=CARTESIAN_POINT('Ctrl Pts',(54.2798554587892,31.8514636420465,15.9635234899622));
#8389=CARTESIAN_POINT('Ctrl Pts',(55.7536215644014,34.3269703666972,15.9662279014837));
#8390=CARTESIAN_POINT('Ctrl Pts',(57.1246524019168,36.8616550113662,15.9689967720558));
#8391=CARTESIAN_POINT('Ctrl Pts',(58.6006283019341,39.9890013074757,15.9724127355963));
#8392=CARTESIAN_POINT('Ctrl Pts',(59.5773446172026,42.3917751866201,15.9750370001119));
#8393=CARTESIAN_POINT('Ctrl Pts',(60.1729679487497,44.0144394098036,15.976809131727));
#8394=CARTESIAN_POINT('Ctrl Pts',(60.5551541339323,45.1015019629253,15.9779962963087));
#8395=CARTESIAN_POINT('Ctrl Pts',(61.1847298743635,47.0173030666527,15.9800884346659));
#8396=CARTESIAN_POINT('Ctrl Pts',(61.8137563492331,49.2352438786425,15.9825103381912));
#8397=CARTESIAN_POINT('Ctrl Pts',(62.4851204477308,52.0368753994893,15.9855693703557));
#8398=CARTESIAN_POINT('Ctrl Pts',(62.9296763898285,54.2990113621544,15.9880391481018));
#8399=CARTESIAN_POINT('Ctrl Pts',(63.3684367003541,57.1463409360245,15.9911475881975));
#8400=CARTESIAN_POINT('Ctrl Pts',(63.6255146694054,59.4373567046497,15.9936485004004));
#8401=CARTESIAN_POINT('Ctrl Pts',(63.7880683064164,61.7364213301873,15.996157998225));
#8402=CARTESIAN_POINT('Ctrl Pts',(63.8502120224065,63.1755560637307,15.997728773155));
#8403=CARTESIAN_POINT('Ctrl Pts',(63.87297341483,64.1835669592272,15.9988289445458));
#8404=CARTESIAN_POINT('Ctrl Pts',(63.8791685003269,64.6876480133629,15.9993791017541));
#8405=CARTESIAN_POINT('Ctrl Pts',(63.8812267241833,64.9757104347745,15.9996934917327));
#8406=CARTESIAN_POINT('Ctrl Pts',(63.8817619052429,65.1197453102335,15.9998506896732));
#8407=CARTESIAN_POINT('Ctrl Pts',(63.8819060038689,65.1917632439205,15.9999292889226));
#8408=CARTESIAN_POINT('Ctrl Pts',(6.36190285477821,2.55659437824631,-0.00761060381650913));
#8409=CARTESIAN_POINT('Ctrl Pts',(6.36565330467746,2.55692250009562,-0.00761060381650913));
#8410=CARTESIAN_POINT('Ctrl Pts',(6.36940375377196,2.55725063113344,-0.00761058388197836));
#8411=CARTESIAN_POINT('Ctrl Pts',(6.94712050945099,2.60779714771675,-0.0076044424764556));
#8412=CARTESIAN_POINT('Ctrl Pts',(8.09367427490155,2.72398216236799,-0.00759032601633253));
#8413=CARTESIAN_POINT('Ctrl Pts',(9.80808114185851,2.94537436043454,-0.00756342706569604));
#8414=CARTESIAN_POINT('Ctrl Pts',(11.5157690253996,3.2137140718967,-0.00753082428232415));
#8415=CARTESIAN_POINT('Ctrl Pts',(13.2154524908267,3.52879927678775,-0.0074925423532354));
#8416=CARTESIAN_POINT('Ctrl Pts',(14.9058521278482,3.89039275767633,-0.00744861026556198));
#8417=CARTESIAN_POINT('Ctrl Pts',(16.585695519565,4.29822228553807,-0.00739906128333216));
#8418=CARTESIAN_POINT('Ctrl Pts',(18.2537181985185,4.75198082177974,-0.00734393292221158));
#8419=CARTESIAN_POINT('Ctrl Pts',(19.9086645995484,5.25132675096048,-0.00728326692042473));
#8420=CARTESIAN_POINT('Ctrl Pts',(21.5492890051862,5.79588413757132,-0.00721710920667171));
#8421=CARTESIAN_POINT('Ctrl Pts',(23.1743564839908,6.38524300986841,-0.00714550986467601));
#8422=CARTESIAN_POINT('Ctrl Pts',(24.7826438200648,7.01895966806808,-0.00706852309469648));
#8423=CARTESIAN_POINT('Ctrl Pts',(26.3729404344958,7.69655701996244,-0.0069862071716313));
#8424=CARTESIAN_POINT('Ctrl Pts',(27.9440492973432,8.41752493810518,-0.00689862440043318));
#8425=CARTESIAN_POINT('Ctrl Pts',(29.4947878266133,9.18132064882466,-0.00680584106758813));
#8426=CARTESIAN_POINT('Ctrl Pts',(31.023988785723,9.98736913161577,-0.00670792739127237));
#8427=CARTESIAN_POINT('Ctrl Pts',(32.5305011449828,10.8350635731608,-0.00660495746481382));
#8428=CARTESIAN_POINT('Ctrl Pts',(34.0131909883164,11.7237657786796,-0.00649700920527865));
#8429=CARTESIAN_POINT('Ctrl Pts',(35.4709422772695,12.6528067554978,-0.0063841642810973));
#8430=CARTESIAN_POINT('Ctrl Pts',(36.9026578904985,13.6214869863715,-0.00626650807731396));
#8431=CARTESIAN_POINT('Ctrl Pts',(38.3072600072329,14.6290774748659,-0.00614412956704015));
#8432=CARTESIAN_POINT('Ctrl Pts',(39.6836919059482,15.6748191330686,-0.00601712138418458));
#8433=CARTESIAN_POINT('Ctrl Pts',(41.0309165509717,16.7579259531693,-0.00588557943662007));
#8434=CARTESIAN_POINT('Ctrl Pts',(42.78689116757,18.2507695857902,-0.00570428165727279));
#8435=CARTESIAN_POINT('Ctrl Pts',(44.9038210881687,20.2060922185765,-0.00546683066151125));
#8436=CARTESIAN_POINT('Ctrl Pts',(46.7097573729623,22.0678145526746,-0.00524076323658644));
#8437=CARTESIAN_POINT('Ctrl Pts',(47.8700409111667,23.3490663964834,-0.0050851896843474));
#8438=CARTESIAN_POINT('Ctrl Pts',(48.6317417320276,24.2137277377672,-0.00498020193073295));
#8439=CARTESIAN_POINT('Ctrl Pts',(49.9333694877744,25.7540633132757,-0.00479317899300378));
#8440=CARTESIAN_POINT('Ctrl Pts',(51.3476967909784,27.5747256166552,-0.00457213318263143));
#8441=CARTESIAN_POINT('Ctrl Pts',(53.0200018023849,29.9206962980873,-0.00428732853001995));
#8442=CARTESIAN_POINT('Ctrl Pts',(54.2798554587892,31.8514636420465,-0.00405294555976027));
#8443=CARTESIAN_POINT('Ctrl Pts',(55.7536215644014,34.3269703666972,-0.00375245539069849));
#8444=CARTESIAN_POINT('Ctrl Pts',(57.1246524019168,36.8616550113662,-0.00344480310491113));
#8445=CARTESIAN_POINT('Ctrl Pts',(58.6006283019341,39.9890013074757,-0.00306525160041147));
#8446=CARTESIAN_POINT('Ctrl Pts',(59.5773446172026,42.3917751866201,-0.00277366665422536));
#8447=CARTESIAN_POINT('Ctrl Pts',(60.1729679487497,44.0144394098036,-0.00257676314144095));
#8448=CARTESIAN_POINT('Ctrl Pts',(60.5551541339323,45.1015019629253,-0.00244485596569438));
#8449=CARTESIAN_POINT('Ctrl Pts',(61.1847298743635,47.0173030666527,-0.00221239614822905));
#8450=CARTESIAN_POINT('Ctrl Pts',(61.8137563492331,49.2352438786425,-0.00194329575652561));
#8451=CARTESIAN_POINT('Ctrl Pts',(62.4851204477308,52.0368753994893,-0.00160340329380513));
#8452=CARTESIAN_POINT('Ctrl Pts',(62.9296763898285,54.2990113621544,-0.00132898354424678));
#8453=CARTESIAN_POINT('Ctrl Pts',(63.3684367003541,57.1463409360245,-0.000983601311384285));
#8454=CARTESIAN_POINT('Ctrl Pts',(63.6255146694054,59.4373567046497,-0.000705722177733236));
#8455=CARTESIAN_POINT('Ctrl Pts',(63.7880683064164,61.7364213301873,-0.000426889086114381));
#8456=CARTESIAN_POINT('Ctrl Pts',(63.8502120224065,63.1755560637307,-0.000252358538330018));
#8457=CARTESIAN_POINT('Ctrl Pts',(63.87297341483,64.1835669592272,-0.000130117272684967));
#8458=CARTESIAN_POINT('Ctrl Pts',(63.8791685003269,64.6876480133629,-6.89886939875663E-5));
#8459=CARTESIAN_POINT('Ctrl Pts',(63.8812267241833,64.9757104347745,-3.40564741425013E-5));
#8460=CARTESIAN_POINT('Ctrl Pts',(63.8817619052429,65.1197453102335,-1.65900363128157E-5));
#8461=CARTESIAN_POINT('Ctrl Pts',(63.8819060038689,65.1917632439205,-7.8567863773249E-6));
#8462=CARTESIAN_POINT('Ctrl Pts',(6.36190285477821,2.55659437824631,5.30542778600613));
#8463=CARTESIAN_POINT('Ctrl Pts',(6.36565330467746,2.55692250009562,5.30542778600657));
#8464=CARTESIAN_POINT('Ctrl Pts',(6.36940375377196,2.55725063113344,5.30542785909916));
#8465=CARTESIAN_POINT('Ctrl Pts',(6.94712050945099,2.60779714771675,5.3054503775428));
#8466=CARTESIAN_POINT('Ctrl Pts',(8.09367427490155,2.72398216236799,5.30550213794743));
#8467=CARTESIAN_POINT('Ctrl Pts',(9.80808114185851,2.94537436043454,5.30560076740697));
#8468=CARTESIAN_POINT('Ctrl Pts',(11.5157690253996,3.2137140718967,5.3057203109618));
#8469=CARTESIAN_POINT('Ctrl Pts',(13.2154524908267,3.52879927678775,5.30586067802955));
#8470=CARTESIAN_POINT('Ctrl Pts',(14.9058521278482,3.89039275767633,5.30602176235608));
#8471=CARTESIAN_POINT('Ctrl Pts',(16.585695519565,4.29822228553807,5.30620344195667));
#8472=CARTESIAN_POINT('Ctrl Pts',(18.2537181985185,4.75198082177974,5.3064055792827));
#8473=CARTESIAN_POINT('Ctrl Pts',(19.9086645995484,5.25132675096048,5.30662802128948));
#8474=CARTESIAN_POINT('Ctrl Pts',(21.5492890051862,5.79588413757132,5.3068705995741));
#8475=CARTESIAN_POINT('Ctrl Pts',(23.1743564839908,6.38524300986841,5.30713313049533));
#8476=CARTESIAN_POINT('Ctrl Pts',(24.7826438200648,7.01895966806808,5.30741541531889));
#8477=CARTESIAN_POINT('Ctrl Pts',(26.3729404344958,7.69655701996244,5.30771724037117));
#8478=CARTESIAN_POINT('Ctrl Pts',(27.9440492973432,8.41752493810518,5.30803837719835));
#8479=CARTESIAN_POINT('Ctrl Pts',(29.4947878266133,9.18132064882466,5.30837858275463));
#8480=CARTESIAN_POINT('Ctrl Pts',(31.023988785723,9.98736913161577,5.30873759956473));
#8481=CARTESIAN_POINT('Ctrl Pts',(32.5305011449828,10.8350635731608,5.30911515596906));
#8482=CARTESIAN_POINT('Ctrl Pts',(34.0131909883164,11.7237657786796,5.30951096624277));
#8483=CARTESIAN_POINT('Ctrl Pts',(35.4709422772695,12.6528067554978,5.30992473098723));
#8484=CARTESIAN_POINT('Ctrl Pts',(36.9026578904985,13.6214869863715,5.31035613703089));
#8485=CARTESIAN_POINT('Ctrl Pts',(38.3072600072329,14.6290774748659,5.31080485830223));
#8486=CARTESIAN_POINT('Ctrl Pts',(39.6836919059482,15.6748191330686,5.31127055486485));
#8487=CARTESIAN_POINT('Ctrl Pts',(41.0309165509717,16.7579259531693,5.31175287550937));
#8488=CARTESIAN_POINT('Ctrl Pts',(42.78689116757,18.2507695857902,5.31241763379668));
#8489=CARTESIAN_POINT('Ctrl Pts',(44.9038210881687,20.2060922185765,5.31328828749609));
#8490=CARTESIAN_POINT('Ctrl Pts',(46.7097573729623,22.0678145526746,5.31411720136347));
#8491=CARTESIAN_POINT('Ctrl Pts',(47.8700409111667,23.3490663964834,5.31468763785502));
#8492=CARTESIAN_POINT('Ctrl Pts',(48.6317417320276,24.2137277377672,5.31507259316633));
#8493=CARTESIAN_POINT('Ctrl Pts',(49.9333694877744,25.7540633132757,5.31575834338025));
#8494=CARTESIAN_POINT('Ctrl Pts',(51.3476967909784,27.5747256166552,5.31656884511639));
#8495=CARTESIAN_POINT('Ctrl Pts',(53.0200018023849,29.9206962980873,5.31761312863093));
#8496=CARTESIAN_POINT('Ctrl Pts',(54.2798554587892,31.8514636420465,5.31847253288114));
#8497=CARTESIAN_POINT('Ctrl Pts',(55.7536215644014,34.3269703666972,5.31957433032452));
#8498=CARTESIAN_POINT('Ctrl Pts',(57.1246524019168,36.8616550113662,5.32070238845662));
#8499=CARTESIAN_POINT('Ctrl Pts',(58.6006283019341,39.9890013074757,5.32209407754499));
#8500=CARTESIAN_POINT('Ctrl Pts',(59.5773446172026,42.3917751866201,5.323163222064));
#8501=CARTESIAN_POINT('Ctrl Pts',(60.1729679487497,44.0144394098036,5.32388520189884));
#8502=CARTESIAN_POINT('Ctrl Pts',(60.5551541339323,45.1015019629253,5.32436886153049));
#8503=CARTESIAN_POINT('Ctrl Pts',(61.1847298743635,47.0173030666527,5.32522121404594));
#8504=CARTESIAN_POINT('Ctrl Pts',(61.8137563492331,49.2352438786425,5.32620791556725));
#8505=CARTESIAN_POINT('Ctrl Pts',(62.4851204477308,52.0368753994893,5.32745418792469));
#8506=CARTESIAN_POINT('Ctrl Pts',(62.9296763898285,54.2990113621544,5.32846039360307));
#8507=CARTESIAN_POINT('Ctrl Pts',(63.3684367003541,57.1463409360245,5.32972679525937));
#8508=CARTESIAN_POINT('Ctrl Pts',(63.6255146694054,59.4373567046497,5.33074568524236));
#8509=CARTESIAN_POINT('Ctrl Pts',(63.7880683064164,61.7364213301873,5.33176807342813));
#8510=CARTESIAN_POINT('Ctrl Pts',(63.8502120224065,63.1755560637307,5.33240801863323));
#8511=CARTESIAN_POINT('Ctrl Pts',(63.87297341483,64.1835669592272,5.33285623670137));
#8512=CARTESIAN_POINT('Ctrl Pts',(63.8791685003269,64.6876480133629,5.33308037477052));
#8513=CARTESIAN_POINT('Ctrl Pts',(63.8812267241833,64.9757104347745,5.33320845960708));
#8514=CARTESIAN_POINT('Ctrl Pts',(63.8817619052429,65.1197453102335,5.33327250319262));
#8515=CARTESIAN_POINT('Ctrl Pts',(63.8819060038689,65.1917632439205,5.33330452511662));
#8516=CARTESIAN_POINT('Ctrl Pts',(6.36190285477821,2.55659437824631,10.6184661758288));
#8517=CARTESIAN_POINT('Ctrl Pts',(6.36565330467746,2.55692250009562,10.6184661758283));
#8518=CARTESIAN_POINT('Ctrl Pts',(6.36940375377196,2.55725063113344,10.6184663020811));
#8519=CARTESIAN_POINT('Ctrl Pts',(6.94712050945099,2.60779714771675,10.6185051976926));
#8520=CARTESIAN_POINT('Ctrl Pts',(8.09367427490155,2.72398216236799,10.6185946018892));
#8521=CARTESIAN_POINT('Ctrl Pts',(9.80808114185851,2.94537436043454,10.618764961936));
#8522=CARTESIAN_POINT('Ctrl Pts',(11.5157690253996,3.2137140718967,10.6189714462149));
#8523=CARTESIAN_POINT('Ctrl Pts',(13.2154524908267,3.52879927678775,10.6192138984381));
#8524=CARTESIAN_POINT('Ctrl Pts',(14.9058521278482,3.89039275767633,10.6194921349883));
#8525=CARTESIAN_POINT('Ctrl Pts',(16.585695519565,4.29822228553807,10.61980594521));
#8526=CARTESIAN_POINT('Ctrl Pts',(18.2537181985185,4.75198082177974,10.6201550914952));
#8527=CARTESIAN_POINT('Ctrl Pts',(19.9086645995484,5.25132675096048,10.6205393095063));
#8528=CARTESIAN_POINT('Ctrl Pts',(21.5492890051862,5.79588413757132,10.6209583083592));
#8529=CARTESIAN_POINT('Ctrl Pts',(23.1743564839908,6.38524300986841,10.6214117708579));
#8530=CARTESIAN_POINT('Ctrl Pts',(24.7826438200648,7.01895966806808,10.6218993537341));
#8531=CARTESIAN_POINT('Ctrl Pts',(26.3729404344958,7.69655701996244,10.6224206879125));
#8532=CARTESIAN_POINT('Ctrl Pts',(27.9440492973432,8.41752493810518,10.6229753787973));
#8533=CARTESIAN_POINT('Ctrl Pts',(29.4947878266133,9.18132064882466,10.6235630065695));
#8534=CARTESIAN_POINT('Ctrl Pts',(31.023988785723,9.98736913161577,10.6241831265225));
#8535=CARTESIAN_POINT('Ctrl Pts',(32.5305011449828,10.8350635731608,10.6248352693828));
#8536=CARTESIAN_POINT('Ctrl Pts',(34.0131909883164,11.7237657786796,10.6255189417044));
#8537=CARTESIAN_POINT('Ctrl Pts',(35.4709422772695,12.6528067554978,10.6262336262018));
#8538=CARTESIAN_POINT('Ctrl Pts',(36.9026578904985,13.6214869863715,10.626978782196));
#8539=CARTESIAN_POINT('Ctrl Pts',(38.3072600072329,14.6290774748659,10.6277538460274));
#8540=CARTESIAN_POINT('Ctrl Pts',(39.6836919059482,15.6748191330686,10.6285582312933));
#8541=CARTESIAN_POINT('Ctrl Pts',(41.0309165509717,16.7579259531693,10.6293913301244));
#8542=CARTESIAN_POINT('Ctrl Pts',(42.78689116757,18.2507695857902,10.6305395496306));
#8543=CARTESIAN_POINT('Ctrl Pts',(44.9038210881687,20.2060922185765,10.6320434058888));
#8544=CARTESIAN_POINT('Ctrl Pts',(46.7097573729623,22.0678145526746,10.6334751662707));
#8545=CARTESIAN_POINT('Ctrl Pts',(47.8700409111667,23.3490663964834,10.6344604653015));
#8546=CARTESIAN_POINT('Ctrl Pts',(48.6317417320276,24.2137277377672,10.6351253875264));
#8547=CARTESIAN_POINT('Ctrl Pts',(49.9333694877744,25.7540633132757,10.6363098666897));
#8548=CARTESIAN_POINT('Ctrl Pts',(51.3476967909784,27.5747256166552,10.6377098230573));
#8549=CARTESIAN_POINT('Ctrl Pts',(53.0200018023849,29.9206962980873,10.6395135860689));
#8550=CARTESIAN_POINT('Ctrl Pts',(54.2798554587892,31.8514636420465,10.6409980115213));
#8551=CARTESIAN_POINT('Ctrl Pts',(55.7536215644014,34.3269703666972,10.6429011157685));
#8552=CARTESIAN_POINT('Ctrl Pts',(57.1246524019168,36.8616550113662,10.6448495804943));
#8553=CARTESIAN_POINT('Ctrl Pts',(58.6006283019341,39.9890013074757,10.6472534064509));
#8554=CARTESIAN_POINT('Ctrl Pts',(59.5773446172026,42.3917751866201,10.6491001113937));
#8555=CARTESIAN_POINT('Ctrl Pts',(60.1729679487497,44.0144394098036,10.6503471666867));
#8556=CARTESIAN_POINT('Ctrl Pts',(60.5551541339323,45.1015019629253,10.6511825788125));
#8557=CARTESIAN_POINT('Ctrl Pts',(61.1847298743635,47.0173030666527,10.6526548244717));
#8558=CARTESIAN_POINT('Ctrl Pts',(61.8137563492331,49.2352438786425,10.6543591268675));
#8559=CARTESIAN_POINT('Ctrl Pts',(62.4851204477308,52.0368753994893,10.6565117791372));
#8560=CARTESIAN_POINT('Ctrl Pts',(62.9296763898285,54.2990113621544,10.6582497709545));
#8561=CARTESIAN_POINT('Ctrl Pts',(63.3684367003541,57.1463409360245,10.6604371916268));
#8562=CARTESIAN_POINT('Ctrl Pts',(63.6255146694054,59.4373567046497,10.6621970929803));
#8563=CARTESIAN_POINT('Ctrl Pts',(63.7880683064164,61.7364213301873,10.6639630357107));
#8564=CARTESIAN_POINT('Ctrl Pts',(63.8502120224065,63.1755560637307,10.6650683959835));
#8565=CARTESIAN_POINT('Ctrl Pts',(63.87297341483,64.1835669592272,10.6658425905718));
#8566=CARTESIAN_POINT('Ctrl Pts',(63.8791685003269,64.6876480133629,10.6662297382896));
#8567=CARTESIAN_POINT('Ctrl Pts',(63.8812267241833,64.9757104347745,10.6664509756515));
#8568=CARTESIAN_POINT('Ctrl Pts',(63.8817619052429,65.1197453102335,10.6665615964443));
#8569=CARTESIAN_POINT('Ctrl Pts',(63.8819060038689,65.1917632439205,10.6666169070196));
#8570=CARTESIAN_POINT('Ctrl Pts',(6.36190285477821,2.55659437824631,15.9315045656514));
#8571=CARTESIAN_POINT('Ctrl Pts',(6.36565330467746,2.55692250009562,15.9315045656514));
#8572=CARTESIAN_POINT('Ctrl Pts',(6.36940375377196,2.55725063113344,15.9315047450622));
#8573=CARTESIAN_POINT('Ctrl Pts',(6.94712050945099,2.60779714771675,15.9315600177118));
#8574=CARTESIAN_POINT('Ctrl Pts',(8.09367427490155,2.72398216236799,15.931687065853));
#8575=CARTESIAN_POINT('Ctrl Pts',(9.80808114185851,2.94537436043454,15.9319291564087));
#8576=CARTESIAN_POINT('Ctrl Pts',(11.5157690253996,3.2137140718967,15.9322225814591));
#8577=CARTESIAN_POINT('Ctrl Pts',(13.2154524908267,3.52879927678775,15.9325671188209));
#8578=CARTESIAN_POINT('Ctrl Pts',(14.9058521278482,3.89039275767633,15.9329625076099));
#8579=CARTESIAN_POINT('Ctrl Pts',(16.585695519565,4.29822228553807,15.93340844845));
#8580=CARTESIAN_POINT('Ctrl Pts',(18.2537181985185,4.75198082177974,15.9339046037001));
#8581=CARTESIAN_POINT('Ctrl Pts',(19.9086645995484,5.25132675096048,15.9344505977162));
#8582=CARTESIAN_POINT('Ctrl Pts',(21.5492890051862,5.79588413757132,15.9350460171399));
#8583=CARTESIAN_POINT('Ctrl Pts',(23.1743564839908,6.38524300986841,15.9356904112179));
#8584=CARTESIAN_POINT('Ctrl Pts',(24.7826438200648,7.01895966806808,15.9363832921477));
#8585=CARTESIAN_POINT('Ctrl Pts',(26.3729404344958,7.69655701996244,15.9371241354553));
#8586=CARTESIAN_POINT('Ctrl Pts',(27.9440492973432,8.41752493810518,15.9379123803961));
#8587=CARTESIAN_POINT('Ctrl Pts',(29.4947878266133,9.18132064882466,15.9387474303917));
#8588=CARTESIAN_POINT('Ctrl Pts',(31.023988785723,9.98736913161577,15.9396286534785));
#8589=CARTESIAN_POINT('Ctrl Pts',(32.5305011449828,10.8350635731608,15.9405553828167));
#8590=CARTESIAN_POINT('Ctrl Pts',(34.0131909883164,11.7237657786796,15.9415269171525));
#8591=CARTESIAN_POINT('Ctrl Pts',(35.4709422772695,12.6528067554978,15.9425425214701));
#8592=CARTESIAN_POINT('Ctrl Pts',(36.9026578904985,13.6214869863715,15.9436014273042));
#8593=CARTESIAN_POINT('Ctrl Pts',(38.3072600072329,14.6290774748659,15.9447028338966));
#8594=CARTESIAN_POINT('Ctrl Pts',(39.6836919059482,15.6748191330686,15.9458459075423));
#8595=CARTESIAN_POINT('Ctrl Pts',(41.0309165509717,16.7579259531693,15.9470297850704));
#8596=CARTESIAN_POINT('Ctrl Pts',(42.78689116757,18.2507695857902,15.9486614650845));
#8597=CARTESIAN_POINT('Ctrl Pts',(44.9038210881687,20.2060922185765,15.9507985240464));
#8598=CARTESIAN_POINT('Ctrl Pts',(46.7097573729623,22.0678145526746,15.9528331308707));
#8599=CARTESIAN_POINT('Ctrl Pts',(47.8700409111667,23.3490663964834,15.9542332928409));
#8600=CARTESIAN_POINT('Ctrl Pts',(48.6317417320276,24.2137277377672,15.9551781826234));
#8601=CARTESIAN_POINT('Ctrl Pts',(49.9333694877744,25.7540633132757,15.956861389063));
#8602=CARTESIAN_POINT('Ctrl Pts',(51.3476967909784,27.5747256166552,15.9588508013563));
#8603=CARTESIAN_POINT('Ctrl Pts',(53.0200018023849,29.9206962980873,15.9614140432298));
#8604=CARTESIAN_POINT('Ctrl Pts',(54.2798554587892,31.8514636420465,15.9635234899622));
#8605=CARTESIAN_POINT('Ctrl Pts',(55.7536215644014,34.3269703666972,15.9662279014837));
#8606=CARTESIAN_POINT('Ctrl Pts',(57.1246524019168,36.8616550113662,15.9689967720558));
#8607=CARTESIAN_POINT('Ctrl Pts',(58.6006283019341,39.9890013074757,15.9724127355963));
#8608=CARTESIAN_POINT('Ctrl Pts',(59.5773446172026,42.3917751866201,15.9750370001119));
#8609=CARTESIAN_POINT('Ctrl Pts',(60.1729679487497,44.0144394098036,15.976809131727));
#8610=CARTESIAN_POINT('Ctrl Pts',(60.5551541339323,45.1015019629253,15.9779962963087));
#8611=CARTESIAN_POINT('Ctrl Pts',(61.1847298743635,47.0173030666527,15.9800884346659));
#8612=CARTESIAN_POINT('Ctrl Pts',(61.8137563492331,49.2352438786425,15.9825103381912));
#8613=CARTESIAN_POINT('Ctrl Pts',(62.4851204477308,52.0368753994893,15.9855693703557));
#8614=CARTESIAN_POINT('Ctrl Pts',(62.9296763898285,54.2990113621544,15.9880391481018));
#8615=CARTESIAN_POINT('Ctrl Pts',(63.3684367003541,57.1463409360245,15.9911475881975));
#8616=CARTESIAN_POINT('Ctrl Pts',(63.6255146694054,59.4373567046497,15.9936485004004));
#8617=CARTESIAN_POINT('Ctrl Pts',(63.7880683064164,61.7364213301873,15.996157998225));
#8618=CARTESIAN_POINT('Ctrl Pts',(63.8502120224065,63.1755560637307,15.997728773155));
#8619=CARTESIAN_POINT('Ctrl Pts',(63.87297341483,64.1835669592272,15.9988289445458));
#8620=CARTESIAN_POINT('Ctrl Pts',(63.8791685003269,64.6876480133629,15.9993791017541));
#8621=CARTESIAN_POINT('Ctrl Pts',(63.8812267241833,64.9757104347745,15.9996934917327));
#8622=CARTESIAN_POINT('Ctrl Pts',(63.8817619052429,65.1197453102335,15.9998506896732));
#8623=CARTESIAN_POINT('Ctrl Pts',(63.8819060038689,65.1917632439205,15.9999292889226));
#8624=CARTESIAN_POINT('',(6.36190285477821,2.55659437824631,-0.00761060381650913));
#8625=CARTESIAN_POINT('Ctrl Pts',(6.36190285477821,2.55659437824631,-0.00761060381650913));
#8626=CARTESIAN_POINT('Ctrl Pts',(6.36190285477821,2.55659437824631,5.30542778600613));
#8627=CARTESIAN_POINT('Ctrl Pts',(6.36190285477821,2.55659437824631,10.6184661758288));
#8628=CARTESIAN_POINT('Ctrl Pts',(6.36190285477821,2.55659437824631,15.9315045656514));
#8629=CARTESIAN_POINT('Ctrl Pts',(6.36190285477821,2.55659437824631,-0.00761060381650913));
#8630=CARTESIAN_POINT('Ctrl Pts',(6.36565330467746,2.55692250009562,-0.00761060381650913));
#8631=CARTESIAN_POINT('Ctrl Pts',(6.36940375377194,2.55725063113368,-0.00761058388197833));
#8632=CARTESIAN_POINT('Ctrl Pts',(6.94712050945788,2.6077971476336,-0.00760444247646579));
#8633=CARTESIAN_POINT('Ctrl Pts',(8.09367427494506,2.72398216184448,-0.0075903260163965));
#8634=CARTESIAN_POINT('Ctrl Pts',(9.80808114191542,2.94537435973539,-0.00756342706578148));
#8635=CARTESIAN_POINT('Ctrl Pts',(11.5157690254686,3.21371407103256,-0.00753082428242973));
#8636=CARTESIAN_POINT('Ctrl Pts',(13.2154524908953,3.52879927590655,-0.00749254235334306));
#8637=CARTESIAN_POINT('Ctrl Pts',(14.9058521279133,3.89039275681602,-0.00744861026566708));
#8638=CARTESIAN_POINT('Ctrl Pts',(16.5856955196226,4.29822228475071,-0.00739906128342834));
#8639=CARTESIAN_POINT('Ctrl Pts',(18.2537181985676,4.75198082108597,-0.00734393292229631));
#8640=CARTESIAN_POINT('Ctrl Pts',(19.9086645995887,5.25132675037733,-0.00728326692049592));
#8641=CARTESIAN_POINT('Ctrl Pts',(21.5492890052188,5.795884137105,-0.00721710920672861));
#8642=CARTESIAN_POINT('Ctrl Pts',(23.1743564840177,6.38524300952138,-0.00714550986471831));
#8643=CARTESIAN_POINT('Ctrl Pts',(24.7826438200895,7.01895966783789,-0.00706852309472449));
#8644=CARTESIAN_POINT('Ctrl Pts',(26.3729404345229,7.69655701984437,-0.00698620717164558));
#8645=CARTESIAN_POINT('Ctrl Pts',(27.9440492973802,8.41752493808985,-0.00689862440043487));
#8646=CARTESIAN_POINT('Ctrl Pts',(29.494787826668,9.18132064890198,-0.00680584106757845));
#8647=CARTESIAN_POINT('Ctrl Pts',(31.0239887858112,9.98736913176504,-0.00670792739125384));
#8648=CARTESIAN_POINT('Ctrl Pts',(32.5305011451151,10.8350635733666,-0.00660495746478831));
#8649=CARTESIAN_POINT('Ctrl Pts',(34.0131909885284,11.7237657788935,-0.00649700920525205));
#8650=CARTESIAN_POINT('Ctrl Pts',(35.4709422775673,12.6528067557059,-0.00638416428107132));
#8651=CARTESIAN_POINT('Ctrl Pts',(36.9026578909704,13.621486986449,-0.00626650807730375));
#8652=CARTESIAN_POINT('Ctrl Pts',(38.3072600078457,14.6290774748409,-0.00614412956704234));
#8653=CARTESIAN_POINT('Ctrl Pts',(39.6836919069315,15.6748191326061,-0.00601712138423991));
#8654=CARTESIAN_POINT('Ctrl Pts',(41.0309165521607,16.7579259524728,-0.00588557943670382));
#8655=CARTESIAN_POINT('Ctrl Pts',(42.7868911696769,18.250769583738,-0.00570428165752151));
#8656=CARTESIAN_POINT('Ctrl Pts',(44.9038210930044,20.2060922129347,-0.00546683066219638));
#8657=CARTESIAN_POINT('Ctrl Pts',(46.7097573712069,22.0678145530018,-0.00524076323654882));
#8658=CARTESIAN_POINT('Ctrl Pts',(47.8700409083922,23.3490663977157,-0.0050851896842002));
#8659=CARTESIAN_POINT('Ctrl Pts',(48.6317417288202,24.213727739413,-0.00498020193053565));
#8660=CARTESIAN_POINT('Ctrl Pts',(49.9333694875489,25.7540633128676,-0.00479317899305426));
#8661=CARTESIAN_POINT('Ctrl Pts',(51.3476967943802,27.5747256146316,-0.00457213318287517));
#8662=CARTESIAN_POINT('Ctrl Pts',(53.0200018077082,29.9206962952793,-0.00428732853035729));
#8663=CARTESIAN_POINT('Ctrl Pts',(54.2798554670889,31.8514636382492,-0.00405294556021499));
#8664=CARTESIAN_POINT('Ctrl Pts',(55.7536215723865,34.3269703635885,-0.00375245539106928));
#8665=CARTESIAN_POINT('Ctrl Pts',(57.1246524133146,36.861655006257,-0.00344480310552256));
#8666=CARTESIAN_POINT('Ctrl Pts',(58.6006283117998,39.9890013031752,-0.00306525160092576));
#8667=CARTESIAN_POINT('Ctrl Pts',(59.5773446181528,42.3917751858501,-0.00277366665431841));
#8668=CARTESIAN_POINT('Ctrl Pts',(60.1729679473719,44.0144394101242,-0.00257676314140336));
#8669=CARTESIAN_POINT('Ctrl Pts',(60.5551541320666,45.1015019634328,-0.00244485596563452));
#8670=CARTESIAN_POINT('Ctrl Pts',(61.1847298758477,47.0173030665352,-0.00221239614824187));
#8671=CARTESIAN_POINT('Ctrl Pts',(61.8137563558025,49.2352438777266,-0.00194329575663052));
#8672=CARTESIAN_POINT('Ctrl Pts',(62.485120456679,52.036875398448,-0.00160340329392289));
#8673=CARTESIAN_POINT('Ctrl Pts',(62.9296764017472,54.2990113606387,-0.00132898354441936));
#8674=CARTESIAN_POINT('Ctrl Pts',(63.3684367110871,57.1463409350562,-0.000983601311491432));
#8675=CARTESIAN_POINT('Ctrl Pts',(63.6255146771873,59.4373567037917,-0.00070572217782993));
#8676=CARTESIAN_POINT('Ctrl Pts',(63.7880683087227,61.7364213300552,-0.000426889086128164));
#8677=CARTESIAN_POINT('Ctrl Pts',(63.8502120236258,63.1755560636078,-0.000252358538343758));
#8678=CARTESIAN_POINT('Ctrl Pts',(63.8729734150153,64.1835669592164,-0.000130117272686088));
#8679=CARTESIAN_POINT('Ctrl Pts',(63.8791685004071,64.6876480133557,-6.89886939883656E-5));
#8680=CARTESIAN_POINT('Ctrl Pts',(63.8812267242132,64.9757104347724,-3.40564741427309E-5));
#8681=CARTESIAN_POINT('Ctrl Pts',(63.8817619052429,65.1197453102335,-1.65900363128157E-5));
#8682=CARTESIAN_POINT('Ctrl Pts',(63.8819060038689,65.1917632439205,-7.8567863773249E-6));
#8683=CARTESIAN_POINT('Ctrl Pts',(3.67035610094079,33.3211145499356,-0.00761060381650913));
#8684=CARTESIAN_POINT('Ctrl Pts',(3.6722644421068,33.3212815081537,-0.00761060381650913));
#8685=CARTESIAN_POINT('Ctrl Pts',(3.67417277001477,33.3214486179162,-0.00761058388197833));
#8686=CARTESIAN_POINT('Ctrl Pts',(3.96812837656842,33.3472134444977,-0.00760444247646579));
#8687=CARTESIAN_POINT('Ctrl Pts',(4.55151765211278,33.4064356471567,-0.0075903260163965));
#8688=CARTESIAN_POINT('Ctrl Pts',(5.42382722790879,33.5192831412043,-0.00756342706578148));
#8689=CARTESIAN_POINT('Ctrl Pts',(6.29270005400911,33.6560587238276,-0.00753082428242973));
#8690=CARTESIAN_POINT('Ctrl Pts',(7.15747875618848,33.8166583424179,-0.00749254235334306));
#8691=CARTESIAN_POINT('Ctrl Pts',(8.01750910629433,34.0009598234153,-0.00744861026566708));
#8692=CARTESIAN_POINT('Ctrl Pts',(8.87214052758827,34.2088229720686,-0.00739906128342834));
#8693=CARTESIAN_POINT('Ctrl Pts',(9.72072659320829,34.4400896807475,-0.00734393292229631));
#8694=CARTESIAN_POINT('Ctrl Pts',(10.5626255229299,34.694584053781,-0.00728326692049592));
#8695=CARTESIAN_POINT('Ctrl Pts',(11.3972006754438,34.9721125450597,-0.00721710920672861));
#8696=CARTESIAN_POINT('Ctrl Pts',(12.223821036678,35.2724641100554,-0.00714550986471831));
#8697=CARTESIAN_POINT('Ctrl Pts',(13.0418617035618,35.5954103709895,-0.00706852309472449));
#8698=CARTESIAN_POINT('Ctrl Pts',(13.8507043624531,35.9407057962686,-0.00698620717164558));
#8699=CARTESIAN_POINT('Ctrl Pts',(14.6497377632231,36.3080878918224,-0.00689862440043487));
#8700=CARTESIAN_POINT('Ctrl Pts',(15.4383581851009,36.6972774087636,-0.00680584106757845));
#8701=CARTESIAN_POINT('Ctrl Pts',(16.2159699021962,37.1079785571789,-0.00670792739125384));
#8702=CARTESIAN_POINT('Ctrl Pts',(16.981985629346,37.5398792480413,-0.00660495746478831));
#8703=CARTESIAN_POINT('Ctrl Pts',(17.7358269907921,37.9926513136077,-0.00649700920525205));
#8704=CARTESIAN_POINT('Ctrl Pts',(18.4769249151701,38.4659508165714,-0.00638416428107132));
#8705=CARTESIAN_POINT('Ctrl Pts',(19.2047201715916,38.9594182005478,-0.00626650807730375));
#8706=CARTESIAN_POINT('Ctrl Pts',(19.9186635655531,39.4726788349508,-0.00614412956704234));
#8707=CARTESIAN_POINT('Ctrl Pts',(20.6182168696403,40.0053427157415,-0.00601712138423991));
#8708=CARTESIAN_POINT('Ctrl Pts',(21.302852083309,40.5570060927267,-0.00588557943670382));
#8709=CARTESIAN_POINT('Ctrl Pts',(22.195105038731,41.3173154009968,-0.00570428165752151));
#8710=CARTESIAN_POINT('Ctrl Pts',(23.2705716637719,42.313072509319,-0.00546683066219638));
#8711=CARTESIAN_POINT('Ctrl Pts',(24.1877977168054,43.2610345692625,-0.00524076323654882));
#8712=CARTESIAN_POINT('Ctrl Pts',(24.7769921154059,43.9133700143636,-0.0050851896842002));
#8713=CARTESIAN_POINT('Ctrl Pts',(25.1637556282785,44.3535870026421,-0.00498020193053565));
#8714=CARTESIAN_POINT('Ctrl Pts',(25.8245949865079,45.1377609129619,-0.00479317899305426));
#8715=CARTESIAN_POINT('Ctrl Pts',(26.542468014967,46.0645440324798,-0.00457213318287517));
#8716=CARTESIAN_POINT('Ctrl Pts',(27.3910456951692,47.258586585805,-0.00428732853035729));
#8717=CARTESIAN_POINT('Ctrl Pts',(28.0301345476877,48.2411841287618,-0.00405294556021499));
#8718=CARTESIAN_POINT('Ctrl Pts',(28.7774786747684,49.5008504528115,-0.00375245539106928));
#8719=CARTESIAN_POINT('Ctrl Pts',(29.4724560628563,50.7904682981513,-0.00344480310552256));
#8720=CARTESIAN_POINT('Ctrl Pts',(30.2201813390954,52.3813499495282,-0.00306525160092576));
#8721=CARTESIAN_POINT('Ctrl Pts',(30.7146212907366,53.603424369121,-0.00277366665431841));
#8722=CARTESIAN_POINT('Ctrl Pts',(31.015977200705,54.4286329664905,-0.00257676314140336));
#8723=CARTESIAN_POINT('Ctrl Pts',(31.2092969906724,54.9814352459015,-0.00244485596563452));
#8724=CARTESIAN_POINT('Ctrl Pts',(31.5276245826668,55.9556079421369,-0.00221239614824187));
#8725=CARTESIAN_POINT('Ctrl Pts',(31.8453683562053,57.0832609501821,-0.00194329575663052));
#8726=CARTESIAN_POINT('Ctrl Pts',(32.1840756561132,58.5074746795922,-0.00160340329392289));
#8727=CARTESIAN_POINT('Ctrl Pts',(32.4079670844913,59.6572724951563,-0.00132898354441936));
#8728=CARTESIAN_POINT('Ctrl Pts',(32.6283671782164,61.1043045503521,-0.000983601311491432));
#8729=CARTESIAN_POINT('Ctrl Pts',(32.756930513717,62.2684470655723,-0.00070572217782993));
#8730=CARTESIAN_POINT('Ctrl Pts',(32.8374534761471,63.4365102098662,-0.000426889086128164));
#8731=CARTESIAN_POINT('Ctrl Pts',(32.8677333031549,64.1676066486706,-0.000252358538343758));
#8732=CARTESIAN_POINT('Ctrl Pts',(32.8783929156591,64.6796502366605,-0.000130117272686088));
#8733=CARTESIAN_POINT('Ctrl Pts',(32.881088507142,64.935701156808,-6.89886939883656E-5));
#8734=CARTESIAN_POINT('Ctrl Pts',(32.8818761315342,65.0820214937437,-3.40564741427309E-5));
#8735=CARTESIAN_POINT('Ctrl Pts',(32.8820190508076,65.1551826415549,-1.65900363128157E-5));
#8736=CARTESIAN_POINT('Ctrl Pts',(32.8820277840577,65.1917632455922,-7.8567863773249E-6));
#8737=CARTESIAN_POINT('Ctrl Pts',(4.56753835221993,23.0662744927058,-0.00761060381650913));
#8738=CARTESIAN_POINT('Ctrl Pts',(4.57006072960027,23.0664951723502,-0.00761060381650913));
#8739=CARTESIAN_POINT('Ctrl Pts',(4.57258309795351,23.0667159555279,-0.00761058388197833));
#8740=CARTESIAN_POINT('Ctrl Pts',(4.96112575596667,23.1007413239721,-0.00760444247646579));
#8741=CARTESIAN_POINT('Ctrl Pts',(5.73223652613495,23.1789511557619,-0.0075903260163965));
#8742=CARTESIAN_POINT('Ctrl Pts',(6.88524520000551,23.3279802048326,-0.00756342706578148));
#8743=CARTESIAN_POINT('Ctrl Pts',(8.03372304460707,23.508610504876,-0.00753082428242973));
#8744=CARTESIAN_POINT('Ctrl Pts',(9.17680333475655,23.7207053161305,-0.00749254235334306));
#8745=CARTESIAN_POINT('Ctrl Pts',(10.3136234469479,23.9641041329365,-0.00744861026566708));
#8746=CARTESIAN_POINT('Ctrl Pts',(11.4433255250743,24.2386227408867,-0.00739906128342834));
#8747=CARTESIAN_POINT('Ctrl Pts',(12.5650571283872,24.5440533930505,-0.00734393292229631));
#8748=CARTESIAN_POINT('Ctrl Pts',(13.6779718818379,24.8801649516047,-0.00728326692049592));
#8749=CARTESIAN_POINT('Ctrl Pts',(14.7812301187063,25.2467030751011,-0.00721710920672861));
#8750=CARTESIAN_POINT('Ctrl Pts',(15.8739995190265,25.6433904095092,-0.00714550986471831));
#8751=CARTESIAN_POINT('Ctrl Pts',(16.9554557423854,26.0699268030292,-0.00706852309472449));
#8752=CARTESIAN_POINT('Ctrl Pts',(18.0247830528424,26.5259895377226,-0.00698620717164558));
#8753=CARTESIAN_POINT('Ctrl Pts',(19.0811749413526,27.0112335738765,-0.00689862440043487));
#8754=CARTESIAN_POINT('Ctrl Pts',(20.1238347315005,27.5252918233566,-0.00680584106757845));
#8755=CARTESIAN_POINT('Ctrl Pts',(21.1519761973319,28.0677754150293,-0.00670792739125384));
#8756=CARTESIAN_POINT('Ctrl Pts',(22.1648241324328,28.6382740264827,-0.00660495746478831));
#8757=CARTESIAN_POINT('Ctrl Pts',(23.1616149925606,29.2363561330182,-0.00649700920525205));
#8758=CARTESIAN_POINT('Ctrl Pts',(24.1415973630923,29.8615694719168,-0.00638416428107132));
#8759=CARTESIAN_POINT('Ctrl Pts',(25.1040327533882,30.513441119578,-0.00626650807730375));
#8760=CARTESIAN_POINT('Ctrl Pts',(26.0481956955471,31.1914784057404,-0.00614412956704234));
#8761=CARTESIAN_POINT('Ctrl Pts',(26.9733752404647,31.895168157932,-0.00601712138423991));
#8762=CARTESIAN_POINT('Ctrl Pts',(27.8788735327487,32.6239794348815,-0.00588557943670382));
#8763=CARTESIAN_POINT('Ctrl Pts',(29.0590337989271,33.6284667317719,-0.00570428165752151));
#8764=CARTESIAN_POINT('Ctrl Pts',(30.4816548508834,34.9440790382248,-0.00546683066219638));
#8765=CARTESIAN_POINT('Ctrl Pts',(31.6951176441984,36.1966278454686,-0.00524076323654882));
#8766=CARTESIAN_POINT('Ctrl Pts',(32.4746750337566,37.0586021575758,-0.0050851896842002));
#8767=CARTESIAN_POINT('Ctrl Pts',(32.9864174879794,37.6403007073636,-0.00498020193053565));
#8768=CARTESIAN_POINT('Ctrl Pts',(33.8608533757724,38.6765282195249,-0.00479317899305426));
#8769=CARTESIAN_POINT('Ctrl Pts',(34.8108774966412,39.9012712888648,-0.00457213318287517));
#8770=CARTESIAN_POINT('Ctrl Pts',(35.9340311595558,41.4792897745852,-0.00428732853035729));
#8771=CARTESIAN_POINT('Ctrl Pts',(36.7800415531956,42.7779439321762,-0.00405294556021499));
#8772=CARTESIAN_POINT('Ctrl Pts',(37.7695262666116,44.4428904693393,-0.00375245539106928));
#8773=CARTESIAN_POINT('Ctrl Pts',(38.6898549722998,46.1475304531502,-0.00344480310552256));
#8774=CARTESIAN_POINT('Ctrl Pts',(39.6803302926962,48.2505671085939,-0.00306525160092576));
#8775=CARTESIAN_POINT('Ctrl Pts',(40.3355292445238,49.8662078692199,-0.00277366665431841));
#8776=CARTESIAN_POINT('Ctrl Pts',(40.7349740465955,50.9572351578198,-0.00257676314140336));
#8777=CARTESIAN_POINT('Ctrl Pts',(40.9912491851689,51.6881241915795,-0.00244485596563452));
#8778=CARTESIAN_POINT('Ctrl Pts',(41.4133265782474,52.9761729397607,-0.00221239614824187));
#8779=CARTESIAN_POINT('Ctrl Pts',(41.8348309230809,54.4672552656503,-0.00194329575663052));
#8780=CARTESIAN_POINT('Ctrl Pts',(42.2844240121242,56.3506082517063,-0.00160340329392289));
#8781=CARTESIAN_POINT('Ctrl Pts',(42.5818702994414,57.8711854140536,-0.00132898354441936));
#8782=CARTESIAN_POINT('Ctrl Pts',(42.8750569318488,59.7849833813652,-0.000983601311491432));
#8783=CARTESIAN_POINT('Ctrl Pts',(43.0464589010625,61.3247502180992,-0.00070572217782993));
#8784=CARTESIAN_POINT('Ctrl Pts',(43.1543248437739,62.8698139606025,-0.000426889086128164));
#8785=CARTESIAN_POINT('Ctrl Pts',(43.1952264183107,63.8369230859637,-0.000252358538343758));
#8786=CARTESIAN_POINT('Ctrl Pts',(43.2099196245548,64.5142891641914,-0.000130117272686088));
#8787=CARTESIAN_POINT('Ctrl Pts',(43.2137819047638,64.8530167650968,-6.89886939883656E-5));
#8788=CARTESIAN_POINT('Ctrl Pts',(43.2149929508963,65.04658448121,-3.40564741427309E-5));
#8789=CARTESIAN_POINT('Ctrl Pts',(43.2152666967536,65.143370193386,-1.65900363128157E-5));
#8790=CARTESIAN_POINT('Ctrl Pts',(43.2153205239948,65.191763245035,-7.8567863773249E-6));
#8791=CARTESIAN_POINT('Ctrl Pts',(5.46472060349907,12.8114344354761,-0.00761060381650913));
#8792=CARTESIAN_POINT('Ctrl Pts',(5.46785701718399,12.8117088358992,-0.00761060381650913));
#8793=CARTESIAN_POINT('Ctrl Pts',(5.4709934258332,12.8119832935219,-0.00761058388197833));
#8794=CARTESIAN_POINT('Ctrl Pts',(5.95412313005963,12.8542692681592,-0.00760444247646579));
#8795=CARTESIAN_POINT('Ctrl Pts',(6.9129554009229,12.9514666532393,-0.0075903260163965));
#8796=CARTESIAN_POINT('Ctrl Pts',(8.34666316981869,13.1366772961071,-0.00756342706578148));
#8797=CARTESIAN_POINT('Ctrl Pts',(9.77474603487058,13.3611622899842,-0.00753082428242973));
#8798=CARTESIAN_POINT('Ctrl Pts',(11.1961279123272,13.624752302194,-0.00749254235334306));
#8799=CARTESIAN_POINT('Ctrl Pts',(12.6097377872597,13.9272484472949,-0.00744861026566708));
#8800=CARTESIAN_POINT('Ctrl Pts',(14.0145105221366,14.2684225159326,-0.00739906128342834));
#8801=CARTESIAN_POINT('Ctrl Pts',(15.4093876633887,14.6480171087829,-0.00734393292229631));
#8802=CARTESIAN_POINT('Ctrl Pts',(16.7933182406807,15.0657458525537,-0.00728326692049592));
#8803=CARTESIAN_POINT('Ctrl Pts',(18.1652595619563,15.5212936070637,-0.00721710920672861));
#8804=CARTESIAN_POINT('Ctrl Pts',(19.5241780016692,16.0143167100675,-0.00714550986471831));
#8805=CARTESIAN_POINT('Ctrl Pts',(20.8690497812659,16.5444432357982,-0.00706852309472449));
#8806=CARTESIAN_POINT('Ctrl Pts',(22.1988617441336,17.1112732783904,-0.00698620717164558));
#8807=CARTESIAN_POINT('Ctrl Pts',(23.5126121192507,17.7143792560358,-0.00689862440043487));
#8808=CARTESIAN_POINT('Ctrl Pts',(24.8093112802684,18.3533062343089,-0.00680584106757845));
#8809=CARTESIAN_POINT('Ctrl Pts',(26.0879824906755,19.0275722739147,-0.00670792739125384));
#8810=CARTESIAN_POINT('Ctrl Pts',(27.3476626420283,19.7366687949253,-0.00660495746478831));
#8811=CARTESIAN_POINT('Ctrl Pts',(28.58740298676,20.480060959483,-0.00649700920525205));
#8812=CARTESIAN_POINT('Ctrl Pts',(29.806269829645,21.2571881003604,-0.00638416428107132));
#8813=CARTESIAN_POINT('Ctrl Pts',(31.0033453091739,22.0674640674189,-0.00626650807730375));
#8814=CARTESIAN_POINT('Ctrl Pts',(32.1777278778517,22.9102779040513,-0.00614412956704234));
#8815=CARTESIAN_POINT('Ctrl Pts',(33.3285335361071,23.7849936904156,-0.00601712138423991));
#8816=CARTESIAN_POINT('Ctrl Pts',(34.454895102721,24.690952610318,-0.00588557943670382));
#8817=CARTESIAN_POINT('Ctrl Pts',(35.9229624094809,25.9396182529629,-0.00570428165752151));
#8818=CARTESIAN_POINT('Ctrl Pts',(37.6927379058928,27.5750856840289,-0.00546683066219638));
#8819=CARTESIAN_POINT('Ctrl Pts',(39.2024374438139,29.1322212767957,-0.00524076323654882));
#8820=CARTESIAN_POINT('Ctrl Pts',(40.1723579900415,30.2038342545034,-0.0050851896842002));
#8821=CARTESIAN_POINT('Ctrl Pts',(40.8090798691193,30.9270140346916,-0.00498020193053565));
#8822=CARTESIAN_POINT('Ctrl Pts',(41.8971110982844,32.2152960063046,-0.00479317899305426));
#8823=CARTESIAN_POINT('Ctrl Pts',(43.0792873127061,33.7379983582466,-0.00457213318287517));
#8824=CARTESIAN_POINT('Ctrl Pts',(44.4770163433216,35.699993106499,-0.00428732853035729));
#8825=CARTESIAN_POINT('Ctrl Pts',(45.5299484615809,37.3147038348348,-0.00405294556021499));
#8826=CARTESIAN_POINT('Ctrl Pts',(46.7615739805432,39.3849303470607,-0.00375245539106928));
#8827=CARTESIAN_POINT('Ctrl Pts',(47.9072535038712,41.5045928512581,-0.00344480310552256));
#8828=CARTESIAN_POINT('Ctrl Pts',(49.1404793581991,44.1197841441095,-0.00306525160092576));
#8829=CARTESIAN_POINT('Ctrl Pts',(49.9564366643655,46.1289916857512,-0.00277366665431841));
#8830=CARTESIAN_POINT('Ctrl Pts',(50.4539711014813,47.4858372187949,-0.00257676314140336));
#8831=CARTESIAN_POINT('Ctrl Pts',(50.77320193757,48.3948130177548,-0.00244485596563452));
#8832=CARTESIAN_POINT('Ctrl Pts',(51.2990278802671,49.9967380689114,-0.00221239614824187));
#8833=CARTESIAN_POINT('Ctrl Pts',(51.8242937889268,51.8512495622584,-0.00194329575663052));
#8834=CARTESIAN_POINT('Ctrl Pts',(52.384772100668,54.1937418263338,-0.00160340329392289));
#8835=CARTESIAN_POINT('Ctrl Pts',(52.7557731867971,56.0850984417414,-0.00132898354441936));
#8836=CARTESIAN_POINT('Ctrl Pts',(53.1217469574547,58.4656621040432,-0.000983601311491432));
#8837=CARTESIAN_POINT('Ctrl Pts',(53.3359862898418,60.3810535512649,-0.00070572217782993));
#8838=CARTESIAN_POINT('Ctrl Pts',(53.4711969410959,62.3031175793188,-0.000426889086128164));
#8839=CARTESIAN_POINT('Ctrl Pts',(53.5227189084699,63.5062396263147,-0.000252358538343758));
#8840=CARTESIAN_POINT('Ctrl Pts',(53.5414467061196,64.3489280316855,-0.000130117272686088));
#8841=CARTESIAN_POINT('Ctrl Pts',(53.5464751027853,64.7703324050669,-6.89886939883656E-5));
#8842=CARTESIAN_POINT('Ctrl Pts',(53.5481099048511,65.011147447306,-3.40564741427309E-5));
#8843=CARTESIAN_POINT('Ctrl Pts',(53.5485142592969,65.1315577584023,-1.65900363128157E-5));
#8844=CARTESIAN_POINT('Ctrl Pts',(53.5486132639318,65.1917632444778,-7.8567863773249E-6));
#8845=CARTESIAN_POINT('Ctrl Pts',(6.36190285477821,2.55659437824631,-0.00761060381650913));
#8846=CARTESIAN_POINT('Ctrl Pts',(6.36565330467746,2.55692250009562,-0.00761060381650913));
#8847=CARTESIAN_POINT('Ctrl Pts',(6.36940375377194,2.55725063113368,-0.00761058388197833));
#8848=CARTESIAN_POINT('Ctrl Pts',(6.94712050945788,2.6077971476336,-0.00760444247646579));
#8849=CARTESIAN_POINT('Ctrl Pts',(8.09367427494506,2.72398216184448,-0.0075903260163965));
#8850=CARTESIAN_POINT('Ctrl Pts',(9.80808114191542,2.94537435973539,-0.00756342706578148));
#8851=CARTESIAN_POINT('Ctrl Pts',(11.5157690254686,3.21371407103256,-0.00753082428242973));
#8852=CARTESIAN_POINT('Ctrl Pts',(13.2154524908953,3.52879927590655,-0.00749254235334306));
#8853=CARTESIAN_POINT('Ctrl Pts',(14.9058521279133,3.89039275681602,-0.00744861026566708));
#8854=CARTESIAN_POINT('Ctrl Pts',(16.5856955196226,4.29822228475071,-0.00739906128342834));
#8855=CARTESIAN_POINT('Ctrl Pts',(18.2537181985676,4.75198082108597,-0.00734393292229631));
#8856=CARTESIAN_POINT('Ctrl Pts',(19.9086645995887,5.25132675037733,-0.00728326692049592));
#8857=CARTESIAN_POINT('Ctrl Pts',(21.5492890052188,5.795884137105,-0.00721710920672861));
#8858=CARTESIAN_POINT('Ctrl Pts',(23.1743564840177,6.38524300952138,-0.00714550986471831));
#8859=CARTESIAN_POINT('Ctrl Pts',(24.7826438200895,7.01895966783789,-0.00706852309472449));
#8860=CARTESIAN_POINT('Ctrl Pts',(26.3729404345229,7.69655701984437,-0.00698620717164558));
#8861=CARTESIAN_POINT('Ctrl Pts',(27.9440492973802,8.41752493808985,-0.00689862440043487));
#8862=CARTESIAN_POINT('Ctrl Pts',(29.494787826668,9.18132064890198,-0.00680584106757845));
#8863=CARTESIAN_POINT('Ctrl Pts',(31.0239887858112,9.98736913176504,-0.00670792739125384));
#8864=CARTESIAN_POINT('Ctrl Pts',(32.5305011451151,10.8350635733666,-0.00660495746478831));
#8865=CARTESIAN_POINT('Ctrl Pts',(34.0131909885284,11.7237657788935,-0.00649700920525205));
#8866=CARTESIAN_POINT('Ctrl Pts',(35.4709422775673,12.6528067557059,-0.00638416428107132));
#8867=CARTESIAN_POINT('Ctrl Pts',(36.9026578909704,13.621486986449,-0.00626650807730375));
#8868=CARTESIAN_POINT('Ctrl Pts',(38.3072600078457,14.6290774748409,-0.00614412956704234));
#8869=CARTESIAN_POINT('Ctrl Pts',(39.6836919069315,15.6748191326061,-0.00601712138423991));
#8870=CARTESIAN_POINT('Ctrl Pts',(41.0309165521607,16.7579259524728,-0.00588557943670382));
#8871=CARTESIAN_POINT('Ctrl Pts',(42.7868911696769,18.250769583738,-0.00570428165752151));
#8872=CARTESIAN_POINT('Ctrl Pts',(44.9038210930044,20.2060922129347,-0.00546683066219638));
#8873=CARTESIAN_POINT('Ctrl Pts',(46.7097573712069,22.0678145530018,-0.00524076323654882));
#8874=CARTESIAN_POINT('Ctrl Pts',(47.8700409083922,23.3490663977157,-0.0050851896842002));
#8875=CARTESIAN_POINT('Ctrl Pts',(48.6317417288202,24.213727739413,-0.00498020193053565));
#8876=CARTESIAN_POINT('Ctrl Pts',(49.9333694875489,25.7540633128676,-0.00479317899305426));
#8877=CARTESIAN_POINT('Ctrl Pts',(51.3476967943802,27.5747256146316,-0.00457213318287517));
#8878=CARTESIAN_POINT('Ctrl Pts',(53.0200018077082,29.9206962952793,-0.00428732853035729));
#8879=CARTESIAN_POINT('Ctrl Pts',(54.2798554670889,31.8514636382492,-0.00405294556021499));
#8880=CARTESIAN_POINT('Ctrl Pts',(55.7536215723865,34.3269703635885,-0.00375245539106928));
#8881=CARTESIAN_POINT('Ctrl Pts',(57.1246524133146,36.861655006257,-0.00344480310552256));
#8882=CARTESIAN_POINT('Ctrl Pts',(58.6006283117998,39.9890013031752,-0.00306525160092576));
#8883=CARTESIAN_POINT('Ctrl Pts',(59.5773446181528,42.3917751858501,-0.00277366665431841));
#8884=CARTESIAN_POINT('Ctrl Pts',(60.1729679473719,44.0144394101242,-0.00257676314140336));
#8885=CARTESIAN_POINT('Ctrl Pts',(60.5551541320666,45.1015019634328,-0.00244485596563452));
#8886=CARTESIAN_POINT('Ctrl Pts',(61.1847298758477,47.0173030665352,-0.00221239614824187));
#8887=CARTESIAN_POINT('Ctrl Pts',(61.8137563558025,49.2352438777266,-0.00194329575663052));
#8888=CARTESIAN_POINT('Ctrl Pts',(62.485120456679,52.036875398448,-0.00160340329392289));
#8889=CARTESIAN_POINT('Ctrl Pts',(62.9296764017472,54.2990113606387,-0.00132898354441936));
#8890=CARTESIAN_POINT('Ctrl Pts',(63.3684367110871,57.1463409350562,-0.000983601311491432));
#8891=CARTESIAN_POINT('Ctrl Pts',(63.6255146771873,59.4373567037917,-0.00070572217782993));
#8892=CARTESIAN_POINT('Ctrl Pts',(63.7880683087227,61.7364213300552,-0.000426889086128164));
#8893=CARTESIAN_POINT('Ctrl Pts',(63.8502120236258,63.1755560636078,-0.000252358538343758));
#8894=CARTESIAN_POINT('Ctrl Pts',(63.8729734150153,64.1835669592164,-0.000130117272686088));
#8895=CARTESIAN_POINT('Ctrl Pts',(63.8791685004071,64.6876480133557,-6.89886939883656E-5));
#8896=CARTESIAN_POINT('Ctrl Pts',(63.8812267242132,64.9757104347724,-3.40564741427309E-5));
#8897=CARTESIAN_POINT('Ctrl Pts',(63.8817619052429,65.1197453102335,-1.65900363128157E-5));
#8898=CARTESIAN_POINT('Ctrl Pts',(63.8819060038689,65.1917632439205,-7.8567863773249E-6));
#8899=CARTESIAN_POINT('Ctrl Pts',(6.0132759341378,6.54141831531678,-0.00761060381650913));
#8900=CARTESIAN_POINT('Ctrl Pts',(6.1294849076846,5.21314366962662,-0.00761060381650913));
#8901=CARTESIAN_POINT('Ctrl Pts',(6.24569388123141,3.88486902393647,-0.00761060381650913));
#8902=CARTESIAN_POINT('Ctrl Pts',(6.36190285477821,2.55659437824631,-0.00761060381650913));
#8903=CARTESIAN_POINT('Ctrl Pts',(3.49670792327386,35.3059223029477,17.9238939618349));
#8904=CARTESIAN_POINT('Ctrl Pts',(3.49849741871515,35.3060788635123,17.9238939618349));
#8905=CARTESIAN_POINT('Ctrl Pts',(3.50028690009496,35.3062355848052,17.9238941611802));
#8906=CARTESIAN_POINT('Ctrl Pts',(3.77593533573375,35.3304015927191,17.9239555752354));
#8907=CARTESIAN_POINT('Ctrl Pts',(4.32299141836228,35.3859487754726,17.9240967398366));
#8908=CARTESIAN_POINT('Ctrl Pts',(5.14097213665727,35.4917933854788,17.924365729343));
#8909=CARTESIAN_POINT('Ctrl Pts',(5.95572786227153,35.6200809598732,17.9246917571767));
#8910=CARTESIAN_POINT('Ctrl Pts',(6.7666417410159,35.7707137664524,17.9250745764676));
#8911=CARTESIAN_POINT('Ctrl Pts',(7.57309987906464,35.9435770538977,17.9255138973443));
#8912=CARTESIAN_POINT('Ctrl Pts',(8.37449181839981,36.1385391457907,17.9260093871666));
#8913=CARTESIAN_POINT('Ctrl Pts',(9.17021100574481,36.3554515429663,17.9265606707778));
#8914=CARTESIAN_POINT('Ctrl Pts',(9.95965525990287,36.5941490413535,17.9271673307957));
#8915=CARTESIAN_POINT('Ctrl Pts',(10.7422272348001,36.8544498619064,17.9278289079333));
#8916=CARTESIAN_POINT('Ctrl Pts',(11.5173348787749,37.1361557941124,17.9285449013532));
#8917=CARTESIAN_POINT('Ctrl Pts',(12.2843918895834,37.4390523519378,17.929314769053));
#8918=CARTESIAN_POINT('Ctrl Pts',(13.0428181642455,37.7629089431848,17.9301379282837));
#8919=CARTESIAN_POINT('Ctrl Pts',(13.7920402448768,38.1074790501322,17.9310137559957));
#8920=CARTESIAN_POINT('Ctrl Pts',(14.5314917565917,38.472500425492,17.9319415893241));
#8921=CARTESIAN_POINT('Ctrl Pts',(15.2606138451533,38.8576952942333,17.9329207260873));
#8922=CARTESIAN_POINT('Ctrl Pts',(15.978855596016,39.2627705817966,17.9339504253519));
#8923=CARTESIAN_POINT('Ctrl Pts',(16.6856744747197,39.6874181221999,17.9350299079472));
#8924=CARTESIAN_POINT('Ctrl Pts',(17.3805366981141,40.1313149494331,17.936158357189));
#8925=CARTESIAN_POINT('Ctrl Pts',(18.0629177378791,40.5941234401261,17.9373349192269));
#8926=CARTESIAN_POINT('Ctrl Pts',(18.7323025044935,41.0754918259288,17.9385587043296));
#8927=CARTESIAN_POINT('Ctrl Pts',(19.3881862216416,41.5750539148478,17.9398287861581));
#8928=CARTESIAN_POINT('Ctrl Pts',(20.030073729957,42.0924306182007,17.9411442056337));
#8929=CARTESIAN_POINT('Ctrl Pts',(20.8666027067687,42.8054796481636,17.9429571834271));
#8930=CARTESIAN_POINT('Ctrl Pts',(21.8748781500556,43.7393293051005,17.9453316933843));
#8931=CARTESIAN_POINT('Ctrl Pts',(22.7347680624624,44.6283390863089,17.9475923676342));
#8932=CARTESIAN_POINT('Ctrl Pts',(23.2871180009628,45.240099279428,17.9491481031566));
#8933=CARTESIAN_POINT('Ctrl Pts',(23.6496920103154,45.6529327608539,17.9501979806928));
#8934=CARTESIAN_POINT('Ctrl Pts',(24.2691901800944,46.3883220486338,17.9520682100699));
#8935=CARTESIAN_POINT('Ctrl Pts',(24.942130672872,47.257435544175,17.9542786681735));
#8936=CARTESIAN_POINT('Ctrl Pts',(25.7375646533159,48.3771601541341,17.9571267146995));
#8937=CARTESIAN_POINT('Ctrl Pts',(26.3366041621512,49.2985854523413,17.959470544402));
#8938=CARTESIAN_POINT('Ctrl Pts',(27.0370823552972,50.4798104598751,17.9624754460927));
#8939=CARTESIAN_POINT('Ctrl Pts',(27.6884433900783,51.6891014159255,17.9655519689504));
#8940=CARTESIAN_POINT('Ctrl Pts',(28.3891847558783,53.1808563156318,17.9693474839954));
#8941=CARTESIAN_POINT('Ctrl Pts',(28.8525101079139,54.3267565748231,17.9722633334577));
#8942=CARTESIAN_POINT('Ctrl Pts',(29.1348810241195,55.1005164216044,17.9742323685856));
#8943=CARTESIAN_POINT('Ctrl Pts',(29.3160158856099,55.6188502961689,17.9755514403431));
#8944=CARTESIAN_POINT('Ctrl Pts',(29.6142629502142,56.5322727728595,17.9778760385177));
#8945=CARTESIAN_POINT('Ctrl Pts',(29.9119239662779,57.5895846326327,17.9805670424347));
#8946=CARTESIAN_POINT('Ctrl Pts',(30.229169536053,58.9249326981267,17.9839659670618));
#8947=CARTESIAN_POINT('Ctrl Pts',(30.4388245426983,60.0029667624857,17.9867101645574));
#8948=CARTESIAN_POINT('Ctrl Pts',(30.6451368811002,61.3596570420153,17.9901639868861));
#8949=CARTESIAN_POINT('Ctrl Pts',(30.765408951388,62.4510980569809,17.9929427782226));
#8950=CARTESIAN_POINT('Ctrl Pts',(30.8406396149792,63.5461933634449,17.9957311091388));
#8951=CARTESIAN_POINT('Ctrl Pts',(30.868863707754,64.2316099122689,17.9974764146167));
#8952=CARTESIAN_POINT('Ctrl Pts',(30.8787425607815,64.7116556094023,17.9986988272731));
#8953=CARTESIAN_POINT('Ctrl Pts',(30.8812123785093,64.9517045854204,17.9993101130601));
#8954=CARTESIAN_POINT('Ctrl Pts',(30.8819180287677,65.0888802717426,17.9996594352586));
#8955=CARTESIAN_POINT('Ctrl Pts',(30.8820356408441,65.157468920995,17.9998340996369));
#8956=CARTESIAN_POINT('Ctrl Pts',(30.8820356408441,65.1917632457001,17.9999214321362));
#8957=CARTESIAN_POINT('Ctrl Pts',(4.53076006082377,23.4866522869701,17.9238939618349));
#8958=CARTESIAN_POINT('Ctrl Pts',(4.53325726694375,23.4868707644479,17.9238939618349));
#8959=CARTESIAN_POINT('Ctrl Pts',(4.53575446387864,23.4870893473189,17.9238941611802));
#8960=CARTESIAN_POINT('Ctrl Pts',(4.92041970475048,23.5207760863419,17.9239555752354));
#8961=CARTESIAN_POINT('Ctrl Pts',(5.68383518649013,23.5982075612353,17.9240967398366));
#8962=CARTESIAN_POINT('Ctrl Pts',(6.8253371313347,23.7457534133895,17.924365729343));
#8963=CARTESIAN_POINT('Ctrl Pts',(7.96235309631356,23.9245859737388,17.9246917571767));
#8964=CARTESIAN_POINT('Ctrl Pts',(9.09402493868652,24.1345698363293,17.9250745764676));
#8965=CARTESIAN_POINT('Ctrl Pts',(10.2194985774636,24.3755460699783,17.9255138973443));
#8966=CARTESIAN_POINT('Ctrl Pts',(11.3379246536972,24.6473322631808,17.9260093871666));
#8967=CARTESIAN_POINT('Ctrl Pts',(12.4484591717187,24.9497227047342,17.9265606707778));
#8968=CARTESIAN_POINT('Ctrl Pts',(13.5502641434873,25.2824885209332,17.9271673307957));
#8969=CARTESIAN_POINT('Ctrl Pts',(14.6425082249205,25.6453778627436,17.9278289079333));
#8970=CARTESIAN_POINT('Ctrl Pts',(15.7243673481865,26.0381160942862,17.9285449013532));
#8971=CARTESIAN_POINT('Ctrl Pts',(16.7950253484803,26.4604060060001,17.929314769053));
#8972=CARTESIAN_POINT('Ctrl Pts',(17.8536745827098,26.9119280441584,17.9301379282837));
#8973=CARTESIAN_POINT('Ctrl Pts',(18.8995165462969,27.3923405526241,17.9310137559957));
#8974=CARTESIAN_POINT('Ctrl Pts',(19.9317624723094,27.9012800445216,17.9319415893241));
#8975=CARTESIAN_POINT('Ctrl Pts',(20.9496339446569,28.438361463568,17.9329207260873));
#8976=CARTESIAN_POINT('Ctrl Pts',(21.9523634591641,29.0031785157981,17.9339504253519));
#8977=CARTESIAN_POINT('Ctrl Pts',(22.9391950644574,29.5953039106255,17.9350299079472));
#8978=CARTESIAN_POINT('Ctrl Pts',(23.9093848167018,30.2142898310145,17.936158357189));
#8979=CARTESIAN_POINT('Ctrl Pts',(24.8622015808046,30.859667991612,17.9373349192269));
#8980=CARTESIAN_POINT('Ctrl Pts',(25.7969271024105,31.5309505768175,17.9385587043296));
#8981=CARTESIAN_POINT('Ctrl Pts',(26.7128575339084,32.2276294362103,17.9398287861581));
#8982=CARTESIAN_POINT('Ctrl Pts',(27.6093019488303,32.9491788863594,17.9411442056337));
#8983=CARTESIAN_POINT('Ctrl Pts',(28.777660015751,33.9436565454727,17.9429571834271));
#8984=CARTESIAN_POINT('Ctrl Pts',(30.186050125484,35.2461569986797,17.9453316933843));
#8985=CARTESIAN_POINT('Ctrl Pts',(31.3873692559478,36.4862198425921,17.9475923676342));
#8986=CARTESIAN_POINT('Ctrl Pts',(32.1591230640962,37.339600418005,17.9491481031566));
#8987=CARTESIAN_POINT('Ctrl Pts',(32.6657422117333,37.9154992196531,17.9501979806928));
#8988=CARTESIAN_POINT('Ctrl Pts',(33.5314221886687,38.9413942161558,17.9520682100699));
#8989=CARTESIAN_POINT('Ctrl Pts',(34.4719296479109,40.1539230240022,17.9542786681735));
#8990=CARTESIAN_POINT('Ctrl Pts',(35.5838276259862,41.7162011208308,17.9571267146995));
#8991=CARTESIAN_POINT('Ctrl Pts',(36.4213556488291,43.0018991378566,17.959470544402));
#8992=CARTESIAN_POINT('Ctrl Pts',(37.4009142523719,44.6502319934103,17.9624754460927));
#8993=CARTESIAN_POINT('Ctrl Pts',(38.3120051372831,46.3378589049532,17.9655519689504));
#8994=CARTESIAN_POINT('Ctrl Pts',(39.2925293473083,48.4199007569004,17.9693474839954));
#8995=CARTESIAN_POINT('Ctrl Pts',(39.9411383332278,50.0194079790391,17.9722633334577));
#8996=CARTESIAN_POINT('Ctrl Pts',(40.3365621195773,51.0995385609477,17.9742323685856));
#8997=CARTESIAN_POINT('Ctrl Pts',(40.5902565002774,51.8231272638829,17.9755514403431));
#8998=CARTESIAN_POINT('Ctrl Pts',(41.0080809455404,53.0983092403603,17.9778760385177));
#8999=CARTESIAN_POINT('Ctrl Pts',(41.4253317555262,54.5744934779915,17.9805670424347));
#9000=CARTESIAN_POINT('Ctrl Pts',(41.8703793266403,56.4390249163074,17.9839659670618));
#9001=CARTESIAN_POINT('Ctrl Pts',(42.1648103740563,57.9444026731591,17.9867101645574));
#9002=CARTESIAN_POINT('Ctrl Pts',(42.455013221663,59.839066467513,17.9901639868861));
#9003=CARTESIAN_POINT('Ctrl Pts',(42.6246591852678,61.3634352761608,17.9929427782226));
#9004=CARTESIAN_POINT('Ctrl Pts',(42.7314041450532,62.8930446112743,17.9957311091388));
#9005=CARTESIAN_POINT('Ctrl Pts',(42.7718703889866,63.8504788272724,17.9974764146167));
#9006=CARTESIAN_POINT('Ctrl Pts',(42.7863981817615,64.5210678328269,17.9986988272731));
#9007=CARTESIAN_POINT('Ctrl Pts',(42.7902126727365,64.8564062534828,17.9993101130601));
#9008=CARTESIAN_POINT('Ctrl Pts',(42.7914063399557,65.0480371559692,17.9996594352586));
#9009=CARTESIAN_POINT('Ctrl Pts',(42.7916747369017,65.1438544215315,17.9998340996369));
#9010=CARTESIAN_POINT('Ctrl Pts',(42.791726710219,65.1917632450578,17.9999214321362));
#9011=CARTESIAN_POINT('Ctrl Pts',(5.56481219837368,11.6673822709925,17.9238939618349));
#9012=CARTESIAN_POINT('Ctrl Pts',(5.56801711527636,11.6676626646372,17.9238939618349));
#9013=CARTESIAN_POINT('Ctrl Pts',(5.57122202759428,11.6679431102729,17.9238941611802));
#9014=CARTESIAN_POINT('Ctrl Pts',(6.06490406764907,11.7111506545924,17.9239555752354));
#9015=CARTESIAN_POINT('Ctrl Pts',(7.0446789554786,11.8104663344401,17.9240967398366));
#9016=CARTESIAN_POINT('Ctrl Pts',(8.50970212335142,11.999713473521,17.924365729343));
#9017=CARTESIAN_POINT('Ctrl Pts',(9.96897832993519,12.2290909927246,17.9246917571767));
#9018=CARTESIAN_POINT('Ctrl Pts',(11.4214081351728,12.4984259208907,17.9250745764676));
#9019=CARTESIAN_POINT('Ctrl Pts',(12.8658972754357,12.8075150920728,17.9255138973443));
#9020=CARTESIAN_POINT('Ctrl Pts',(14.3013574884769,13.1561253881503,17.9260093871666));
#9021=CARTESIAN_POINT('Ctrl Pts',(15.726707337463,13.5439938708082,17.9265606707778));
#9022=CARTESIAN_POINT('Ctrl Pts',(17.1408730269757,13.9708280044121,17.9271673307957));
#9023=CARTESIAN_POINT('Ctrl Pts',(18.5427892150093,14.4363058660327,17.9278289079333));
#9024=CARTESIAN_POINT('Ctrl Pts',(19.9313998179228,14.9400763959097,17.9285449013532));
#9025=CARTESIAN_POINT('Ctrl Pts',(21.3056588074293,15.4817596610204,17.929314769053));
#9026=CARTESIAN_POINT('Ctrl Pts',(22.664531002199,16.0609471442865,17.9301379282837));
#9027=CARTESIAN_POINT('Ctrl Pts',(24.0069928474303,16.6772020552455,17.9310137559957));
#9028=CARTESIAN_POINT('Ctrl Pts',(25.3320331907277,17.3300596593162,17.9319415893241));
#9029=CARTESIAN_POINT('Ctrl Pts',(26.6386540420488,18.0190276340205,17.9329207260873));
#9030=CARTESIAN_POINT('Ctrl Pts',(27.9258713297452,18.7435864381719,17.9339504253519));
#9031=CARTESIAN_POINT('Ctrl Pts',(29.1927156453621,19.5031897070744,17.9350299079472));
#9032=CARTESIAN_POINT('Ctrl Pts',(30.4382329566093,20.2972646814864,17.936158357189));
#9033=CARTESIAN_POINT('Ctrl Pts',(31.6614853935101,21.1252125762679,17.9373349192269));
#9034=CARTESIAN_POINT('Ctrl Pts',(32.8615517603059,21.9864092441877,17.9385587043296));
#9035=CARTESIAN_POINT('Ctrl Pts',(34.0375287590233,22.8802050618834,17.9398287861581));
#9036=CARTESIAN_POINT('Ctrl Pts',(35.1885303060197,23.8059269627295,17.9411442056337));
#9037=CARTESIAN_POINT('Ctrl Pts',(36.6887171511928,25.0818336633083,17.9429571834271));
#9038=CARTESIAN_POINT('Ctrl Pts',(38.4972219462026,26.752984829905,17.9453316933843));
#9039=CARTESIAN_POINT('Ctrl Pts',(40.0399703030656,28.3441007774728,17.9475923676342));
#9040=CARTESIAN_POINT('Ctrl Pts',(41.0311281723735,29.4391015025775,17.9491481031566));
#9041=CARTESIAN_POINT('Ctrl Pts',(41.6817930157821,30.1780652426115,17.9501979806928));
#9042=CARTESIAN_POINT('Ctrl Pts',(42.7936534288936,31.4944669373545,17.9520682100699));
#9043=CARTESIAN_POINT('Ctrl Pts',(44.0017290066215,33.0504102893511,17.9542786681735));
#9044=CARTESIAN_POINT('Ctrl Pts',(45.4300902725079,35.055242253967,17.9571267146995));
#9045=CARTESIAN_POINT('Ctrl Pts',(46.5061070193276,36.7052129397556,17.959470544402));
#9046=CARTESIAN_POINT('Ctrl Pts',(47.7647462860774,38.8206533686081,17.9624754460927));
#9047=CARTESIAN_POINT('Ctrl Pts',(48.9355664431414,40.9866166768743,17.9655519689504));
#9048=CARTESIAN_POINT('Ctrl Pts',(50.1958740626665,43.658945058043,17.9693474839954));
#9049=CARTESIAN_POINT('Ctrl Pts',(51.0297659426731,45.7120597483572,17.9722633334577));
#9050=CARTESIAN_POINT('Ctrl Pts',(51.5382434566418,47.0985605498699,17.9742323685856));
#9051=CARTESIAN_POINT('Ctrl Pts',(51.8644977589399,48.0274040935833,17.9755514403431));
#9052=CARTESIAN_POINT('Ctrl Pts',(52.4018981407472,49.6643458595193,17.9778760385177));
#9053=CARTESIAN_POINT('Ctrl Pts',(52.9387398859777,51.5594023021271,17.9805670424347));
#9054=CARTESIAN_POINT('Ctrl Pts',(53.5115888043477,53.9531171379805,17.9839659670618));
#9055=CARTESIAN_POINT('Ctrl Pts',(53.8907958216971,55.885838710081,17.9867101645574));
#9056=CARTESIAN_POINT('Ctrl Pts',(54.2648898701513,58.3184757687197,17.9901639868861));
#9057=CARTESIAN_POINT('Ctrl Pts',(54.4839082642243,60.2757727040324,17.9929427782226));
#9058=CARTESIAN_POINT('Ctrl Pts',(54.6221695149519,62.2398957070266,17.9957311091388));
#9059=CARTESIAN_POINT('Ctrl Pts',(54.6748763492458,63.4693478611274,17.9974764146167));
#9060=CARTESIAN_POINT('Ctrl Pts',(54.6940542321676,64.3304799870625,17.9986988272731));
#9061=CARTESIAN_POINT('Ctrl Pts',(54.6992127368718,64.7611079580638,17.9993101130601));
#9062=CARTESIAN_POINT('Ctrl Pts',(54.7008948062539,65.0071940155666,17.9996594352586));
#9063=CARTESIAN_POINT('Ctrl Pts',(54.701313736833,65.1302399372646,17.9998340996369));
#9064=CARTESIAN_POINT('Ctrl Pts',(54.7014177795939,65.1917632444156,17.9999214321362));
#9065=CARTESIAN_POINT('Ctrl Pts',(6.59886433592358,-0.151887744985095,17.9238939618349));
#9066=CARTESIAN_POINT('Ctrl Pts',(6.60277696350495,-0.151545434427126,17.9238939618349));
#9067=CARTESIAN_POINT('Ctrl Pts',(6.60668959137796,-0.151203127213495,17.9238941611802));
#9068=CARTESIAN_POINT('Ctrl Pts',(7.2093884366658,-0.0984748517848341,17.9239555752354));
#9069=CARTESIAN_POINT('Ctrl Pts',(8.40552272360645,0.022725120202788,17.9240967398366));
#9070=CARTESIAN_POINT('Ctrl Pts',(10.1940671180288,0.253673501431664,17.924365729343));
#9071=CARTESIAN_POINT('Ctrl Pts',(11.9756035639772,0.533596006590191,17.9246917571767));
#9072=CARTESIAN_POINT('Ctrl Pts',(13.7487913328434,0.862281990767627,17.9250745764676));
#9073=CARTESIAN_POINT('Ctrl Pts',(15.5122959738347,1.23948410815345,17.9255138973443));
#9074=CARTESIAN_POINT('Ctrl Pts',(17.2647903237743,1.66491850554043,17.9260093871666));
#9075=CARTESIAN_POINT('Ctrl Pts',(19.0049555034369,2.13826503257607,17.9265606707778));
#9076=CARTESIAN_POINT('Ctrl Pts',(20.7314819105601,2.65916748399177,17.9271673307957));
#9077=CARTESIAN_POINT('Ctrl Pts',(22.4430702051297,3.22723386686987,17.9278289079333));
#9078=CARTESIAN_POINT('Ctrl Pts',(24.1384322873344,3.84203669608357,17.9285449013532));
#9079=CARTESIAN_POINT('Ctrl Pts',(25.8162922663262,4.50311331508274,17.929314769053));
#9080=CARTESIAN_POINT('Ctrl Pts',(27.4753874206633,5.20996624526012,17.9301379282837));
#9081=CARTESIAN_POINT('Ctrl Pts',(29.1144691488504,5.96206355773749,17.9310137559957));
#9082=CARTESIAN_POINT('Ctrl Pts',(30.7323039064454,6.75883927834576,17.9319415893241));
#9083=CARTESIAN_POINT('Ctrl Pts',(32.3276741415523,7.59969380335517,17.9329207260873));
#9084=CARTESIAN_POINT('Ctrl Pts',(33.8993791928933,8.48399437217341,17.9339504253519));
#9085=CARTESIAN_POINT('Ctrl Pts',(35.4462362350998,9.41107549550004,17.9350299079472));
#9086=CARTESIAN_POINT('Ctrl Pts',(36.967081075197,10.3802395630678,17.936158357189));
#9087=CARTESIAN_POINT('Ctrl Pts',(38.4607692364356,11.3907571277538,17.9373349192269));
#9088=CARTESIAN_POINT('Ctrl Pts',(39.9261763582228,12.4418679950765,17.9385587043296));
#9089=CARTESIAN_POINT('Ctrl Pts',(41.36220007129,13.5327805832459,17.9398287861581));
#9090=CARTESIAN_POINT('Ctrl Pts',(42.767758524893,14.6626752308883,17.9411442056337));
#9091=CARTESIAN_POINT('Ctrl Pts',(44.5997744601751,16.2200105606174,17.9429571834271));
#9092=CARTESIAN_POINT('Ctrl Pts',(46.808393921631,18.2598125234842,17.9453316933843));
#9093=CARTESIAN_POINT('Ctrl Pts',(48.692571496551,20.201981533756,17.9475923676342));
#9094=CARTESIAN_POINT('Ctrl Pts',(49.9031332355069,21.5386026411545,17.9491481031566));
#9095=CARTESIAN_POINT('Ctrl Pts',(50.6978432172,22.4406317014107,17.9501979806928));
#9096=CARTESIAN_POINT('Ctrl Pts',(52.0558854374678,24.0475391048765,17.9520682100699));
#9097=CARTESIAN_POINT('Ctrl Pts',(53.5315279816604,25.9468977691782,17.9542786681735));
#9098=CARTESIAN_POINT('Ctrl Pts',(55.2763532451782,28.3942832206637,17.9571267146995));
#9099=CARTESIAN_POINT('Ctrl Pts',(56.5908585060056,30.4085266252709,17.959470544402));
#9100=CARTESIAN_POINT('Ctrl Pts',(58.1285781831521,32.9910749021434,17.9624754460927));
#9101=CARTESIAN_POINT('Ctrl Pts',(59.5591281903462,35.6353741659019,17.9655519689504));
#9102=CARTESIAN_POINT('Ctrl Pts',(61.0992186540965,38.8979894993116,17.9693474839954));
#9103=CARTESIAN_POINT('Ctrl Pts',(62.118394167987,41.4047111525732,17.9722633334577));
#9104=CARTESIAN_POINT('Ctrl Pts',(62.7399245520997,43.0975826892131,17.9742323685856));
#9105=CARTESIAN_POINT('Ctrl Pts',(63.1387383736074,44.2316810612973,17.9755514403431));
#9106=CARTESIAN_POINT('Ctrl Pts',(63.7957161360734,46.2303823270201,17.9778760385177));
#9107=CARTESIAN_POINT('Ctrl Pts',(64.452147675226,48.5443111474859,17.9805670424347));
#9108=CARTESIAN_POINT('Ctrl Pts',(65.1527985949349,51.4672093561612,17.9839659670618));
#9109=CARTESIAN_POINT('Ctrl Pts',(65.6167816530551,53.8272746207544,17.9867101645574));
#9110=CARTESIAN_POINT('Ctrl Pts',(66.0747662107141,56.7978851942174,17.9901639868861));
#9111=CARTESIAN_POINT('Ctrl Pts',(66.3431584981042,59.1881099232123,17.9929427782226));
#9112=CARTESIAN_POINT('Ctrl Pts',(66.5129340450258,61.586746954856,17.9957311091388));
#9113=CARTESIAN_POINT('Ctrl Pts',(66.5778830304784,63.0882167761309,17.9974764146167));
#9114=CARTESIAN_POINT('Ctrl Pts',(66.6017098531477,64.1398922104871,17.9986988272731));
#9115=CARTESIAN_POINT('Ctrl Pts',(66.608213031099,64.6658096261261,17.9993101130601));
#9116=CARTESIAN_POINT('Ctrl Pts',(66.6103831174419,64.9663508997932,17.9996594352586));
#9117=CARTESIAN_POINT('Ctrl Pts',(66.6109528328906,65.1166254378011,17.9998340996369));
#9118=CARTESIAN_POINT('Ctrl Pts',(66.6111088489688,65.1917632437733,17.9999214321362));
#9119=CARTESIAN_POINT('',(6.53555103244514,0.571786625234099,17.9238939618349));
#9120=CARTESIAN_POINT('Ctrl Pts',(6.01327593413797,6.54141831531484,17.9238939618349));
#9121=CARTESIAN_POINT('Ctrl Pts',(6.1873676335737,4.55154108528793,17.9238939618349));
#9122=CARTESIAN_POINT('Ctrl Pts',(6.36145933300942,2.56166385526102,17.9238939618349));
#9123=CARTESIAN_POINT('Ctrl Pts',(6.53555103244514,0.571786625234107,17.9238939618349));
#9124=CARTESIAN_POINT('Ctrl Pts',(6.53555103244514,0.571786625234103,17.9238939618349));
#9125=CARTESIAN_POINT('Ctrl Pts',(6.55665546693795,0.330561835161037,17.9238939618349));
#9126=CARTESIAN_POINT('Ctrl Pts',(6.57775990143077,0.0893370450879708,17.9238939618349));
#9127=CARTESIAN_POINT('Ctrl Pts',(6.59886433592358,-0.151887744985095,17.9238939618349));
#9128=CARTESIAN_POINT('Ctrl Pts',(10.2673302317591,1.00659371697136,17.9244054533844));
#9129=CARTESIAN_POINT('Ctrl Pts',(10.7963485955875,1.08378720346564,17.9244963665926));
#9130=CARTESIAN_POINT('Ctrl Pts',(11.9115413725028,1.26059151280412,17.9247045939112));
#9131=CARTESIAN_POINT('Ctrl Pts',(13.6062895059507,1.57474385337119,17.9250745764676));
#9132=CARTESIAN_POINT('Ctrl Pts',(15.3502613550454,1.94777552763703,17.9255138973443));
#9133=CARTESIAN_POINT('Ctrl Pts',(17.0833442287224,2.36850611226057,17.9260093871666));
#9134=CARTESIAN_POINT('Ctrl Pts',(18.8042337859601,2.83661895990642,17.9265606707778));
#9135=CARTESIAN_POINT('Ctrl Pts',(20.5116348625599,3.35176176368297,17.9271673307957));
#9136=CARTESIAN_POINT('Ctrl Pts',(22.2042624458191,3.91354682094694,17.9278289079333));
#9137=CARTESIAN_POINT('Ctrl Pts',(23.8808426418925,4.5215513259686,17.9285449013532));
#9138=CARTESIAN_POINT('Ctrl Pts',(25.540113634038,5.17531768722261,17.929314769053));
#9139=CARTESIAN_POINT('Ctrl Pts',(27.1808266327165,5.87435387307136,17.9301379282837));
#9140=CARTESIAN_POINT('Ctrl Pts',(28.8017468156742,6.61813377979954,17.9310137559957));
#9141=CARTESIAN_POINT('Ctrl Pts',(30.4016542551585,7.40609763198073,17.9319415893241));
#9142=CARTESIAN_POINT('Ctrl Pts',(31.9793448426974,8.23765239452036,17.9329207260873));
#9143=CARTESIAN_POINT('Ctrl Pts',(33.5336311784112,9.11217223909751,17.9339504253519));
#9144=CARTESIAN_POINT('Ctrl Pts',(35.0633435041456,10.0289989701522,17.9350299079472));
#9145=CARTESIAN_POINT('Ctrl Pts',(36.5673304946282,10.9874426219514,17.936158357189));
#9146=CARTESIAN_POINT('Ctrl Pts',(38.0444603234589,11.9867817473897,17.9373349192269));
#9147=CARTESIAN_POINT('Ctrl Pts',(39.4936210692164,13.0262644822844,17.9385587043296));
#9148=CARTESIAN_POINT('Ctrl Pts',(40.9137225519058,14.1051079361269,17.9398287861581));
#9149=CARTESIAN_POINT('Ctrl Pts',(42.3036949065273,15.2225014242695,17.9411442056337));
#9150=CARTESIAN_POINT('Ctrl Pts',(44.1153934953965,16.7626053436244,17.9429571834271));
#9151=CARTESIAN_POINT('Ctrl Pts',(46.2995145970435,18.7798354275805,17.9453316933843));
#9152=CARTESIAN_POINT('Ctrl Pts',(48.1627870251871,20.7005100389327,17.9475923676342));
#9153=CARTESIAN_POINT('Ctrl Pts',(49.3599150275615,22.0223371299187,17.9491481031566));
#9154=CARTESIAN_POINT('Ctrl Pts',(50.1458053628033,22.9143819705747,17.9501979806928));
#9155=CARTESIAN_POINT('Ctrl Pts',(51.4887742795559,24.5035021883736,17.9520682100699));
#9156=CARTESIAN_POINT('Ctrl Pts',(52.9480341391605,26.3818341015876,17.9542786681735));
#9157=CARTESIAN_POINT('Ctrl Pts',(54.6734828359757,28.8021227339789,17.9571267146995));
#9158=CARTESIAN_POINT('Ctrl Pts',(55.9733858389643,30.7940623220819,17.959470544402));
#9159=CARTESIAN_POINT('Ctrl Pts',(57.4940178834868,33.3480103577143,17.9624754460927));
#9160=CARTESIAN_POINT('Ctrl Pts',(58.9086650619067,35.9630219008857,17.9655519689504));
#9161=CARTESIAN_POINT('Ctrl Pts',(60.4316248837854,39.189494940256,17.9693474839954));
#9162=CARTESIAN_POINT('Ctrl Pts',(61.43945578789,41.6684429881972,17.9722633334577));
#9163=CARTESIAN_POINT('Ctrl Pts',(62.0540641305412,43.3425559516777,17.9742323685856));
#9164=CARTESIAN_POINT('Ctrl Pts',(62.4484352521057,44.4640869098153,17.9755514403431));
#9165=CARTESIAN_POINT('Ctrl Pts',(63.0980914909509,46.440638238863,17.9778760385177));
#9166=CARTESIAN_POINT('Ctrl Pts',(63.7472007432523,48.728920196086,17.9805670424347));
#9167=CARTESIAN_POINT('Ctrl Pts',(64.4400265584347,51.6194173813564,17.9839659670618));
#9168=CARTESIAN_POINT('Ctrl Pts',(64.898818919769,53.9533170977472,17.9867101645574));
#9169=CARTESIAN_POINT('Ctrl Pts',(65.3516669993367,56.8909884422765,17.9901639868861));
#9170=CARTESIAN_POINT('Ctrl Pts',(65.6170362066388,59.2547057175225,17.9929427782226));
#9171=CARTESIAN_POINT('Ctrl Pts',(65.7848821828272,61.6267381737268,17.9957311091388));
#9172=CARTESIAN_POINT('Ctrl Pts',(65.8490816035199,63.1115528024507,17.9974764146167));
#9173=CARTESIAN_POINT('Ctrl Pts',(65.8726237778734,64.1515615851614,17.9986988272731));
#9174=CARTESIAN_POINT('Ctrl Pts',(65.879044624517,64.671644585453,17.9993101130601));
#9175=CARTESIAN_POINT('Ctrl Pts',(65.8811848299131,64.9688516563039,17.9996594352586));
#9176=CARTESIAN_POINT('Ctrl Pts',(65.8817453133631,65.1174590310848,17.9998340996369));
#9177=CARTESIAN_POINT('Ctrl Pts',(65.8818981470825,65.1917632438127,17.9999214321362));
#9178=CARTESIAN_POINT('Ctrl Pts',(3.49670792327386,35.3059223029477,17.9238939618349));
#9179=CARTESIAN_POINT('Ctrl Pts',(3.49849741871515,35.3060788635123,17.9238939618349));
#9180=CARTESIAN_POINT('Ctrl Pts',(3.50028690009501,35.3062355848048,17.9238941611802));
#9181=CARTESIAN_POINT('Ctrl Pts',(3.77593533571989,35.3304015928672,17.9239555752359));
#9182=CARTESIAN_POINT('Ctrl Pts',(4.32299141827072,35.3859487764273,17.9240967398391));
#9183=CARTESIAN_POINT('Ctrl Pts',(5.14097213652737,35.4917933868005,17.9243657293463));
#9184=CARTESIAN_POINT('Ctrl Pts',(5.95572786210204,35.6200809615508,17.9246917571809));
#9185=CARTESIAN_POINT('Ctrl Pts',(6.76664174082955,35.7707137682174,17.925074576472));
#9186=CARTESIAN_POINT('Ctrl Pts',(7.57309987886603,35.9435770556727,17.9255138973488));
#9187=CARTESIAN_POINT('Ctrl Pts',(8.37449181819533,36.1385391474708,17.9260093871709));
#9188=CARTESIAN_POINT('Ctrl Pts',(9.17021100553493,36.3554515445029,17.9265606707817));
#9189=CARTESIAN_POINT('Ctrl Pts',(9.95965525968626,36.5941490427057,17.9271673307991));
#9190=CARTESIAN_POINT('Ctrl Pts',(10.7422272345721,36.854449863055,17.9278289079361));
#9191=CARTESIAN_POINT('Ctrl Pts',(11.5173348785283,37.1361557950476,17.9285449013556));
#9192=CARTESIAN_POINT('Ctrl Pts',(12.2843918893076,37.4390523526617,17.9293147690548));
#9193=CARTESIAN_POINT('Ctrl Pts',(13.0428181639274,37.7629089437064,17.930137928285));
#9194=CARTESIAN_POINT('Ctrl Pts',(13.7920402444972,38.1074790504714,17.9310137559965));
#9195=CARTESIAN_POINT('Ctrl Pts',(14.5314917561302,38.4725004256734,17.9319415893246));
#9196=CARTESIAN_POINT('Ctrl Pts',(15.260613844576,38.8576952943009,17.9329207260875));
#9197=CARTESIAN_POINT('Ctrl Pts',(15.9788555952961,39.2627705817893,17.9339504253519));
#9198=CARTESIAN_POINT('Ctrl Pts',(16.6856744737907,39.6874181222104,17.9350299079473));
#9199=CARTESIAN_POINT('Ctrl Pts',(17.3805366969567,40.1313149495027,17.9361583571892));
#9200=CARTESIAN_POINT('Ctrl Pts',(18.0629177363442,40.5941234404684,17.9373349192278));
#9201=CARTESIAN_POINT('Ctrl Pts',(18.7323025026274,41.0754918265201,17.9385587043311));
#9202=CARTESIAN_POINT('Ctrl Pts',(19.3881862190777,41.5750539162234,17.9398287861616));
#9203=CARTESIAN_POINT('Ctrl Pts',(20.0300737269608,42.0924306200563,17.9411442056385));
#9204=CARTESIAN_POINT('Ctrl Pts',(20.8666027022001,42.8054796522582,17.9429571834375));
#9205=CARTESIAN_POINT('Ctrl Pts',(21.8748781409478,43.739329315097,17.9453316934097));
#9206=CARTESIAN_POINT('Ctrl Pts',(22.7347680639524,44.6283390867616,17.9475923676353));
#9207=CARTESIAN_POINT('Ctrl Pts',(23.2871180040445,45.2400992784687,17.9491481031542));
#9208=CARTESIAN_POINT('Ctrl Pts',(23.6496920139841,45.6529327592814,17.9501979806888));
#9209=CARTESIAN_POINT('Ctrl Pts',(24.269190178767,46.3883220503388,17.9520682100742));
#9210=CARTESIAN_POINT('Ctrl Pts',(24.942130663858,47.2574355490851,17.954278668186));
#9211=CARTESIAN_POINT('Ctrl Pts',(25.7375646409435,48.37716016035,17.9571267147154));
#9212=CARTESIAN_POINT('Ctrl Pts',(26.3366041435476,49.2985854605106,17.959470544423));
#9213=CARTESIAN_POINT('Ctrl Pts',(27.0370823370605,50.4798104669825,17.962475446111));
#9214=CARTESIAN_POINT('Ctrl Pts',(27.6884433660847,51.6891014260898,17.9655519689765));
#9215=CARTESIAN_POINT('Ctrl Pts',(28.3891847349028,53.1808563242119,17.9693474840176));
#9216=CARTESIAN_POINT('Ctrl Pts',(28.8525101022396,54.3267565773016,17.9722633334641));
#9217=CARTESIAN_POINT('Ctrl Pts',(29.1348810222354,55.1005164223372,17.9742323685875));
#9218=CARTESIAN_POINT('Ctrl Pts',(29.3160158844923,55.6188502965815,17.9755514403442));
#9219=CARTESIAN_POINT('Ctrl Pts',(29.61426294376,56.5322727741017,17.977876038521));
#9220=CARTESIAN_POINT('Ctrl Pts',(29.9119239510039,57.5895846348476,17.9805670424405));
#9221=CARTESIAN_POINT('Ctrl Pts',(30.2291695168956,58.9249327004652,17.9839659670681));
#9222=CARTESIAN_POINT('Ctrl Pts',(30.4388245192519,60.0029667652698,17.9867101645648));
#9223=CARTESIAN_POINT('Ctrl Pts',(30.6451368597551,61.359657043921,17.9901639868913));
#9224=CARTESIAN_POINT('Ctrl Pts',(30.7654089372652,62.451098058388,17.9929427782264));
#9225=CARTESIAN_POINT('Ctrl Pts',(30.8406396100975,63.5461933637581,17.9957311091397));
#9226=CARTESIAN_POINT('Ctrl Pts',(30.8688637055206,64.2316099124726,17.9974764146172));
#9227=CARTESIAN_POINT('Ctrl Pts',(30.8787425603859,64.7116556094278,17.9986988272732));
#9228=CARTESIAN_POINT('Ctrl Pts',(30.8812123783568,64.9517045854332,17.9993101130602));
#9229=CARTESIAN_POINT('Ctrl Pts',(30.8819180287067,65.0888802717469,17.9996594352586));
#9230=CARTESIAN_POINT('Ctrl Pts',(30.8820356408441,65.157468920995,17.9998340996369));
#9231=CARTESIAN_POINT('Ctrl Pts',(30.8820356408441,65.1917632457001,17.9999214321362));
#9232=CARTESIAN_POINT('Ctrl Pts',(3.49670792327386,35.3059223029477,-2.));
#9233=CARTESIAN_POINT('Ctrl Pts',(3.49849741871515,35.3060788635123,-2.));
#9234=CARTESIAN_POINT('Ctrl Pts',(3.50028690009501,35.3062355848048,-2.));
#9235=CARTESIAN_POINT('Ctrl Pts',(3.77593533571989,35.3304015928672,-2.00000000000002));
#9236=CARTESIAN_POINT('Ctrl Pts',(4.32299141827072,35.3859487764273,-2.));
#9237=CARTESIAN_POINT('Ctrl Pts',(5.14097213652737,35.4917933868005,-2.00000000000001));
#9238=CARTESIAN_POINT('Ctrl Pts',(5.95572786210204,35.6200809615508,-2.00000000000001));
#9239=CARTESIAN_POINT('Ctrl Pts',(6.76664174082955,35.7707137682174,-2.));
#9240=CARTESIAN_POINT('Ctrl Pts',(7.57309987886603,35.9435770556727,-2.));
#9241=CARTESIAN_POINT('Ctrl Pts',(8.37449181819533,36.1385391474708,-2.));
#9242=CARTESIAN_POINT('Ctrl Pts',(9.17021100553493,36.3554515445029,-2.));
#9243=CARTESIAN_POINT('Ctrl Pts',(9.95965525968626,36.5941490427057,-2.));
#9244=CARTESIAN_POINT('Ctrl Pts',(10.7422272345721,36.854449863055,-2.));
#9245=CARTESIAN_POINT('Ctrl Pts',(11.5173348785283,37.1361557950476,-2.));
#9246=CARTESIAN_POINT('Ctrl Pts',(12.2843918893076,37.4390523526617,-2.));
#9247=CARTESIAN_POINT('Ctrl Pts',(13.0428181639274,37.7629089437064,-2.));
#9248=CARTESIAN_POINT('Ctrl Pts',(13.7920402444972,38.1074790504714,-2.));
#9249=CARTESIAN_POINT('Ctrl Pts',(14.5314917561302,38.4725004256734,-2.));
#9250=CARTESIAN_POINT('Ctrl Pts',(15.260613844576,38.8576952943009,-2.));
#9251=CARTESIAN_POINT('Ctrl Pts',(15.9788555952961,39.2627705817893,-2.));
#9252=CARTESIAN_POINT('Ctrl Pts',(16.6856744737907,39.6874181222104,-2.));
#9253=CARTESIAN_POINT('Ctrl Pts',(17.3805366969567,40.1313149495027,-2.));
#9254=CARTESIAN_POINT('Ctrl Pts',(18.0629177363442,40.5941234404684,-2.));
#9255=CARTESIAN_POINT('Ctrl Pts',(18.7323025026274,41.0754918265201,-2.));
#9256=CARTESIAN_POINT('Ctrl Pts',(19.3881862190777,41.5750539162234,-2.));
#9257=CARTESIAN_POINT('Ctrl Pts',(20.0300737269608,42.0924306200563,-2.));
#9258=CARTESIAN_POINT('Ctrl Pts',(20.8666027022001,42.8054796522582,-2.));
#9259=CARTESIAN_POINT('Ctrl Pts',(21.8748781409478,43.739329315097,-2.));
#9260=CARTESIAN_POINT('Ctrl Pts',(22.7347680639524,44.6283390867616,-2.));
#9261=CARTESIAN_POINT('Ctrl Pts',(23.2871180040445,45.2400992784687,-2.));
#9262=CARTESIAN_POINT('Ctrl Pts',(23.6496920139841,45.6529327592814,-2.));
#9263=CARTESIAN_POINT('Ctrl Pts',(24.269190178767,46.3883220503388,-2.));
#9264=CARTESIAN_POINT('Ctrl Pts',(24.942130663858,47.2574355490851,-2.));
#9265=CARTESIAN_POINT('Ctrl Pts',(25.7375646409435,48.37716016035,-2.));
#9266=CARTESIAN_POINT('Ctrl Pts',(26.3366041435476,49.2985854605106,-2.));
#9267=CARTESIAN_POINT('Ctrl Pts',(27.0370823370605,50.4798104669825,-2.));
#9268=CARTESIAN_POINT('Ctrl Pts',(27.6884433660847,51.6891014260898,-2.));
#9269=CARTESIAN_POINT('Ctrl Pts',(28.3891847349028,53.1808563242119,-2.));
#9270=CARTESIAN_POINT('Ctrl Pts',(28.8525101022396,54.3267565773016,-2.));
#9271=CARTESIAN_POINT('Ctrl Pts',(29.1348810222354,55.1005164223372,-2.00000000000001));
#9272=CARTESIAN_POINT('Ctrl Pts',(29.3160158844923,55.6188502965815,-2.00000000000001));
#9273=CARTESIAN_POINT('Ctrl Pts',(29.61426294376,56.5322727741017,-2.));
#9274=CARTESIAN_POINT('Ctrl Pts',(29.9119239510039,57.5895846348476,-2.));
#9275=CARTESIAN_POINT('Ctrl Pts',(30.2291695168956,58.9249327004652,-2.));
#9276=CARTESIAN_POINT('Ctrl Pts',(30.4388245192519,60.0029667652698,-2.));
#9277=CARTESIAN_POINT('Ctrl Pts',(30.6451368597551,61.359657043921,-2.));
#9278=CARTESIAN_POINT('Ctrl Pts',(30.7654089372652,62.451098058388,-2.));
#9279=CARTESIAN_POINT('Ctrl Pts',(30.8406396100975,63.5461933637581,-2.));
#9280=CARTESIAN_POINT('Ctrl Pts',(30.8688637055206,64.2316099124726,-2.));
#9281=CARTESIAN_POINT('Ctrl Pts',(30.8787425603859,64.7116556094278,-2.));
#9282=CARTESIAN_POINT('Ctrl Pts',(30.8812123783568,64.9517045854332,-2.));
#9283=CARTESIAN_POINT('Ctrl Pts',(30.8819180287067,65.0888802717469,-2.));
#9284=CARTESIAN_POINT('Ctrl Pts',(30.8820356408441,65.157468920995,-2.));
#9285=CARTESIAN_POINT('Ctrl Pts',(30.8820356408441,65.1917632457001,-2.));
#9286=CARTESIAN_POINT('Ctrl Pts',(3.49670792327386,35.3059223029477,4.6412979872783));
#9287=CARTESIAN_POINT('Ctrl Pts',(3.49849741871515,35.3060788635123,4.64129798727885));
#9288=CARTESIAN_POINT('Ctrl Pts',(3.50028690009501,35.3062355848048,4.64129805372642));
#9289=CARTESIAN_POINT('Ctrl Pts',(3.77593533571989,35.3304015928672,4.64131852502405));
#9290=CARTESIAN_POINT('Ctrl Pts',(4.32299141827072,35.3859487764273,4.6413655799547));
#9291=CARTESIAN_POINT('Ctrl Pts',(5.14097213652737,35.4917933868005,4.64145524309082));
#9292=CARTESIAN_POINT('Ctrl Pts',(5.95572786210204,35.6200809615508,4.64156391905515));
#9293=CARTESIAN_POINT('Ctrl Pts',(6.76664174082955,35.7707137682174,4.64169152547848));
#9294=CARTESIAN_POINT('Ctrl Pts',(7.57309987886603,35.9435770556727,4.64183796577705));
#9295=CARTESIAN_POINT('Ctrl Pts',(8.37449181819533,36.1385391474708,4.64200312905));
#9296=CARTESIAN_POINT('Ctrl Pts',(9.17021100553493,36.3554515445029,4.64218689025614));
#9297=CARTESIAN_POINT('Ctrl Pts',(9.95965525968626,36.5941490427057,4.64238911026238));
#9298=CARTESIAN_POINT('Ctrl Pts',(10.7422272345721,36.854449863055,4.64260963597596));
#9299=CARTESIAN_POINT('Ctrl Pts',(11.5173348785283,37.1361557950476,4.64284830045001));
#9300=CARTESIAN_POINT('Ctrl Pts',(12.2843918893076,37.4390523526617,4.64310492301698));
#9301=CARTESIAN_POINT('Ctrl Pts',(13.0428181639274,37.7629089437064,4.6433793094285));
#9302=CARTESIAN_POINT('Ctrl Pts',(13.7920402444972,38.1074790504714,4.64367125199848));
#9303=CARTESIAN_POINT('Ctrl Pts',(14.5314917561302,38.4725004256734,4.64398052977777));
#9304=CARTESIAN_POINT('Ctrl Pts',(15.260613844576,38.8576952943009,4.644306908695));
#9305=CARTESIAN_POINT('Ctrl Pts',(15.9788555952961,39.2627705817893,4.64465014179235));
#9306=CARTESIAN_POINT('Ctrl Pts',(16.6856744737907,39.6874181222104,4.64500996931006));
#9307=CARTESIAN_POINT('Ctrl Pts',(17.3805366969567,40.1313149495027,4.64538611908541));
#9308=CARTESIAN_POINT('Ctrl Pts',(18.0629177363442,40.5941234404684,4.64577830638526));
#9309=CARTESIAN_POINT('Ctrl Pts',(18.7323025026274,41.0754918265201,4.64618623483659));
#9310=CARTESIAN_POINT('Ctrl Pts',(19.3881862190777,41.5750539162234,4.6466095953113));
#9311=CARTESIAN_POINT('Ctrl Pts',(20.0300737269608,42.0924306200563,4.64704806868249));
#9312=CARTESIAN_POINT('Ctrl Pts',(20.8666027022001,42.8054796522582,4.64765239431745));
#9313=CARTESIAN_POINT('Ctrl Pts',(21.8748781409478,43.739329315097,4.648443897697));
#9314=CARTESIAN_POINT('Ctrl Pts',(22.7347680639524,44.6283390867616,4.64919745575008));
#9315=CARTESIAN_POINT('Ctrl Pts',(23.2871180040445,45.2400992784687,4.6497160344242));
#9316=CARTESIAN_POINT('Ctrl Pts',(23.6496920139841,45.6529327592814,4.65006599387133));
#9317=CARTESIAN_POINT('Ctrl Pts',(24.269190178767,46.3883220503388,4.65068940296657));
#9318=CARTESIAN_POINT('Ctrl Pts',(24.942130663858,47.2574355490851,4.65142622287378));
#9319=CARTESIAN_POINT('Ctrl Pts',(25.7375646409435,48.37716016035,4.65237557145119));
#9320=CARTESIAN_POINT('Ctrl Pts',(26.3366041435476,49.2985854605106,4.65315684805112));
#9321=CARTESIAN_POINT('Ctrl Pts',(27.0370823370605,50.4798104669825,4.65415848214402));
#9322=CARTESIAN_POINT('Ctrl Pts',(27.6884433660847,51.6891014260898,4.65518398945191));
#9323=CARTESIAN_POINT('Ctrl Pts',(28.3891847349028,53.1808563242119,4.65644916143174));
#9324=CARTESIAN_POINT('Ctrl Pts',(28.8525101022396,54.3267565773016,4.65742111089778));
#9325=CARTESIAN_POINT('Ctrl Pts',(29.1348810222354,55.1005164223372,4.65807745630034));
#9326=CARTESIAN_POINT('Ctrl Pts',(29.3160158844923,55.6188502965815,4.65851714687023));
#9327=CARTESIAN_POINT('Ctrl Pts',(29.61426294376,56.5322727741017,4.6592920127427));
#9328=CARTESIAN_POINT('Ctrl Pts',(29.9119239510039,57.5895846348476,4.66018901415472));
#9329=CARTESIAN_POINT('Ctrl Pts',(30.2291695168956,58.9249327004652,4.66132198902311));
#9330=CARTESIAN_POINT('Ctrl Pts',(30.4388245192519,60.0029667652698,4.66223672143414));
#9331=CARTESIAN_POINT('Ctrl Pts',(30.6451368597551,61.359657043921,4.66338799571344));
#9332=CARTESIAN_POINT('Ctrl Pts',(30.7654089372652,62.451098058388,4.66431425927511));
#9333=CARTESIAN_POINT('Ctrl Pts',(30.8406396100975,63.5461933637581,4.6652437031428));
#9334=CARTESIAN_POINT('Ctrl Pts',(30.8688637055206,64.2316099124726,4.66582547146445));
#9335=CARTESIAN_POINT('Ctrl Pts',(30.8787425603859,64.7116556094278,4.66623294246757));
#9336=CARTESIAN_POINT('Ctrl Pts',(30.8812123783568,64.9517045854332,4.66643670433063));
#9337=CARTESIAN_POINT('Ctrl Pts',(30.8819180287067,65.0888802717469,4.66655314510153));
#9338=CARTESIAN_POINT('Ctrl Pts',(30.8820356408441,65.157468920995,4.66661136653616));
#9339=CARTESIAN_POINT('Ctrl Pts',(30.8820356408441,65.1917632457001,4.66664047737874));
#9340=CARTESIAN_POINT('Ctrl Pts',(3.49670792327386,35.3059223029477,11.2825959745566));
#9341=CARTESIAN_POINT('Ctrl Pts',(3.49849741871515,35.3060788635123,11.2825959745561));
#9342=CARTESIAN_POINT('Ctrl Pts',(3.50028690009501,35.3062355848048,11.2825961074538));
#9343=CARTESIAN_POINT('Ctrl Pts',(3.77593533571989,35.3304015928672,11.2826370502118));
#9344=CARTESIAN_POINT('Ctrl Pts',(4.32299141827072,35.3859487764273,11.2827311598844));
#9345=CARTESIAN_POINT('Ctrl Pts',(5.14097213652737,35.4917933868005,11.2829104862555));
#9346=CARTESIAN_POINT('Ctrl Pts',(5.95572786210204,35.6200809615508,11.2831278381258));
#9347=CARTESIAN_POINT('Ctrl Pts',(6.76664174082955,35.7707137682174,11.2833830509936));
#9348=CARTESIAN_POINT('Ctrl Pts',(7.57309987886603,35.9435770556727,11.2836759315718));
#9349=CARTESIAN_POINT('Ctrl Pts',(8.37449181819533,36.1385391474708,11.2840062581209));
#9350=CARTESIAN_POINT('Ctrl Pts',(9.17021100553493,36.3554515445029,11.2843737805256));
#9351=CARTESIAN_POINT('Ctrl Pts',(9.95965525968626,36.5941490427057,11.2847782205367));
#9352=CARTESIAN_POINT('Ctrl Pts',(10.7422272345721,36.854449863055,11.2852192719602));
#9353=CARTESIAN_POINT('Ctrl Pts',(11.5173348785283,37.1361557950476,11.2856966009056));
#9354=CARTESIAN_POINT('Ctrl Pts',(12.2843918893076,37.4390523526617,11.2862098460379));
#9355=CARTESIAN_POINT('Ctrl Pts',(13.0428181639274,37.7629089437064,11.2867586188565));
#9356=CARTESIAN_POINT('Ctrl Pts',(13.7920402444972,38.1074790504714,11.2873425039981));
#9357=CARTESIAN_POINT('Ctrl Pts',(14.5314917561302,38.4725004256734,11.2879610595468));
#9358=CARTESIAN_POINT('Ctrl Pts',(15.260613844576,38.8576952943009,11.2886138173925));
#9359=CARTESIAN_POINT('Ctrl Pts',(15.9788555952961,39.2627705817893,11.2893002835595));
#9360=CARTESIAN_POINT('Ctrl Pts',(16.6856744737907,39.6874181222104,11.2900199386372));
#9361=CARTESIAN_POINT('Ctrl Pts',(17.3805366969567,40.1313149495027,11.2907722381038));
#9362=CARTESIAN_POINT('Ctrl Pts',(18.0629177363442,40.5941234404684,11.2915566128425));
#9363=CARTESIAN_POINT('Ctrl Pts',(18.7323025026274,41.0754918265201,11.2923724694945));
#9364=CARTESIAN_POINT('Ctrl Pts',(19.3881862190777,41.5750539162234,11.2932191908503));
#9365=CARTESIAN_POINT('Ctrl Pts',(20.0300737269608,42.0924306200563,11.294096136956));
#9366=CARTESIAN_POINT('Ctrl Pts',(20.8666027022001,42.8054796522582,11.29530478912));
#9367=CARTESIAN_POINT('Ctrl Pts',(21.8748781409478,43.739329315097,11.2968877957127));
#9368=CARTESIAN_POINT('Ctrl Pts',(22.7347680639524,44.6283390867616,11.2983949118852));
#9369=CARTESIAN_POINT('Ctrl Pts',(23.2871180040445,45.2400992784687,11.29943206873));
#9370=CARTESIAN_POINT('Ctrl Pts',(23.6496920139841,45.6529327592814,11.3001319868175));
#9371=CARTESIAN_POINT('Ctrl Pts',(24.269190178767,46.3883220503388,11.3013788071077));
#9372=CARTESIAN_POINT('Ctrl Pts',(24.942130663858,47.2574355490851,11.3028524453123));
#9373=CARTESIAN_POINT('Ctrl Pts',(25.7375646409435,48.37716016035,11.3047511432643));
#9374=CARTESIAN_POINT('Ctrl Pts',(26.3366041435476,49.2985854605106,11.3063136963719));
#9375=CARTESIAN_POINT('Ctrl Pts',(27.0370823370605,50.4798104669825,11.308316963967));
#9376=CARTESIAN_POINT('Ctrl Pts',(27.6884433660847,51.6891014260898,11.3103679795246));
#9377=CARTESIAN_POINT('Ctrl Pts',(28.3891847349028,53.1808563242119,11.3128983225858));
#9378=CARTESIAN_POINT('Ctrl Pts',(28.8525101022396,54.3267565773016,11.3148422225663));
#9379=CARTESIAN_POINT('Ctrl Pts',(29.1348810222354,55.1005164223372,11.3161549122872));
#9380=CARTESIAN_POINT('Ctrl Pts',(29.3160158844923,55.6188502965815,11.317034293474));
#9381=CARTESIAN_POINT('Ctrl Pts',(29.61426294376,56.5322727741017,11.3185840257783));
#9382=CARTESIAN_POINT('Ctrl Pts',(29.9119239510039,57.5895846348476,11.3203780282858));
#9383=CARTESIAN_POINT('Ctrl Pts',(30.2291695168956,58.9249327004652,11.322643978045));
#9384=CARTESIAN_POINT('Ctrl Pts',(30.4388245192519,60.0029667652698,11.3244734431307));
#9385=CARTESIAN_POINT('Ctrl Pts',(30.6451368597551,61.359657043921,11.3267759911778));
#9386=CARTESIAN_POINT('Ctrl Pts',(30.7654089372652,62.451098058388,11.3286285189513));
#9387=CARTESIAN_POINT('Ctrl Pts',(30.8406396100975,63.5461933637581,11.3304874059969));
#9388=CARTESIAN_POINT('Ctrl Pts',(30.8688637055206,64.2316099124726,11.3316509431528));
#9389=CARTESIAN_POINT('Ctrl Pts',(30.8787425603859,64.7116556094278,11.3324658848057));
#9390=CARTESIAN_POINT('Ctrl Pts',(30.8812123783568,64.9517045854332,11.3328734087295));
#9391=CARTESIAN_POINT('Ctrl Pts',(30.8819180287067,65.0888802717469,11.3331062901571));
#9392=CARTESIAN_POINT('Ctrl Pts',(30.8820356408441,65.157468920995,11.3332227331007));
#9393=CARTESIAN_POINT('Ctrl Pts',(30.8820356408441,65.1917632457001,11.3332809547575));
#9394=CARTESIAN_POINT('Ctrl Pts',(3.49670792327386,35.3059223029477,17.9238939618349));
#9395=CARTESIAN_POINT('Ctrl Pts',(3.49849741871515,35.3060788635123,17.9238939618349));
#9396=CARTESIAN_POINT('Ctrl Pts',(3.50028690009501,35.3062355848048,17.9238941611802));
#9397=CARTESIAN_POINT('Ctrl Pts',(3.77593533571989,35.3304015928672,17.9239555752359));
#9398=CARTESIAN_POINT('Ctrl Pts',(4.32299141827072,35.3859487764273,17.9240967398391));
#9399=CARTESIAN_POINT('Ctrl Pts',(5.14097213652737,35.4917933868005,17.9243657293463));
#9400=CARTESIAN_POINT('Ctrl Pts',(5.95572786210204,35.6200809615508,17.9246917571809));
#9401=CARTESIAN_POINT('Ctrl Pts',(6.76664174082955,35.7707137682174,17.925074576472));
#9402=CARTESIAN_POINT('Ctrl Pts',(7.57309987886603,35.9435770556727,17.9255138973488));
#9403=CARTESIAN_POINT('Ctrl Pts',(8.37449181819533,36.1385391474708,17.9260093871709));
#9404=CARTESIAN_POINT('Ctrl Pts',(9.17021100553493,36.3554515445029,17.9265606707817));
#9405=CARTESIAN_POINT('Ctrl Pts',(9.95965525968626,36.5941490427057,17.9271673307991));
#9406=CARTESIAN_POINT('Ctrl Pts',(10.7422272345721,36.854449863055,17.9278289079361));
#9407=CARTESIAN_POINT('Ctrl Pts',(11.5173348785283,37.1361557950476,17.9285449013556));
#9408=CARTESIAN_POINT('Ctrl Pts',(12.2843918893076,37.4390523526617,17.9293147690548));
#9409=CARTESIAN_POINT('Ctrl Pts',(13.0428181639274,37.7629089437064,17.930137928285));
#9410=CARTESIAN_POINT('Ctrl Pts',(13.7920402444972,38.1074790504714,17.9310137559965));
#9411=CARTESIAN_POINT('Ctrl Pts',(14.5314917561302,38.4725004256734,17.9319415893246));
#9412=CARTESIAN_POINT('Ctrl Pts',(15.260613844576,38.8576952943009,17.9329207260875));
#9413=CARTESIAN_POINT('Ctrl Pts',(15.9788555952961,39.2627705817893,17.9339504253519));
#9414=CARTESIAN_POINT('Ctrl Pts',(16.6856744737907,39.6874181222104,17.9350299079473));
#9415=CARTESIAN_POINT('Ctrl Pts',(17.3805366969567,40.1313149495027,17.9361583571892));
#9416=CARTESIAN_POINT('Ctrl Pts',(18.0629177363442,40.5941234404684,17.9373349192278));
#9417=CARTESIAN_POINT('Ctrl Pts',(18.7323025026274,41.0754918265201,17.9385587043311));
#9418=CARTESIAN_POINT('Ctrl Pts',(19.3881862190777,41.5750539162234,17.9398287861616));
#9419=CARTESIAN_POINT('Ctrl Pts',(20.0300737269608,42.0924306200563,17.9411442056385));
#9420=CARTESIAN_POINT('Ctrl Pts',(20.8666027022001,42.8054796522582,17.9429571834375));
#9421=CARTESIAN_POINT('Ctrl Pts',(21.8748781409478,43.739329315097,17.9453316934097));
#9422=CARTESIAN_POINT('Ctrl Pts',(22.7347680639524,44.6283390867616,17.9475923676353));
#9423=CARTESIAN_POINT('Ctrl Pts',(23.2871180040445,45.2400992784687,17.9491481031542));
#9424=CARTESIAN_POINT('Ctrl Pts',(23.6496920139841,45.6529327592814,17.9501979806888));
#9425=CARTESIAN_POINT('Ctrl Pts',(24.269190178767,46.3883220503388,17.9520682100742));
#9426=CARTESIAN_POINT('Ctrl Pts',(24.942130663858,47.2574355490851,17.954278668186));
#9427=CARTESIAN_POINT('Ctrl Pts',(25.7375646409435,48.37716016035,17.9571267147154));
#9428=CARTESIAN_POINT('Ctrl Pts',(26.3366041435476,49.2985854605106,17.959470544423));
#9429=CARTESIAN_POINT('Ctrl Pts',(27.0370823370605,50.4798104669825,17.962475446111));
#9430=CARTESIAN_POINT('Ctrl Pts',(27.6884433660847,51.6891014260898,17.9655519689765));
#9431=CARTESIAN_POINT('Ctrl Pts',(28.3891847349028,53.1808563242119,17.9693474840176));
#9432=CARTESIAN_POINT('Ctrl Pts',(28.8525101022396,54.3267565773016,17.9722633334641));
#9433=CARTESIAN_POINT('Ctrl Pts',(29.1348810222354,55.1005164223372,17.9742323685875));
#9434=CARTESIAN_POINT('Ctrl Pts',(29.3160158844923,55.6188502965815,17.9755514403442));
#9435=CARTESIAN_POINT('Ctrl Pts',(29.61426294376,56.5322727741017,17.977876038521));
#9436=CARTESIAN_POINT('Ctrl Pts',(29.9119239510039,57.5895846348476,17.9805670424405));
#9437=CARTESIAN_POINT('Ctrl Pts',(30.2291695168956,58.9249327004652,17.9839659670681));
#9438=CARTESIAN_POINT('Ctrl Pts',(30.4388245192519,60.0029667652698,17.9867101645648));
#9439=CARTESIAN_POINT('Ctrl Pts',(30.6451368597551,61.359657043921,17.9901639868913));
#9440=CARTESIAN_POINT('Ctrl Pts',(30.7654089372652,62.451098058388,17.9929427782264));
#9441=CARTESIAN_POINT('Ctrl Pts',(30.8406396100975,63.5461933637581,17.9957311091397));
#9442=CARTESIAN_POINT('Ctrl Pts',(30.8688637055206,64.2316099124726,17.9974764146172));
#9443=CARTESIAN_POINT('Ctrl Pts',(30.8787425603859,64.7116556094278,17.9986988272732));
#9444=CARTESIAN_POINT('Ctrl Pts',(30.8812123783568,64.9517045854332,17.9993101130602));
#9445=CARTESIAN_POINT('Ctrl Pts',(30.8819180287067,65.0888802717469,17.9996594352586));
#9446=CARTESIAN_POINT('Ctrl Pts',(30.8820356408441,65.157468920995,17.9998340996369));
#9447=CARTESIAN_POINT('Ctrl Pts',(30.8820356408441,65.1917632457001,17.9999214321362));
#9448=CARTESIAN_POINT('',(3.49670792327386,35.3059223029477,-2.));
#9449=CARTESIAN_POINT('Ctrl Pts',(3.49670792327386,35.3059223029477,-2.));
#9450=CARTESIAN_POINT('Ctrl Pts',(3.49670792327386,35.3059223029477,4.6412979872783));
#9451=CARTESIAN_POINT('Ctrl Pts',(3.49670792327386,35.3059223029477,11.2825959745566));
#9452=CARTESIAN_POINT('Ctrl Pts',(3.49670792327386,35.3059223029477,17.9238939618349));
#9453=CARTESIAN_POINT('Ctrl Pts',(3.49670792327386,35.3059223029477,-2.));
#9454=CARTESIAN_POINT('Ctrl Pts',(3.49849741871515,35.3060788635123,-2.));
#9455=CARTESIAN_POINT('Ctrl Pts',(3.50028690009495,35.3062355848053,-2.));
#9456=CARTESIAN_POINT('Ctrl Pts',(3.77593533573687,35.3304015926822,-2.));
#9457=CARTESIAN_POINT('Ctrl Pts',(4.32299141838179,35.3859487752399,-2.));
#9458=CARTESIAN_POINT('Ctrl Pts',(5.14097213668272,35.4917933851681,-2.));
#9459=CARTESIAN_POINT('Ctrl Pts',(5.95572786230224,35.6200809594895,-2.));
#9460=CARTESIAN_POINT('Ctrl Pts',(6.7666417410463,35.7707137660614,-2.));
#9461=CARTESIAN_POINT('Ctrl Pts',(7.57309987909328,35.9435770535162,-2.));
#9462=CARTESIAN_POINT('Ctrl Pts',(8.37449181842491,36.1385391454419,-2.));
#9463=CARTESIAN_POINT('Ctrl Pts',(9.17021100576588,36.3554515426593,-2.));
#9464=CARTESIAN_POINT('Ctrl Pts',(9.95965525991972,36.5941490410958,-2.));
#9465=CARTESIAN_POINT('Ctrl Pts',(10.7422272348132,36.8544498617007,-2.));
#9466=CARTESIAN_POINT('Ctrl Pts',(11.5173348787851,37.1361557939598,-2.));
#9467=CARTESIAN_POINT('Ctrl Pts',(12.2843918895923,37.4390523518373,-2.));
#9468=CARTESIAN_POINT('Ctrl Pts',(13.0428181642551,37.7629089431343,-2.));
#9469=CARTESIAN_POINT('Ctrl Pts',(13.7920402448904,38.1074790501276,-2.));
#9470=CARTESIAN_POINT('Ctrl Pts',(14.5314917566128,38.472500425529,-2.));
#9471=CARTESIAN_POINT('Ctrl Pts',(15.2606138451889,38.8576952943027,-2.));
#9472=CARTESIAN_POINT('Ctrl Pts',(15.9788555960708,39.2627705818918,-2.));
#9473=CARTESIAN_POINT('Ctrl Pts',(16.6856744748096,39.6874181222995,-2.));
#9474=CARTESIAN_POINT('Ctrl Pts',(17.3805366982419,40.131314949531,-2.));
#9475=CARTESIAN_POINT('Ctrl Pts',(18.0629177380844,40.5941234401674,-2.));
#9476=CARTESIAN_POINT('Ctrl Pts',(18.7323025047615,41.0754918259257,-2.));
#9477=CARTESIAN_POINT('Ctrl Pts',(19.3881862220756,41.5750539146523,-2.));
#9478=CARTESIAN_POINT('Ctrl Pts',(20.0300737304829,42.0924306179026,-2.));
#9479=CARTESIAN_POINT('Ctrl Pts',(20.8666027077079,42.8054796472661,-2.));
#9480=CARTESIAN_POINT('Ctrl Pts',(21.8748781522218,43.7393293026188,-2.));
#9481=CARTESIAN_POINT('Ctrl Pts',(22.7347680616777,44.6283390864416,-2.));
#9482=CARTESIAN_POINT('Ctrl Pts',(23.2871179997215,45.2400992799572,-2.));
#9483=CARTESIAN_POINT('Ctrl Pts',(23.6496920088796,45.6529327615647,-2.));
#9484=CARTESIAN_POINT('Ctrl Pts',(24.2691901799882,46.3883220484509,-2.));
#9485=CARTESIAN_POINT('Ctrl Pts',(24.9421306743683,47.2574355433037,-2.));
#9486=CARTESIAN_POINT('Ctrl Pts',(25.7375646556643,48.3771601529286,-2.));
#9487=CARTESIAN_POINT('Ctrl Pts',(26.3366041658123,49.2985854507208,-2.));
#9488=CARTESIAN_POINT('Ctrl Pts',(27.0370823588136,50.4798104585601,-2.));
#9489=CARTESIAN_POINT('Ctrl Pts',(27.6884433951148,51.6891014137443,-2.));
#9490=CARTESIAN_POINT('Ctrl Pts',(28.3891847602372,53.180856313798,-2.));
#9491=CARTESIAN_POINT('Ctrl Pts',(28.8525101083243,54.3267565744914,-1.99999999999999));
#9492=CARTESIAN_POINT('Ctrl Pts',(29.1348810234959,55.1005164217408,-1.99999999999999));
#9493=CARTESIAN_POINT('Ctrl Pts',(29.3160158847698,55.6188502963848,-1.99999999999999));
#9494=CARTESIAN_POINT('Ctrl Pts',(29.6142629508518,56.5322727728207,-1.99999999999999));
#9495=CARTESIAN_POINT('Ctrl Pts',(29.9119239691512,57.5895846322739,-2.));
#9496=CARTESIAN_POINT('Ctrl Pts',(30.2291695399708,58.9249326977282,-2.));
#9497=CARTESIAN_POINT('Ctrl Pts',(30.4388245479255,60.0029667618958,-2.));
#9498=CARTESIAN_POINT('Ctrl Pts',(30.6451368858012,61.3596570416595,-2.));
#9499=CARTESIAN_POINT('Ctrl Pts',(30.7654089548043,62.4510980566529,-2.));
#9500=CARTESIAN_POINT('Ctrl Pts',(30.8406396159869,63.5461933634021,-2.));
#9501=CARTESIAN_POINT('Ctrl Pts',(30.8688637082891,64.2316099122227,-2.));
#9502=CARTESIAN_POINT('Ctrl Pts',(30.8787425608624,64.7116556093988,-2.));
#9503=CARTESIAN_POINT('Ctrl Pts',(30.8812123785445,64.9517045854178,-2.));
#9504=CARTESIAN_POINT('Ctrl Pts',(30.8819180287808,65.0888802717418,-2.));
#9505=CARTESIAN_POINT('Ctrl Pts',(30.8820356408441,65.157468920995,-2.));
#9506=CARTESIAN_POINT('Ctrl Pts',(30.8820356408441,65.1917632457001,-2.));
#9507=CARTESIAN_POINT('Ctrl Pts',(6.53555103244514,0.571786625234108,-2.));
#9508=CARTESIAN_POINT('Ctrl Pts',(6.53942032806912,0.572125144737036,-2.));
#9509=CARTESIAN_POINT('Ctrl Pts',(6.54328962369176,0.572463664244496,-2.));
#9510=CARTESIAN_POINT('Ctrl Pts',(7.13931355028945,0.62460899944836,-2.));
#9511=CARTESIAN_POINT('Ctrl Pts',(8.32220050867642,0.744469033756804,-2.));
#9512=CARTESIAN_POINT('Ctrl Pts',(10.090936233142,0.972864115765654,-2.));
#9513=CARTESIAN_POINT('Ctrl Pts',(11.852741217176,1.24969183536345,-2.));
#9514=CARTESIAN_POINT('Ctrl Pts',(13.606289506038,1.57474385225568,-2.));
#9515=CARTESIAN_POINT('Ctrl Pts',(15.3502613551148,1.947775526708,-2.));
#9516=CARTESIAN_POINT('Ctrl Pts',(17.0833442287864,2.36850611137096,-2.));
#9517=CARTESIAN_POINT('Ctrl Pts',(18.8042337860103,2.83661895916847,-2.));
#9518=CARTESIAN_POINT('Ctrl Pts',(20.5116348625991,3.35176176305776,-2.));
#9519=CARTESIAN_POINT('Ctrl Pts',(22.2042624458495,3.91354682046022,-2.));
#9520=CARTESIAN_POINT('Ctrl Pts',(23.8808426419106,4.5215513256141,-2.));
#9521=CARTESIAN_POINT('Ctrl Pts',(25.5401136340591,5.1753176869882,-2.));
#9522=CARTESIAN_POINT('Ctrl Pts',(27.1808266327209,5.87435387297773,-2.));
#9523=CARTESIAN_POINT('Ctrl Pts',(28.801746815713,6.61813377978455,-2.));
#9524=CARTESIAN_POINT('Ctrl Pts',(30.4016542551563,7.40609763213729,-2.));
#9525=CARTESIAN_POINT('Ctrl Pts',(31.9793448428188,8.23765239464255,-2.));
#9526=CARTESIAN_POINT('Ctrl Pts',(33.533631178391,9.11217223951795,-2.));
#9527=CARTESIAN_POINT('Ctrl Pts',(35.0633435045124,10.0289989702037,-2.));
#9528=CARTESIAN_POINT('Ctrl Pts',(36.5673304944975,10.9874426227482,-2.));
#9529=CARTESIAN_POINT('Ctrl Pts',(38.0444603244812,11.9867817468304,-2.));
#9530=CARTESIAN_POINT('Ctrl Pts',(39.493621068642,13.0262644838662,-2.));
#9531=CARTESIAN_POINT('Ctrl Pts',(40.9137225545041,14.1051079336918,-2.));
#9532=CARTESIAN_POINT('Ctrl Pts',(42.3036949049963,15.2225014272915,-2.));
#9533=CARTESIAN_POINT('Ctrl Pts',(44.1153935007176,16.7626053374516,-2.));
#9534=CARTESIAN_POINT('Ctrl Pts',(46.2995146045959,18.7798354195867,-2.));
#9535=CARTESIAN_POINT('Ctrl Pts',(48.1627870263188,20.700510035826,-2.));
#9536=CARTESIAN_POINT('Ctrl Pts',(49.3599150240519,22.0223371321332,-2.));
#9537=CARTESIAN_POINT('Ctrl Pts',(50.1458053481906,22.9143819805052,-2.));
#9538=CARTESIAN_POINT('Ctrl Pts',(51.4887742940658,24.5035021773757,-2.));
#9539=CARTESIAN_POINT('Ctrl Pts',(52.9480341350057,26.3818341037917,-2.));
#9540=CARTESIAN_POINT('Ctrl Pts',(54.6734828472563,28.802122728133,-2.));
#9541=CARTESIAN_POINT('Ctrl Pts',(55.9733858490317,30.7940623162595,-2.));
#9542=CARTESIAN_POINT('Ctrl Pts',(57.4940178884059,33.3480103578152,-2.));
#9543=CARTESIAN_POINT('Ctrl Pts',(58.9086650811501,35.963021890622,-2.));
#9544=CARTESIAN_POINT('Ctrl Pts',(60.4316248907395,39.18949493887,-2.));
#9545=CARTESIAN_POINT('Ctrl Pts',(61.4394558005701,41.6684429804738,-1.99999999999999));
#9546=CARTESIAN_POINT('Ctrl Pts',(62.0540641245658,43.3425559548772,-1.99999999999999));
#9547=CARTESIAN_POINT('Ctrl Pts',(62.4484352379497,44.4640869129544,-1.99999999999999));
#9548=CARTESIAN_POINT('Ctrl Pts',(63.0980915076724,46.4406382358509,-1.99999999999999));
#9549=CARTESIAN_POINT('Ctrl Pts',(63.7472007429092,48.7289201956278,-2.));
#9550=CARTESIAN_POINT('Ctrl Pts',(64.4400265728945,51.6194173803039,-2.));
#9551=CARTESIAN_POINT('Ctrl Pts',(64.8988189384119,53.9533170938871,-2.));
#9552=CARTESIAN_POINT('Ctrl Pts',(65.3516670035911,56.8909884437414,-2.));
#9553=CARTESIAN_POINT('Ctrl Pts',(65.6170362361657,59.2547057127042,-2.));
#9554=CARTESIAN_POINT('Ctrl Pts',(65.7848821689017,61.6267381765183,-2.));
#9555=CARTESIAN_POINT('Ctrl Pts',(65.8490816185018,63.1115528000547,-2.));
#9556=CARTESIAN_POINT('Ctrl Pts',(65.8726237698135,64.1515615864781,-2.));
#9557=CARTESIAN_POINT('Ctrl Pts',(65.8790446290053,64.6716445847458,-2.));
#9558=CARTESIAN_POINT('Ctrl Pts',(65.8811848269669,64.9688516567742,-2.));
#9559=CARTESIAN_POINT('Ctrl Pts',(65.8817453152065,65.1174590307934,-2.));
#9560=CARTESIAN_POINT('Ctrl Pts',(65.8818981470825,65.1917632438127,-2.));
#9561=CARTESIAN_POINT('Ctrl Pts',(5.52260332938805,12.1498318511387,-2.));
#9562=CARTESIAN_POINT('Ctrl Pts',(5.52577935831843,12.1501097174184,-2.));
#9563=CARTESIAN_POINT('Ctrl Pts',(5.52895538247061,12.1503876379086,-2.));
#9564=CARTESIAN_POINT('Ctrl Pts',(6.0181874767753,12.1932065548805,-2.));
#9565=CARTESIAN_POINT('Ctrl Pts',(6.98913081219978,12.2916289433961,-2.));
#9566=CARTESIAN_POINT('Ctrl Pts',(8.44094820012953,12.479173882637,-2.));
#9567=CARTESIAN_POINT('Ctrl Pts',(9.88707009875893,12.7064882115992,-2.));
#9568=CARTESIAN_POINT('Ctrl Pts',(11.3264069173322,12.9734004948382,-2.));
#9569=CARTESIAN_POINT('Ctrl Pts',(12.7578741963125,13.279709370797,-2.));
#9570=CARTESIAN_POINT('Ctrl Pts',(14.1803934251732,13.6251837917376,-2.));
#9571=CARTESIAN_POINT('Ctrl Pts',(15.5928928591955,14.0095631549554,-2.));
#9572=CARTESIAN_POINT('Ctrl Pts',(16.9943083283482,14.4325575235794,-2.));
#9573=CARTESIAN_POINT('Ctrl Pts',(18.3835840421661,14.8938478349297,-2.));
#9574=CARTESIAN_POINT('Ctrl Pts',(19.7596733876462,15.3930861488113,-2.));
#9575=CARTESIAN_POINT('Ctrl Pts',(21.1215397192582,15.9298959088789,-2.));
#9576=CARTESIAN_POINT('Ctrl Pts',(22.4681571435718,16.5038722294007,-2.));
#9577=CARTESIAN_POINT('Ctrl Pts',(23.7985112920183,17.1145822032719,-2.));
#9578=CARTESIAN_POINT('Ctrl Pts',(25.1116000898665,17.7615652285645,-2.));
#9579=CARTESIAN_POINT('Ctrl Pts',(26.4064345096011,18.4443333615857,-2.));
#9580=CARTESIAN_POINT('Ctrl Pts',(27.6820393200673,19.1623716832132,-2.));
#9581=CARTESIAN_POINT('Ctrl Pts',(28.9374538250964,19.915138690224,-2.));
#9582=CARTESIAN_POINT('Ctrl Pts',(30.171732569424,20.7020667215517,-2.));
#9583=CARTESIAN_POINT('Ctrl Pts',(31.383946119227,21.522562322119,-2.));
#9584=CARTESIAN_POINT('Ctrl Pts',(32.5731815670359,22.3760069039424,-2.));
#9585=CARTESIAN_POINT('Ctrl Pts',(33.7385437487345,23.2617566279928,-2.));
#9586=CARTESIAN_POINT('Ctrl Pts',(34.8791545588548,24.1791444280844,-2.));
#9587=CARTESIAN_POINT('Ctrl Pts',(36.3657965133995,25.4435635123828,-2.));
#9588=CARTESIAN_POINT('Ctrl Pts',(38.1579690707602,27.0996667579188,-2.));
#9589=CARTESIAN_POINT('Ctrl Pts',(39.6867806566815,28.6764531110772,-2.));
#9590=CARTESIAN_POINT('Ctrl Pts',(40.6689826968818,29.7615911639904,-2.));
#9591=CARTESIAN_POINT('Ctrl Pts',(41.3137677646573,30.4938987654971,-2.));
#9592=CARTESIAN_POINT('Ctrl Pts',(42.4155793384445,31.7984423151272,-2.));
#9593=CARTESIAN_POINT('Ctrl Pts',(43.6127331073091,33.3403678465828,-2.));
#9594=CARTESIAN_POINT('Ctrl Pts',(45.0281766777875,35.3271352569295,-2.));
#9595=CARTESIAN_POINT('Ctrl Pts',(46.0944585847486,36.9622367317594,-2.));
#9596=CARTESIAN_POINT('Ctrl Pts',(47.3417060911635,39.0586103391547,-2.));
#9597=CARTESIAN_POINT('Ctrl Pts',(48.5019243769398,41.2050484898168,-2.));
#9598=CARTESIAN_POINT('Ctrl Pts',(49.7508115560289,43.8532820173442,-2.));
#9599=CARTESIAN_POINT('Ctrl Pts',(50.5771403688749,45.8878809642331,-1.99999999999999));
#9600=CARTESIAN_POINT('Ctrl Pts',(51.0810031695282,47.2618760614409,-1.99999999999999));
#9601=CARTESIAN_POINT('Ctrl Pts',(51.4042956635181,48.1823413291244,-1.99999999999999));
#9602=CARTESIAN_POINT('Ctrl Pts',(51.9368150610492,49.8045164643402,-1.99999999999999));
#9603=CARTESIAN_POINT('Ctrl Pts',(52.4687752641787,51.6824750007443,-2.));
#9604=CARTESIAN_POINT('Ctrl Pts',(53.0364074612691,54.0545891537234,-2.));
#9605=CARTESIAN_POINT('Ctrl Pts',(53.412154018307,55.9698670241642,-2.));
#9606=CARTESIAN_POINT('Ctrl Pts',(53.7828237333609,58.3805446022751,-2.));
#9607=CARTESIAN_POINT('Ctrl Pts',(53.9998267665821,60.3201698953351,-2.));
#9608=CARTESIAN_POINT('Ctrl Pts',(54.1368015925488,62.2665565224611,-2.));
#9609=CARTESIAN_POINT('Ctrl Pts',(54.1890087465517,63.4849052095624,-2.));
#9610=CARTESIAN_POINT('Ctrl Pts',(54.2079968404151,64.3382595715238,-2.));
#9611=CARTESIAN_POINT('Ctrl Pts',(54.2131004704,64.7649979302262,-2.));
#9612=CARTESIAN_POINT('Ctrl Pts',(54.214762611558,65.0088611870542,-2.));
#9613=CARTESIAN_POINT('Ctrl Pts',(54.2151753923642,65.1307956658228,-2.));
#9614=CARTESIAN_POINT('Ctrl Pts',(54.2152773116697,65.1917632444418,-2.));
#9615=CARTESIAN_POINT('Ctrl Pts',(4.50965562633095,23.7278770770432,-2.));
#9616=CARTESIAN_POINT('Ctrl Pts',(4.51213838846584,23.7280942908309,-2.));
#9617=CARTESIAN_POINT('Ctrl Pts',(4.51462114131611,23.7283116111412,-2.));
#9618=CARTESIAN_POINT('Ctrl Pts',(4.89706140925102,23.76180403725,-2.));
#9619=CARTESIAN_POINT('Ctrl Pts',(5.65606111485843,23.8387888656006,-2.));
#9620=CARTESIAN_POINT('Ctrl Pts',(6.79096016969515,23.9854836182968,-2.));
#9621=CARTESIAN_POINT('Ctrl Pts',(7.9213989807193,24.1632845832537,-2.));
#9622=CARTESIAN_POINT('Ctrl Pts',(9.04652432975217,24.3720571234788,-2.));
#9623=CARTESIAN_POINT('Ctrl Pts',(10.1654870378957,24.6116432094272,-2.));
#9624=CARTESIAN_POINT('Ctrl Pts',(11.2774426220382,24.8818614650752,-2.));
#9625=CARTESIAN_POINT('Ctrl Pts',(12.3815519325807,25.1825073468724,-2.));
#9626=CARTESIAN_POINT('Ctrl Pts',(13.4769817941707,25.5133532805741,-2.));
#9627=CARTESIAN_POINT('Ctrl Pts',(14.5629056384967,25.8741488472313,-2.));
#9628=CARTESIAN_POINT('Ctrl Pts',(15.6385041330495,26.2646209707626,-2.));
#9629=CARTESIAN_POINT('Ctrl Pts',(16.7029658043932,26.6844741299467,-2.));
#9630=CARTESIAN_POINT('Ctrl Pts',(17.7554876534043,27.1333905867114,-2.));
#9631=CARTESIAN_POINT('Ctrl Pts',(18.795275768585,27.6110306266403,-2.));
#9632=CARTESIAN_POINT('Ctrl Pts',(19.8215459219026,28.1170328291018,-2.));
#9633=CARTESIAN_POINT('Ctrl Pts',(20.8335241784066,28.6510143273596,-2.));
#9634=CARTESIAN_POINT('Ctrl Pts',(21.8304474543946,29.2125711381966,-2.));
#9635=CARTESIAN_POINT('Ctrl Pts',(22.8115641542256,29.8012784022791,-2.));
#9636=CARTESIAN_POINT('Ctrl Pts',(23.7761346233154,30.4166908507275,-2.));
#9637=CARTESIAN_POINT('Ctrl Pts',(24.7234319433386,31.0583428648788,-2.));
#9638=CARTESIAN_POINT('Ctrl Pts',(25.6527420063676,31.7257494058494,-2.));
#9639=CARTESIAN_POINT('Ctrl Pts',(26.5633650278452,32.4184052203513,-2.));
#9640=CARTESIAN_POINT('Ctrl Pts',(27.4546140766245,33.1357876171096,-2.));
#9641=CARTESIAN_POINT('Ctrl Pts',(28.616199695026,34.1245214723348,-2.));
#9642=CARTESIAN_POINT('Ctrl Pts',(30.0164236860574,35.4194979642867,-2.));
#9643=CARTESIAN_POINT('Ctrl Pts',(31.210774431315,36.6523960111905,-2.));
#9644=CARTESIAN_POINT('Ctrl Pts',(31.9780503268917,37.5008452481001,-2.));
#9645=CARTESIAN_POINT('Ctrl Pts',(32.4817295924129,38.0734159765728,-2.));
#9646=CARTESIAN_POINT('Ctrl Pts',(33.3423851356095,39.0933819106994,-2.));
#9647=CARTESIAN_POINT('Ctrl Pts',(34.2774317020649,40.2989018005125,-2.));
#9648=CARTESIAN_POINT('Ctrl Pts',(35.3828708251331,41.8521476241321,-2.));
#9649=CARTESIAN_POINT('Ctrl Pts',(36.2155314300954,43.1304110352209,-2.));
#9650=CARTESIAN_POINT('Ctrl Pts',(37.189394156056,44.7692104772206,-2.));
#9651=CARTESIAN_POINT('Ctrl Pts',(38.0951840993251,46.4470748145494,-2.));
#9652=CARTESIAN_POINT('Ctrl Pts',(39.0699980949477,48.5170692353238,-2.));
#9653=CARTESIAN_POINT('Ctrl Pts',(39.7148255400196,50.1073185907321,-1.99999999999999));
#9654=CARTESIAN_POINT('Ctrl Pts',(40.1079419785336,51.1811963151772,-1.99999999999999));
#9655=CARTESIAN_POINT('Ctrl Pts',(40.3601554592014,51.9005958802147,-1.99999999999999));
#9656=CARTESIAN_POINT('Ctrl Pts',(40.775539397475,53.1683945443315,-1.99999999999999));
#9657=CARTESIAN_POINT('Ctrl Pts',(41.1903494478817,54.6360298271574,-2.));
#9658=CARTESIAN_POINT('Ctrl Pts',(41.6327886515962,56.4897609243087,-2.));
#9659=CARTESIAN_POINT('Ctrl Pts',(41.9254894680304,57.9864168316186,-2.));
#9660=CARTESIAN_POINT('Ctrl Pts',(42.2139801560314,59.8701008831258,-2.));
#9661=CARTESIAN_POINT('Ctrl Pts',(42.3826184243878,61.385633874022,-2.));
#9662=CARTESIAN_POINT('Ctrl Pts',(42.4887201923397,62.9063750174593,-2.));
#9663=CARTESIAN_POINT('Ctrl Pts',(42.5289365802392,63.8582575027149,-2.));
#9664=CARTESIAN_POINT('Ctrl Pts',(42.5433694902609,64.5249576243531,-2.));
#9665=CARTESIAN_POINT('Ctrl Pts',(42.5471565371498,64.8583512399374,-2.));
#9666=CARTESIAN_POINT('Ctrl Pts',(42.5483402441896,65.0488707414619,-2.));
#9667=CARTESIAN_POINT('Ctrl Pts',(42.5486055636864,65.1441322859656,-2.));
#9668=CARTESIAN_POINT('Ctrl Pts',(42.5486564762569,65.1917632450709,-2.));
#9669=CARTESIAN_POINT('Ctrl Pts',(3.49670792327386,35.3059223029477,-2.));
#9670=CARTESIAN_POINT('Ctrl Pts',(3.49849741871515,35.3060788635123,-2.));
#9671=CARTESIAN_POINT('Ctrl Pts',(3.50028690009495,35.3062355848053,-2.));
#9672=CARTESIAN_POINT('Ctrl Pts',(3.77593533573687,35.3304015926822,-2.));
#9673=CARTESIAN_POINT('Ctrl Pts',(4.32299141838179,35.3859487752399,-2.));
#9674=CARTESIAN_POINT('Ctrl Pts',(5.14097213668272,35.4917933851681,-2.));
#9675=CARTESIAN_POINT('Ctrl Pts',(5.95572786230224,35.6200809594895,-2.));
#9676=CARTESIAN_POINT('Ctrl Pts',(6.7666417410463,35.7707137660614,-2.));
#9677=CARTESIAN_POINT('Ctrl Pts',(7.57309987909328,35.9435770535162,-2.));
#9678=CARTESIAN_POINT('Ctrl Pts',(8.37449181842491,36.1385391454419,-2.));
#9679=CARTESIAN_POINT('Ctrl Pts',(9.17021100576588,36.3554515426593,-2.));
#9680=CARTESIAN_POINT('Ctrl Pts',(9.95965525991972,36.5941490410958,-2.));
#9681=CARTESIAN_POINT('Ctrl Pts',(10.7422272348132,36.8544498617007,-2.));
#9682=CARTESIAN_POINT('Ctrl Pts',(11.5173348787851,37.1361557939598,-2.));
#9683=CARTESIAN_POINT('Ctrl Pts',(12.2843918895923,37.4390523518373,-2.));
#9684=CARTESIAN_POINT('Ctrl Pts',(13.0428181642551,37.7629089431343,-2.));
#9685=CARTESIAN_POINT('Ctrl Pts',(13.7920402448904,38.1074790501276,-2.));
#9686=CARTESIAN_POINT('Ctrl Pts',(14.5314917566128,38.472500425529,-2.));
#9687=CARTESIAN_POINT('Ctrl Pts',(15.2606138451889,38.8576952943027,-2.));
#9688=CARTESIAN_POINT('Ctrl Pts',(15.9788555960708,39.2627705818918,-2.));
#9689=CARTESIAN_POINT('Ctrl Pts',(16.6856744748096,39.6874181222995,-2.));
#9690=CARTESIAN_POINT('Ctrl Pts',(17.3805366982419,40.131314949531,-2.));
#9691=CARTESIAN_POINT('Ctrl Pts',(18.0629177380844,40.5941234401674,-2.));
#9692=CARTESIAN_POINT('Ctrl Pts',(18.7323025047615,41.0754918259257,-2.));
#9693=CARTESIAN_POINT('Ctrl Pts',(19.3881862220756,41.5750539146523,-2.));
#9694=CARTESIAN_POINT('Ctrl Pts',(20.0300737304829,42.0924306179026,-2.));
#9695=CARTESIAN_POINT('Ctrl Pts',(20.8666027077079,42.8054796472661,-2.));
#9696=CARTESIAN_POINT('Ctrl Pts',(21.8748781522218,43.7393293026188,-2.));
#9697=CARTESIAN_POINT('Ctrl Pts',(22.7347680616777,44.6283390864416,-2.));
#9698=CARTESIAN_POINT('Ctrl Pts',(23.2871179997215,45.2400992799572,-2.));
#9699=CARTESIAN_POINT('Ctrl Pts',(23.6496920088796,45.6529327615647,-2.));
#9700=CARTESIAN_POINT('Ctrl Pts',(24.2691901799882,46.3883220484509,-2.));
#9701=CARTESIAN_POINT('Ctrl Pts',(24.9421306743683,47.2574355433037,-2.));
#9702=CARTESIAN_POINT('Ctrl Pts',(25.7375646556643,48.3771601529286,-2.));
#9703=CARTESIAN_POINT('Ctrl Pts',(26.3366041658123,49.2985854507208,-2.));
#9704=CARTESIAN_POINT('Ctrl Pts',(27.0370823588136,50.4798104585601,-2.));
#9705=CARTESIAN_POINT('Ctrl Pts',(27.6884433951148,51.6891014137443,-2.));
#9706=CARTESIAN_POINT('Ctrl Pts',(28.3891847602372,53.180856313798,-2.));
#9707=CARTESIAN_POINT('Ctrl Pts',(28.8525101083243,54.3267565744914,-1.99999999999999));
#9708=CARTESIAN_POINT('Ctrl Pts',(29.1348810234959,55.1005164217408,-1.99999999999999));
#9709=CARTESIAN_POINT('Ctrl Pts',(29.3160158847698,55.6188502963848,-1.99999999999999));
#9710=CARTESIAN_POINT('Ctrl Pts',(29.6142629508518,56.5322727728207,-1.99999999999999));
#9711=CARTESIAN_POINT('Ctrl Pts',(29.9119239691512,57.5895846322739,-2.));
#9712=CARTESIAN_POINT('Ctrl Pts',(30.2291695399708,58.9249326977282,-2.));
#9713=CARTESIAN_POINT('Ctrl Pts',(30.4388245479255,60.0029667618958,-2.));
#9714=CARTESIAN_POINT('Ctrl Pts',(30.6451368858012,61.3596570416595,-2.));
#9715=CARTESIAN_POINT('Ctrl Pts',(30.7654089548043,62.4510980566529,-2.));
#9716=CARTESIAN_POINT('Ctrl Pts',(30.8406396159869,63.5461933634021,-2.));
#9717=CARTESIAN_POINT('Ctrl Pts',(30.8688637082891,64.2316099122227,-2.));
#9718=CARTESIAN_POINT('Ctrl Pts',(30.8787425608624,64.7116556093988,-2.));
#9719=CARTESIAN_POINT('Ctrl Pts',(30.8812123785445,64.9517045854178,-2.));
#9720=CARTESIAN_POINT('Ctrl Pts',(30.8819180287808,65.0888802717418,-2.));
#9721=CARTESIAN_POINT('Ctrl Pts',(30.8820356408441,65.157468920995,-2.));
#9722=CARTESIAN_POINT('Ctrl Pts',(30.8820356408441,65.1917632457001,-2.));
#9723=CARTESIAN_POINT('Ctrl Pts',(4.01898302158103,29.336290612867,-2.));
#9724=CARTESIAN_POINT('Ctrl Pts',(3.84489132214531,31.3261678428939,-2.));
#9725=CARTESIAN_POINT('Ctrl Pts',(3.67079962270958,33.3160450729208,-2.));
#9726=CARTESIAN_POINT('Ctrl Pts',(3.49670792327386,35.3059223029477,-2.));
#9727=CARTESIAN_POINT('Ctrl Pts',(10.2673302297419,1.00659372118537,-2.));
#9728=CARTESIAN_POINT('Ctrl Pts',(10.7963486036834,1.08378714448409,-2.));
#9729=CARTESIAN_POINT('Ctrl Pts',(11.9115413651596,1.26059154900752,-2.));
#9730=CARTESIAN_POINT('Ctrl Pts',(13.6062895076985,1.57474383638395,-2.));
#9731=CARTESIAN_POINT('Ctrl Pts',(15.3502613529789,1.94777553486345,-2.));
#9732=CARTESIAN_POINT('Ctrl Pts',(17.0833442285916,2.36850610885402,-2.));
#9733=CARTESIAN_POINT('Ctrl Pts',(18.8042337851563,2.83661896135971,-2.));
#9734=CARTESIAN_POINT('Ctrl Pts',(20.5116348622124,3.35176176301922,-2.));
#9735=CARTESIAN_POINT('Ctrl Pts',(22.2042624453956,3.91354682125026,-2.));
#9736=CARTESIAN_POINT('Ctrl Pts',(23.8808426416003,4.52155132584121,-2.));
#9737=CARTESIAN_POINT('Ctrl Pts',(25.5401136337716,5.1753176872628,-2.));
#9738=CARTESIAN_POINT('Ctrl Pts',(27.1808266324848,5.87435387302529,-2.));
#9739=CARTESIAN_POINT('Ctrl Pts',(28.8017468154876,6.61813377973696,-2.));
#9740=CARTESIAN_POINT('Ctrl Pts',(30.4016542549318,7.40609763195106,-2.));
#9741=CARTESIAN_POINT('Ctrl Pts',(31.9793448425614,8.23765239437073,-2.));
#9742=CARTESIAN_POINT('Ctrl Pts',(33.5336311780811,9.11217223917103,-2.));
#9743=CARTESIAN_POINT('Ctrl Pts',(35.0633435040915,10.0289989698585,-2.));
#9744=CARTESIAN_POINT('Ctrl Pts',(36.5673304939532,10.9874426224233,-2.));
#9745=CARTESIAN_POINT('Ctrl Pts',(38.0444603236775,11.986781746714,-2.));
#9746=CARTESIAN_POINT('Ctrl Pts',(39.4936210676264,13.0262644839166,-2.));
#9747=CARTESIAN_POINT('Ctrl Pts',(40.9137225529303,14.1051079344118,-2.));
#9748=CARTESIAN_POINT('Ctrl Pts',(42.303694903111,15.222501428376,-2.));
#9749=CARTESIAN_POINT('Ctrl Pts',(44.1153934974518,16.7626053405845,-2.));
#9750=CARTESIAN_POINT('Ctrl Pts',(46.2995145972344,18.7798354281404,-2.));
#9751=CARTESIAN_POINT('Ctrl Pts',(48.162787028887,20.7005100353827,-2.));
#9752=CARTESIAN_POINT('Ctrl Pts',(49.3599150281506,22.0223371303291,-2.));
#9753=CARTESIAN_POINT('Ctrl Pts',(50.1458053529314,22.9143819780825,-2.));
#9754=CARTESIAN_POINT('Ctrl Pts',(51.4887742943069,24.5035021780494,-2.));
#9755=CARTESIAN_POINT('Ctrl Pts',(52.9480341296326,26.3818341069649,-2.));
#9756=CARTESIAN_POINT('Ctrl Pts',(54.6734828389689,28.8021227324968,-2.));
#9757=CARTESIAN_POINT('Ctrl Pts',(55.9733858361433,30.7940623221564,-2.));
#9758=CARTESIAN_POINT('Ctrl Pts',(57.4940178759776,33.3480103626802,-2.));
#9759=CARTESIAN_POINT('Ctrl Pts',(58.9086650635696,35.9630218984953,-2.));
#9760=CARTESIAN_POINT('Ctrl Pts',(60.4316248755188,39.1894949454967,-2.));
#9761=CARTESIAN_POINT('Ctrl Pts',(61.4394557988629,41.668442981722,-2.));
#9762=CARTESIAN_POINT('Ctrl Pts',(62.0540641263663,43.3425559544782,-2.));
#9763=CARTESIAN_POINT('Ctrl Pts',(62.4484352404819,44.4640869122714,-2.));
#9764=CARTESIAN_POINT('Ctrl Pts',(63.0980915051615,46.4406382361034,-2.));
#9765=CARTESIAN_POINT('Ctrl Pts',(63.7472007326556,48.7289201970772,-2.));
#9766=CARTESIAN_POINT('Ctrl Pts',(64.4400265590471,51.6194173819431,-2.));
#9767=CARTESIAN_POINT('Ctrl Pts',(64.8988189201058,53.9533170962276,-2.));
#9768=CARTESIAN_POINT('Ctrl Pts',(65.3516669870831,56.8909884452554,-2.));
#9769=CARTESIAN_POINT('Ctrl Pts',(65.6170362243058,59.2547057140187,-2.));
#9770=CARTESIAN_POINT('Ctrl Pts',(65.7848821653272,61.6267381767319,-2.));
#9771=CARTESIAN_POINT('Ctrl Pts',(65.8490816166418,63.1115528002434,-2.));
#9772=CARTESIAN_POINT('Ctrl Pts',(65.872623769526,64.1515615864954,-2.));
#9773=CARTESIAN_POINT('Ctrl Pts',(65.8790446288825,64.671644584757,-2.));
#9774=CARTESIAN_POINT('Ctrl Pts',(65.8811848269207,64.9688516567776,-2.));
#9775=CARTESIAN_POINT('Ctrl Pts',(65.8817453152065,65.1174590307934,-2.));
#9776=CARTESIAN_POINT('Ctrl Pts',(65.8818981470825,65.1917632438127,-2.));
#9777=CARTESIAN_POINT('Ctrl Pts',(10.2673302297419,1.00659372118537,17.9244054533899));
#9778=CARTESIAN_POINT('Ctrl Pts',(10.7963486036834,1.08378714448409,17.9244963665232));
#9779=CARTESIAN_POINT('Ctrl Pts',(11.9115413651596,1.26059154900752,17.9247045939542));
#9780=CARTESIAN_POINT('Ctrl Pts',(13.6062895076985,1.57474383638395,17.9250745764478));
#9781=CARTESIAN_POINT('Ctrl Pts',(15.3502613529789,1.94777553486345,17.925513897353));
#9782=CARTESIAN_POINT('Ctrl Pts',(17.0833442285916,2.36850610885402,17.9260093871627));
#9783=CARTESIAN_POINT('Ctrl Pts',(18.8042337851563,2.83661896135971,17.9265606707796));
#9784=CARTESIAN_POINT('Ctrl Pts',(20.5116348622124,3.35176176301922,17.927167330795));
#9785=CARTESIAN_POINT('Ctrl Pts',(22.2042624453956,3.91354682125026,17.9278289079336));
#9786=CARTESIAN_POINT('Ctrl Pts',(23.8808426416003,4.52155132584121,17.9285449013531));
#9787=CARTESIAN_POINT('Ctrl Pts',(25.5401136337716,5.1753176872628,17.9293147690531));
#9788=CARTESIAN_POINT('Ctrl Pts',(27.1808266324848,5.87435387302529,17.9301379282836));
#9789=CARTESIAN_POINT('Ctrl Pts',(28.8017468154876,6.61813377973696,17.9310137559956));
#9790=CARTESIAN_POINT('Ctrl Pts',(30.4016542549318,7.40609763195106,17.931941589324));
#9791=CARTESIAN_POINT('Ctrl Pts',(31.9793448425614,8.23765239437073,17.9329207260871));
#9792=CARTESIAN_POINT('Ctrl Pts',(33.5336311780811,9.11217223917103,17.9339504253517));
#9793=CARTESIAN_POINT('Ctrl Pts',(35.0633435040915,10.0289989698585,17.9350299079471));
#9794=CARTESIAN_POINT('Ctrl Pts',(36.5673304939532,10.9874426224233,17.9361583571889));
#9795=CARTESIAN_POINT('Ctrl Pts',(38.0444603236775,11.986781746714,17.9373349192268));
#9796=CARTESIAN_POINT('Ctrl Pts',(39.4936210676264,13.0262644839166,17.9385587043296));
#9797=CARTESIAN_POINT('Ctrl Pts',(40.9137225529303,14.1051079344118,17.9398287861584));
#9798=CARTESIAN_POINT('Ctrl Pts',(42.303694903111,15.222501428376,17.9411442056342));
#9799=CARTESIAN_POINT('Ctrl Pts',(44.1153934974518,16.7626053405845,17.9429571834285));
#9800=CARTESIAN_POINT('Ctrl Pts',(46.2995145972344,18.7798354281404,17.9453316933881));
#9801=CARTESIAN_POINT('Ctrl Pts',(48.162787028887,20.7005100353827,17.947592367634));
#9802=CARTESIAN_POINT('Ctrl Pts',(49.3599150281506,22.0223371303291,17.9491481031559));
#9803=CARTESIAN_POINT('Ctrl Pts',(50.1458053529314,22.9143819780825,17.9501979806918));
#9804=CARTESIAN_POINT('Ctrl Pts',(51.4887742943069,24.5035021780494,17.9520682100703));
#9805=CARTESIAN_POINT('Ctrl Pts',(52.9480341296326,26.3818341069649,17.9542786681749));
#9806=CARTESIAN_POINT('Ctrl Pts',(54.6734828389689,28.8021227324968,17.9571267147015));
#9807=CARTESIAN_POINT('Ctrl Pts',(55.9733858361433,30.7940623221564,17.9594705444047));
#9808=CARTESIAN_POINT('Ctrl Pts',(57.4940178759776,33.3480103626802,17.9624754460949));
#9809=CARTESIAN_POINT('Ctrl Pts',(58.9086650635696,35.9630218984953,17.9655519689539));
#9810=CARTESIAN_POINT('Ctrl Pts',(60.4316248755188,39.1894949454967,17.9693474839984));
#9811=CARTESIAN_POINT('Ctrl Pts',(61.4394557988629,41.668442981722,17.9722633334583));
#9812=CARTESIAN_POINT('Ctrl Pts',(62.0540641263663,43.3425559544782,17.9742323685855));
#9813=CARTESIAN_POINT('Ctrl Pts',(62.4484352404819,44.4640869122714,17.9755514403429));
#9814=CARTESIAN_POINT('Ctrl Pts',(63.0980915051615,46.4406382361034,17.9778760385179));
#9815=CARTESIAN_POINT('Ctrl Pts',(63.7472007326556,48.7289201970772,17.9805670424353));
#9816=CARTESIAN_POINT('Ctrl Pts',(64.4400265590471,51.6194173819431,17.9839659670626));
#9817=CARTESIAN_POINT('Ctrl Pts',(64.8988189201058,53.9533170962276,17.9867101645584));
#9818=CARTESIAN_POINT('Ctrl Pts',(65.3516669870831,56.8909884452554,17.9901639868867));
#9819=CARTESIAN_POINT('Ctrl Pts',(65.6170362243058,59.2547057140187,17.9929427782231));
#9820=CARTESIAN_POINT('Ctrl Pts',(65.7848821653272,61.6267381767319,17.9957311091389));
#9821=CARTESIAN_POINT('Ctrl Pts',(65.8490816166418,63.1115528002434,17.9974764146168));
#9822=CARTESIAN_POINT('Ctrl Pts',(65.872623769526,64.1515615864954,17.9986988272732));
#9823=CARTESIAN_POINT('Ctrl Pts',(65.8790446288825,64.671644584757,17.9993101130601));
#9824=CARTESIAN_POINT('Ctrl Pts',(65.8811848269207,64.9688516567776,17.9996594352586));
#9825=CARTESIAN_POINT('Ctrl Pts',(65.8817453152065,65.1174590307934,17.9998340996369));
#9826=CARTESIAN_POINT('Ctrl Pts',(65.8818981470825,65.1917632438127,17.9999214321362));
#9827=CARTESIAN_POINT('Ctrl Pts',(10.2673302297419,1.00659372118537,11.2829369689266));
#9828=CARTESIAN_POINT('Ctrl Pts',(10.7963486036834,1.08378714448409,11.2829975777008));
#9829=CARTESIAN_POINT('Ctrl Pts',(11.9115413651596,1.26059154900752,11.2831363959718));
#9830=CARTESIAN_POINT('Ctrl Pts',(13.6062895076985,1.57474383638395,11.2833830509768));
#9831=CARTESIAN_POINT('Ctrl Pts',(15.3502613529789,1.94777553486345,11.2836759315721));
#9832=CARTESIAN_POINT('Ctrl Pts',(17.0833442285916,2.36850610885402,11.2840062581147));
#9833=CARTESIAN_POINT('Ctrl Pts',(18.8042337851563,2.83661896135971,11.2843737805224));
#9834=CARTESIAN_POINT('Ctrl Pts',(20.5116348622124,3.35176176301922,11.2847782205332));
#9835=CARTESIAN_POINT('Ctrl Pts',(22.2042624453956,3.91354682125026,11.2852192719574));
#9836=CARTESIAN_POINT('Ctrl Pts',(23.8808426416003,4.52155132584121,11.2856966009032));
#9837=CARTESIAN_POINT('Ctrl Pts',(25.5401136337716,5.1753176872628,11.286209846036));
#9838=CARTESIAN_POINT('Ctrl Pts',(27.1808266324848,5.87435387302529,11.2867586188552));
#9839=CARTESIAN_POINT('Ctrl Pts',(28.8017468154876,6.61813377973696,11.2873425039971));
#9840=CARTESIAN_POINT('Ctrl Pts',(30.4016542549318,7.40609763195106,11.2879610595462));
#9841=CARTESIAN_POINT('Ctrl Pts',(31.9793448425614,8.23765239437073,11.2886138173921));
#9842=CARTESIAN_POINT('Ctrl Pts',(33.5336311780811,9.11217223917103,11.2893002835594));
#9843=CARTESIAN_POINT('Ctrl Pts',(35.0633435040915,10.0289989698585,11.290019938637));
#9844=CARTESIAN_POINT('Ctrl Pts',(36.5673304939532,10.9874426224233,11.2907722381035));
#9845=CARTESIAN_POINT('Ctrl Pts',(38.0444603236775,11.986781746714,11.2915566128416));
#9846=CARTESIAN_POINT('Ctrl Pts',(39.4936210676264,13.0262644839166,11.292372469493));
#9847=CARTESIAN_POINT('Ctrl Pts',(40.9137225529303,14.1051079344118,11.2932191908471));
#9848=CARTESIAN_POINT('Ctrl Pts',(42.303694903111,15.222501428376,11.2940961369517));
#9849=CARTESIAN_POINT('Ctrl Pts',(44.1153934974518,16.7626053405845,11.295304789111));
#9850=CARTESIAN_POINT('Ctrl Pts',(46.2995145972344,18.7798354281404,11.2968877956911));
#9851=CARTESIAN_POINT('Ctrl Pts',(48.162787028887,20.7005100353827,11.2983949118839));
#9852=CARTESIAN_POINT('Ctrl Pts',(49.3599150281506,22.0223371303291,11.2994320687317));
#9853=CARTESIAN_POINT('Ctrl Pts',(50.1458053529314,22.9143819780825,11.3001319868205));
#9854=CARTESIAN_POINT('Ctrl Pts',(51.4887742943069,24.5035021780494,11.3013788071037));
#9855=CARTESIAN_POINT('Ctrl Pts',(52.9480341296326,26.3818341069649,11.3028524453012));
#9856=CARTESIAN_POINT('Ctrl Pts',(54.6734828389689,28.8021227324968,11.3047511432503));
#9857=CARTESIAN_POINT('Ctrl Pts',(55.9733858361433,30.7940623221564,11.3063136963536));
#9858=CARTESIAN_POINT('Ctrl Pts',(57.4940178759776,33.3480103626802,11.3083169639509));
#9859=CARTESIAN_POINT('Ctrl Pts',(58.9086650635696,35.9630218984953,11.310367979502));
#9860=CARTESIAN_POINT('Ctrl Pts',(60.4316248755188,39.1894949454967,11.3128983225667));
#9861=CARTESIAN_POINT('Ctrl Pts',(61.4394557988629,41.668442981722,11.3148422225605));
#9862=CARTESIAN_POINT('Ctrl Pts',(62.0540641263663,43.3425559544782,11.3161549122852));
#9863=CARTESIAN_POINT('Ctrl Pts',(62.4484352404819,44.4640869122714,11.3170342934727));
#9864=CARTESIAN_POINT('Ctrl Pts',(63.0980915051615,46.4406382361034,11.3185840257752));
#9865=CARTESIAN_POINT('Ctrl Pts',(63.7472007326556,48.7289201970772,11.3203780282806));
#9866=CARTESIAN_POINT('Ctrl Pts',(64.4400265590471,51.6194173819431,11.3226439780395));
#9867=CARTESIAN_POINT('Ctrl Pts',(64.8988189201058,53.9533170962276,11.3244734431242));
#9868=CARTESIAN_POINT('Ctrl Pts',(65.3516669870831,56.8909884452554,11.3267759911733));
#9869=CARTESIAN_POINT('Ctrl Pts',(65.6170362243058,59.2547057140187,11.328628518948));
#9870=CARTESIAN_POINT('Ctrl Pts',(65.7848821653272,61.6267381767319,11.3304874059961));
#9871=CARTESIAN_POINT('Ctrl Pts',(65.8490816166418,63.1115528002434,11.3316509431523));
#9872=CARTESIAN_POINT('Ctrl Pts',(65.872623769526,64.1515615864954,11.3324658848056));
#9873=CARTESIAN_POINT('Ctrl Pts',(65.8790446288825,64.671644584757,11.3328734087295));
#9874=CARTESIAN_POINT('Ctrl Pts',(65.8811848269207,64.9688516567776,11.333106290157));
#9875=CARTESIAN_POINT('Ctrl Pts',(65.8817453152065,65.1174590307934,11.3332227331007));
#9876=CARTESIAN_POINT('Ctrl Pts',(65.8818981470825,65.1917632438127,11.3332809547575));
#9877=CARTESIAN_POINT('Ctrl Pts',(10.2673302297419,1.00659372118537,4.64146848446329));
#9878=CARTESIAN_POINT('Ctrl Pts',(10.7963486036834,1.08378714448409,4.6414987888224));
#9879=CARTESIAN_POINT('Ctrl Pts',(11.9115413651596,1.26059154900752,4.64156819798237));
#9880=CARTESIAN_POINT('Ctrl Pts',(13.6062895076985,1.57474383638395,4.64169152547097));
#9881=CARTESIAN_POINT('Ctrl Pts',(15.3502613529789,1.94777553486345,4.64183796578086));
#9882=CARTESIAN_POINT('Ctrl Pts',(17.0833442285916,2.36850610885402,4.64200312904801));
#9883=CARTESIAN_POINT('Ctrl Pts',(18.8042337851563,2.83661896135971,4.64218689025719));
#9884=CARTESIAN_POINT('Ctrl Pts',(20.5116348622124,3.35176176301922,4.64238911026183));
#9885=CARTESIAN_POINT('Ctrl Pts',(22.2042624453956,3.91354682125026,4.64260963597626));
#9886=CARTESIAN_POINT('Ctrl Pts',(23.8808426416003,4.52155132584121,4.64284830044986));
#9887=CARTESIAN_POINT('Ctrl Pts',(25.5401136337716,5.1753176872628,4.64310492301706));
#9888=CARTESIAN_POINT('Ctrl Pts',(27.1808266324848,5.87435387302529,4.64337930942846));
#9889=CARTESIAN_POINT('Ctrl Pts',(28.8017468154876,6.61813377973696,4.6436712519985));
#9890=CARTESIAN_POINT('Ctrl Pts',(30.4016542549318,7.40609763195106,4.64398052977775));
#9891=CARTESIAN_POINT('Ctrl Pts',(31.9793448425614,8.23765239437073,4.64430690869501));
#9892=CARTESIAN_POINT('Ctrl Pts',(33.5336311780811,9.11217223917103,4.64465014179234));
#9893=CARTESIAN_POINT('Ctrl Pts',(35.0633435040915,10.0289989698585,4.64500996931006));
#9894=CARTESIAN_POINT('Ctrl Pts',(36.5673304939532,10.9874426224233,4.64538611908541));
#9895=CARTESIAN_POINT('Ctrl Pts',(38.0444603236775,11.986781746714,4.64577830638525));
#9896=CARTESIAN_POINT('Ctrl Pts',(39.4936210676264,13.0262644839166,4.64618623483659));
#9897=CARTESIAN_POINT('Ctrl Pts',(40.9137225529303,14.1051079344118,4.6466095953113));
#9898=CARTESIAN_POINT('Ctrl Pts',(42.303694903111,15.222501428376,4.64704806868249));
#9899=CARTESIAN_POINT('Ctrl Pts',(44.1153934974518,16.7626053405845,4.64765239431744));
#9900=CARTESIAN_POINT('Ctrl Pts',(46.2995145972344,18.7798354281404,4.64844389769699));
#9901=CARTESIAN_POINT('Ctrl Pts',(48.162787028887,20.7005100353827,4.64919745575008));
#9902=CARTESIAN_POINT('Ctrl Pts',(49.3599150281506,22.0223371303291,4.6497160344242));
#9903=CARTESIAN_POINT('Ctrl Pts',(50.1458053529314,22.9143819780825,4.65006599387133));
#9904=CARTESIAN_POINT('Ctrl Pts',(51.4887742943069,24.5035021780494,4.65068940296658));
#9905=CARTESIAN_POINT('Ctrl Pts',(52.9480341296326,26.3818341069649,4.65142622287377));
#9906=CARTESIAN_POINT('Ctrl Pts',(54.6734828389689,28.8021227324968,4.65237557145119));
#9907=CARTESIAN_POINT('Ctrl Pts',(55.9733858361433,30.7940623221564,4.65315684805112));
#9908=CARTESIAN_POINT('Ctrl Pts',(57.4940178759776,33.3480103626802,4.65415848214403));
#9909=CARTESIAN_POINT('Ctrl Pts',(58.9086650635696,35.9630218984953,4.65518398945191));
#9910=CARTESIAN_POINT('Ctrl Pts',(60.4316248755188,39.1894949454967,4.65644916143175));
#9911=CARTESIAN_POINT('Ctrl Pts',(61.4394557988629,41.668442981722,4.65742111089778));
#9912=CARTESIAN_POINT('Ctrl Pts',(62.0540641263663,43.3425559544782,4.65807745630035));
#9913=CARTESIAN_POINT('Ctrl Pts',(62.4484352404819,44.4640869122714,4.65851714687023));
#9914=CARTESIAN_POINT('Ctrl Pts',(63.0980915051615,46.4406382361034,4.6592920127427));
#9915=CARTESIAN_POINT('Ctrl Pts',(63.7472007326556,48.7289201970772,4.66018901415472));
#9916=CARTESIAN_POINT('Ctrl Pts',(64.4400265590471,51.6194173819431,4.66132198902311));
#9917=CARTESIAN_POINT('Ctrl Pts',(64.8988189201058,53.9533170962276,4.66223672143414));
#9918=CARTESIAN_POINT('Ctrl Pts',(65.3516669870831,56.8909884452554,4.66338799571344));
#9919=CARTESIAN_POINT('Ctrl Pts',(65.6170362243058,59.2547057140187,4.66431425927511));
#9920=CARTESIAN_POINT('Ctrl Pts',(65.7848821653272,61.6267381767319,4.6652437031428));
#9921=CARTESIAN_POINT('Ctrl Pts',(65.8490816166418,63.1115528002434,4.66582547146445));
#9922=CARTESIAN_POINT('Ctrl Pts',(65.872623769526,64.1515615864954,4.66623294246757));
#9923=CARTESIAN_POINT('Ctrl Pts',(65.8790446288825,64.671644584757,4.66643670433063));
#9924=CARTESIAN_POINT('Ctrl Pts',(65.8811848269207,64.9688516567776,4.66655314510153));
#9925=CARTESIAN_POINT('Ctrl Pts',(65.8817453152065,65.1174590307934,4.66661136653616));
#9926=CARTESIAN_POINT('Ctrl Pts',(65.8818981470825,65.1917632438127,4.66664047737874));
#9927=CARTESIAN_POINT('Ctrl Pts',(10.2673302297419,1.00659372118537,-2.));
#9928=CARTESIAN_POINT('Ctrl Pts',(10.7963486036834,1.08378714448409,-2.));
#9929=CARTESIAN_POINT('Ctrl Pts',(11.9115413651596,1.26059154900752,-2.));
#9930=CARTESIAN_POINT('Ctrl Pts',(13.6062895076985,1.57474383638395,-2.));
#9931=CARTESIAN_POINT('Ctrl Pts',(15.3502613529789,1.94777553486345,-2.));
#9932=CARTESIAN_POINT('Ctrl Pts',(17.0833442285916,2.36850610885402,-2.));
#9933=CARTESIAN_POINT('Ctrl Pts',(18.8042337851563,2.83661896135971,-2.));
#9934=CARTESIAN_POINT('Ctrl Pts',(20.5116348622124,3.35176176301922,-2.));
#9935=CARTESIAN_POINT('Ctrl Pts',(22.2042624453956,3.91354682125026,-2.));
#9936=CARTESIAN_POINT('Ctrl Pts',(23.8808426416003,4.52155132584121,-2.));
#9937=CARTESIAN_POINT('Ctrl Pts',(25.5401136337716,5.1753176872628,-2.));
#9938=CARTESIAN_POINT('Ctrl Pts',(27.1808266324848,5.87435387302529,-2.));
#9939=CARTESIAN_POINT('Ctrl Pts',(28.8017468154876,6.61813377973696,-2.));
#9940=CARTESIAN_POINT('Ctrl Pts',(30.4016542549318,7.40609763195106,-2.));
#9941=CARTESIAN_POINT('Ctrl Pts',(31.9793448425614,8.23765239437073,-2.));
#9942=CARTESIAN_POINT('Ctrl Pts',(33.5336311780811,9.11217223917103,-2.));
#9943=CARTESIAN_POINT('Ctrl Pts',(35.0633435040915,10.0289989698585,-2.));
#9944=CARTESIAN_POINT('Ctrl Pts',(36.5673304939532,10.9874426224233,-2.));
#9945=CARTESIAN_POINT('Ctrl Pts',(38.0444603236775,11.986781746714,-2.));
#9946=CARTESIAN_POINT('Ctrl Pts',(39.4936210676264,13.0262644839166,-2.));
#9947=CARTESIAN_POINT('Ctrl Pts',(40.9137225529303,14.1051079344118,-2.));
#9948=CARTESIAN_POINT('Ctrl Pts',(42.303694903111,15.222501428376,-2.));
#9949=CARTESIAN_POINT('Ctrl Pts',(44.1153934974518,16.7626053405845,-2.));
#9950=CARTESIAN_POINT('Ctrl Pts',(46.2995145972344,18.7798354281404,-2.));
#9951=CARTESIAN_POINT('Ctrl Pts',(48.162787028887,20.7005100353827,-2.));
#9952=CARTESIAN_POINT('Ctrl Pts',(49.3599150281506,22.0223371303291,-2.));
#9953=CARTESIAN_POINT('Ctrl Pts',(50.1458053529314,22.9143819780825,-2.));
#9954=CARTESIAN_POINT('Ctrl Pts',(51.4887742943069,24.5035021780494,-2.));
#9955=CARTESIAN_POINT('Ctrl Pts',(52.9480341296326,26.3818341069649,-2.));
#9956=CARTESIAN_POINT('Ctrl Pts',(54.6734828389689,28.8021227324968,-2.));
#9957=CARTESIAN_POINT('Ctrl Pts',(55.9733858361433,30.7940623221564,-2.));
#9958=CARTESIAN_POINT('Ctrl Pts',(57.4940178759776,33.3480103626802,-2.));
#9959=CARTESIAN_POINT('Ctrl Pts',(58.9086650635696,35.9630218984953,-2.));
#9960=CARTESIAN_POINT('Ctrl Pts',(60.4316248755188,39.1894949454967,-2.));
#9961=CARTESIAN_POINT('Ctrl Pts',(61.4394557988629,41.668442981722,-2.));
#9962=CARTESIAN_POINT('Ctrl Pts',(62.0540641263663,43.3425559544782,-2.));
#9963=CARTESIAN_POINT('Ctrl Pts',(62.4484352404819,44.4640869122714,-2.));
#9964=CARTESIAN_POINT('Ctrl Pts',(63.0980915051615,46.4406382361034,-2.));
#9965=CARTESIAN_POINT('Ctrl Pts',(63.7472007326556,48.7289201970772,-2.));
#9966=CARTESIAN_POINT('Ctrl Pts',(64.4400265590471,51.6194173819431,-2.));
#9967=CARTESIAN_POINT('Ctrl Pts',(64.8988189201058,53.9533170962276,-2.));
#9968=CARTESIAN_POINT('Ctrl Pts',(65.3516669870831,56.8909884452554,-2.));
#9969=CARTESIAN_POINT('Ctrl Pts',(65.6170362243058,59.2547057140187,-2.));
#9970=CARTESIAN_POINT('Ctrl Pts',(65.7848821653272,61.6267381767319,-2.));
#9971=CARTESIAN_POINT('Ctrl Pts',(65.8490816166418,63.1115528002434,-2.));
#9972=CARTESIAN_POINT('Ctrl Pts',(65.872623769526,64.1515615864954,-2.));
#9973=CARTESIAN_POINT('Ctrl Pts',(65.8790446288825,64.671644584757,-2.));
#9974=CARTESIAN_POINT('Ctrl Pts',(65.8811848269207,64.9688516567776,-2.));
#9975=CARTESIAN_POINT('Ctrl Pts',(65.8817453152065,65.1174590307934,-2.));
#9976=CARTESIAN_POINT('Ctrl Pts',(65.8818981470825,65.1917632438127,-2.));
#9977=CARTESIAN_POINT('Ctrl Pts',(0.,33.,16.));
#9978=CARTESIAN_POINT('Ctrl Pts',(1.22345203364693,33.1070381833119,15.9544232590366));
#9979=CARTESIAN_POINT('Ctrl Pts',(2.44690406729386,33.2140763666237,15.9315045656514));
#9980=CARTESIAN_POINT('Ctrl Pts',(3.67035610094079,33.3211145499356,15.9315045656514));
#9981=CARTESIAN_POINT('Ctrl Pts',(0.,33.,10.6666666666667));
#9982=CARTESIAN_POINT('Ctrl Pts',(1.22345203364693,33.1070381833119,10.634594145248));
#9983=CARTESIAN_POINT('Ctrl Pts',(2.44690406729386,33.2140763666237,10.6184661758288));
#9984=CARTESIAN_POINT('Ctrl Pts',(3.67035610094079,33.3211145499356,10.6184661758288));
#9985=CARTESIAN_POINT('Ctrl Pts',(0.,33.,5.33333333333333));
#9986=CARTESIAN_POINT('Ctrl Pts',(1.22345203364693,33.1070381833119,5.31476503145937));
#9987=CARTESIAN_POINT('Ctrl Pts',(2.44690406729386,33.2140763666237,5.30542778600613));
#9988=CARTESIAN_POINT('Ctrl Pts',(3.67035610094079,33.3211145499356,5.30542778600613));
#9989=CARTESIAN_POINT('Ctrl Pts',(0.,33.,-2.77555756156289E-16));
#9990=CARTESIAN_POINT('Ctrl Pts',(1.22345203364693,33.1070381833119,-0.00506408232926424));
#9991=CARTESIAN_POINT('Ctrl Pts',(2.44690406729386,33.2140763666237,-0.00761060381650914));
#9992=CARTESIAN_POINT('Ctrl Pts',(3.67035610094079,33.3211145499356,-0.00761060381650913));
#9993=CARTESIAN_POINT('',(0.,33.,8.));
#9994=CARTESIAN_POINT('Ctrl Pts',(0.,33.,16.));
#9995=CARTESIAN_POINT('Ctrl Pts',(1.22345203364693,33.1070381833119,15.9544232590366));
#9996=CARTESIAN_POINT('Ctrl Pts',(2.44690406729386,33.2140763666237,15.9315045656514));
#9997=CARTESIAN_POINT('Ctrl Pts',(3.67035610094079,33.3211145499356,15.9315045656514));
#9998=CARTESIAN_POINT('Ctrl Pts',(0.,28.9846751595755,16.));
#9999=CARTESIAN_POINT('Ctrl Pts',(1.33966100719368,29.1018803106727,15.9544232590366));
#10000=CARTESIAN_POINT('Ctrl Pts',(2.67932201438735,29.2190854617698,15.9315045656514));
#10001=CARTESIAN_POINT('Ctrl Pts',(4.01898302158103,29.336290612867,15.9315045656514));
#10002=CARTESIAN_POINT('Ctrl Pts',(0.,30.3231167730503,16.));
#10003=CARTESIAN_POINT('Ctrl Pts',(1.30092468267809,30.4369329348857,15.9544232590366));
#10004=CARTESIAN_POINT('Ctrl Pts',(2.60184936535619,30.5507490967211,15.9315045656514));
#10005=CARTESIAN_POINT('Ctrl Pts',(3.90277404803428,30.6645652585565,15.9315045656514));
#10006=CARTESIAN_POINT('Ctrl Pts',(0.,31.6615583865252,16.));
#10007=CARTESIAN_POINT('Ctrl Pts',(1.26218835816251,31.7719855590988,15.9544232590366));
#10008=CARTESIAN_POINT('Ctrl Pts',(2.52437671632502,31.8824127316724,15.9315045656514));
#10009=CARTESIAN_POINT('Ctrl Pts',(3.78656507448753,31.992839904246,15.9315045656514));
#10010=CARTESIAN_POINT('Ctrl Pts',(0.,33.,16.));
#10011=CARTESIAN_POINT('Ctrl Pts',(1.22345203364693,33.1070381833119,15.9544232590366));
#10012=CARTESIAN_POINT('Ctrl Pts',(2.44690406729386,33.2140763666237,15.9315045656514));
#10013=CARTESIAN_POINT('Ctrl Pts',(3.67035610094079,33.3211145499356,15.9315045656514));
#10014=CARTESIAN_POINT('Ctrl Pts',(0.,2.00000000000001,-2.77555756156289E-16));
#10015=CARTESIAN_POINT('Ctrl Pts',(2.12063428492607,2.18553145941545,-0.00506408232926424));
#10016=CARTESIAN_POINT('Ctrl Pts',(4.24126856985214,2.37106291883088,-0.00761060381650914));
#10017=CARTESIAN_POINT('Ctrl Pts',(6.36190285477821,2.55659437824631,-0.00761060381650913));
#10018=CARTESIAN_POINT('Ctrl Pts',(0.,2.00000000000001,5.33333333333333));
#10019=CARTESIAN_POINT('Ctrl Pts',(2.12063428492607,2.18553145941545,5.31476503145937));
#10020=CARTESIAN_POINT('Ctrl Pts',(4.24126856985214,2.37106291883088,5.30542778600613));
#10021=CARTESIAN_POINT('Ctrl Pts',(6.36190285477821,2.55659437824631,5.30542778600613));
#10022=CARTESIAN_POINT('Ctrl Pts',(0.,2.00000000000001,10.6666666666667));
#10023=CARTESIAN_POINT('Ctrl Pts',(2.12063428492607,2.18553145941545,10.634594145248));
#10024=CARTESIAN_POINT('Ctrl Pts',(4.24126856985214,2.37106291883088,10.6184661758288));
#10025=CARTESIAN_POINT('Ctrl Pts',(6.36190285477821,2.55659437824631,10.6184661758288));
#10026=CARTESIAN_POINT('Ctrl Pts',(0.,2.00000000000001,16.));
#10027=CARTESIAN_POINT('Ctrl Pts',(2.12063428492607,2.18553145941545,15.9544232590366));
#10028=CARTESIAN_POINT('Ctrl Pts',(4.24126856985214,2.37106291883088,15.9315045656514));
#10029=CARTESIAN_POINT('Ctrl Pts',(6.36190285477821,2.55659437824631,15.9315045656514));
#10030=CARTESIAN_POINT('',(0.,2.,0.));
#10031=CARTESIAN_POINT('Ctrl Pts',(0.,2.00000000000001,-2.77555756156289E-16));
#10032=CARTESIAN_POINT('Ctrl Pts',(2.12063428492607,2.18553145941545,-0.00506408232926424));
#10033=CARTESIAN_POINT('Ctrl Pts',(4.24126856985214,2.37106291883088,-0.00761060381650914));
#10034=CARTESIAN_POINT('Ctrl Pts',(6.36190285477821,2.55659437824631,-0.00761060381650913));
#10035=CARTESIAN_POINT('Ctrl Pts',(0.,6.01532484042646,-2.77555756156289E-16));
#10036=CARTESIAN_POINT('Ctrl Pts',(2.00442531137927,6.19068933205656,-0.00506408232926424));
#10037=CARTESIAN_POINT('Ctrl Pts',(4.00885062275854,6.36605382368667,-0.00761060381650914));
#10038=CARTESIAN_POINT('Ctrl Pts',(6.0132759341378,6.54141831531678,-0.00761060381650913));
#10039=CARTESIAN_POINT('Ctrl Pts',(0.,4.67688322695097,-2.77555756156289E-16));
#10040=CARTESIAN_POINT('Ctrl Pts',(2.04316163589487,4.85563670784286,-0.00506408232926424));
#10041=CARTESIAN_POINT('Ctrl Pts',(4.08632327178973,5.03439018873474,-0.00761060381650914));
#10042=CARTESIAN_POINT('Ctrl Pts',(6.1294849076846,5.21314366962662,-0.00761060381650913));
#10043=CARTESIAN_POINT('Ctrl Pts',(0.,3.33844161347549,-2.77555756156289E-16));
#10044=CARTESIAN_POINT('Ctrl Pts',(2.08189796041047,3.52058408362915,-0.00506408232926424));
#10045=CARTESIAN_POINT('Ctrl Pts',(4.16379592082094,3.70272655378281,-0.00761060381650914));
#10046=CARTESIAN_POINT('Ctrl Pts',(6.24569388123141,3.88486902393647,-0.00761060381650913));
#10047=CARTESIAN_POINT('Ctrl Pts',(0.,2.00000000000001,-2.77555756156289E-16));
#10048=CARTESIAN_POINT('Ctrl Pts',(2.12063428492607,2.18553145941545,-0.00506408232926424));
#10049=CARTESIAN_POINT('Ctrl Pts',(4.24126856985214,2.37106291883088,-0.00761060381650914));
#10050=CARTESIAN_POINT('Ctrl Pts',(6.36190285477821,2.55659437824631,-0.00761060381650913));
#10051=CARTESIAN_POINT('Ctrl Pts',(-1.42414167626027E-15,6.01532484042451,
18.));
#10052=CARTESIAN_POINT('Ctrl Pts',(2.00442531137932,6.19068933205462,17.9493591767074));
#10053=CARTESIAN_POINT('Ctrl Pts',(4.00885062275865,6.36605382368473,17.9238939618349));
#10054=CARTESIAN_POINT('Ctrl Pts',(6.01327593413798,6.54141831531484,17.9238939618349));
#10055=CARTESIAN_POINT('Ctrl Pts',(-1.12650137253764E-15,0.387663872153086,
18.));
#10056=CARTESIAN_POINT('Ctrl Pts',(2.1672974899906,0.577277833015452,17.9493591767074));
#10057=CARTESIAN_POINT('Ctrl Pts',(4.3345949799812,0.766891793877823,17.9238939618349));
#10058=CARTESIAN_POINT('Ctrl Pts',(6.5018924699718,0.956505754740189,17.9238939618349));
#10059=CARTESIAN_POINT('Ctrl Pts',(-8.28861068815005E-16,-5.23999709611834,
18.));
#10060=CARTESIAN_POINT('Ctrl Pts',(2.33016966860187,-5.03613366602371,17.9493591767074));
#10061=CARTESIAN_POINT('Ctrl Pts',(4.66033933720375,-4.83227023592908,17.9238939618349));
#10062=CARTESIAN_POINT('Ctrl Pts',(6.99050900580562,-4.62840680583446,17.9238939618349));
#10063=CARTESIAN_POINT('Ctrl Pts',(-5.31220765092371E-16,-10.8676580643898,
18.));
#10064=CARTESIAN_POINT('Ctrl Pts',(2.49304184721315,-10.6495451650629,17.9493591767074));
#10065=CARTESIAN_POINT('Ctrl Pts',(4.9860836944263,-10.431432265736,17.9238939618349));
#10066=CARTESIAN_POINT('Ctrl Pts',(7.47912554163945,-10.2133193664091,17.9238939618349));
#10067=CARTESIAN_POINT('Ctrl Pts',(0.,35.,-2.));
#10068=CARTESIAN_POINT('Ctrl Pts',(1.16556930775795,35.1019741009826,-2.));
#10069=CARTESIAN_POINT('Ctrl Pts',(2.33113861551591,35.2039482019652,-2.));
#10070=CARTESIAN_POINT('Ctrl Pts',(3.49670792327386,35.3059223029477,-2.));
#10071=CARTESIAN_POINT('Ctrl Pts',(0.,35.,4.66666666666667));
#10072=CARTESIAN_POINT('Ctrl Pts',(1.16556930775795,35.1019741009826,4.64978639223579));
#10073=CARTESIAN_POINT('Ctrl Pts',(2.33113861551591,35.2039482019652,4.6412979872783));
#10074=CARTESIAN_POINT('Ctrl Pts',(3.49670792327386,35.3059223029477,4.6412979872783));
#10075=CARTESIAN_POINT('Ctrl Pts',(0.,35.,11.3333333333333));
#10076=CARTESIAN_POINT('Ctrl Pts',(1.16556930775795,35.1019741009826,11.2995727844716));
#10077=CARTESIAN_POINT('Ctrl Pts',(2.33113861551591,35.2039482019652,11.2825959745566));
#10078=CARTESIAN_POINT('Ctrl Pts',(3.49670792327386,35.3059223029477,11.2825959745566));
#10079=CARTESIAN_POINT('Ctrl Pts',(0.,35.,18.));
#10080=CARTESIAN_POINT('Ctrl Pts',(1.16556930775795,35.1019741009826,17.9493591767074));
#10081=CARTESIAN_POINT('Ctrl Pts',(2.33113861551591,35.2039482019652,17.9238939618349));
#10082=CARTESIAN_POINT('Ctrl Pts',(3.49670792327386,35.3059223029477,17.9238939618349));
#10083=CARTESIAN_POINT('',(0.,35.,0.));
#10084=CARTESIAN_POINT('Ctrl Pts',(0.,35.,-2.));
#10085=CARTESIAN_POINT('Ctrl Pts',(1.16556930775795,35.1019741009826,-2.));
#10086=CARTESIAN_POINT('Ctrl Pts',(2.33113861551591,35.2039482019652,-2.));
#10087=CARTESIAN_POINT('Ctrl Pts',(3.49670792327386,35.3059223029477,-2.));
#10088=CARTESIAN_POINT('Ctrl Pts',(0.,28.9846751595755,-2.));
#10089=CARTESIAN_POINT('Ctrl Pts',(1.33966100719368,29.1018803106727,-2.));
#10090=CARTESIAN_POINT('Ctrl Pts',(2.67932201438735,29.2190854617698,-2.));
#10091=CARTESIAN_POINT('Ctrl Pts',(4.01898302158103,29.336290612867,-2.));
#10092=CARTESIAN_POINT('Ctrl Pts',(0.,30.989783439717,-2.));
#10093=CARTESIAN_POINT('Ctrl Pts',(1.2816304407151,31.1019115741093,-2.));
#10094=CARTESIAN_POINT('Ctrl Pts',(2.5632608814302,31.2140397085016,-2.));
#10095=CARTESIAN_POINT('Ctrl Pts',(3.84489132214531,31.3261678428939,-2.));
#10096=CARTESIAN_POINT('Ctrl Pts',(0.,32.9948917198585,-2.));
#10097=CARTESIAN_POINT('Ctrl Pts',(1.22359987423653,33.1019428375459,-2.));
#10098=CARTESIAN_POINT('Ctrl Pts',(2.44719974847305,33.2089939552334,-2.));
#10099=CARTESIAN_POINT('Ctrl Pts',(3.67079962270958,33.3160450729208,-2.));
#10100=CARTESIAN_POINT('Ctrl Pts',(0.,35.,-2.));
#10101=CARTESIAN_POINT('Ctrl Pts',(1.16556930775795,35.1019741009826,-2.));
#10102=CARTESIAN_POINT('Ctrl Pts',(2.33113861551591,35.2039482019652,-2.));
#10103=CARTESIAN_POINT('Ctrl Pts',(3.49670792327386,35.3059223029477,-2.));
#10104=CARTESIAN_POINT('Origin',(30.8820356408441,77.7018280251774,-2.));
#10105=CARTESIAN_POINT('Origin',(0.,2.,0.));
#10106=CARTESIAN_POINT('',(-1.99999999999999,2.,0.));
#10107=CARTESIAN_POINT('Origin',(0.,33.,16.));
#10108=CARTESIAN_POINT('',(-2.,33.,8.));
#10109=CARTESIAN_POINT('Origin',(-2.,33.0000000000001,0.));
#10110=CARTESIAN_POINT('',(-1.99999999999999,-115.225396744416,-9.77460325558379));
#10111=CARTESIAN_POINT('',(-1.99999999999999,-115.225396744416,-9.77460325558379));
#10112=CARTESIAN_POINT('',(-1.99999999999999,-53.,16.));
#10113=CARTESIAN_POINT('Origin',(-1.99999999999999,-53.,-72.));
#10114=CARTESIAN_POINT('',(-1.99999999999998,-35.,16.));
#10115=CARTESIAN_POINT('',(-2.,33.0000000000001,16.));
#10116=CARTESIAN_POINT('',(-1.99999999999998,-35.,18.));
#10117=CARTESIAN_POINT('',(-1.99999999999998,-33.,16.));
#10118=CARTESIAN_POINT('',(-1.99999999999998,-33.,18.));
#10119=CARTESIAN_POINT('',(-1.99999999999998,-2.,16.));
#10120=CARTESIAN_POINT('',(-2.,33.0000000000001,16.));
#10121=CARTESIAN_POINT('',(-1.99999999999998,-2.,18.));
#10122=CARTESIAN_POINT('',(-1.99999999999998,9.31154794846909E-16,18.));
#10123=CARTESIAN_POINT('',(-1.99999999999998,9.31154794846909E-16,18.));
#10124=CARTESIAN_POINT('',(-1.99999999999998,-2.,0.));
#10125=CARTESIAN_POINT('',(-1.99999999999998,-2.,18.));
#10126=CARTESIAN_POINT('',(-1.99999999999998,-33.,0.));
#10127=CARTESIAN_POINT('',(-2.,25.2500000000001,0.));
#10128=CARTESIAN_POINT('',(-1.99999999999998,-33.,18.));
#10129=CARTESIAN_POINT('',(-1.99999999999998,-35.,0.));
#10130=CARTESIAN_POINT('',(-1.99999999999998,-35.,18.));
#10131=CARTESIAN_POINT('',(-1.99999999999998,-38.,0.));
#10132=CARTESIAN_POINT('',(-2.,25.2500000000001,0.));
#10133=CARTESIAN_POINT('',(-1.99999999999997,-38.,2.8331477354789));
#10134=CARTESIAN_POINT('',(-1.99999999999997,-38.,5.83300132670396));
#10135=CARTESIAN_POINT('Origin',(-2.,-48.,2.8331477354789));
#10136=CARTESIAN_POINT('Origin',(-2.,33.0000000000001,0.));
#10137=CARTESIAN_POINT('',(-1.99999999999998,35.,0.));
#10138=CARTESIAN_POINT('Origin',(0.,-48.,2.8331477354789));
#10139=CARTESIAN_POINT('',(0.,-38.,2.8331477354789));
#10140=CARTESIAN_POINT('Origin',(-101.5,-38.,7.99999999999998));
#10141=CARTESIAN_POINT('',(-1.99999999999998,-38.,0.));
#10142=CARTESIAN_POINT('',(-44.,-38.,2.8331477354789));
#10143=CARTESIAN_POINT('',(0.,-38.,2.8331477354789));
#10144=CARTESIAN_POINT('',(-44.,-38.,-1.11022302462516E-14));
#10145=CARTESIAN_POINT('',(-44.,-37.9999999999999,13.8330013267038));
#10146=CARTESIAN_POINT('',(-75.,-38.,-1.77635683940025E-14));
#10147=CARTESIAN_POINT('',(-44.,-38.,-1.02695629777827E-14));
#10148=CARTESIAN_POINT('',(-75.,-38.,2.8331477354789));
#10149=CARTESIAN_POINT('',(-75.,-38.,5.83300132670384));
#10150=CARTESIAN_POINT('',(0.,-38.,2.8331477354789));
#10151=CARTESIAN_POINT('',(-117.,-38.,-2.88657986402541E-14));
#10152=CARTESIAN_POINT('',(-86.,-38.,-2.05391259555654E-14));
#10153=CARTESIAN_POINT('',(-117.,-38.,2.8331477354789));
#10154=CARTESIAN_POINT('',(-117.,-38.,5.83300132670381));
#10155=CARTESIAN_POINT('',(0.,-38.,2.8331477354789));
#10156=CARTESIAN_POINT('Origin',(0.,-48.,2.8331477354789));
#10157=CARTESIAN_POINT('',(-44.0000000000002,-47.3333333333333,12.8109007668761));
#10158=CARTESIAN_POINT('',(0.,-47.3333333333333,12.8109007668761));
#10159=CARTESIAN_POINT('Origin',(-44.,-48.,2.8331477354789));
#10160=CARTESIAN_POINT('Origin',(0.,-53.,-72.));
#10161=CARTESIAN_POINT('Origin',(-44.,-53.,-72.));
#10162=CARTESIAN_POINT('Origin',(0.,-48.,2.8331477354789));
#10163=CARTESIAN_POINT('',(-75.0000000000001,-47.3333333333333,12.8109007668761));
#10164=CARTESIAN_POINT('Origin',(-75.,-48.,2.8331477354789));
#10165=CARTESIAN_POINT('',(0.,-47.3333333333333,12.8109007668761));
#10166=CARTESIAN_POINT('Origin',(0.,-53.,-72.));
#10167=CARTESIAN_POINT('Origin',(-75.,-53.,-72.));
#10168=CARTESIAN_POINT('Origin',(0.,-48.,2.8331477354789));
#10169=CARTESIAN_POINT('',(-117.,-47.3333333333333,12.8109007668761));
#10170=CARTESIAN_POINT('Origin',(-117.,-48.,2.8331477354789));
#10171=CARTESIAN_POINT('',(0.,-47.3333333333333,12.8109007668761));
#10172=CARTESIAN_POINT('Origin',(0.,-53.,-72.));
#10173=CARTESIAN_POINT('Origin',(-117.,-53.,-72.));
#10174=CARTESIAN_POINT('Origin',(-118.,0.99999999999999,-7.93809462606987E-14));
#10175=CARTESIAN_POINT('',(-117.,0.99999999999999,-7.82707232360735E-14));
#10176=CARTESIAN_POINT('',(-118.,1.99999999999999,-7.93809462606987E-14));
#10177=CARTESIAN_POINT('Origin',(-117.,-1.4328367550024E-14,-2.88657986402541E-14));
#10178=CARTESIAN_POINT('',(-117.,-35.,0.));
#10179=CARTESIAN_POINT('',(-117.,-1.4328367550024E-14,-2.80331313717852E-14));
#10180=CARTESIAN_POINT('',(-117.,-35.,18.));
#10181=CARTESIAN_POINT('',(-117.,-33.,-2.80331313717852E-14));
#10182=CARTESIAN_POINT('',(-117.,-33.,18.));
#10183=CARTESIAN_POINT('',(-117.,-2.00000000000002,-2.80331313717852E-14));
#10184=CARTESIAN_POINT('',(-117.,-1.4328367550024E-14,-2.80331313717852E-14));
#10185=CARTESIAN_POINT('',(-117.,-2.00000000000002,18.));
#10186=CARTESIAN_POINT('',(-117.,-1.11022302462516E-14,18.));
#10187=CARTESIAN_POINT('',(-117.,-1.11022302462516E-14,18.));
#10188=CARTESIAN_POINT('',(-117.,-2.00000000000002,16.));
#10189=CARTESIAN_POINT('',(-117.,-2.00000000000002,18.));
#10190=CARTESIAN_POINT('',(-117.,-33.,16.));
#10191=CARTESIAN_POINT('',(-117.,-1.4328367550024E-14,16.));
#10192=CARTESIAN_POINT('',(-117.,-33.,18.));
#10193=CARTESIAN_POINT('',(-117.,-35.,16.));
#10194=CARTESIAN_POINT('',(-117.,-35.,18.));
#10195=CARTESIAN_POINT('',(-117.,-53.,16.));
#10196=CARTESIAN_POINT('',(-117.,-1.4328367550024E-14,16.));
#10197=CARTESIAN_POINT('',(-117.,-115.225396744416,-9.77460325558381));
#10198=CARTESIAN_POINT('Origin',(-117.,-53.,-72.));
#10199=CARTESIAN_POINT('',(-117.,-115.225396744416,-9.77460325558381));
#10200=CARTESIAN_POINT('Origin',(-85.,0.999999999999994,7.9999999999999));
#10201=CARTESIAN_POINT('',(-85.,1.99999999999999,7.9999999999999));
#10202=CARTESIAN_POINT('Origin',(-76.,0.999999999999995,-5.05151476204446E-14));
#10203=CARTESIAN_POINT('',(-75.,0.999999999999995,-4.94049245958195E-14));
#10204=CARTESIAN_POINT('',(-76.,1.99999999999999,-5.05151476204446E-14));
#10205=CARTESIAN_POINT('Origin',(-75.,-9.18485099360515E-15,-1.77635683940025E-14));
#10206=CARTESIAN_POINT('',(-75.,-35.,-1.77635683940025E-14));
#10207=CARTESIAN_POINT('',(-75.,-9.18485099360515E-15,-1.77635683940025E-14));
#10208=CARTESIAN_POINT('',(-75.,-35.,18.));
#10209=CARTESIAN_POINT('',(-75.,-33.,0.));
#10210=CARTESIAN_POINT('',(-75.,-33.,18.));
#10211=CARTESIAN_POINT('',(-75.,-2.00000000000001,0.));
#10212=CARTESIAN_POINT('',(-75.,-9.18485099360515E-15,-1.77635683940025E-14));
#10213=CARTESIAN_POINT('',(-75.,-2.00000000000001,18.));
#10214=CARTESIAN_POINT('',(-75.,-4.9960036108132E-15,18.));
#10215=CARTESIAN_POINT('',(-75.,-4.9960036108132E-15,18.));
#10216=CARTESIAN_POINT('',(-75.,-2.00000000000001,16.));
#10217=CARTESIAN_POINT('',(-75.,-2.00000000000001,18.));
#10218=CARTESIAN_POINT('',(-75.,-33.,16.));
#10219=CARTESIAN_POINT('',(-75.,-9.18485099360515E-15,16.));
#10220=CARTESIAN_POINT('',(-75.,-33.,18.));
#10221=CARTESIAN_POINT('',(-75.,-35.,16.));
#10222=CARTESIAN_POINT('',(-75.,-35.,18.));
#10223=CARTESIAN_POINT('',(-75.,-53.,16.));
#10224=CARTESIAN_POINT('',(-75.,-9.18485099360515E-15,16.));
#10225=CARTESIAN_POINT('',(-75.,-115.225396744416,-9.7746032555838));
#10226=CARTESIAN_POINT('Origin',(-75.,-53.,-72.0000000000001));
#10227=CARTESIAN_POINT('',(-75.,-115.225396744416,-9.7746032555838));
#10228=CARTESIAN_POINT('Origin',(-34.,1.,-2.16493489801905E-14));
#10229=CARTESIAN_POINT('',(-34.,2.,-2.16493489801905E-14));
#10230=CARTESIAN_POINT('Origin',(-43.,0.999999999999999,7.99999999999995));
#10231=CARTESIAN_POINT('',(-44.,0.999999999999999,7.99999999999995));
#10232=CARTESIAN_POINT('',(-43.,2.,7.99999999999995));
#10233=CARTESIAN_POINT('Origin',(-44.,-5.38844591624835E-15,16.));
#10234=CARTESIAN_POINT('',(-44.,-115.225396744416,-9.7746032555838));
#10235=CARTESIAN_POINT('',(-44.,-115.225396744416,-9.7746032555838));
#10236=CARTESIAN_POINT('',(-44.,-53.,16.));
#10237=CARTESIAN_POINT('Origin',(-44.,-53.,-72.0000000000001));
#10238=CARTESIAN_POINT('',(-44.,-35.,16.));
#10239=CARTESIAN_POINT('',(-44.,-5.38844591624835E-15,16.));
#10240=CARTESIAN_POINT('',(-44.,-35.,18.));
#10241=CARTESIAN_POINT('',(-44.,-33.,16.));
#10242=CARTESIAN_POINT('',(-44.,-33.,18.));
#10243=CARTESIAN_POINT('',(-44.,-2.00000000000001,16.));
#10244=CARTESIAN_POINT('',(-44.,-5.38844591624835E-15,16.));
#10245=CARTESIAN_POINT('',(-44.,-2.00000000000001,18.));
#10246=CARTESIAN_POINT('',(-44.,-5.08553772570233E-15,18.));
#10247=CARTESIAN_POINT('',(-44.,-5.08553772570233E-15,18.));
#10248=CARTESIAN_POINT('',(-44.,-2.00000000000001,-1.02695629777827E-14));
#10249=CARTESIAN_POINT('',(-44.,-2.00000000000001,18.));
#10250=CARTESIAN_POINT('',(-44.,-33.,0.));
#10251=CARTESIAN_POINT('',(-44.,-5.38844591624835E-15,-1.02695629777827E-14));
#10252=CARTESIAN_POINT('',(-44.,-33.,18.));
#10253=CARTESIAN_POINT('',(-44.,-35.,0.));
#10254=CARTESIAN_POINT('',(-44.,-35.,18.));
#10255=CARTESIAN_POINT('',(-44.,-5.38844591624835E-15,-1.02695629777827E-14));
#10256=CARTESIAN_POINT('Origin',(-131.,-10.9087121146357,0.));
#10257=CARTESIAN_POINT('',(-126.,-1.54305496692567E-14,0.));
#10258=CARTESIAN_POINT('Origin',(-52.,35.,16.));
#10259=CARTESIAN_POINT('',(-52.,33.,8.));
#10260=CARTESIAN_POINT('',(-52.,35.,8.));
#10261=CARTESIAN_POINT('Origin',(-71.279918564068,35.,0.));
#10262=CARTESIAN_POINT('',(-71.279918564068,33.,0.));
#10263=CARTESIAN_POINT('',(-71.279918564068,35.,0.));
#10264=CARTESIAN_POINT('Origin',(-121.279918564068,35.,16.));
#10265=CARTESIAN_POINT('',(-121.279918564068,33.,7.99999999999999));
#10266=CARTESIAN_POINT('',(-121.279918564068,35.,7.99999999999999));
#10267=CARTESIAN_POINT('Origin',(-124.,33.,0.));
#10268=CARTESIAN_POINT('',(-124.,33.,0.));
#10269=CARTESIAN_POINT('Origin',(-114.,-17.5,20.5));
#10270=CARTESIAN_POINT('',(-114.,-17.5,19.));
#10271=CARTESIAN_POINT('',(-114.,-17.5,19.));
#10272=CARTESIAN_POINT('Origin',(-114.,-17.5,20.5));
#10273=CARTESIAN_POINT('Origin',(-114.,-22.5,20.5));
#10274=CARTESIAN_POINT('',(-114.,-20.,20.5));
#10275=CARTESIAN_POINT('Origin',(-114.,-22.5,20.5));
#10276=CARTESIAN_POINT('',(-114.,-20.,20.5));
#10277=CARTESIAN_POINT('Origin',(-114.,-12.5,20.5));
#10278=CARTESIAN_POINT('',(-114.,-15.,20.5));
#10279=CARTESIAN_POINT('Origin',(-114.,-12.5,20.5));
#10280=CARTESIAN_POINT('',(-114.,-15.,20.5));
#10281=CARTESIAN_POINT('Origin',(-114.,-17.5,20.5));
#10282=CARTESIAN_POINT('Origin',(-114.,-17.5,20.5));
#10283=CARTESIAN_POINT('Origin',(-114.,-17.5,20.5));
#10284=CARTESIAN_POINT('Origin',(-114.,-17.5,-4.50000000000002));
#10285=CARTESIAN_POINT('',(-114.,-17.5,-6.00000000000002));
#10286=CARTESIAN_POINT('',(-114.,-17.5,-6.00000000000002));
#10287=CARTESIAN_POINT('Origin',(-114.,-17.5,-4.50000000000002));
#10288=CARTESIAN_POINT('Origin',(-114.,-12.5,-4.50000000000003));
#10289=CARTESIAN_POINT('',(-114.,-15.,-4.50000000000002));
#10290=CARTESIAN_POINT('Origin',(-114.,-12.5,-4.50000000000003));
#10291=CARTESIAN_POINT('',(-114.,-15.,-4.50000000000002));
#10292=CARTESIAN_POINT('Origin',(-114.,-22.5,-4.50000000000003));
#10293=CARTESIAN_POINT('',(-114.,-20.,-4.50000000000002));
#10294=CARTESIAN_POINT('Origin',(-114.,-22.5,-4.50000000000003));
#10295=CARTESIAN_POINT('',(-114.,-20.,-4.50000000000002));
#10296=CARTESIAN_POINT('Origin',(-114.,-17.5,-4.50000000000002));
#10297=CARTESIAN_POINT('Origin',(-114.,-17.5,-4.50000000000002));
#10298=CARTESIAN_POINT('Origin',(-114.,-17.5,-4.50000000000001));
#10299=CARTESIAN_POINT('Origin',(-114.,-120.175144212722,-8.36038969321075));
#10300=CARTESIAN_POINT('',(-114.,-120.175144212722,-9.86038969321075));
#10301=CARTESIAN_POINT('',(-114.,-120.175144212722,-9.86038969321075));
#10302=CARTESIAN_POINT('Origin',(-114.,-120.175144212722,-8.36038969321075));
#10303=CARTESIAN_POINT('Origin',(-114.,-116.615717200144,-4.84874889392353));
#10304=CARTESIAN_POINT('',(-114.,-114.896373492032,-6.66364757246614));
#10305=CARTESIAN_POINT('',(-114.,-118.38348415311,-6.61651584688992));
#10306=CARTESIAN_POINT('Origin',(-114.,-116.615717200144,-4.84874889392353));
#10307=CARTESIAN_POINT('',(-114.,-114.896373492032,-6.66364757246614));
#10308=CARTESIAN_POINT('',(-114.,-118.38348415311,-6.61651584688992));
#10309=CARTESIAN_POINT('Origin',(-114.,-118.407377259756,-6.59262274024435));
#10310=CARTESIAN_POINT('',(-114.,-118.407377259756,-6.59262274024435));
#10311=CARTESIAN_POINT('',(-114.,-118.38348415311,-6.61651584688992));
#10312=CARTESIAN_POINT('',(-114.,-118.407377259756,-6.59262274024435));
#10313=CARTESIAN_POINT('Origin',(-114.,-120.175144212722,-8.36038969321075));
#10314=CARTESIAN_POINT('Origin',(-114.,-120.175144212722,-8.36038969321075));
#10315=CARTESIAN_POINT('Origin',(-114.,-118.785758852377,-8.8781566461771));
#10316=CARTESIAN_POINT('',(-114.,-116.639610306789,-8.36038969321072));
#10317=CARTESIAN_POINT('',(-114.,-117.305589181428,-9.02636856784921));
#10318=CARTESIAN_POINT('Origin',(-114.,-53.,-72.));
#10319=CARTESIAN_POINT('Origin',(-76.,-17.5,20.5));
#10320=CARTESIAN_POINT('',(-81.,-17.5,19.));
#10321=CARTESIAN_POINT('Origin',(-81.,-17.5,20.5));
#10322=CARTESIAN_POINT('',(-76.,-17.5,19.));
#10323=CARTESIAN_POINT('',(-76.,-17.5,19.));
#10324=CARTESIAN_POINT('Origin',(-76.,-17.5,20.5));
#10325=CARTESIAN_POINT('Origin',(-76.,-22.5,20.5));
#10326=CARTESIAN_POINT('',(-76.,-20.,20.5));
#10327=CARTESIAN_POINT('Origin',(-76.,-22.5,20.5));
#10328=CARTESIAN_POINT('',(-81.,-20.,20.5));
#10329=CARTESIAN_POINT('',(-76.,-20.,20.5));
#10330=CARTESIAN_POINT('Origin',(-81.,-22.5,20.5));
#10331=CARTESIAN_POINT('Origin',(-76.,-12.5,20.5));
#10332=CARTESIAN_POINT('',(-76.,-15.,20.5));
#10333=CARTESIAN_POINT('Origin',(-76.,-12.5,20.5));
#10334=CARTESIAN_POINT('',(-81.,-15.,20.5));
#10335=CARTESIAN_POINT('Origin',(-81.,-12.5,20.5));
#10336=CARTESIAN_POINT('',(-76.,-15.,20.5));
#10337=CARTESIAN_POINT('Origin',(-76.,-17.5,20.5));
#10338=CARTESIAN_POINT('Origin',(-76.,-17.5,20.5));
#10339=CARTESIAN_POINT('Origin',(-81.,-17.5,20.5));
#10340=CARTESIAN_POINT('Origin',(-76.,-17.5,20.5));
#10341=CARTESIAN_POINT('Origin',(-81.,-17.5,20.5));
#10342=CARTESIAN_POINT('Origin',(-76.,-17.5,-4.50000000000002));
#10343=CARTESIAN_POINT('',(-81.,-17.5,-6.00000000000002));
#10344=CARTESIAN_POINT('Origin',(-81.,-17.5,-4.50000000000002));
#10345=CARTESIAN_POINT('',(-76.,-17.5,-6.00000000000002));
#10346=CARTESIAN_POINT('',(-76.,-17.5,-6.00000000000002));
#10347=CARTESIAN_POINT('Origin',(-76.,-17.5,-4.50000000000002));
#10348=CARTESIAN_POINT('Origin',(-76.,-12.5,-4.50000000000002));
#10349=CARTESIAN_POINT('',(-76.,-15.,-4.50000000000002));
#10350=CARTESIAN_POINT('Origin',(-76.,-12.5,-4.50000000000002));
#10351=CARTESIAN_POINT('',(-81.,-15.,-4.50000000000002));
#10352=CARTESIAN_POINT('',(-76.,-15.,-4.50000000000002));
#10353=CARTESIAN_POINT('Origin',(-81.,-12.5,-4.50000000000002));
#10354=CARTESIAN_POINT('Origin',(-76.,-22.5,-4.50000000000002));
#10355=CARTESIAN_POINT('',(-76.,-20.,-4.50000000000002));
#10356=CARTESIAN_POINT('Origin',(-76.,-22.5,-4.50000000000002));
#10357=CARTESIAN_POINT('',(-81.,-20.,-4.50000000000002));
#10358=CARTESIAN_POINT('Origin',(-81.,-22.5,-4.50000000000002));
#10359=CARTESIAN_POINT('',(-76.,-20.,-4.50000000000002));
#10360=CARTESIAN_POINT('Origin',(-76.,-17.5,-4.50000000000001));
#10361=CARTESIAN_POINT('Origin',(-76.,-17.5,-4.50000000000001));
#10362=CARTESIAN_POINT('Origin',(-81.,-17.5,-4.50000000000001));
#10363=CARTESIAN_POINT('Origin',(-76.,-17.5,-4.5));
#10364=CARTESIAN_POINT('Origin',(-81.,-17.5,-4.5));
#10365=CARTESIAN_POINT('Origin',(-76.,-120.175144212722,-8.36038969321075));
#10366=CARTESIAN_POINT('',(-81.,-120.175144212722,-9.86038969321075));
#10367=CARTESIAN_POINT('Origin',(-81.,-120.175144212722,-8.36038969321075));
#10368=CARTESIAN_POINT('',(-76.,-120.175144212722,-9.86038969321075));
#10369=CARTESIAN_POINT('',(-76.,-120.175144212722,-9.86038969321075));
#10370=CARTESIAN_POINT('Origin',(-76.,-120.175144212722,-8.36038969321075));
#10371=CARTESIAN_POINT('Origin',(-76.,-116.615717200144,-4.84874889392352));
#10372=CARTESIAN_POINT('',(-76.,-114.896373492032,-6.66364757246613));
#10373=CARTESIAN_POINT('',(-76.,-118.38348415311,-6.61651584688991));
#10374=CARTESIAN_POINT('Origin',(-76.,-116.615717200144,-4.84874889392352));
#10375=CARTESIAN_POINT('',(-81.,-114.896373492032,-6.66364757246613));
#10376=CARTESIAN_POINT('',(-76.,-114.896373492032,-6.66364757246614));
#10377=CARTESIAN_POINT('',(-81.,-118.38348415311,-6.61651584688991));
#10378=CARTESIAN_POINT('Origin',(-81.,-116.615717200144,-4.84874889392352));
#10379=CARTESIAN_POINT('',(-76.,-118.38348415311,-6.61651584688991));
#10380=CARTESIAN_POINT('Origin',(-76.,-118.407377259756,-6.59262274024434));
#10381=CARTESIAN_POINT('',(-76.,-118.407377259756,-6.59262274024434));
#10382=CARTESIAN_POINT('',(-76.,-118.38348415311,-6.61651584688991));
#10383=CARTESIAN_POINT('',(-81.,-118.407377259756,-6.59262274024434));
#10384=CARTESIAN_POINT('',(-81.,-118.38348415311,-6.61651584688991));
#10385=CARTESIAN_POINT('',(-76.,-118.407377259756,-6.59262274024434));
#10386=CARTESIAN_POINT('Origin',(-76.,-120.175144212722,-8.36038969321075));
#10387=CARTESIAN_POINT('Origin',(-76.,-120.175144212722,-8.36038969321075));
#10388=CARTESIAN_POINT('Origin',(-81.,-120.175144212722,-8.36038969321075));
#10389=CARTESIAN_POINT('Origin',(-76.,-118.785758852377,-8.87815664617709));
#10390=CARTESIAN_POINT('',(-76.,-116.639610306789,-8.36038969321072));
#10391=CARTESIAN_POINT('',(-76.,-117.305589181428,-9.0263685678492));
#10392=CARTESIAN_POINT('Origin',(-76.,-53.,-72.));
#10393=CARTESIAN_POINT('Origin',(-81.,-118.785758852377,-8.87815664617709));
#10394=CARTESIAN_POINT('',(-81.,-116.639610306789,-8.36038969321072));
#10395=CARTESIAN_POINT('',(-81.,-117.305589181428,-9.02636856784921));
#10396=CARTESIAN_POINT('Origin',(-81.,-53.,-72.));
#10397=CARTESIAN_POINT('Origin',(-38.,-17.5,20.5));
#10398=CARTESIAN_POINT('',(-43.,-17.5,19.));
#10399=CARTESIAN_POINT('Origin',(-43.,-17.5,20.5));
#10400=CARTESIAN_POINT('',(-38.,-17.5,19.));
#10401=CARTESIAN_POINT('',(-38.,-17.5,19.));
#10402=CARTESIAN_POINT('Origin',(-38.,-17.5,20.5));
#10403=CARTESIAN_POINT('Origin',(-38.,-22.5,20.5));
#10404=CARTESIAN_POINT('',(-38.,-20.,20.5));
#10405=CARTESIAN_POINT('Origin',(-38.,-22.5,20.5));
#10406=CARTESIAN_POINT('',(-43.,-20.,20.5));
#10407=CARTESIAN_POINT('',(-38.,-20.,20.5));
#10408=CARTESIAN_POINT('Origin',(-43.,-22.5,20.5));
#10409=CARTESIAN_POINT('Origin',(-38.,-12.5,20.5));
#10410=CARTESIAN_POINT('',(-38.,-15.,20.5));
#10411=CARTESIAN_POINT('Origin',(-38.,-12.5,20.5));
#10412=CARTESIAN_POINT('',(-43.,-15.,20.5));
#10413=CARTESIAN_POINT('Origin',(-43.,-12.5,20.5));
#10414=CARTESIAN_POINT('',(-38.,-15.,20.5));
#10415=CARTESIAN_POINT('Origin',(-38.,-17.5,20.5));
#10416=CARTESIAN_POINT('Origin',(-38.,-17.5,20.5));
#10417=CARTESIAN_POINT('Origin',(-43.,-17.5,20.5));
#10418=CARTESIAN_POINT('Origin',(-38.,-17.5,20.5));
#10419=CARTESIAN_POINT('Origin',(-43.,-17.5,20.5));
#10420=CARTESIAN_POINT('Origin',(-38.,-17.5,-4.50000000000001));
#10421=CARTESIAN_POINT('',(-43.,-17.5,-6.00000000000001));
#10422=CARTESIAN_POINT('Origin',(-43.,-17.5,-4.50000000000001));
#10423=CARTESIAN_POINT('',(-38.,-17.5,-6.00000000000001));
#10424=CARTESIAN_POINT('',(-38.,-17.5,-6.00000000000001));
#10425=CARTESIAN_POINT('Origin',(-38.,-17.5,-4.50000000000001));
#10426=CARTESIAN_POINT('Origin',(-38.,-12.5,-4.50000000000001));
#10427=CARTESIAN_POINT('',(-38.,-15.,-4.50000000000001));
#10428=CARTESIAN_POINT('Origin',(-38.,-12.5,-4.50000000000001));
#10429=CARTESIAN_POINT('',(-43.,-15.,-4.50000000000001));
#10430=CARTESIAN_POINT('',(-38.,-15.,-4.50000000000001));
#10431=CARTESIAN_POINT('Origin',(-43.,-12.5,-4.50000000000001));
#10432=CARTESIAN_POINT('Origin',(-38.,-22.5,-4.50000000000001));
#10433=CARTESIAN_POINT('',(-38.,-20.,-4.50000000000001));
#10434=CARTESIAN_POINT('Origin',(-38.,-22.5,-4.50000000000001));
#10435=CARTESIAN_POINT('',(-43.,-20.,-4.50000000000001));
#10436=CARTESIAN_POINT('Origin',(-43.,-22.5,-4.50000000000001));
#10437=CARTESIAN_POINT('',(-38.,-20.,-4.50000000000001));
#10438=CARTESIAN_POINT('Origin',(-38.,-17.5,-4.5));
#10439=CARTESIAN_POINT('Origin',(-38.,-17.5,-4.5));
#10440=CARTESIAN_POINT('Origin',(-43.,-17.5,-4.5));
#10441=CARTESIAN_POINT('Origin',(-38.,-17.5,-4.49999999999999));
#10442=CARTESIAN_POINT('Origin',(-43.,-17.5,-4.49999999999999));
#10443=CARTESIAN_POINT('Origin',(-38.,-120.175144212722,-8.36038969321074));
#10444=CARTESIAN_POINT('',(-43.,-120.175144212722,-9.86038969321074));
#10445=CARTESIAN_POINT('Origin',(-43.,-120.175144212722,-8.36038969321074));
#10446=CARTESIAN_POINT('',(-38.,-120.175144212722,-9.86038969321074));
#10447=CARTESIAN_POINT('',(-38.,-120.175144212722,-9.86038969321074));
#10448=CARTESIAN_POINT('Origin',(-38.,-120.175144212722,-8.36038969321074));
#10449=CARTESIAN_POINT('Origin',(-38.,-116.615717200144,-4.84874889392351));
#10450=CARTESIAN_POINT('',(-38.,-114.896373492032,-6.66364757246613));
#10451=CARTESIAN_POINT('',(-38.,-118.38348415311,-6.6165158468899));
#10452=CARTESIAN_POINT('Origin',(-38.,-116.615717200144,-4.84874889392351));
#10453=CARTESIAN_POINT('',(-43.,-114.896373492032,-6.66364757246613));
#10454=CARTESIAN_POINT('',(-38.,-114.896373492032,-6.66364757246613));
#10455=CARTESIAN_POINT('',(-43.,-118.38348415311,-6.6165158468899));
#10456=CARTESIAN_POINT('Origin',(-43.,-116.615717200144,-4.84874889392351));
#10457=CARTESIAN_POINT('',(-38.,-118.38348415311,-6.6165158468899));
#10458=CARTESIAN_POINT('Origin',(-38.,-118.407377259756,-6.59262274024433));
#10459=CARTESIAN_POINT('',(-38.,-118.407377259756,-6.59262274024433));
#10460=CARTESIAN_POINT('',(-38.,-118.38348415311,-6.6165158468899));
#10461=CARTESIAN_POINT('',(-43.,-118.407377259756,-6.59262274024433));
#10462=CARTESIAN_POINT('',(-43.,-118.38348415311,-6.6165158468899));
#10463=CARTESIAN_POINT('',(-38.,-118.407377259756,-6.59262274024433));
#10464=CARTESIAN_POINT('Origin',(-38.,-120.175144212722,-8.36038969321074));
#10465=CARTESIAN_POINT('Origin',(-38.,-120.175144212722,-8.36038969321074));
#10466=CARTESIAN_POINT('Origin',(-43.,-120.175144212722,-8.36038969321074));
#10467=CARTESIAN_POINT('Origin',(-38.,-118.785758852377,-8.87815664617708));
#10468=CARTESIAN_POINT('',(-38.,-116.639610306789,-8.36038969321071));
#10469=CARTESIAN_POINT('',(-38.,-117.305589181428,-9.02636856784919));
#10470=CARTESIAN_POINT('Origin',(-38.,-53.,-72.));
#10471=CARTESIAN_POINT('Origin',(-43.,-118.785758852377,-8.87815664617708));
#10472=CARTESIAN_POINT('',(-43.,-116.639610306789,-8.36038969321071));
#10473=CARTESIAN_POINT('',(-43.,-117.305589181428,-9.0263685678492));
#10474=CARTESIAN_POINT('Origin',(-43.,-53.,-72.));
#10475=CARTESIAN_POINT('Origin',(-59.5,-53.,-72.));
#10476=CARTESIAN_POINT('',(0.,-116.639610306789,-8.36038969321069));
#10477=CARTESIAN_POINT('',(0.,-116.639610306789,-8.36038969321069));
#10478=CARTESIAN_POINT('',(-5.,-116.639610306789,-8.3603896932107));
#10479=CARTESIAN_POINT('',(0.,-116.639610306789,-8.36038969321069));
#10480=CARTESIAN_POINT('',(-5.,-114.896373492032,-6.66364757246612));
#10481=CARTESIAN_POINT('Origin',(-5.,-53.,-72.));
#10482=CARTESIAN_POINT('',(0.,-114.896373492032,-6.66364757246612));
#10483=CARTESIAN_POINT('Origin',(0.,-116.639610306789,-8.36038969321069));
#10484=CARTESIAN_POINT('',(-5.,-117.305589181428,-9.02636856784919));
#10485=CARTESIAN_POINT('Origin',(0.,-116.639610306789,-8.36038969321069));
#10486=CARTESIAN_POINT('Origin',(0.,-116.639610306789,-8.36038969321069));
#10487=CARTESIAN_POINT('Origin',(0.,-17.5,20.5));
#10488=CARTESIAN_POINT('',(-5.,-17.5,19.));
#10489=CARTESIAN_POINT('Origin',(-5.,-17.5,20.5));
#10490=CARTESIAN_POINT('',(0.,-17.5,19.));
#10491=CARTESIAN_POINT('Origin',(0.,-22.5,20.5));
#10492=CARTESIAN_POINT('',(-5.,-20.,20.5));
#10493=CARTESIAN_POINT('',(0.,-20.,20.5));
#10494=CARTESIAN_POINT('Origin',(-5.,-22.5,20.5));
#10495=CARTESIAN_POINT('Origin',(0.,-12.5,20.5));
#10496=CARTESIAN_POINT('',(-5.,-15.,20.5));
#10497=CARTESIAN_POINT('Origin',(-5.,-12.5,20.5));
#10498=CARTESIAN_POINT('',(0.,-15.,20.5));
#10499=CARTESIAN_POINT('Origin',(0.,-17.5,20.5));
#10500=CARTESIAN_POINT('Origin',(-5.,-17.5,20.5));
#10501=CARTESIAN_POINT('Origin',(-5.,-17.5,20.5));
#10502=CARTESIAN_POINT('Origin',(0.,-17.5,-4.5));
#10503=CARTESIAN_POINT('',(-5.,-17.5,-6.));
#10504=CARTESIAN_POINT('Origin',(-5.,-17.5,-4.5));
#10505=CARTESIAN_POINT('',(0.,-17.5,-6.));
#10506=CARTESIAN_POINT('Origin',(0.,-12.5,-4.5));
#10507=CARTESIAN_POINT('',(-5.,-15.,-4.5));
#10508=CARTESIAN_POINT('',(0.,-15.,-4.5));
#10509=CARTESIAN_POINT('Origin',(-5.,-12.5,-4.5));
#10510=CARTESIAN_POINT('Origin',(0.,-22.5,-4.5));
#10511=CARTESIAN_POINT('',(-5.,-20.,-4.5));
#10512=CARTESIAN_POINT('Origin',(-5.,-22.5,-4.5));
#10513=CARTESIAN_POINT('',(0.,-20.,-4.5));
#10514=CARTESIAN_POINT('Origin',(0.,-17.5,-4.49999999999999));
#10515=CARTESIAN_POINT('Origin',(-5.,-17.5,-4.49999999999999));
#10516=CARTESIAN_POINT('Origin',(-5.,-17.5,-4.49999999999998));
#10517=CARTESIAN_POINT('Origin',(0.,-120.175144212722,-8.36038969321073));
#10518=CARTESIAN_POINT('',(-5.,-120.175144212722,-9.86038969321073));
#10519=CARTESIAN_POINT('Origin',(-5.,-120.175144212722,-8.36038969321073));
#10520=CARTESIAN_POINT('',(0.,-120.175144212722,-9.86038969321073));
#10521=CARTESIAN_POINT('Origin',(0.,-116.615717200144,-4.8487488939235));
#10522=CARTESIAN_POINT('',(-5.,-118.38348415311,-6.61651584688989));
#10523=CARTESIAN_POINT('Origin',(-5.,-116.615717200144,-4.8487488939235));
#10524=CARTESIAN_POINT('',(0.,-118.38348415311,-6.61651584688989));
#10525=CARTESIAN_POINT('Origin',(0.,-118.407377259756,-6.59262274024432));
#10526=CARTESIAN_POINT('',(-5.,-118.407377259756,-6.59262274024432));
#10527=CARTESIAN_POINT('',(-5.,-118.38348415311,-6.61651584688989));
#10528=CARTESIAN_POINT('',(0.,-118.407377259756,-6.59262274024432));
#10529=CARTESIAN_POINT('Origin',(0.,-120.175144212722,-8.36038969321073));
#10530=CARTESIAN_POINT('Origin',(-5.,-120.175144212722,-8.36038969321073));
#10531=CARTESIAN_POINT('Origin',(-5.,-118.785758852377,-8.87815664617708));
#10532=CARTESIAN_POINT('Origin',(-33.,-115.225396744416,-9.77460325558379));
#10533=CARTESIAN_POINT('',(-33.,-115.225396744416,-9.77460325558379));
#10534=CARTESIAN_POINT('Origin',(-75.,-115.225396744416,-9.7746032555838));
#10535=CARTESIAN_POINT('',(-75.,-115.225396744416,-9.7746032555838));
#10536=CARTESIAN_POINT('Origin',(-117.,-115.225396744416,-9.77460325558381));
#10537=CARTESIAN_POINT('',(-117.,-115.225396744416,-9.77460325558381));
#10538=CARTESIAN_POINT('Origin',(-17.5,-53.,-72.));
#10539=CARTESIAN_POINT('',(-33.,-53.,16.));
#10540=CARTESIAN_POINT('Origin',(-59.5,-53.,-72.));
#10541=CARTESIAN_POINT('',(-75.,-53.,16.));
#10542=CARTESIAN_POINT('Origin',(-101.5,-53.,-72.));
#10543=CARTESIAN_POINT('',(-117.,-53.,16.));
#10544=CARTESIAN_POINT('Origin',(-75.,-5.08553772570233E-15,18.));
#10545=CARTESIAN_POINT('Origin',(-75.,-5.08553772570233E-15,18.));
#10546=CARTESIAN_POINT('Origin',(-44.,-2.00000000000001,18.));
#10547=CARTESIAN_POINT('',(-53.5,-2.00000000000001,16.));
#10548=CARTESIAN_POINT('Origin',(-44.,-2.00000000000001,18.));
#10549=CARTESIAN_POINT('',(-53.5,-2.00000000000001,0.));
#10550=CARTESIAN_POINT('Origin',(-86.,-2.00000000000001,18.));
#10551=CARTESIAN_POINT('',(-74.5,-2.00000000000001,16.));
#10552=CARTESIAN_POINT('Origin',(-86.,-2.00000000000001,18.));
#10553=CARTESIAN_POINT('',(-74.5,-2.00000000000001,0.));
#10554=CARTESIAN_POINT('Origin',(-117.,-1.11022302462516E-14,18.));
#10555=CARTESIAN_POINT('Origin',(-117.,-1.11022302462516E-14,18.));
#10556=CARTESIAN_POINT('Origin',(-33.,-33.,18.));
#10557=CARTESIAN_POINT('',(-48.,-33.,0.));
#10558=CARTESIAN_POINT('Origin',(-33.,-33.,18.));
#10559=CARTESIAN_POINT('',(-48.,-33.,16.));
#10560=CARTESIAN_POINT('Origin',(-1.99999999999998,-35.,18.));
#10561=CARTESIAN_POINT('',(-32.5,-35.,0.));
#10562=CARTESIAN_POINT('Origin',(-1.99999999999998,-35.,18.));
#10563=CARTESIAN_POINT('',(-32.5,-35.,16.));
#10564=CARTESIAN_POINT('Origin',(-101.5,-17.5,18.));
#10565=CARTESIAN_POINT('',(-111.5,-17.5,0.));
#10566=CARTESIAN_POINT('Origin',(-101.5,-17.5,0.));
#10567=CARTESIAN_POINT('',(-111.5,-17.5,18.));
#10568=CARTESIAN_POINT('Origin',(-101.5,-17.5,18.));
#10569=CARTESIAN_POINT('',(-111.5,-17.5,16.));
#10570=CARTESIAN_POINT('',(-111.5,-17.5,18.));
#10571=CARTESIAN_POINT('Origin',(-101.5,-17.5,16.));
#10572=CARTESIAN_POINT('Origin',(-33.,9.31154794846909E-16,18.));
#10573=CARTESIAN_POINT('Origin',(-33.,9.31154794846909E-16,18.));
#10574=CARTESIAN_POINT('Origin',(-1.99999999999998,-2.,18.));
#10575=CARTESIAN_POINT('',(-32.5,-2.,0.));
#10576=CARTESIAN_POINT('Origin',(-1.99999999999998,-2.,18.));
#10577=CARTESIAN_POINT('',(-32.5,-2.,16.));
#10578=CARTESIAN_POINT('Origin',(-117.,-33.,18.));
#10579=CARTESIAN_POINT('',(-90.,-33.,16.));
#10580=CARTESIAN_POINT('Origin',(-117.,-33.,18.));
#10581=CARTESIAN_POINT('',(-90.,-33.,0.));
#10582=CARTESIAN_POINT('Origin',(-86.,-35.,18.));
#10583=CARTESIAN_POINT('',(-74.5,-35.,16.));
#10584=CARTESIAN_POINT('Origin',(-86.,-35.,18.));
#10585=CARTESIAN_POINT('',(-74.5,-35.,0.));
#10586=CARTESIAN_POINT('Origin',(-75.,-33.,18.));
#10587=CARTESIAN_POINT('',(-69.,-33.,0.));
#10588=CARTESIAN_POINT('Origin',(-75.,-33.,18.));
#10589=CARTESIAN_POINT('',(-69.,-33.,16.));
#10590=CARTESIAN_POINT('Origin',(-44.,-35.,18.));
#10591=CARTESIAN_POINT('',(-53.5,-35.,0.));
#10592=CARTESIAN_POINT('Origin',(-44.,-35.,18.));
#10593=CARTESIAN_POINT('',(-53.5,-35.,16.));
#10594=CARTESIAN_POINT('Origin',(-59.5,-17.5,18.));
#10595=CARTESIAN_POINT('',(-69.5,-17.5,0.));
#10596=CARTESIAN_POINT('Origin',(-59.5,-17.5,0.));
#10597=CARTESIAN_POINT('',(-69.5,-17.5,18.));
#10598=CARTESIAN_POINT('Origin',(-59.5,-17.5,18.));
#10599=CARTESIAN_POINT('',(-69.5,-17.5,16.));
#10600=CARTESIAN_POINT('',(-69.5,-17.5,18.));
#10601=CARTESIAN_POINT('Origin',(-59.5,-17.5,16.));
#10602=CARTESIAN_POINT('Origin',(-17.5,-17.5,18.));
#10603=CARTESIAN_POINT('',(-27.5,-17.5,0.));
#10604=CARTESIAN_POINT('Origin',(-17.5,-17.5,0.));
#10605=CARTESIAN_POINT('',(-27.5,-17.5,18.));
#10606=CARTESIAN_POINT('Origin',(-17.5,-17.5,18.));
#10607=CARTESIAN_POINT('',(-27.5,-17.5,16.));
#10608=CARTESIAN_POINT('',(-27.5,-17.5,18.));
#10609=CARTESIAN_POINT('Origin',(-17.5,-17.5,16.));
#10610=CARTESIAN_POINT('Origin',(-63.,17.5,16.));
#10611=CARTESIAN_POINT('Origin',(-63.,17.5,16.));
#10612=CARTESIAN_POINT('Origin',(-63.,17.5,16.));
#10613=CARTESIAN_POINT('Origin',(-63.,17.5,16.));
#10614=CARTESIAN_POINT('Origin',(-63.,17.5,16.));
#10615=CARTESIAN_POINT('Origin',(-63.,17.5,16.));
#10616=CARTESIAN_POINT('Origin',(-63.,17.5,0.));
#10617=CARTESIAN_POINT('Origin',(-63.,17.5,0.));
#10618=CARTESIAN_POINT('Origin',(-63.,17.5,0.));
#10619=CARTESIAN_POINT('Origin',(-63.,17.5,0.));
#10620=CARTESIAN_POINT('Origin',(-63.,17.5,0.));
#10621=CARTESIAN_POINT('Origin',(-63.,17.5,0.));
#10622=CARTESIAN_POINT('Origin',(-1.99999999999999,2.,0.));
#10623=CARTESIAN_POINT('',(-124.,1.99999999999999,0.));
#10624=CARTESIAN_POINT('Origin',(-1.99999999999999,2.,0.));
#10625=CARTESIAN_POINT('Origin',(-1.99999999999999,2.,0.));
#10626=CARTESIAN_POINT('Origin',(-63.,17.5,18.));
#10627=CARTESIAN_POINT('',(-75.5,17.5,18.));
#10628=CARTESIAN_POINT('Origin',(-63.,17.5,18.));
#10629=CARTESIAN_POINT('',(-75.5,17.5,18.));
#10630=CARTESIAN_POINT('Origin',(-93.,17.5,18.));
#10631=CARTESIAN_POINT('',(-105.5,17.5,18.));
#10632=CARTESIAN_POINT('Origin',(-93.,17.5,18.));
#10633=CARTESIAN_POINT('',(-105.5,17.5,18.));
#10634=CARTESIAN_POINT('Origin',(-33.,17.5,18.));
#10635=CARTESIAN_POINT('',(-45.5,17.5,18.));
#10636=CARTESIAN_POINT('Origin',(-33.,17.5,18.));
#10637=CARTESIAN_POINT('',(-45.5,17.5,18.));
#10638=CARTESIAN_POINT('Origin',(-126.,-1.33226762955019E-14,0.));
#10639=CARTESIAN_POINT('',(-126.,35.,0.));
#10640=CARTESIAN_POINT('Origin',(-126.,35.,0.));
#10641=CARTESIAN_POINT('Origin',(-124.,33.,0.));
#10642=CARTESIAN_POINT('Origin',(-124.,1.99999999999999,0.));
#10643=UNCERTAINTY_MEASURE_WITH_UNIT(LENGTH_MEASURE(0.01),#10647,
'DISTANCE_ACCURACY_VALUE',
'Maximum model space distance between geometric entities at asserted c
onnectivities');
#10644=UNCERTAINTY_MEASURE_WITH_UNIT(LENGTH_MEASURE(0.01),#10647,
'DISTANCE_ACCURACY_VALUE',
'Maximum model space distance between geometric entities at asserted c
onnectivities');
#10645=(
GEOMETRIC_REPRESENTATION_CONTEXT(3)
GLOBAL_UNCERTAINTY_ASSIGNED_CONTEXT((#10643))
GLOBAL_UNIT_ASSIGNED_CONTEXT((#10647,#10649,#10650))
REPRESENTATION_CONTEXT('','3D')
);
#10646=(
GEOMETRIC_REPRESENTATION_CONTEXT(3)
GLOBAL_UNCERTAINTY_ASSIGNED_CONTEXT((#10644))
GLOBAL_UNIT_ASSIGNED_CONTEXT((#10647,#10649,#10650))
REPRESENTATION_CONTEXT('','3D')
);
#10647=(
LENGTH_UNIT()
NAMED_UNIT(*)
SI_UNIT(.MILLI.,.METRE.)
);
#10648=(
LENGTH_UNIT()
NAMED_UNIT(*)
SI_UNIT(.CENTI.,.METRE.)
);
#10649=(
NAMED_UNIT(*)
PLANE_ANGLE_UNIT()
SI_UNIT($,.RADIAN.)
);
#10650=(
NAMED_UNIT(*)
SI_UNIT($,.STERADIAN.)
SOLID_ANGLE_UNIT()
);
#10651=SHAPE_DEFINITION_REPRESENTATION(#10652,#10653);
#10652=PRODUCT_DEFINITION_SHAPE('',$,#10655);
#10653=SHAPE_REPRESENTATION('',(#4644),#10645);
#10654=PRODUCT_DEFINITION_CONTEXT('part definition',#10659,'design');
#10655=PRODUCT_DEFINITION('CoinFeeder','CoinFeeder',#10656,#10654);
#10656=PRODUCT_DEFINITION_FORMATION('',$,#10661);
#10657=PRODUCT_RELATED_PRODUCT_CATEGORY('CoinFeeder','CoinFeeder',(#10661));
#10658=APPLICATION_PROTOCOL_DEFINITION('international standard',
'automotive_design',2009,#10659);
#10659=APPLICATION_CONTEXT(
'Core Data for Automotive Mechanical Design Process');
#10660=PRODUCT_CONTEXT('part definition',#10659,'mechanical');
#10661=PRODUCT('CoinFeeder','CoinFeeder',$,(#10660));
#10662=PRESENTATION_STYLE_ASSIGNMENT((#10663));
#10663=SURFACE_STYLE_USAGE(.BOTH.,#10666);
#10664=SURFACE_STYLE_RENDERING_WITH_PROPERTIES($,#10670,(#10665));
#10665=SURFACE_STYLE_TRANSPARENT(0.);
#10666=SURFACE_SIDE_STYLE('',(#10667,#10664));
#10667=SURFACE_STYLE_FILL_AREA(#10668);
#10668=FILL_AREA_STYLE('',(#10669));
#10669=FILL_AREA_STYLE_COLOUR('',#10670);
#10670=COLOUR_RGB('',0.749019607843137,0.749019607843137,0.749019607843137);
ENDSEC;
END-ISO-10303-21;
