ISO-10303-21;
HEADER;
/* Generated by software containing ST-Developer
 * from STEP Tools, Inc. (www.steptools.com) 
 */

FILE_DESCRIPTION(
/* description */ (''),
/* implementation_level */ '2;1');

FILE_NAME(
/* name */ 'tableExtender.stp',
/* time_stamp */ '2026-06-23T19:35:56+02:00',
/* author */ ('frede'),
/* organization */ (''),
/* preprocessor_version */ 'ST-DEVELOPER v20.1',
/* originating_system */ 'Autodesk Inventor 2026',
/* authorisation */ '');

FILE_SCHEMA (('AUTOMOTIVE_DESIGN { 1 0 10303 214 3 1 1 }'));
ENDSEC;

DATA;
#10=MECHANICAL_DESIGN_GEOMETRIC_PRESENTATION_REPRESENTATION('',(#13),#3054);
#11=SHAPE_REPRESENTATION_RELATIONSHIP('SRR','None',#3061,#12);
#12=ADVANCED_BREP_SHAPE_REPRESENTATION('',(#14),#3053);
#13=STYLED_ITEM('',(#3070),#14);
#14=MANIFOLD_SOLID_BREP('Solid1',#1497);
#15=CONICAL_SURFACE('',#1676,3.75,0.785398163397448);
#16=CONICAL_SURFACE('',#1680,3.75,0.785398163397448);
#17=CONICAL_SURFACE('',#1684,3.75,0.785398163397448);
#18=CONICAL_SURFACE('',#1688,3.75,0.785398163397448);
#19=CONICAL_SURFACE('',#1692,7.70000000000001,0.785398163397446);
#20=CONICAL_SURFACE('',#1700,7.7,0.785398163397455);
#21=CONICAL_SURFACE('',#1708,7.7,0.785398163397455);
#22=CONICAL_SURFACE('',#1716,7.7,0.785398163397455);
#23=B_SPLINE_CURVE_WITH_KNOTS('',3,(#2368,#2369,#2370,#2371,#2372,#2373),
 .UNSPECIFIED.,.F.,.F.,(4,1,1,4),(-0.344893724949496,-0.246352660678212,
-0.147811596406927,-6.86209593127671E-16),.UNSPECIFIED.);
#24=B_SPLINE_CURVE_WITH_KNOTS('',3,(#2374,#2375,#2376,#2377,#2378,#2379),
 .UNSPECIFIED.,.F.,.F.,(4,1,1,4),(6.86209593127671E-16,0.147811596406927,
0.246352660678212,0.344893724949496),.UNSPECIFIED.);
#25=B_SPLINE_CURVE_WITH_KNOTS('',3,(#2382,#2383,#2384,#2385,#2386,#2387,
#2388,#2389,#2390,#2391),.UNSPECIFIED.,.F.,.F.,(4,2,2,2,4),(-0.132625012533928,
-0.131993838342374,-0.0860081708783396,-0.0423387414741452,0.),
 .UNSPECIFIED.);
#26=B_SPLINE_CURVE_WITH_KNOTS('',3,(#2513,#2514,#2515,#2516,#2517,#2518,
#2519,#2520,#2521,#2522,#2523,#2524,#2525,#2526),.UNSPECIFIED.,.F.,.F.,
(4,2,2,2,2,2,4),(-0.192020151452972,-0.163651752020549,-0.131147567866355,
-0.0878321075048089,-0.0449906849633899,0.,0.000635543159741932),
 .UNSPECIFIED.);
#27=B_SPLINE_CURVE_WITH_KNOTS('',3,(#2590,#2591,#2592,#2593,#2594,#2595,
#2596,#2597,#2598,#2599),.UNSPECIFIED.,.F.,.F.,(4,1,1,1,1,1,1,4),(-0.2122838393826,
-0.151631313844714,-0.0909787883068284,-0.0454893941534142,-0.0151631313844714,
-0.0075815656922357,-0.00379078284611785,0.),.UNSPECIFIED.);
#28=B_SPLINE_CURVE_WITH_KNOTS('',3,(#2600,#2601,#2602,#2603,#2604,#2605,
#2606,#2607,#2608,#2609),.UNSPECIFIED.,.F.,.F.,(4,1,1,1,1,1,1,4),(0.,0.00379078284611785,
0.0075815656922357,0.0151631313844714,0.0454893941534142,0.0909787883068284,
0.151631313844714,0.2122838393826),.UNSPECIFIED.);
#29=B_SPLINE_CURVE_WITH_KNOTS('',3,(#2709,#2710,#2711,#2712,#2713,#2714,
#2715,#2716,#2717,#2718,#2719,#2720,#2721),.UNSPECIFIED.,.F.,.F.,(4,1,1,
1,1,1,1,1,1,1,4),(-0.212285172054183,-0.21038976873227,-0.208494365410358,
-0.204703558766534,-0.197121945478884,-0.181958718903586,-0.166795492328287,
-0.159213879040638,-0.151632265752989,-0.0909793594517946,-3.3990175954386E-15),
 .UNSPECIFIED.);
#30=B_SPLINE_CURVE_WITH_KNOTS('',3,(#2722,#2723,#2724,#2725,#2726,#2727,
#2728,#2729,#2730,#2731,#2732,#2733,#2734),.UNSPECIFIED.,.F.,.F.,(4,1,1,
1,1,1,1,1,1,1,4),(3.3990175954386E-15,0.0909793594517946,0.151632265752989,
0.159213879040638,0.166795492328287,0.181958718903586,0.197121945478884,
0.204703558766534,0.208494365410358,0.21038976873227,0.212285172054183),
 .UNSPECIFIED.);
#31=B_SPLINE_CURVE_WITH_KNOTS('',3,(#2741,#2742,#2743,#2744,#2745,#2746,
#2747,#2748,#2749,#2750,#2751,#2752,#2753,#2754),.UNSPECIFIED.,.F.,.F.,
(4,2,2,2,2,2,4),(-0.190829085709996,-0.190199568267936,-0.145635449391224,
-0.103200215330277,-0.0602954379004608,-0.0280994327089579,0.),
 .UNSPECIFIED.);
#32=B_SPLINE_CURVE_WITH_KNOTS('',3,(#2825,#2826,#2827,#2828,#2829,#2830),
 .UNSPECIFIED.,.F.,.F.,(4,1,1,4),(-0.344893724949502,-0.147811596406929,
-0.0739057982034647,0.),.UNSPECIFIED.);
#33=B_SPLINE_CURVE_WITH_KNOTS('',3,(#2832,#2833,#2834,#2835,#2836,#2837),
 .UNSPECIFIED.,.F.,.F.,(4,1,1,4),(0.,0.0739057982034647,0.147811596406929,
0.344893724949502),.UNSPECIFIED.);
#34=B_SPLINE_CURVE_WITH_KNOTS('',3,(#2841,#2842,#2843,#2844,#2845,#2846,
#2847,#2848,#2849,#2850),.UNSPECIFIED.,.F.,.F.,(4,2,2,2,4),(-0.132907495594568,
-0.0902756866660397,-0.0463039788269552,0.,0.000635543158597817),
 .UNSPECIFIED.);
#35=B_SPLINE_CURVE_WITH_KNOTS('',3,(#2853,#2854,#2855,#2856,#2857,#2858),
 .UNSPECIFIED.,.F.,.F.,(4,2,4),(0.100638858786768,0.11568682433784,0.162049742484377),
 .UNSPECIFIED.);
#36=B_SPLINE_CURVE_WITH_KNOTS('',3,(#2871,#2872,#2873,#2874,#2875,#2876),
 .UNSPECIFIED.,.F.,.F.,(4,2,4),(0.487495391447533,0.53385830959407,0.54890627514514),
 .UNSPECIFIED.);
#37=B_SPLINE_SURFACE_WITH_KNOTS('',3,3,((#2335,#2336,#2337,#2338,#2339,
#2340),(#2341,#2342,#2343,#2344,#2345,#2346),(#2347,#2348,#2349,#2350,#2351,
#2352),(#2353,#2354,#2355,#2356,#2357,#2358),(#2359,#2360,#2361,#2362,#2363,
#2364)),.UNSPECIFIED.,.F.,.F.,.F.,(4,1,4),(4,1,1,4),(0.,0.571428571428571,
1.),(6.86209593127671E-16,0.147811596406927,0.246352660678212,0.344893724949496),
 .UNSPECIFIED.);
#38=B_SPLINE_SURFACE_WITH_KNOTS('',3,3,((#2406,#2407,#2408,#2409,#2410,
#2411,#2412),(#2413,#2414,#2415,#2416,#2417,#2418,#2419),(#2420,#2421,#2422,
#2423,#2424,#2425,#2426),(#2427,#2428,#2429,#2430,#2431,#2432,#2433),(#2434,
#2435,#2436,#2437,#2438,#2439,#2440)),.UNSPECIFIED.,.F.,.F.,.F.,(4,1,4),
(4,1,1,1,4),(0.,0.571428571428571,1.),(-1.5707963267949,-1.34639685153848,
-0.897597901025655,-0.448798950512828,9.36750677027476E-17),
 .UNSPECIFIED.);
#39=B_SPLINE_SURFACE_WITH_KNOTS('',3,3,((#2452,#2453,#2454,#2455,#2456,
#2457,#2458),(#2459,#2460,#2461,#2462,#2463,#2464,#2465),(#2466,#2467,#2468,
#2469,#2470,#2471,#2472),(#2473,#2474,#2475,#2476,#2477,#2478,#2479),(#2480,
#2481,#2482,#2483,#2484,#2485,#2486)),.UNSPECIFIED.,.F.,.F.,.F.,(4,1,4),
(4,1,1,1,4),(0.,0.571428571428571,1.),(0.,0.224399475256414,0.673198425769241,
1.12199737628207,1.5707963267949),.UNSPECIFIED.);
#40=B_SPLINE_SURFACE_WITH_KNOTS('',3,3,((#2527,#2528,#2529,#2530,#2531,
#2532,#2533,#2534,#2535,#2536),(#2537,#2538,#2539,#2540,#2541,#2542,#2543,
#2544,#2545,#2546),(#2547,#2548,#2549,#2550,#2551,#2552,#2553,#2554,#2555,
#2556),(#2557,#2558,#2559,#2560,#2561,#2562,#2563,#2564,#2565,#2566),(#2567,
#2568,#2569,#2570,#2571,#2572,#2573,#2574,#2575,#2576),(#2577,#2578,#2579,
#2580,#2581,#2582,#2583,#2584,#2585,#2586)),.UNSPECIFIED.,.F.,.F.,.F.,(4,
1,1,4),(4,1,1,1,1,1,1,4),(0.,0.285714285714286,0.571428571428571,1.),(0.,
0.00379078284611785,0.0075815656922357,0.0151631313844714,0.0454893941534142,
0.0909787883068284,0.151631313844714,0.2122838393826),.UNSPECIFIED.);
#41=B_SPLINE_SURFACE_WITH_KNOTS('',3,3,((#2628,#2629,#2630,#2631,#2632,
#2633,#2634,#2635,#2636,#2637,#2638,#2639,#2640),(#2641,#2642,#2643,#2644,
#2645,#2646,#2647,#2648,#2649,#2650,#2651,#2652,#2653),(#2654,#2655,#2656,
#2657,#2658,#2659,#2660,#2661,#2662,#2663,#2664,#2665,#2666),(#2667,#2668,
#2669,#2670,#2671,#2672,#2673,#2674,#2675,#2676,#2677,#2678,#2679),(#2680,
#2681,#2682,#2683,#2684,#2685,#2686,#2687,#2688,#2689,#2690,#2691,#2692),
(#2693,#2694,#2695,#2696,#2697,#2698,#2699,#2700,#2701,#2702,#2703,#2704,
#2705)),.UNSPECIFIED.,.F.,.F.,.F.,(4,1,1,4),(4,1,1,1,1,1,1,1,1,1,4),(0.,
0.285714285714286,0.571428571428571,1.),(3.3990175954386E-15,0.0909793594517946,
0.151632265752989,0.159213879040638,0.166795492328287,0.181958718903586,
0.197121945478884,0.204703558766534,0.208494365410358,0.21038976873227,
0.212285172054183),.UNSPECIFIED.);
#42=B_SPLINE_SURFACE_WITH_KNOTS('',3,3,((#2794,#2795,#2796,#2797,#2798,
#2799),(#2800,#2801,#2802,#2803,#2804,#2805),(#2806,#2807,#2808,#2809,#2810,
#2811),(#2812,#2813,#2814,#2815,#2816,#2817),(#2818,#2819,#2820,#2821,#2822,
#2823)),.UNSPECIFIED.,.F.,.F.,.F.,(4,1,4),(4,1,1,4),(0.,0.571428571428571,
1.),(0.,0.0739057982034647,0.147811596406929,0.344893724949502),
 .UNSPECIFIED.);
#43=SPHERICAL_SURFACE('',#1544,0.999999999999999);
#44=SPHERICAL_SURFACE('',#1548,1.);
#45=SPHERICAL_SURFACE('',#1567,0.999999999999999);
#46=SPHERICAL_SURFACE('',#1583,0.999999999999996);
#47=SPHERICAL_SURFACE('',#1604,1.);
#48=SPHERICAL_SURFACE('',#1609,1.);
#49=FACE_BOUND('',#208,.T.);
#50=FACE_BOUND('',#209,.T.);
#51=FACE_BOUND('',#210,.T.);
#52=FACE_BOUND('',#211,.T.);
#53=FACE_BOUND('',#260,.T.);
#54=FACE_BOUND('',#261,.T.);
#55=FACE_BOUND('',#262,.T.);
#56=FACE_BOUND('',#263,.T.);
#57=FACE_BOUND('',#280,.T.);
#58=FACE_BOUND('',#283,.T.);
#59=FACE_BOUND('',#286,.T.);
#60=FACE_BOUND('',#289,.T.);
#61=FACE_BOUND('',#301,.T.);
#62=FACE_BOUND('',#305,.T.);
#63=FACE_BOUND('',#309,.T.);
#64=FACE_BOUND('',#313,.T.);
#65=PLANE('',#1535);
#66=PLANE('',#1636);
#67=PLANE('',#1637);
#68=PLANE('',#1638);
#69=PLANE('',#1640);
#70=PLANE('',#1641);
#71=PLANE('',#1646);
#72=PLANE('',#1648);
#73=PLANE('',#1650);
#74=PLANE('',#1652);
#75=PLANE('',#1653);
#76=PLANE('',#1654);
#77=PLANE('',#1655);
#78=PLANE('',#1656);
#79=PLANE('',#1658);
#80=PLANE('',#1662);
#81=PLANE('',#1666);
#82=PLANE('',#1670);
#83=PLANE('',#1674);
#84=PLANE('',#1699);
#85=PLANE('',#1707);
#86=PLANE('',#1715);
#87=PLANE('',#1723);
#88=TOROIDAL_SURFACE('',#1523,1.25,1.);
#89=TOROIDAL_SURFACE('',#1529,1.25,1.);
#90=TOROIDAL_SURFACE('',#1554,2.,1.);
#91=TOROIDAL_SURFACE('',#1561,49.,1.);
#92=TOROIDAL_SURFACE('',#1591,49.,1.);
#93=TOROIDAL_SURFACE('',#1597,49.,1.);
#94=TOROIDAL_SURFACE('',#1616,2.,1.);
#95=TOROIDAL_SURFACE('',#1622,49.,1.);
#96=TOROIDAL_SURFACE('',#1628,49.,1.);
#97=TOROIDAL_SURFACE('',#1633,49.,1.);
#98=TOROIDAL_SURFACE('',#1724,8.95,1.);
#99=TOROIDAL_SURFACE('',#1726,8.95,1.);
#100=TOROIDAL_SURFACE('',#1728,8.95,1.);
#101=TOROIDAL_SURFACE('',#1730,8.95,1.);
#102=FACE_OUTER_BOUND('',#202,.T.);
#103=FACE_OUTER_BOUND('',#203,.T.);
#104=FACE_OUTER_BOUND('',#204,.T.);
#105=FACE_OUTER_BOUND('',#205,.T.);
#106=FACE_OUTER_BOUND('',#206,.T.);
#107=FACE_OUTER_BOUND('',#207,.T.);
#108=FACE_OUTER_BOUND('',#212,.T.);
#109=FACE_OUTER_BOUND('',#213,.T.);
#110=FACE_OUTER_BOUND('',#214,.T.);
#111=FACE_OUTER_BOUND('',#215,.T.);
#112=FACE_OUTER_BOUND('',#216,.T.);
#113=FACE_OUTER_BOUND('',#217,.T.);
#114=FACE_OUTER_BOUND('',#218,.T.);
#115=FACE_OUTER_BOUND('',#219,.T.);
#116=FACE_OUTER_BOUND('',#220,.T.);
#117=FACE_OUTER_BOUND('',#221,.T.);
#118=FACE_OUTER_BOUND('',#222,.T.);
#119=FACE_OUTER_BOUND('',#223,.T.);
#120=FACE_OUTER_BOUND('',#224,.T.);
#121=FACE_OUTER_BOUND('',#225,.T.);
#122=FACE_OUTER_BOUND('',#226,.T.);
#123=FACE_OUTER_BOUND('',#227,.T.);
#124=FACE_OUTER_BOUND('',#228,.T.);
#125=FACE_OUTER_BOUND('',#229,.T.);
#126=FACE_OUTER_BOUND('',#230,.T.);
#127=FACE_OUTER_BOUND('',#231,.T.);
#128=FACE_OUTER_BOUND('',#232,.T.);
#129=FACE_OUTER_BOUND('',#233,.T.);
#130=FACE_OUTER_BOUND('',#234,.T.);
#131=FACE_OUTER_BOUND('',#235,.T.);
#132=FACE_OUTER_BOUND('',#236,.T.);
#133=FACE_OUTER_BOUND('',#237,.T.);
#134=FACE_OUTER_BOUND('',#238,.T.);
#135=FACE_OUTER_BOUND('',#239,.T.);
#136=FACE_OUTER_BOUND('',#240,.T.);
#137=FACE_OUTER_BOUND('',#241,.T.);
#138=FACE_OUTER_BOUND('',#242,.T.);
#139=FACE_OUTER_BOUND('',#243,.T.);
#140=FACE_OUTER_BOUND('',#244,.T.);
#141=FACE_OUTER_BOUND('',#245,.T.);
#142=FACE_OUTER_BOUND('',#246,.T.);
#143=FACE_OUTER_BOUND('',#247,.T.);
#144=FACE_OUTER_BOUND('',#248,.T.);
#145=FACE_OUTER_BOUND('',#249,.T.);
#146=FACE_OUTER_BOUND('',#250,.T.);
#147=FACE_OUTER_BOUND('',#251,.T.);
#148=FACE_OUTER_BOUND('',#252,.T.);
#149=FACE_OUTER_BOUND('',#253,.T.);
#150=FACE_OUTER_BOUND('',#254,.T.);
#151=FACE_OUTER_BOUND('',#255,.T.);
#152=FACE_OUTER_BOUND('',#256,.T.);
#153=FACE_OUTER_BOUND('',#257,.T.);
#154=FACE_OUTER_BOUND('',#258,.T.);
#155=FACE_OUTER_BOUND('',#259,.T.);
#156=FACE_OUTER_BOUND('',#264,.T.);
#157=FACE_OUTER_BOUND('',#265,.T.);
#158=FACE_OUTER_BOUND('',#266,.T.);
#159=FACE_OUTER_BOUND('',#267,.T.);
#160=FACE_OUTER_BOUND('',#268,.T.);
#161=FACE_OUTER_BOUND('',#269,.T.);
#162=FACE_OUTER_BOUND('',#270,.T.);
#163=FACE_OUTER_BOUND('',#271,.T.);
#164=FACE_OUTER_BOUND('',#272,.T.);
#165=FACE_OUTER_BOUND('',#273,.T.);
#166=FACE_OUTER_BOUND('',#274,.T.);
#167=FACE_OUTER_BOUND('',#275,.T.);
#168=FACE_OUTER_BOUND('',#276,.T.);
#169=FACE_OUTER_BOUND('',#277,.T.);
#170=FACE_OUTER_BOUND('',#278,.T.);
#171=FACE_OUTER_BOUND('',#279,.T.);
#172=FACE_OUTER_BOUND('',#281,.T.);
#173=FACE_OUTER_BOUND('',#282,.T.);
#174=FACE_OUTER_BOUND('',#284,.T.);
#175=FACE_OUTER_BOUND('',#285,.T.);
#176=FACE_OUTER_BOUND('',#287,.T.);
#177=FACE_OUTER_BOUND('',#288,.T.);
#178=FACE_OUTER_BOUND('',#290,.T.);
#179=FACE_OUTER_BOUND('',#291,.T.);
#180=FACE_OUTER_BOUND('',#292,.T.);
#181=FACE_OUTER_BOUND('',#293,.T.);
#182=FACE_OUTER_BOUND('',#294,.T.);
#183=FACE_OUTER_BOUND('',#295,.T.);
#184=FACE_OUTER_BOUND('',#296,.T.);
#185=FACE_OUTER_BOUND('',#297,.T.);
#186=FACE_OUTER_BOUND('',#298,.T.);
#187=FACE_OUTER_BOUND('',#299,.T.);
#188=FACE_OUTER_BOUND('',#300,.T.);
#189=FACE_OUTER_BOUND('',#302,.T.);
#190=FACE_OUTER_BOUND('',#303,.T.);
#191=FACE_OUTER_BOUND('',#304,.T.);
#192=FACE_OUTER_BOUND('',#306,.T.);
#193=FACE_OUTER_BOUND('',#307,.T.);
#194=FACE_OUTER_BOUND('',#308,.T.);
#195=FACE_OUTER_BOUND('',#310,.T.);
#196=FACE_OUTER_BOUND('',#311,.T.);
#197=FACE_OUTER_BOUND('',#312,.T.);
#198=FACE_OUTER_BOUND('',#314,.T.);
#199=FACE_OUTER_BOUND('',#315,.T.);
#200=FACE_OUTER_BOUND('',#316,.T.);
#201=FACE_OUTER_BOUND('',#317,.T.);
#202=EDGE_LOOP('',(#930,#931,#932,#933));
#203=EDGE_LOOP('',(#934,#935,#936,#937));
#204=EDGE_LOOP('',(#938,#939,#940,#941));
#205=EDGE_LOOP('',(#942,#943,#944,#945));
#206=EDGE_LOOP('',(#946,#947,#948,#949));
#207=EDGE_LOOP('',(#950,#951,#952,#953,#954,#955,#956,#957,#958,#959,#960,
#961));
#208=EDGE_LOOP('',(#962));
#209=EDGE_LOOP('',(#963));
#210=EDGE_LOOP('',(#964));
#211=EDGE_LOOP('',(#965));
#212=EDGE_LOOP('',(#966,#967,#968));
#213=EDGE_LOOP('',(#969,#970,#971));
#214=EDGE_LOOP('',(#972,#973,#974));
#215=EDGE_LOOP('',(#975,#976,#977,#978));
#216=EDGE_LOOP('',(#979,#980,#981,#982));
#217=EDGE_LOOP('',(#983,#984,#985));
#218=EDGE_LOOP('',(#986,#987,#988,#989));
#219=EDGE_LOOP('',(#990,#991,#992,#993));
#220=EDGE_LOOP('',(#994,#995,#996,#997));
#221=EDGE_LOOP('',(#998,#999,#1000));
#222=EDGE_LOOP('',(#1001,#1002,#1003));
#223=EDGE_LOOP('',(#1004,#1005,#1006,#1007));
#224=EDGE_LOOP('',(#1008,#1009,#1010,#1011));
#225=EDGE_LOOP('',(#1012,#1013,#1014,#1015));
#226=EDGE_LOOP('',(#1016,#1017,#1018,#1019));
#227=EDGE_LOOP('',(#1020,#1021,#1022,#1023));
#228=EDGE_LOOP('',(#1024,#1025,#1026,#1027));
#229=EDGE_LOOP('',(#1028,#1029,#1030));
#230=EDGE_LOOP('',(#1031,#1032,#1033,#1034,#1035));
#231=EDGE_LOOP('',(#1036,#1037,#1038,#1039));
#232=EDGE_LOOP('',(#1040,#1041,#1042,#1043));
#233=EDGE_LOOP('',(#1044,#1045,#1046,#1047));
#234=EDGE_LOOP('',(#1048,#1049,#1050,#1051));
#235=EDGE_LOOP('',(#1052,#1053,#1054,#1055));
#236=EDGE_LOOP('',(#1056,#1057,#1058,#1059,#1060));
#237=EDGE_LOOP('',(#1061,#1062,#1063));
#238=EDGE_LOOP('',(#1064,#1065,#1066,#1067));
#239=EDGE_LOOP('',(#1068,#1069,#1070));
#240=EDGE_LOOP('',(#1071,#1072,#1073,#1074));
#241=EDGE_LOOP('',(#1075,#1076,#1077,#1078));
#242=EDGE_LOOP('',(#1079,#1080,#1081,#1082));
#243=EDGE_LOOP('',(#1083,#1084,#1085));
#244=EDGE_LOOP('',(#1086,#1087,#1088,#1089));
#245=EDGE_LOOP('',(#1090,#1091,#1092,#1093));
#246=EDGE_LOOP('',(#1094,#1095,#1096,#1097));
#247=EDGE_LOOP('',(#1098,#1099,#1100));
#248=EDGE_LOOP('',(#1101,#1102,#1103,#1104));
#249=EDGE_LOOP('',(#1105,#1106,#1107,#1108));
#250=EDGE_LOOP('',(#1109,#1110,#1111,#1112));
#251=EDGE_LOOP('',(#1113,#1114,#1115,#1116));
#252=EDGE_LOOP('',(#1117,#1118,#1119,#1120));
#253=EDGE_LOOP('',(#1121,#1122,#1123));
#254=EDGE_LOOP('',(#1124,#1125,#1126,#1127,#1128));
#255=EDGE_LOOP('',(#1129,#1130,#1131,#1132,#1133));
#256=EDGE_LOOP('',(#1134,#1135,#1136,#1137));
#257=EDGE_LOOP('',(#1138,#1139,#1140,#1141));
#258=EDGE_LOOP('',(#1142,#1143,#1144,#1145,#1146));
#259=EDGE_LOOP('',(#1147,#1148,#1149,#1150,#1151,#1152));
#260=EDGE_LOOP('',(#1153));
#261=EDGE_LOOP('',(#1154));
#262=EDGE_LOOP('',(#1155));
#263=EDGE_LOOP('',(#1156));
#264=EDGE_LOOP('',(#1157,#1158,#1159,#1160));
#265=EDGE_LOOP('',(#1161,#1162,#1163,#1164));
#266=EDGE_LOOP('',(#1165,#1166,#1167,#1168));
#267=EDGE_LOOP('',(#1169,#1170,#1171,#1172));
#268=EDGE_LOOP('',(#1173,#1174,#1175,#1176));
#269=EDGE_LOOP('',(#1177,#1178,#1179,#1180));
#270=EDGE_LOOP('',(#1181,#1182,#1183,#1184,#1185));
#271=EDGE_LOOP('',(#1186,#1187,#1188,#1189,#1190));
#272=EDGE_LOOP('',(#1191,#1192,#1193,#1194,#1195));
#273=EDGE_LOOP('',(#1196,#1197,#1198,#1199));
#274=EDGE_LOOP('',(#1200,#1201,#1202,#1203,#1204,#1205));
#275=EDGE_LOOP('',(#1206,#1207,#1208,#1209,#1210,#1211,#1212,#1213));
#276=EDGE_LOOP('',(#1214,#1215,#1216,#1217));
#277=EDGE_LOOP('',(#1218,#1219,#1220,#1221,#1222,#1223,#1224,#1225));
#278=EDGE_LOOP('',(#1226,#1227,#1228,#1229));
#279=EDGE_LOOP('',(#1230));
#280=EDGE_LOOP('',(#1231));
#281=EDGE_LOOP('',(#1232,#1233,#1234,#1235));
#282=EDGE_LOOP('',(#1236));
#283=EDGE_LOOP('',(#1237));
#284=EDGE_LOOP('',(#1238,#1239,#1240,#1241));
#285=EDGE_LOOP('',(#1242));
#286=EDGE_LOOP('',(#1243));
#287=EDGE_LOOP('',(#1244,#1245,#1246,#1247));
#288=EDGE_LOOP('',(#1248));
#289=EDGE_LOOP('',(#1249));
#290=EDGE_LOOP('',(#1250,#1251,#1252,#1253));
#291=EDGE_LOOP('',(#1254,#1255,#1256,#1257));
#292=EDGE_LOOP('',(#1258,#1259,#1260,#1261));
#293=EDGE_LOOP('',(#1262,#1263,#1264,#1265));
#294=EDGE_LOOP('',(#1266,#1267,#1268,#1269));
#295=EDGE_LOOP('',(#1270,#1271,#1272,#1273));
#296=EDGE_LOOP('',(#1274,#1275,#1276,#1277));
#297=EDGE_LOOP('',(#1278,#1279,#1280,#1281));
#298=EDGE_LOOP('',(#1282,#1283,#1284,#1285,#1286));
#299=EDGE_LOOP('',(#1287,#1288,#1289,#1290,#1291,#1292));
#300=EDGE_LOOP('',(#1293));
#301=EDGE_LOOP('',(#1294));
#302=EDGE_LOOP('',(#1295,#1296,#1297,#1298,#1299));
#303=EDGE_LOOP('',(#1300,#1301,#1302,#1303,#1304,#1305));
#304=EDGE_LOOP('',(#1306));
#305=EDGE_LOOP('',(#1307));
#306=EDGE_LOOP('',(#1308,#1309,#1310,#1311,#1312));
#307=EDGE_LOOP('',(#1313,#1314,#1315,#1316,#1317,#1318));
#308=EDGE_LOOP('',(#1319));
#309=EDGE_LOOP('',(#1320));
#310=EDGE_LOOP('',(#1321,#1322,#1323,#1324,#1325));
#311=EDGE_LOOP('',(#1326,#1327,#1328,#1329,#1330,#1331));
#312=EDGE_LOOP('',(#1332));
#313=EDGE_LOOP('',(#1333));
#314=EDGE_LOOP('',(#1334,#1335,#1336,#1337,#1338));
#315=EDGE_LOOP('',(#1339,#1340,#1341,#1342,#1343));
#316=EDGE_LOOP('',(#1344,#1345,#1346,#1347,#1348));
#317=EDGE_LOOP('',(#1349,#1350,#1351,#1352,#1353));
#318=CIRCLE('',#1522,0.999999999999992);
#319=CIRCLE('',#1524,1.);
#320=CIRCLE('',#1525,1.25);
#321=CIRCLE('',#1526,0.25);
#322=CIRCLE('',#1528,1.);
#323=CIRCLE('',#1530,1.00000000000001);
#324=CIRCLE('',#1531,1.25);
#325=CIRCLE('',#1532,0.25);
#326=CIRCLE('',#1536,2.);
#327=CIRCLE('',#1537,2.);
#328=CIRCLE('',#1538,8.95);
#329=CIRCLE('',#1539,8.95);
#330=CIRCLE('',#1540,8.95);
#331=CIRCLE('',#1541,8.95);
#332=CIRCLE('',#1545,0.999999999999996);
#333=CIRCLE('',#1546,0.999999999999999);
#334=CIRCLE('',#1547,1.00000000000001);
#335=CIRCLE('',#1549,1.);
#336=CIRCLE('',#1550,1.);
#337=CIRCLE('',#1551,0.999999999999996);
#338=CIRCLE('',#1553,1.);
#339=CIRCLE('',#1555,0.999999999999992);
#340=CIRCLE('',#1556,1.);
#341=CIRCLE('',#1560,0.999999999999996);
#342=CIRCLE('',#1562,1.00000000000001);
#343=CIRCLE('',#1563,49.);
#344=CIRCLE('',#1564,50.);
#345=CIRCLE('',#1565,0.999999999999992);
#346=CIRCLE('',#1568,1.00000000000001);
#347=CIRCLE('',#1569,0.999999999999999);
#348=CIRCLE('',#1570,0.999999999999996);
#349=CIRCLE('',#1572,0.999999999999997);
#350=CIRCLE('',#1573,0.999999999999989);
#351=CIRCLE('',#1577,0.999999999999998);
#352=CIRCLE('',#1578,0.999999999999993);
#353=CIRCLE('',#1584,1.);
#354=CIRCLE('',#1585,0.999999999999996);
#355=CIRCLE('',#1586,1.);
#356=CIRCLE('',#1588,1.);
#357=CIRCLE('',#1589,1.);
#358=CIRCLE('',#1590,0.999999999999989);
#359=CIRCLE('',#1592,1.00000000000001);
#360=CIRCLE('',#1593,49.);
#361=CIRCLE('',#1594,50.);
#362=CIRCLE('',#1596,0.999999999999996);
#363=CIRCLE('',#1598,1.00000000000001);
#364=CIRCLE('',#1599,49.);
#365=CIRCLE('',#1600,50.);
#366=CIRCLE('',#1601,0.999999999999994);
#367=CIRCLE('',#1603,1.);
#368=CIRCLE('',#1605,0.999999999999996);
#369=CIRCLE('',#1606,1.);
#370=CIRCLE('',#1607,1.00000000000001);
#371=CIRCLE('',#1610,1.00000000000001);
#372=CIRCLE('',#1611,1.);
#373=CIRCLE('',#1612,1.);
#374=CIRCLE('',#1615,1.);
#375=CIRCLE('',#1617,0.999999999999961);
#376=CIRCLE('',#1618,1.);
#377=CIRCLE('',#1621,1.);
#378=CIRCLE('',#1623,1.);
#379=CIRCLE('',#1624,50.);
#380=CIRCLE('',#1625,49.);
#381=CIRCLE('',#1626,1.00000000000001);
#382=CIRCLE('',#1629,49.);
#383=CIRCLE('',#1634,49.);
#384=CIRCLE('',#1661,5.25);
#385=CIRCLE('',#1663,3.25);
#386=CIRCLE('',#1665,5.25);
#387=CIRCLE('',#1667,3.25);
#388=CIRCLE('',#1669,5.25);
#389=CIRCLE('',#1671,3.25);
#390=CIRCLE('',#1673,5.25);
#391=CIRCLE('',#1675,3.25);
#392=CIRCLE('',#1677,4.25);
#393=CIRCLE('',#1678,3.25);
#394=CIRCLE('',#1681,4.25);
#395=CIRCLE('',#1682,3.25);
#396=CIRCLE('',#1685,4.25);
#397=CIRCLE('',#1686,3.25);
#398=CIRCLE('',#1689,4.25);
#399=CIRCLE('',#1690,3.25);
#400=CIRCLE('',#1693,7.45000000000001);
#401=CIRCLE('',#1694,7.95);
#402=CIRCLE('',#1695,7.95);
#403=CIRCLE('',#1697,7.95);
#404=CIRCLE('',#1698,7.95);
#405=CIRCLE('',#1701,7.45);
#406=CIRCLE('',#1702,7.95);
#407=CIRCLE('',#1703,7.95);
#408=CIRCLE('',#1705,7.95);
#409=CIRCLE('',#1706,7.95);
#410=CIRCLE('',#1709,7.45);
#411=CIRCLE('',#1710,7.95);
#412=CIRCLE('',#1711,7.95);
#413=CIRCLE('',#1713,7.95);
#414=CIRCLE('',#1714,7.95);
#415=CIRCLE('',#1717,7.45);
#416=CIRCLE('',#1718,7.95);
#417=CIRCLE('',#1719,7.95);
#418=CIRCLE('',#1721,7.95);
#419=CIRCLE('',#1722,7.95);
#420=CIRCLE('',#1725,1.);
#421=CIRCLE('',#1727,1.);
#422=CIRCLE('',#1729,1.);
#423=CIRCLE('',#1731,1.);
#424=LINE('',#2244,#504);
#425=LINE('',#2247,#505);
#426=LINE('',#2258,#506);
#427=LINE('',#2259,#507);
#428=LINE('',#2270,#508);
#429=LINE('',#2271,#509);
#430=LINE('',#2276,#510);
#431=LINE('',#2278,#511);
#432=LINE('',#2280,#512);
#433=LINE('',#2282,#513);
#434=LINE('',#2284,#514);
#435=LINE('',#2296,#515);
#436=LINE('',#2314,#516);
#437=LINE('',#2321,#517);
#438=LINE('',#2327,#518);
#439=LINE('',#2328,#519);
#440=LINE('',#2392,#520);
#441=LINE('',#2404,#521);
#442=LINE('',#2405,#522);
#443=LINE('',#2450,#523);
#444=LINE('',#2451,#524);
#445=LINE('',#2493,#525);
#446=LINE('',#2494,#526);
#447=LINE('',#2496,#527);
#448=LINE('',#2497,#528);
#449=LINE('',#2506,#529);
#450=LINE('',#2510,#530);
#451=LINE('',#2620,#531);
#452=LINE('',#2621,#532);
#453=LINE('',#2737,#533);
#454=LINE('',#2739,#534);
#455=LINE('',#2763,#535);
#456=LINE('',#2771,#536);
#457=LINE('',#2775,#537);
#458=LINE('',#2781,#538);
#459=LINE('',#2786,#539);
#460=LINE('',#2787,#540);
#461=LINE('',#2840,#541);
#462=LINE('',#2861,#542);
#463=LINE('',#2862,#543);
#464=LINE('',#2864,#544);
#465=LINE('',#2865,#545);
#466=LINE('',#2867,#546);
#467=LINE('',#2878,#547);
#468=LINE('',#2880,#548);
#469=LINE('',#2882,#549);
#470=LINE('',#2884,#550);
#471=LINE('',#2886,#551);
#472=LINE('',#2888,#552);
#473=LINE('',#2900,#553);
#474=LINE('',#2901,#554);
#475=LINE('',#2903,#555);
#476=LINE('',#2905,#556);
#477=LINE('',#2906,#557);
#478=LINE('',#2908,#558);
#479=LINE('',#2910,#559);
#480=LINE('',#2911,#560);
#481=LINE('',#2913,#561);
#482=LINE('',#2919,#562);
#483=LINE('',#2921,#563);
#484=LINE('',#2925,#564);
#485=LINE('',#2932,#565);
#486=LINE('',#2939,#566);
#487=LINE('',#2946,#567);
#488=LINE('',#2955,#568);
#489=LINE('',#2958,#569);
#490=LINE('',#2963,#570);
#491=LINE('',#2966,#571);
#492=LINE('',#2971,#572);
#493=LINE('',#2974,#573);
#494=LINE('',#2979,#574);
#495=LINE('',#2982,#575);
#496=LINE('',#2987,#576);
#497=LINE('',#2993,#577);
#498=LINE('',#3002,#578);
#499=LINE('',#3008,#579);
#500=LINE('',#3017,#580);
#501=LINE('',#3023,#581);
#502=LINE('',#3032,#582);
#503=LINE('',#3038,#583);
#504=VECTOR('',#1738,10.);
#505=VECTOR('',#1741,10.);
#506=VECTOR('',#1754,10.);
#507=VECTOR('',#1755,10.);
#508=VECTOR('',#1768,10.);
#509=VECTOR('',#1769,10.);
#510=VECTOR('',#1774,10.);
#511=VECTOR('',#1775,10.);
#512=VECTOR('',#1776,10.);
#513=VECTOR('',#1777,10.);
#514=VECTOR('',#1778,10.);
#515=VECTOR('',#1791,10.);
#516=VECTOR('',#1814,10.);
#517=VECTOR('',#1823,10.);
#518=VECTOR('',#1830,10.);
#519=VECTOR('',#1831,10.);
#520=VECTOR('',#1844,10.);
#521=VECTOR('',#1857,10.);
#522=VECTOR('',#1858,10.);
#523=VECTOR('',#1869,10.);
#524=VECTOR('',#1870,10.);
#525=VECTOR('',#1879,10.);
#526=VECTOR('',#1880,10.);
#527=VECTOR('',#1883,10.);
#528=VECTOR('',#1884,10.);
#529=VECTOR('',#1895,10.);
#530=VECTOR('',#1898,10.);
#531=VECTOR('',#1915,10.);
#532=VECTOR('',#1916,10.);
#533=VECTOR('',#1929,10.);
#534=VECTOR('',#1930,10.);
#535=VECTOR('',#1943,10.);
#536=VECTOR('',#1954,10.);
#537=VECTOR('',#1959,10.);
#538=VECTOR('',#1968,10.);
#539=VECTOR('',#1973,10.);
#540=VECTOR('',#1974,10.);
#541=VECTOR('',#1987,10.);
#542=VECTOR('',#1994,10.);
#543=VECTOR('',#1995,10.);
#544=VECTOR('',#1998,10.);
#545=VECTOR('',#1999,10.);
#546=VECTOR('',#2002,10.);
#547=VECTOR('',#2009,10.);
#548=VECTOR('',#2012,10.);
#549=VECTOR('',#2015,10.);
#550=VECTOR('',#2018,10.);
#551=VECTOR('',#2021,10.);
#552=VECTOR('',#2024,10.);
#553=VECTOR('',#2039,10.);
#554=VECTOR('',#2040,10.);
#555=VECTOR('',#2043,10.);
#556=VECTOR('',#2046,10.);
#557=VECTOR('',#2047,10.);
#558=VECTOR('',#2050,10.);
#559=VECTOR('',#2053,10.);
#560=VECTOR('',#2054,10.);
#561=VECTOR('',#2057,10.);
#562=VECTOR('',#2068,10.);
#563=VECTOR('',#2071,10.);
#564=VECTOR('',#2076,5.25);
#565=VECTOR('',#2085,5.25);
#566=VECTOR('',#2094,5.25);
#567=VECTOR('',#2103,5.25);
#568=VECTOR('',#2114,3.75);
#569=VECTOR('',#2119,3.25);
#570=VECTOR('',#2124,3.75);
#571=VECTOR('',#2129,3.25);
#572=VECTOR('',#2134,3.75);
#573=VECTOR('',#2139,3.25);
#574=VECTOR('',#2144,3.75);
#575=VECTOR('',#2149,3.25);
#576=VECTOR('',#2154,7.70000000000001);
#577=VECTOR('',#2161,7.95);
#578=VECTOR('',#2172,7.7);
#579=VECTOR('',#2179,7.95);
#580=VECTOR('',#2190,7.7);
#581=VECTOR('',#2197,7.95);
#582=VECTOR('',#2208,7.7);
#583=VECTOR('',#2215,7.95);
#584=ELLIPSE('',#1521,1.4142135623731,1.);
#585=ELLIPSE('',#1534,1.41421356237308,1.);
#586=ELLIPSE('',#1543,1.41421356237308,1.);
#587=ELLIPSE('',#1558,1.41421356237309,1.);
#588=ELLIPSE('',#1574,58.3888211721201,50.);
#589=ELLIPSE('',#1575,57.5348106616318,49.);
#590=ELLIPSE('',#1579,58.3888211721201,50.);
#591=ELLIPSE('',#1580,57.5348106616318,49.);
#592=ELLIPSE('',#1642,10.0172214991234,5.25);
#593=ELLIPSE('',#1643,10.0172214991234,5.25);
#594=ELLIPSE('',#1644,10.0172214991234,5.25);
#595=ELLIPSE('',#1645,10.0172214991234,5.25);
#596=VERTEX_POINT('',#2240);
#597=VERTEX_POINT('',#2241);
#598=VERTEX_POINT('',#2243);
#599=VERTEX_POINT('',#2245);
#600=VERTEX_POINT('',#2249);
#601=VERTEX_POINT('',#2250);
#602=VERTEX_POINT('',#2255);
#603=VERTEX_POINT('',#2256);
#604=VERTEX_POINT('',#2261);
#605=VERTEX_POINT('',#2262);
#606=VERTEX_POINT('',#2267);
#607=VERTEX_POINT('',#2268);
#608=VERTEX_POINT('',#2273);
#609=VERTEX_POINT('',#2275);
#610=VERTEX_POINT('',#2277);
#611=VERTEX_POINT('',#2279);
#612=VERTEX_POINT('',#2281);
#613=VERTEX_POINT('',#2283);
#614=VERTEX_POINT('',#2286);
#615=VERTEX_POINT('',#2288);
#616=VERTEX_POINT('',#2290);
#617=VERTEX_POINT('',#2292);
#618=VERTEX_POINT('',#2295);
#619=VERTEX_POINT('',#2299);
#620=VERTEX_POINT('',#2300);
#621=VERTEX_POINT('',#2302);
#622=VERTEX_POINT('',#2306);
#623=VERTEX_POINT('',#2307);
#624=VERTEX_POINT('',#2312);
#625=VERTEX_POINT('',#2316);
#626=VERTEX_POINT('',#2320);
#627=VERTEX_POINT('',#2324);
#628=VERTEX_POINT('',#2325);
#629=VERTEX_POINT('',#2330);
#630=VERTEX_POINT('',#2331);
#631=VERTEX_POINT('',#2365);
#632=VERTEX_POINT('',#2366);
#633=VERTEX_POINT('',#2381);
#634=VERTEX_POINT('',#2394);
#635=VERTEX_POINT('',#2395);
#636=VERTEX_POINT('',#2397);
#637=VERTEX_POINT('',#2401);
#638=VERTEX_POINT('',#2402);
#639=VERTEX_POINT('',#2441);
#640=VERTEX_POINT('',#2442);
#641=VERTEX_POINT('',#2447);
#642=VERTEX_POINT('',#2448);
#643=VERTEX_POINT('',#2487);
#644=VERTEX_POINT('',#2488);
#645=VERTEX_POINT('',#2499);
#646=VERTEX_POINT('',#2501);
#647=VERTEX_POINT('',#2505);
#648=VERTEX_POINT('',#2507);
#649=VERTEX_POINT('',#2509);
#650=VERTEX_POINT('',#2511);
#651=VERTEX_POINT('',#2587);
#652=VERTEX_POINT('',#2588);
#653=VERTEX_POINT('',#2611);
#654=VERTEX_POINT('',#2612);
#655=VERTEX_POINT('',#2617);
#656=VERTEX_POINT('',#2618);
#657=VERTEX_POINT('',#2623);
#658=VERTEX_POINT('',#2624);
#659=VERTEX_POINT('',#2706);
#660=VERTEX_POINT('',#2707);
#661=VERTEX_POINT('',#2736);
#662=VERTEX_POINT('',#2738);
#663=VERTEX_POINT('',#2740);
#664=VERTEX_POINT('',#2757);
#665=VERTEX_POINT('',#2758);
#666=VERTEX_POINT('',#2765);
#667=VERTEX_POINT('',#2766);
#668=VERTEX_POINT('',#2773);
#669=VERTEX_POINT('',#2777);
#670=VERTEX_POINT('',#2783);
#671=VERTEX_POINT('',#2784);
#672=VERTEX_POINT('',#2789);
#673=VERTEX_POINT('',#2790);
#674=VERTEX_POINT('',#2824);
#675=VERTEX_POINT('',#2839);
#676=VERTEX_POINT('',#2852);
#677=VERTEX_POINT('',#2869);
#678=VERTEX_POINT('',#2890);
#679=VERTEX_POINT('',#2892);
#680=VERTEX_POINT('',#2894);
#681=VERTEX_POINT('',#2896);
#682=VERTEX_POINT('',#2924);
#683=VERTEX_POINT('',#2928);
#684=VERTEX_POINT('',#2931);
#685=VERTEX_POINT('',#2935);
#686=VERTEX_POINT('',#2938);
#687=VERTEX_POINT('',#2942);
#688=VERTEX_POINT('',#2945);
#689=VERTEX_POINT('',#2949);
#690=VERTEX_POINT('',#2952);
#691=VERTEX_POINT('',#2954);
#692=VERTEX_POINT('',#2960);
#693=VERTEX_POINT('',#2962);
#694=VERTEX_POINT('',#2968);
#695=VERTEX_POINT('',#2970);
#696=VERTEX_POINT('',#2976);
#697=VERTEX_POINT('',#2978);
#698=VERTEX_POINT('',#2984);
#699=VERTEX_POINT('',#2986);
#700=VERTEX_POINT('',#2988);
#701=VERTEX_POINT('',#2992);
#702=VERTEX_POINT('',#2994);
#703=VERTEX_POINT('',#2999);
#704=VERTEX_POINT('',#3001);
#705=VERTEX_POINT('',#3003);
#706=VERTEX_POINT('',#3007);
#707=VERTEX_POINT('',#3009);
#708=VERTEX_POINT('',#3014);
#709=VERTEX_POINT('',#3016);
#710=VERTEX_POINT('',#3018);
#711=VERTEX_POINT('',#3022);
#712=VERTEX_POINT('',#3024);
#713=VERTEX_POINT('',#3029);
#714=VERTEX_POINT('',#3031);
#715=VERTEX_POINT('',#3033);
#716=VERTEX_POINT('',#3037);
#717=VERTEX_POINT('',#3039);
#718=EDGE_CURVE('',#596,#597,#584,.T.);
#719=EDGE_CURVE('',#597,#598,#424,.T.);
#720=EDGE_CURVE('',#598,#599,#318,.T.);
#721=EDGE_CURVE('',#599,#596,#425,.T.);
#722=EDGE_CURVE('',#600,#601,#319,.T.);
#723=EDGE_CURVE('',#601,#599,#320,.T.);
#724=EDGE_CURVE('',#598,#600,#321,.T.);
#725=EDGE_CURVE('',#602,#603,#322,.T.);
#726=EDGE_CURVE('',#603,#601,#426,.T.);
#727=EDGE_CURVE('',#600,#602,#427,.T.);
#728=EDGE_CURVE('',#604,#605,#323,.T.);
#729=EDGE_CURVE('',#605,#603,#324,.T.);
#730=EDGE_CURVE('',#602,#604,#325,.T.);
#731=EDGE_CURVE('',#606,#607,#585,.T.);
#732=EDGE_CURVE('',#607,#605,#428,.T.);
#733=EDGE_CURVE('',#604,#606,#429,.T.);
#734=EDGE_CURVE('',#608,#607,#326,.T.);
#735=EDGE_CURVE('',#609,#608,#430,.T.);
#736=EDGE_CURVE('',#610,#609,#431,.T.);
#737=EDGE_CURVE('',#611,#610,#432,.T.);
#738=EDGE_CURVE('',#612,#611,#433,.T.);
#739=EDGE_CURVE('',#613,#612,#434,.T.);
#740=EDGE_CURVE('',#596,#613,#327,.T.);
#741=EDGE_CURVE('',#614,#614,#328,.T.);
#742=EDGE_CURVE('',#615,#615,#329,.T.);
#743=EDGE_CURVE('',#616,#616,#330,.T.);
#744=EDGE_CURVE('',#617,#617,#331,.T.);
#745=EDGE_CURVE('',#606,#618,#435,.T.);
#746=EDGE_CURVE('',#607,#618,#586,.T.);
#747=EDGE_CURVE('',#619,#620,#332,.F.);
#748=EDGE_CURVE('',#621,#619,#333,.F.);
#749=EDGE_CURVE('',#620,#621,#334,.F.);
#750=EDGE_CURVE('',#622,#623,#335,.F.);
#751=EDGE_CURVE('',#612,#622,#336,.F.);
#752=EDGE_CURVE('',#623,#612,#337,.F.);
#753=EDGE_CURVE('',#624,#613,#338,.T.);
#754=EDGE_CURVE('',#622,#624,#436,.T.);
#755=EDGE_CURVE('',#625,#596,#339,.T.);
#756=EDGE_CURVE('',#624,#625,#340,.T.);
#757=EDGE_CURVE('',#625,#626,#437,.T.);
#758=EDGE_CURVE('',#626,#596,#587,.T.);
#759=EDGE_CURVE('',#627,#628,#341,.T.);
#760=EDGE_CURVE('',#628,#622,#438,.T.);
#761=EDGE_CURVE('',#623,#627,#439,.T.);
#762=EDGE_CURVE('',#629,#630,#342,.T.);
#763=EDGE_CURVE('',#630,#628,#343,.T.);
#764=EDGE_CURVE('',#627,#629,#344,.T.);
#765=EDGE_CURVE('',#631,#632,#345,.T.);
#766=EDGE_CURVE('',#632,#630,#23,.T.);
#767=EDGE_CURVE('',#629,#631,#24,.T.);
#768=EDGE_CURVE('',#631,#633,#25,.T.);
#769=EDGE_CURVE('',#633,#632,#440,.T.);
#770=EDGE_CURVE('',#634,#635,#346,.F.);
#771=EDGE_CURVE('',#636,#634,#347,.F.);
#772=EDGE_CURVE('',#635,#636,#348,.F.);
#773=EDGE_CURVE('',#637,#638,#349,.T.);
#774=EDGE_CURVE('',#638,#620,#441,.T.);
#775=EDGE_CURVE('',#621,#637,#442,.T.);
#776=EDGE_CURVE('',#639,#640,#350,.T.);
#777=EDGE_CURVE('',#640,#638,#588,.T.);
#778=EDGE_CURVE('',#637,#639,#589,.T.);
#779=EDGE_CURVE('',#641,#642,#351,.T.);
#780=EDGE_CURVE('',#642,#640,#443,.T.);
#781=EDGE_CURVE('',#639,#641,#444,.T.);
#782=EDGE_CURVE('',#643,#644,#352,.T.);
#783=EDGE_CURVE('',#644,#642,#590,.T.);
#784=EDGE_CURVE('',#641,#643,#591,.T.);
#785=EDGE_CURVE('',#634,#644,#445,.T.);
#786=EDGE_CURVE('',#643,#636,#446,.T.);
#787=EDGE_CURVE('',#619,#635,#447,.T.);
#788=EDGE_CURVE('',#636,#621,#448,.T.);
#789=EDGE_CURVE('',#611,#645,#353,.F.);
#790=EDGE_CURVE('',#646,#611,#354,.F.);
#791=EDGE_CURVE('',#645,#646,#355,.F.);
#792=EDGE_CURVE('',#631,#647,#449,.T.);
#793=EDGE_CURVE('',#647,#648,#356,.T.);
#794=EDGE_CURVE('',#648,#649,#450,.T.);
#795=EDGE_CURVE('',#649,#650,#357,.T.);
#796=EDGE_CURVE('',#650,#631,#26,.T.);
#797=EDGE_CURVE('',#651,#652,#358,.T.);
#798=EDGE_CURVE('',#652,#648,#27,.T.);
#799=EDGE_CURVE('',#647,#651,#28,.T.);
#800=EDGE_CURVE('',#653,#654,#359,.T.);
#801=EDGE_CURVE('',#654,#652,#360,.T.);
#802=EDGE_CURVE('',#651,#653,#361,.T.);
#803=EDGE_CURVE('',#655,#656,#362,.T.);
#804=EDGE_CURVE('',#656,#654,#451,.T.);
#805=EDGE_CURVE('',#653,#655,#452,.T.);
#806=EDGE_CURVE('',#657,#658,#363,.T.);
#807=EDGE_CURVE('',#658,#656,#364,.T.);
#808=EDGE_CURVE('',#655,#657,#365,.T.);
#809=EDGE_CURVE('',#659,#660,#366,.T.);
#810=EDGE_CURVE('',#660,#658,#29,.T.);
#811=EDGE_CURVE('',#657,#659,#30,.T.);
#812=EDGE_CURVE('',#661,#660,#453,.T.);
#813=EDGE_CURVE('',#659,#662,#454,.T.);
#814=EDGE_CURVE('',#662,#663,#31,.T.);
#815=EDGE_CURVE('',#663,#661,#367,.T.);
#816=EDGE_CURVE('',#664,#665,#368,.F.);
#817=EDGE_CURVE('',#610,#664,#369,.F.);
#818=EDGE_CURVE('',#665,#610,#370,.F.);
#819=EDGE_CURVE('',#664,#646,#455,.T.);
#820=EDGE_CURVE('',#666,#667,#371,.F.);
#821=EDGE_CURVE('',#609,#666,#372,.F.);
#822=EDGE_CURVE('',#667,#609,#373,.F.);
#823=EDGE_CURVE('',#666,#665,#456,.T.);
#824=EDGE_CURVE('',#608,#668,#374,.T.);
#825=EDGE_CURVE('',#668,#667,#457,.T.);
#826=EDGE_CURVE('',#607,#669,#375,.T.);
#827=EDGE_CURVE('',#669,#668,#376,.T.);
#828=EDGE_CURVE('',#618,#669,#458,.T.);
#829=EDGE_CURVE('',#670,#671,#377,.T.);
#830=EDGE_CURVE('',#671,#666,#459,.T.);
#831=EDGE_CURVE('',#667,#670,#460,.T.);
#832=EDGE_CURVE('',#672,#673,#378,.T.);
#833=EDGE_CURVE('',#673,#671,#379,.T.);
#834=EDGE_CURVE('',#670,#672,#380,.T.);
#835=EDGE_CURVE('',#672,#674,#32,.T.);
#836=EDGE_CURVE('',#674,#662,#381,.T.);
#837=EDGE_CURVE('',#662,#673,#33,.T.);
#838=EDGE_CURVE('',#674,#675,#461,.T.);
#839=EDGE_CURVE('',#675,#662,#34,.T.);
#840=EDGE_CURVE('',#675,#676,#35,.T.);
#841=EDGE_CURVE('',#676,#663,#382,.T.);
#842=EDGE_CURVE('',#635,#664,#462,.T.);
#843=EDGE_CURVE('',#665,#634,#463,.T.);
#844=EDGE_CURVE('',#620,#645,#464,.T.);
#845=EDGE_CURVE('',#646,#619,#465,.T.);
#846=EDGE_CURVE('',#645,#623,#466,.T.);
#847=EDGE_CURVE('',#650,#677,#383,.T.);
#848=EDGE_CURVE('',#677,#633,#36,.T.);
#849=EDGE_CURVE('',#626,#597,#467,.T.);
#850=EDGE_CURVE('',#627,#638,#468,.T.);
#851=EDGE_CURVE('',#644,#671,#469,.T.);
#852=EDGE_CURVE('',#672,#668,#470,.T.);
#853=EDGE_CURVE('',#669,#674,#471,.T.);
#854=EDGE_CURVE('',#676,#618,#472,.T.);
#855=EDGE_CURVE('',#678,#678,#592,.T.);
#856=EDGE_CURVE('',#679,#679,#593,.T.);
#857=EDGE_CURVE('',#680,#680,#594,.T.);
#858=EDGE_CURVE('',#681,#681,#595,.T.);
#859=EDGE_CURVE('',#598,#648,#473,.T.);
#860=EDGE_CURVE('',#652,#600,#474,.T.);
#861=EDGE_CURVE('',#649,#597,#475,.T.);
#862=EDGE_CURVE('',#602,#658,#476,.T.);
#863=EDGE_CURVE('',#660,#604,#477,.T.);
#864=EDGE_CURVE('',#606,#661,#478,.T.);
#865=EDGE_CURVE('',#632,#625,#479,.T.);
#866=EDGE_CURVE('',#624,#630,#480,.T.);
#867=EDGE_CURVE('',#626,#677,#481,.T.);
#868=EDGE_CURVE('',#640,#653,#482,.T.);
#869=EDGE_CURVE('',#655,#642,#483,.T.);
#870=EDGE_CURVE('',#681,#682,#484,.T.);
#871=EDGE_CURVE('',#682,#682,#384,.T.);
#872=EDGE_CURVE('',#683,#683,#385,.T.);
#873=EDGE_CURVE('',#680,#684,#485,.T.);
#874=EDGE_CURVE('',#684,#684,#386,.T.);
#875=EDGE_CURVE('',#685,#685,#387,.T.);
#876=EDGE_CURVE('',#679,#686,#486,.T.);
#877=EDGE_CURVE('',#686,#686,#388,.T.);
#878=EDGE_CURVE('',#687,#687,#389,.T.);
#879=EDGE_CURVE('',#678,#688,#487,.T.);
#880=EDGE_CURVE('',#688,#688,#390,.T.);
#881=EDGE_CURVE('',#689,#689,#391,.T.);
#882=EDGE_CURVE('',#690,#690,#392,.T.);
#883=EDGE_CURVE('',#690,#691,#488,.T.);
#884=EDGE_CURVE('',#691,#691,#393,.T.);
#885=EDGE_CURVE('',#691,#689,#489,.T.);
#886=EDGE_CURVE('',#692,#692,#394,.T.);
#887=EDGE_CURVE('',#692,#693,#490,.T.);
#888=EDGE_CURVE('',#693,#693,#395,.T.);
#889=EDGE_CURVE('',#693,#685,#491,.T.);
#890=EDGE_CURVE('',#694,#694,#396,.T.);
#891=EDGE_CURVE('',#694,#695,#492,.T.);
#892=EDGE_CURVE('',#695,#695,#397,.T.);
#893=EDGE_CURVE('',#695,#683,#493,.T.);
#894=EDGE_CURVE('',#696,#696,#398,.T.);
#895=EDGE_CURVE('',#696,#697,#494,.T.);
#896=EDGE_CURVE('',#697,#697,#399,.T.);
#897=EDGE_CURVE('',#697,#687,#495,.T.);
#898=EDGE_CURVE('',#698,#698,#400,.T.);
#899=EDGE_CURVE('',#698,#699,#496,.T.);
#900=EDGE_CURVE('',#699,#700,#401,.T.);
#901=EDGE_CURVE('',#700,#699,#402,.T.);
#902=EDGE_CURVE('',#700,#701,#497,.T.);
#903=EDGE_CURVE('',#702,#701,#403,.T.);
#904=EDGE_CURVE('',#701,#702,#404,.T.);
#905=EDGE_CURVE('',#703,#703,#405,.T.);
#906=EDGE_CURVE('',#703,#704,#498,.T.);
#907=EDGE_CURVE('',#704,#705,#406,.T.);
#908=EDGE_CURVE('',#705,#704,#407,.T.);
#909=EDGE_CURVE('',#705,#706,#499,.T.);
#910=EDGE_CURVE('',#707,#706,#408,.T.);
#911=EDGE_CURVE('',#706,#707,#409,.T.);
#912=EDGE_CURVE('',#708,#708,#410,.T.);
#913=EDGE_CURVE('',#708,#709,#500,.T.);
#914=EDGE_CURVE('',#709,#710,#411,.T.);
#915=EDGE_CURVE('',#710,#709,#412,.T.);
#916=EDGE_CURVE('',#710,#711,#501,.T.);
#917=EDGE_CURVE('',#712,#711,#413,.T.);
#918=EDGE_CURVE('',#711,#712,#414,.T.);
#919=EDGE_CURVE('',#713,#713,#415,.T.);
#920=EDGE_CURVE('',#713,#714,#502,.T.);
#921=EDGE_CURVE('',#714,#715,#416,.T.);
#922=EDGE_CURVE('',#715,#714,#417,.T.);
#923=EDGE_CURVE('',#715,#716,#503,.T.);
#924=EDGE_CURVE('',#717,#716,#418,.T.);
#925=EDGE_CURVE('',#716,#717,#419,.T.);
#926=EDGE_CURVE('',#702,#617,#420,.T.);
#927=EDGE_CURVE('',#707,#614,#421,.T.);
#928=EDGE_CURVE('',#712,#616,#422,.T.);
#929=EDGE_CURVE('',#717,#615,#423,.T.);
#930=ORIENTED_EDGE('',*,*,#718,.T.);
#931=ORIENTED_EDGE('',*,*,#719,.T.);
#932=ORIENTED_EDGE('',*,*,#720,.T.);
#933=ORIENTED_EDGE('',*,*,#721,.T.);
#934=ORIENTED_EDGE('',*,*,#722,.T.);
#935=ORIENTED_EDGE('',*,*,#723,.T.);
#936=ORIENTED_EDGE('',*,*,#720,.F.);
#937=ORIENTED_EDGE('',*,*,#724,.T.);
#938=ORIENTED_EDGE('',*,*,#725,.T.);
#939=ORIENTED_EDGE('',*,*,#726,.T.);
#940=ORIENTED_EDGE('',*,*,#722,.F.);
#941=ORIENTED_EDGE('',*,*,#727,.T.);
#942=ORIENTED_EDGE('',*,*,#728,.T.);
#943=ORIENTED_EDGE('',*,*,#729,.T.);
#944=ORIENTED_EDGE('',*,*,#725,.F.);
#945=ORIENTED_EDGE('',*,*,#730,.T.);
#946=ORIENTED_EDGE('',*,*,#731,.T.);
#947=ORIENTED_EDGE('',*,*,#732,.T.);
#948=ORIENTED_EDGE('',*,*,#728,.F.);
#949=ORIENTED_EDGE('',*,*,#733,.T.);
#950=ORIENTED_EDGE('',*,*,#721,.F.);
#951=ORIENTED_EDGE('',*,*,#723,.F.);
#952=ORIENTED_EDGE('',*,*,#726,.F.);
#953=ORIENTED_EDGE('',*,*,#729,.F.);
#954=ORIENTED_EDGE('',*,*,#732,.F.);
#955=ORIENTED_EDGE('',*,*,#734,.F.);
#956=ORIENTED_EDGE('',*,*,#735,.F.);
#957=ORIENTED_EDGE('',*,*,#736,.F.);
#958=ORIENTED_EDGE('',*,*,#737,.F.);
#959=ORIENTED_EDGE('',*,*,#738,.F.);
#960=ORIENTED_EDGE('',*,*,#739,.F.);
#961=ORIENTED_EDGE('',*,*,#740,.F.);
#962=ORIENTED_EDGE('',*,*,#741,.F.);
#963=ORIENTED_EDGE('',*,*,#742,.F.);
#964=ORIENTED_EDGE('',*,*,#743,.F.);
#965=ORIENTED_EDGE('',*,*,#744,.F.);
#966=ORIENTED_EDGE('',*,*,#731,.F.);
#967=ORIENTED_EDGE('',*,*,#745,.T.);
#968=ORIENTED_EDGE('',*,*,#746,.F.);
#969=ORIENTED_EDGE('',*,*,#747,.F.);
#970=ORIENTED_EDGE('',*,*,#748,.F.);
#971=ORIENTED_EDGE('',*,*,#749,.F.);
#972=ORIENTED_EDGE('',*,*,#750,.F.);
#973=ORIENTED_EDGE('',*,*,#751,.F.);
#974=ORIENTED_EDGE('',*,*,#752,.F.);
#975=ORIENTED_EDGE('',*,*,#753,.T.);
#976=ORIENTED_EDGE('',*,*,#739,.T.);
#977=ORIENTED_EDGE('',*,*,#751,.T.);
#978=ORIENTED_EDGE('',*,*,#754,.T.);
#979=ORIENTED_EDGE('',*,*,#755,.T.);
#980=ORIENTED_EDGE('',*,*,#740,.T.);
#981=ORIENTED_EDGE('',*,*,#753,.F.);
#982=ORIENTED_EDGE('',*,*,#756,.T.);
#983=ORIENTED_EDGE('',*,*,#755,.F.);
#984=ORIENTED_EDGE('',*,*,#757,.T.);
#985=ORIENTED_EDGE('',*,*,#758,.T.);
#986=ORIENTED_EDGE('',*,*,#759,.T.);
#987=ORIENTED_EDGE('',*,*,#760,.T.);
#988=ORIENTED_EDGE('',*,*,#750,.T.);
#989=ORIENTED_EDGE('',*,*,#761,.T.);
#990=ORIENTED_EDGE('',*,*,#762,.T.);
#991=ORIENTED_EDGE('',*,*,#763,.T.);
#992=ORIENTED_EDGE('',*,*,#759,.F.);
#993=ORIENTED_EDGE('',*,*,#764,.T.);
#994=ORIENTED_EDGE('',*,*,#765,.T.);
#995=ORIENTED_EDGE('',*,*,#766,.T.);
#996=ORIENTED_EDGE('',*,*,#762,.F.);
#997=ORIENTED_EDGE('',*,*,#767,.T.);
#998=ORIENTED_EDGE('',*,*,#768,.T.);
#999=ORIENTED_EDGE('',*,*,#769,.T.);
#1000=ORIENTED_EDGE('',*,*,#765,.F.);
#1001=ORIENTED_EDGE('',*,*,#770,.F.);
#1002=ORIENTED_EDGE('',*,*,#771,.F.);
#1003=ORIENTED_EDGE('',*,*,#772,.F.);
#1004=ORIENTED_EDGE('',*,*,#773,.T.);
#1005=ORIENTED_EDGE('',*,*,#774,.T.);
#1006=ORIENTED_EDGE('',*,*,#749,.T.);
#1007=ORIENTED_EDGE('',*,*,#775,.T.);
#1008=ORIENTED_EDGE('',*,*,#776,.T.);
#1009=ORIENTED_EDGE('',*,*,#777,.T.);
#1010=ORIENTED_EDGE('',*,*,#773,.F.);
#1011=ORIENTED_EDGE('',*,*,#778,.T.);
#1012=ORIENTED_EDGE('',*,*,#779,.T.);
#1013=ORIENTED_EDGE('',*,*,#780,.T.);
#1014=ORIENTED_EDGE('',*,*,#776,.F.);
#1015=ORIENTED_EDGE('',*,*,#781,.T.);
#1016=ORIENTED_EDGE('',*,*,#782,.T.);
#1017=ORIENTED_EDGE('',*,*,#783,.T.);
#1018=ORIENTED_EDGE('',*,*,#779,.F.);
#1019=ORIENTED_EDGE('',*,*,#784,.T.);
#1020=ORIENTED_EDGE('',*,*,#771,.T.);
#1021=ORIENTED_EDGE('',*,*,#785,.T.);
#1022=ORIENTED_EDGE('',*,*,#782,.F.);
#1023=ORIENTED_EDGE('',*,*,#786,.T.);
#1024=ORIENTED_EDGE('',*,*,#748,.T.);
#1025=ORIENTED_EDGE('',*,*,#787,.T.);
#1026=ORIENTED_EDGE('',*,*,#772,.T.);
#1027=ORIENTED_EDGE('',*,*,#788,.T.);
#1028=ORIENTED_EDGE('',*,*,#789,.F.);
#1029=ORIENTED_EDGE('',*,*,#790,.F.);
#1030=ORIENTED_EDGE('',*,*,#791,.F.);
#1031=ORIENTED_EDGE('',*,*,#792,.T.);
#1032=ORIENTED_EDGE('',*,*,#793,.T.);
#1033=ORIENTED_EDGE('',*,*,#794,.T.);
#1034=ORIENTED_EDGE('',*,*,#795,.T.);
#1035=ORIENTED_EDGE('',*,*,#796,.T.);
#1036=ORIENTED_EDGE('',*,*,#797,.T.);
#1037=ORIENTED_EDGE('',*,*,#798,.T.);
#1038=ORIENTED_EDGE('',*,*,#793,.F.);
#1039=ORIENTED_EDGE('',*,*,#799,.T.);
#1040=ORIENTED_EDGE('',*,*,#800,.T.);
#1041=ORIENTED_EDGE('',*,*,#801,.T.);
#1042=ORIENTED_EDGE('',*,*,#797,.F.);
#1043=ORIENTED_EDGE('',*,*,#802,.T.);
#1044=ORIENTED_EDGE('',*,*,#803,.T.);
#1045=ORIENTED_EDGE('',*,*,#804,.T.);
#1046=ORIENTED_EDGE('',*,*,#800,.F.);
#1047=ORIENTED_EDGE('',*,*,#805,.T.);
#1048=ORIENTED_EDGE('',*,*,#806,.T.);
#1049=ORIENTED_EDGE('',*,*,#807,.T.);
#1050=ORIENTED_EDGE('',*,*,#803,.F.);
#1051=ORIENTED_EDGE('',*,*,#808,.T.);
#1052=ORIENTED_EDGE('',*,*,#809,.T.);
#1053=ORIENTED_EDGE('',*,*,#810,.T.);
#1054=ORIENTED_EDGE('',*,*,#806,.F.);
#1055=ORIENTED_EDGE('',*,*,#811,.T.);
#1056=ORIENTED_EDGE('',*,*,#812,.T.);
#1057=ORIENTED_EDGE('',*,*,#809,.F.);
#1058=ORIENTED_EDGE('',*,*,#813,.T.);
#1059=ORIENTED_EDGE('',*,*,#814,.T.);
#1060=ORIENTED_EDGE('',*,*,#815,.T.);
#1061=ORIENTED_EDGE('',*,*,#816,.F.);
#1062=ORIENTED_EDGE('',*,*,#817,.F.);
#1063=ORIENTED_EDGE('',*,*,#818,.F.);
#1064=ORIENTED_EDGE('',*,*,#817,.T.);
#1065=ORIENTED_EDGE('',*,*,#819,.T.);
#1066=ORIENTED_EDGE('',*,*,#790,.T.);
#1067=ORIENTED_EDGE('',*,*,#737,.T.);
#1068=ORIENTED_EDGE('',*,*,#820,.F.);
#1069=ORIENTED_EDGE('',*,*,#821,.F.);
#1070=ORIENTED_EDGE('',*,*,#822,.F.);
#1071=ORIENTED_EDGE('',*,*,#821,.T.);
#1072=ORIENTED_EDGE('',*,*,#823,.T.);
#1073=ORIENTED_EDGE('',*,*,#818,.T.);
#1074=ORIENTED_EDGE('',*,*,#736,.T.);
#1075=ORIENTED_EDGE('',*,*,#824,.T.);
#1076=ORIENTED_EDGE('',*,*,#825,.T.);
#1077=ORIENTED_EDGE('',*,*,#822,.T.);
#1078=ORIENTED_EDGE('',*,*,#735,.T.);
#1079=ORIENTED_EDGE('',*,*,#826,.T.);
#1080=ORIENTED_EDGE('',*,*,#827,.T.);
#1081=ORIENTED_EDGE('',*,*,#824,.F.);
#1082=ORIENTED_EDGE('',*,*,#734,.T.);
#1083=ORIENTED_EDGE('',*,*,#746,.T.);
#1084=ORIENTED_EDGE('',*,*,#828,.T.);
#1085=ORIENTED_EDGE('',*,*,#826,.F.);
#1086=ORIENTED_EDGE('',*,*,#829,.T.);
#1087=ORIENTED_EDGE('',*,*,#830,.T.);
#1088=ORIENTED_EDGE('',*,*,#820,.T.);
#1089=ORIENTED_EDGE('',*,*,#831,.T.);
#1090=ORIENTED_EDGE('',*,*,#832,.T.);
#1091=ORIENTED_EDGE('',*,*,#833,.T.);
#1092=ORIENTED_EDGE('',*,*,#829,.F.);
#1093=ORIENTED_EDGE('',*,*,#834,.T.);
#1094=ORIENTED_EDGE('',*,*,#832,.F.);
#1095=ORIENTED_EDGE('',*,*,#835,.T.);
#1096=ORIENTED_EDGE('',*,*,#836,.T.);
#1097=ORIENTED_EDGE('',*,*,#837,.T.);
#1098=ORIENTED_EDGE('',*,*,#836,.F.);
#1099=ORIENTED_EDGE('',*,*,#838,.T.);
#1100=ORIENTED_EDGE('',*,*,#839,.T.);
#1101=ORIENTED_EDGE('',*,*,#839,.F.);
#1102=ORIENTED_EDGE('',*,*,#840,.T.);
#1103=ORIENTED_EDGE('',*,*,#841,.T.);
#1104=ORIENTED_EDGE('',*,*,#814,.F.);
#1105=ORIENTED_EDGE('',*,*,#770,.T.);
#1106=ORIENTED_EDGE('',*,*,#842,.T.);
#1107=ORIENTED_EDGE('',*,*,#816,.T.);
#1108=ORIENTED_EDGE('',*,*,#843,.T.);
#1109=ORIENTED_EDGE('',*,*,#747,.T.);
#1110=ORIENTED_EDGE('',*,*,#844,.T.);
#1111=ORIENTED_EDGE('',*,*,#791,.T.);
#1112=ORIENTED_EDGE('',*,*,#845,.T.);
#1113=ORIENTED_EDGE('',*,*,#789,.T.);
#1114=ORIENTED_EDGE('',*,*,#846,.T.);
#1115=ORIENTED_EDGE('',*,*,#752,.T.);
#1116=ORIENTED_EDGE('',*,*,#738,.T.);
#1117=ORIENTED_EDGE('',*,*,#796,.F.);
#1118=ORIENTED_EDGE('',*,*,#847,.T.);
#1119=ORIENTED_EDGE('',*,*,#848,.T.);
#1120=ORIENTED_EDGE('',*,*,#768,.F.);
#1121=ORIENTED_EDGE('',*,*,#718,.F.);
#1122=ORIENTED_EDGE('',*,*,#758,.F.);
#1123=ORIENTED_EDGE('',*,*,#849,.T.);
#1124=ORIENTED_EDGE('',*,*,#761,.F.);
#1125=ORIENTED_EDGE('',*,*,#846,.F.);
#1126=ORIENTED_EDGE('',*,*,#844,.F.);
#1127=ORIENTED_EDGE('',*,*,#774,.F.);
#1128=ORIENTED_EDGE('',*,*,#850,.F.);
#1129=ORIENTED_EDGE('',*,*,#785,.F.);
#1130=ORIENTED_EDGE('',*,*,#843,.F.);
#1131=ORIENTED_EDGE('',*,*,#823,.F.);
#1132=ORIENTED_EDGE('',*,*,#830,.F.);
#1133=ORIENTED_EDGE('',*,*,#851,.F.);
#1134=ORIENTED_EDGE('',*,*,#834,.F.);
#1135=ORIENTED_EDGE('',*,*,#831,.F.);
#1136=ORIENTED_EDGE('',*,*,#825,.F.);
#1137=ORIENTED_EDGE('',*,*,#852,.F.);
#1138=ORIENTED_EDGE('',*,*,#835,.F.);
#1139=ORIENTED_EDGE('',*,*,#852,.T.);
#1140=ORIENTED_EDGE('',*,*,#827,.F.);
#1141=ORIENTED_EDGE('',*,*,#853,.T.);
#1142=ORIENTED_EDGE('',*,*,#840,.F.);
#1143=ORIENTED_EDGE('',*,*,#838,.F.);
#1144=ORIENTED_EDGE('',*,*,#853,.F.);
#1145=ORIENTED_EDGE('',*,*,#828,.F.);
#1146=ORIENTED_EDGE('',*,*,#854,.F.);
#1147=ORIENTED_EDGE('',*,*,#775,.F.);
#1148=ORIENTED_EDGE('',*,*,#788,.F.);
#1149=ORIENTED_EDGE('',*,*,#786,.F.);
#1150=ORIENTED_EDGE('',*,*,#784,.F.);
#1151=ORIENTED_EDGE('',*,*,#781,.F.);
#1152=ORIENTED_EDGE('',*,*,#778,.F.);
#1153=ORIENTED_EDGE('',*,*,#855,.T.);
#1154=ORIENTED_EDGE('',*,*,#856,.T.);
#1155=ORIENTED_EDGE('',*,*,#857,.T.);
#1156=ORIENTED_EDGE('',*,*,#858,.T.);
#1157=ORIENTED_EDGE('',*,*,#819,.F.);
#1158=ORIENTED_EDGE('',*,*,#842,.F.);
#1159=ORIENTED_EDGE('',*,*,#787,.F.);
#1160=ORIENTED_EDGE('',*,*,#845,.F.);
#1161=ORIENTED_EDGE('',*,*,#724,.F.);
#1162=ORIENTED_EDGE('',*,*,#859,.T.);
#1163=ORIENTED_EDGE('',*,*,#798,.F.);
#1164=ORIENTED_EDGE('',*,*,#860,.T.);
#1165=ORIENTED_EDGE('',*,*,#719,.F.);
#1166=ORIENTED_EDGE('',*,*,#861,.F.);
#1167=ORIENTED_EDGE('',*,*,#794,.F.);
#1168=ORIENTED_EDGE('',*,*,#859,.F.);
#1169=ORIENTED_EDGE('',*,*,#730,.F.);
#1170=ORIENTED_EDGE('',*,*,#862,.T.);
#1171=ORIENTED_EDGE('',*,*,#810,.F.);
#1172=ORIENTED_EDGE('',*,*,#863,.T.);
#1173=ORIENTED_EDGE('',*,*,#733,.F.);
#1174=ORIENTED_EDGE('',*,*,#863,.F.);
#1175=ORIENTED_EDGE('',*,*,#812,.F.);
#1176=ORIENTED_EDGE('',*,*,#864,.F.);
#1177=ORIENTED_EDGE('',*,*,#766,.F.);
#1178=ORIENTED_EDGE('',*,*,#865,.T.);
#1179=ORIENTED_EDGE('',*,*,#756,.F.);
#1180=ORIENTED_EDGE('',*,*,#866,.T.);
#1181=ORIENTED_EDGE('',*,*,#848,.F.);
#1182=ORIENTED_EDGE('',*,*,#867,.F.);
#1183=ORIENTED_EDGE('',*,*,#757,.F.);
#1184=ORIENTED_EDGE('',*,*,#865,.F.);
#1185=ORIENTED_EDGE('',*,*,#769,.F.);
#1186=ORIENTED_EDGE('',*,*,#841,.F.);
#1187=ORIENTED_EDGE('',*,*,#854,.T.);
#1188=ORIENTED_EDGE('',*,*,#745,.F.);
#1189=ORIENTED_EDGE('',*,*,#864,.T.);
#1190=ORIENTED_EDGE('',*,*,#815,.F.);
#1191=ORIENTED_EDGE('',*,*,#795,.F.);
#1192=ORIENTED_EDGE('',*,*,#861,.T.);
#1193=ORIENTED_EDGE('',*,*,#849,.F.);
#1194=ORIENTED_EDGE('',*,*,#867,.T.);
#1195=ORIENTED_EDGE('',*,*,#847,.F.);
#1196=ORIENTED_EDGE('',*,*,#763,.F.);
#1197=ORIENTED_EDGE('',*,*,#866,.F.);
#1198=ORIENTED_EDGE('',*,*,#754,.F.);
#1199=ORIENTED_EDGE('',*,*,#760,.F.);
#1200=ORIENTED_EDGE('',*,*,#727,.F.);
#1201=ORIENTED_EDGE('',*,*,#860,.F.);
#1202=ORIENTED_EDGE('',*,*,#801,.F.);
#1203=ORIENTED_EDGE('',*,*,#804,.F.);
#1204=ORIENTED_EDGE('',*,*,#807,.F.);
#1205=ORIENTED_EDGE('',*,*,#862,.F.);
#1206=ORIENTED_EDGE('',*,*,#764,.F.);
#1207=ORIENTED_EDGE('',*,*,#850,.T.);
#1208=ORIENTED_EDGE('',*,*,#777,.F.);
#1209=ORIENTED_EDGE('',*,*,#868,.T.);
#1210=ORIENTED_EDGE('',*,*,#802,.F.);
#1211=ORIENTED_EDGE('',*,*,#799,.F.);
#1212=ORIENTED_EDGE('',*,*,#792,.F.);
#1213=ORIENTED_EDGE('',*,*,#767,.F.);
#1214=ORIENTED_EDGE('',*,*,#805,.F.);
#1215=ORIENTED_EDGE('',*,*,#868,.F.);
#1216=ORIENTED_EDGE('',*,*,#780,.F.);
#1217=ORIENTED_EDGE('',*,*,#869,.F.);
#1218=ORIENTED_EDGE('',*,*,#808,.F.);
#1219=ORIENTED_EDGE('',*,*,#869,.T.);
#1220=ORIENTED_EDGE('',*,*,#783,.F.);
#1221=ORIENTED_EDGE('',*,*,#851,.T.);
#1222=ORIENTED_EDGE('',*,*,#833,.F.);
#1223=ORIENTED_EDGE('',*,*,#837,.F.);
#1224=ORIENTED_EDGE('',*,*,#813,.F.);
#1225=ORIENTED_EDGE('',*,*,#811,.F.);
#1226=ORIENTED_EDGE('',*,*,#858,.F.);
#1227=ORIENTED_EDGE('',*,*,#870,.T.);
#1228=ORIENTED_EDGE('',*,*,#871,.T.);
#1229=ORIENTED_EDGE('',*,*,#870,.F.);
#1230=ORIENTED_EDGE('',*,*,#871,.F.);
#1231=ORIENTED_EDGE('',*,*,#872,.F.);
#1232=ORIENTED_EDGE('',*,*,#857,.F.);
#1233=ORIENTED_EDGE('',*,*,#873,.T.);
#1234=ORIENTED_EDGE('',*,*,#874,.T.);
#1235=ORIENTED_EDGE('',*,*,#873,.F.);
#1236=ORIENTED_EDGE('',*,*,#874,.F.);
#1237=ORIENTED_EDGE('',*,*,#875,.F.);
#1238=ORIENTED_EDGE('',*,*,#856,.F.);
#1239=ORIENTED_EDGE('',*,*,#876,.T.);
#1240=ORIENTED_EDGE('',*,*,#877,.T.);
#1241=ORIENTED_EDGE('',*,*,#876,.F.);
#1242=ORIENTED_EDGE('',*,*,#877,.F.);
#1243=ORIENTED_EDGE('',*,*,#878,.F.);
#1244=ORIENTED_EDGE('',*,*,#855,.F.);
#1245=ORIENTED_EDGE('',*,*,#879,.T.);
#1246=ORIENTED_EDGE('',*,*,#880,.T.);
#1247=ORIENTED_EDGE('',*,*,#879,.F.);
#1248=ORIENTED_EDGE('',*,*,#880,.F.);
#1249=ORIENTED_EDGE('',*,*,#881,.F.);
#1250=ORIENTED_EDGE('',*,*,#882,.F.);
#1251=ORIENTED_EDGE('',*,*,#883,.T.);
#1252=ORIENTED_EDGE('',*,*,#884,.F.);
#1253=ORIENTED_EDGE('',*,*,#883,.F.);
#1254=ORIENTED_EDGE('',*,*,#884,.T.);
#1255=ORIENTED_EDGE('',*,*,#885,.T.);
#1256=ORIENTED_EDGE('',*,*,#881,.T.);
#1257=ORIENTED_EDGE('',*,*,#885,.F.);
#1258=ORIENTED_EDGE('',*,*,#886,.F.);
#1259=ORIENTED_EDGE('',*,*,#887,.T.);
#1260=ORIENTED_EDGE('',*,*,#888,.F.);
#1261=ORIENTED_EDGE('',*,*,#887,.F.);
#1262=ORIENTED_EDGE('',*,*,#888,.T.);
#1263=ORIENTED_EDGE('',*,*,#889,.T.);
#1264=ORIENTED_EDGE('',*,*,#875,.T.);
#1265=ORIENTED_EDGE('',*,*,#889,.F.);
#1266=ORIENTED_EDGE('',*,*,#890,.F.);
#1267=ORIENTED_EDGE('',*,*,#891,.T.);
#1268=ORIENTED_EDGE('',*,*,#892,.F.);
#1269=ORIENTED_EDGE('',*,*,#891,.F.);
#1270=ORIENTED_EDGE('',*,*,#892,.T.);
#1271=ORIENTED_EDGE('',*,*,#893,.T.);
#1272=ORIENTED_EDGE('',*,*,#872,.T.);
#1273=ORIENTED_EDGE('',*,*,#893,.F.);
#1274=ORIENTED_EDGE('',*,*,#894,.F.);
#1275=ORIENTED_EDGE('',*,*,#895,.T.);
#1276=ORIENTED_EDGE('',*,*,#896,.F.);
#1277=ORIENTED_EDGE('',*,*,#895,.F.);
#1278=ORIENTED_EDGE('',*,*,#896,.T.);
#1279=ORIENTED_EDGE('',*,*,#897,.T.);
#1280=ORIENTED_EDGE('',*,*,#878,.T.);
#1281=ORIENTED_EDGE('',*,*,#897,.F.);
#1282=ORIENTED_EDGE('',*,*,#898,.T.);
#1283=ORIENTED_EDGE('',*,*,#899,.T.);
#1284=ORIENTED_EDGE('',*,*,#900,.T.);
#1285=ORIENTED_EDGE('',*,*,#901,.T.);
#1286=ORIENTED_EDGE('',*,*,#899,.F.);
#1287=ORIENTED_EDGE('',*,*,#900,.F.);
#1288=ORIENTED_EDGE('',*,*,#901,.F.);
#1289=ORIENTED_EDGE('',*,*,#902,.T.);
#1290=ORIENTED_EDGE('',*,*,#903,.F.);
#1291=ORIENTED_EDGE('',*,*,#904,.F.);
#1292=ORIENTED_EDGE('',*,*,#902,.F.);
#1293=ORIENTED_EDGE('',*,*,#898,.F.);
#1294=ORIENTED_EDGE('',*,*,#882,.T.);
#1295=ORIENTED_EDGE('',*,*,#905,.T.);
#1296=ORIENTED_EDGE('',*,*,#906,.T.);
#1297=ORIENTED_EDGE('',*,*,#907,.T.);
#1298=ORIENTED_EDGE('',*,*,#908,.T.);
#1299=ORIENTED_EDGE('',*,*,#906,.F.);
#1300=ORIENTED_EDGE('',*,*,#907,.F.);
#1301=ORIENTED_EDGE('',*,*,#908,.F.);
#1302=ORIENTED_EDGE('',*,*,#909,.T.);
#1303=ORIENTED_EDGE('',*,*,#910,.F.);
#1304=ORIENTED_EDGE('',*,*,#911,.F.);
#1305=ORIENTED_EDGE('',*,*,#909,.F.);
#1306=ORIENTED_EDGE('',*,*,#905,.F.);
#1307=ORIENTED_EDGE('',*,*,#886,.T.);
#1308=ORIENTED_EDGE('',*,*,#912,.T.);
#1309=ORIENTED_EDGE('',*,*,#913,.T.);
#1310=ORIENTED_EDGE('',*,*,#914,.T.);
#1311=ORIENTED_EDGE('',*,*,#915,.T.);
#1312=ORIENTED_EDGE('',*,*,#913,.F.);
#1313=ORIENTED_EDGE('',*,*,#914,.F.);
#1314=ORIENTED_EDGE('',*,*,#915,.F.);
#1315=ORIENTED_EDGE('',*,*,#916,.T.);
#1316=ORIENTED_EDGE('',*,*,#917,.F.);
#1317=ORIENTED_EDGE('',*,*,#918,.F.);
#1318=ORIENTED_EDGE('',*,*,#916,.F.);
#1319=ORIENTED_EDGE('',*,*,#912,.F.);
#1320=ORIENTED_EDGE('',*,*,#890,.T.);
#1321=ORIENTED_EDGE('',*,*,#919,.T.);
#1322=ORIENTED_EDGE('',*,*,#920,.T.);
#1323=ORIENTED_EDGE('',*,*,#921,.T.);
#1324=ORIENTED_EDGE('',*,*,#922,.T.);
#1325=ORIENTED_EDGE('',*,*,#920,.F.);
#1326=ORIENTED_EDGE('',*,*,#921,.F.);
#1327=ORIENTED_EDGE('',*,*,#922,.F.);
#1328=ORIENTED_EDGE('',*,*,#923,.T.);
#1329=ORIENTED_EDGE('',*,*,#924,.F.);
#1330=ORIENTED_EDGE('',*,*,#925,.F.);
#1331=ORIENTED_EDGE('',*,*,#923,.F.);
#1332=ORIENTED_EDGE('',*,*,#919,.F.);
#1333=ORIENTED_EDGE('',*,*,#894,.T.);
#1334=ORIENTED_EDGE('',*,*,#903,.T.);
#1335=ORIENTED_EDGE('',*,*,#904,.T.);
#1336=ORIENTED_EDGE('',*,*,#926,.T.);
#1337=ORIENTED_EDGE('',*,*,#744,.T.);
#1338=ORIENTED_EDGE('',*,*,#926,.F.);
#1339=ORIENTED_EDGE('',*,*,#910,.T.);
#1340=ORIENTED_EDGE('',*,*,#911,.T.);
#1341=ORIENTED_EDGE('',*,*,#927,.T.);
#1342=ORIENTED_EDGE('',*,*,#741,.T.);
#1343=ORIENTED_EDGE('',*,*,#927,.F.);
#1344=ORIENTED_EDGE('',*,*,#917,.T.);
#1345=ORIENTED_EDGE('',*,*,#918,.T.);
#1346=ORIENTED_EDGE('',*,*,#928,.T.);
#1347=ORIENTED_EDGE('',*,*,#743,.T.);
#1348=ORIENTED_EDGE('',*,*,#928,.F.);
#1349=ORIENTED_EDGE('',*,*,#924,.T.);
#1350=ORIENTED_EDGE('',*,*,#925,.T.);
#1351=ORIENTED_EDGE('',*,*,#929,.T.);
#1352=ORIENTED_EDGE('',*,*,#742,.T.);
#1353=ORIENTED_EDGE('',*,*,#929,.F.);
#1354=CYLINDRICAL_SURFACE('',#1520,1.);
#1355=CYLINDRICAL_SURFACE('',#1527,1.);
#1356=CYLINDRICAL_SURFACE('',#1533,1.);
#1357=CYLINDRICAL_SURFACE('',#1542,1.);
#1358=CYLINDRICAL_SURFACE('',#1552,1.);
#1359=CYLINDRICAL_SURFACE('',#1557,1.);
#1360=CYLINDRICAL_SURFACE('',#1559,1.);
#1361=CYLINDRICAL_SURFACE('',#1566,1.);
#1362=CYLINDRICAL_SURFACE('',#1571,1.);
#1363=CYLINDRICAL_SURFACE('',#1576,1.);
#1364=CYLINDRICAL_SURFACE('',#1581,1.);
#1365=CYLINDRICAL_SURFACE('',#1582,1.);
#1366=CYLINDRICAL_SURFACE('',#1587,1.);
#1367=CYLINDRICAL_SURFACE('',#1595,1.);
#1368=CYLINDRICAL_SURFACE('',#1602,1.);
#1369=CYLINDRICAL_SURFACE('',#1608,1.);
#1370=CYLINDRICAL_SURFACE('',#1613,1.);
#1371=CYLINDRICAL_SURFACE('',#1614,1.);
#1372=CYLINDRICAL_SURFACE('',#1619,1.);
#1373=CYLINDRICAL_SURFACE('',#1620,1.);
#1374=CYLINDRICAL_SURFACE('',#1627,1.);
#1375=CYLINDRICAL_SURFACE('',#1630,1.);
#1376=CYLINDRICAL_SURFACE('',#1631,1.);
#1377=CYLINDRICAL_SURFACE('',#1632,1.);
#1378=CYLINDRICAL_SURFACE('',#1635,1.);
#1379=CYLINDRICAL_SURFACE('',#1639,1.);
#1380=CYLINDRICAL_SURFACE('',#1647,0.25);
#1381=CYLINDRICAL_SURFACE('',#1649,0.25);
#1382=CYLINDRICAL_SURFACE('',#1651,1.);
#1383=CYLINDRICAL_SURFACE('',#1657,50.);
#1384=CYLINDRICAL_SURFACE('',#1659,50.);
#1385=CYLINDRICAL_SURFACE('',#1660,5.25);
#1386=CYLINDRICAL_SURFACE('',#1664,5.25);
#1387=CYLINDRICAL_SURFACE('',#1668,5.25);
#1388=CYLINDRICAL_SURFACE('',#1672,5.25);
#1389=CYLINDRICAL_SURFACE('',#1679,3.25);
#1390=CYLINDRICAL_SURFACE('',#1683,3.25);
#1391=CYLINDRICAL_SURFACE('',#1687,3.25);
#1392=CYLINDRICAL_SURFACE('',#1691,3.25);
#1393=CYLINDRICAL_SURFACE('',#1696,7.95);
#1394=CYLINDRICAL_SURFACE('',#1704,7.95);
#1395=CYLINDRICAL_SURFACE('',#1712,7.95);
#1396=CYLINDRICAL_SURFACE('',#1720,7.95);
#1397=ADVANCED_FACE('',(#102),#1354,.T.);
#1398=ADVANCED_FACE('',(#103),#88,.T.);
#1399=ADVANCED_FACE('',(#104),#1355,.T.);
#1400=ADVANCED_FACE('',(#105),#89,.T.);
#1401=ADVANCED_FACE('',(#106),#1356,.T.);
#1402=ADVANCED_FACE('',(#107,#49,#50,#51,#52),#65,.F.);
#1403=ADVANCED_FACE('',(#108),#1357,.T.);
#1404=ADVANCED_FACE('',(#109),#43,.T.);
#1405=ADVANCED_FACE('',(#110),#44,.T.);
#1406=ADVANCED_FACE('',(#111),#1358,.T.);
#1407=ADVANCED_FACE('',(#112),#90,.T.);
#1408=ADVANCED_FACE('',(#113),#1359,.T.);
#1409=ADVANCED_FACE('',(#114),#1360,.T.);
#1410=ADVANCED_FACE('',(#115),#91,.T.);
#1411=ADVANCED_FACE('',(#116),#37,.F.);
#1412=ADVANCED_FACE('',(#117),#1361,.T.);
#1413=ADVANCED_FACE('',(#118),#45,.T.);
#1414=ADVANCED_FACE('',(#119),#1362,.T.);
#1415=ADVANCED_FACE('',(#120),#38,.F.);
#1416=ADVANCED_FACE('',(#121),#1363,.T.);
#1417=ADVANCED_FACE('',(#122),#39,.F.);
#1418=ADVANCED_FACE('',(#123),#1364,.T.);
#1419=ADVANCED_FACE('',(#124),#1365,.T.);
#1420=ADVANCED_FACE('',(#125),#46,.T.);
#1421=ADVANCED_FACE('',(#126),#1366,.T.);
#1422=ADVANCED_FACE('',(#127),#40,.F.);
#1423=ADVANCED_FACE('',(#128),#92,.T.);
#1424=ADVANCED_FACE('',(#129),#1367,.T.);
#1425=ADVANCED_FACE('',(#130),#93,.T.);
#1426=ADVANCED_FACE('',(#131),#41,.F.);
#1427=ADVANCED_FACE('',(#132),#1368,.T.);
#1428=ADVANCED_FACE('',(#133),#47,.T.);
#1429=ADVANCED_FACE('',(#134),#1369,.T.);
#1430=ADVANCED_FACE('',(#135),#48,.T.);
#1431=ADVANCED_FACE('',(#136),#1370,.T.);
#1432=ADVANCED_FACE('',(#137),#1371,.T.);
#1433=ADVANCED_FACE('',(#138),#94,.T.);
#1434=ADVANCED_FACE('',(#139),#1372,.T.);
#1435=ADVANCED_FACE('',(#140),#1373,.T.);
#1436=ADVANCED_FACE('',(#141),#95,.T.);
#1437=ADVANCED_FACE('',(#142),#42,.F.);
#1438=ADVANCED_FACE('',(#143),#1374,.T.);
#1439=ADVANCED_FACE('',(#144),#96,.T.);
#1440=ADVANCED_FACE('',(#145),#1375,.T.);
#1441=ADVANCED_FACE('',(#146),#1376,.T.);
#1442=ADVANCED_FACE('',(#147),#1377,.T.);
#1443=ADVANCED_FACE('',(#148),#97,.T.);
#1444=ADVANCED_FACE('',(#149),#1378,.T.);
#1445=ADVANCED_FACE('',(#150),#66,.T.);
#1446=ADVANCED_FACE('',(#151),#67,.T.);
#1447=ADVANCED_FACE('',(#152),#68,.T.);
#1448=ADVANCED_FACE('',(#153),#1379,.F.);
#1449=ADVANCED_FACE('',(#154),#69,.T.);
#1450=ADVANCED_FACE('',(#155,#53,#54,#55,#56),#70,.F.);
#1451=ADVANCED_FACE('',(#156),#71,.T.);
#1452=ADVANCED_FACE('',(#157),#1380,.F.);
#1453=ADVANCED_FACE('',(#158),#72,.T.);
#1454=ADVANCED_FACE('',(#159),#1381,.F.);
#1455=ADVANCED_FACE('',(#160),#73,.T.);
#1456=ADVANCED_FACE('',(#161),#1382,.F.);
#1457=ADVANCED_FACE('',(#162),#74,.T.);
#1458=ADVANCED_FACE('',(#163),#75,.T.);
#1459=ADVANCED_FACE('',(#164),#76,.T.);
#1460=ADVANCED_FACE('',(#165),#77,.T.);
#1461=ADVANCED_FACE('',(#166),#78,.T.);
#1462=ADVANCED_FACE('',(#167),#1383,.T.);
#1463=ADVANCED_FACE('',(#168),#79,.T.);
#1464=ADVANCED_FACE('',(#169),#1384,.T.);
#1465=ADVANCED_FACE('',(#170),#1385,.F.);
#1466=ADVANCED_FACE('',(#171,#57),#80,.T.);
#1467=ADVANCED_FACE('',(#172),#1386,.F.);
#1468=ADVANCED_FACE('',(#173,#58),#81,.T.);
#1469=ADVANCED_FACE('',(#174),#1387,.F.);
#1470=ADVANCED_FACE('',(#175,#59),#82,.T.);
#1471=ADVANCED_FACE('',(#176),#1388,.F.);
#1472=ADVANCED_FACE('',(#177,#60),#83,.T.);
#1473=ADVANCED_FACE('',(#178),#15,.F.);
#1474=ADVANCED_FACE('',(#179),#1389,.F.);
#1475=ADVANCED_FACE('',(#180),#16,.F.);
#1476=ADVANCED_FACE('',(#181),#1390,.F.);
#1477=ADVANCED_FACE('',(#182),#17,.F.);
#1478=ADVANCED_FACE('',(#183),#1391,.F.);
#1479=ADVANCED_FACE('',(#184),#18,.F.);
#1480=ADVANCED_FACE('',(#185),#1392,.F.);
#1481=ADVANCED_FACE('',(#186),#19,.T.);
#1482=ADVANCED_FACE('',(#187),#1393,.T.);
#1483=ADVANCED_FACE('',(#188,#61),#84,.T.);
#1484=ADVANCED_FACE('',(#189),#20,.T.);
#1485=ADVANCED_FACE('',(#190),#1394,.T.);
#1486=ADVANCED_FACE('',(#191,#62),#85,.T.);
#1487=ADVANCED_FACE('',(#192),#21,.T.);
#1488=ADVANCED_FACE('',(#193),#1395,.T.);
#1489=ADVANCED_FACE('',(#194,#63),#86,.T.);
#1490=ADVANCED_FACE('',(#195),#22,.T.);
#1491=ADVANCED_FACE('',(#196),#1396,.T.);
#1492=ADVANCED_FACE('',(#197,#64),#87,.T.);
#1493=ADVANCED_FACE('',(#198),#98,.F.);
#1494=ADVANCED_FACE('',(#199),#99,.F.);
#1495=ADVANCED_FACE('',(#200),#100,.F.);
#1496=ADVANCED_FACE('',(#201),#101,.F.);
#1497=CLOSED_SHELL('',(#1397,#1398,#1399,#1400,#1401,#1402,#1403,#1404,
#1405,#1406,#1407,#1408,#1409,#1410,#1411,#1412,#1413,#1414,#1415,#1416,
#1417,#1418,#1419,#1420,#1421,#1422,#1423,#1424,#1425,#1426,#1427,#1428,
#1429,#1430,#1431,#1432,#1433,#1434,#1435,#1436,#1437,#1438,#1439,#1440,
#1441,#1442,#1443,#1444,#1445,#1446,#1447,#1448,#1449,#1450,#1451,#1452,
#1453,#1454,#1455,#1456,#1457,#1458,#1459,#1460,#1461,#1462,#1463,#1464,
#1465,#1466,#1467,#1468,#1469,#1470,#1471,#1472,#1473,#1474,#1475,#1476,
#1477,#1478,#1479,#1480,#1481,#1482,#1483,#1484,#1485,#1486,#1487,#1488,
#1489,#1490,#1491,#1492,#1493,#1494,#1495,#1496));
#1498=DERIVED_UNIT_ELEMENT(#1501,1.);
#1499=DERIVED_UNIT_ELEMENT(#3056,-3.);
#1500=DIMENSIONAL_EXPONENTS(0.,1.,0.,0.,0.,0.,0.);
#1501=(
CONVERSION_BASED_UNIT('gram',#1503)
MASS_UNIT()
NAMED_UNIT(#1500)
);
#1502=(
MASS_UNIT()
NAMED_UNIT(*)
SI_UNIT(.KILO.,.GRAM.)
);
#1503=MASS_MEASURE_WITH_UNIT(MASS_MEASURE(0.001),#1502);
#1504=DERIVED_UNIT((#1498,#1499));
#1505=MEASURE_REPRESENTATION_ITEM('density measure',
POSITIVE_RATIO_MEASURE(1.),#1504);
#1506=PROPERTY_DEFINITION_REPRESENTATION(#1511,#1508);
#1507=PROPERTY_DEFINITION_REPRESENTATION(#1512,#1509);
#1508=REPRESENTATION('material name',(#1510),#3053);
#1509=REPRESENTATION('density',(#1505),#3053);
#1510=DESCRIPTIVE_REPRESENTATION_ITEM('Generic','Generic');
#1511=PROPERTY_DEFINITION('material property','material name',#3063);
#1512=PROPERTY_DEFINITION('material property','density of part',#3063);
#1513=DATE_TIME_ROLE('creation_date');
#1514=APPLIED_DATE_AND_TIME_ASSIGNMENT(#1515,#1513,(#3063));
#1515=DATE_AND_TIME(#1516,#1517);
#1516=CALENDAR_DATE(2026,23,6);
#1517=LOCAL_TIME(0,0,0.,#1518);
#1518=COORDINATED_UNIVERSAL_TIME_OFFSET(0,0,.BEHIND.);
#1519=AXIS2_PLACEMENT_3D('',#2238,#1732,#1733);
#1520=AXIS2_PLACEMENT_3D('',#2239,#1734,#1735);
#1521=AXIS2_PLACEMENT_3D('',#2242,#1736,#1737);
#1522=AXIS2_PLACEMENT_3D('',#2246,#1739,#1740);
#1523=AXIS2_PLACEMENT_3D('',#2248,#1742,#1743);
#1524=AXIS2_PLACEMENT_3D('',#2251,#1744,#1745);
#1525=AXIS2_PLACEMENT_3D('',#2252,#1746,#1747);
#1526=AXIS2_PLACEMENT_3D('',#2253,#1748,#1749);
#1527=AXIS2_PLACEMENT_3D('',#2254,#1750,#1751);
#1528=AXIS2_PLACEMENT_3D('',#2257,#1752,#1753);
#1529=AXIS2_PLACEMENT_3D('',#2260,#1756,#1757);
#1530=AXIS2_PLACEMENT_3D('',#2263,#1758,#1759);
#1531=AXIS2_PLACEMENT_3D('',#2264,#1760,#1761);
#1532=AXIS2_PLACEMENT_3D('',#2265,#1762,#1763);
#1533=AXIS2_PLACEMENT_3D('',#2266,#1764,#1765);
#1534=AXIS2_PLACEMENT_3D('',#2269,#1766,#1767);
#1535=AXIS2_PLACEMENT_3D('',#2272,#1770,#1771);
#1536=AXIS2_PLACEMENT_3D('',#2274,#1772,#1773);
#1537=AXIS2_PLACEMENT_3D('',#2285,#1779,#1780);
#1538=AXIS2_PLACEMENT_3D('',#2287,#1781,#1782);
#1539=AXIS2_PLACEMENT_3D('',#2289,#1783,#1784);
#1540=AXIS2_PLACEMENT_3D('',#2291,#1785,#1786);
#1541=AXIS2_PLACEMENT_3D('',#2293,#1787,#1788);
#1542=AXIS2_PLACEMENT_3D('',#2294,#1789,#1790);
#1543=AXIS2_PLACEMENT_3D('',#2297,#1792,#1793);
#1544=AXIS2_PLACEMENT_3D('',#2298,#1794,#1795);
#1545=AXIS2_PLACEMENT_3D('',#2301,#1796,#1797);
#1546=AXIS2_PLACEMENT_3D('',#2303,#1798,#1799);
#1547=AXIS2_PLACEMENT_3D('',#2304,#1800,#1801);
#1548=AXIS2_PLACEMENT_3D('',#2305,#1802,#1803);
#1549=AXIS2_PLACEMENT_3D('',#2308,#1804,#1805);
#1550=AXIS2_PLACEMENT_3D('',#2309,#1806,#1807);
#1551=AXIS2_PLACEMENT_3D('',#2310,#1808,#1809);
#1552=AXIS2_PLACEMENT_3D('',#2311,#1810,#1811);
#1553=AXIS2_PLACEMENT_3D('',#2313,#1812,#1813);
#1554=AXIS2_PLACEMENT_3D('',#2315,#1815,#1816);
#1555=AXIS2_PLACEMENT_3D('',#2317,#1817,#1818);
#1556=AXIS2_PLACEMENT_3D('',#2318,#1819,#1820);
#1557=AXIS2_PLACEMENT_3D('',#2319,#1821,#1822);
#1558=AXIS2_PLACEMENT_3D('',#2322,#1824,#1825);
#1559=AXIS2_PLACEMENT_3D('',#2323,#1826,#1827);
#1560=AXIS2_PLACEMENT_3D('',#2326,#1828,#1829);
#1561=AXIS2_PLACEMENT_3D('',#2329,#1832,#1833);
#1562=AXIS2_PLACEMENT_3D('',#2332,#1834,#1835);
#1563=AXIS2_PLACEMENT_3D('',#2333,#1836,#1837);
#1564=AXIS2_PLACEMENT_3D('',#2334,#1838,#1839);
#1565=AXIS2_PLACEMENT_3D('',#2367,#1840,#1841);
#1566=AXIS2_PLACEMENT_3D('',#2380,#1842,#1843);
#1567=AXIS2_PLACEMENT_3D('',#2393,#1845,#1846);
#1568=AXIS2_PLACEMENT_3D('',#2396,#1847,#1848);
#1569=AXIS2_PLACEMENT_3D('',#2398,#1849,#1850);
#1570=AXIS2_PLACEMENT_3D('',#2399,#1851,#1852);
#1571=AXIS2_PLACEMENT_3D('',#2400,#1853,#1854);
#1572=AXIS2_PLACEMENT_3D('',#2403,#1855,#1856);
#1573=AXIS2_PLACEMENT_3D('',#2443,#1859,#1860);
#1574=AXIS2_PLACEMENT_3D('',#2444,#1861,#1862);
#1575=AXIS2_PLACEMENT_3D('',#2445,#1863,#1864);
#1576=AXIS2_PLACEMENT_3D('',#2446,#1865,#1866);
#1577=AXIS2_PLACEMENT_3D('',#2449,#1867,#1868);
#1578=AXIS2_PLACEMENT_3D('',#2489,#1871,#1872);
#1579=AXIS2_PLACEMENT_3D('',#2490,#1873,#1874);
#1580=AXIS2_PLACEMENT_3D('',#2491,#1875,#1876);
#1581=AXIS2_PLACEMENT_3D('',#2492,#1877,#1878);
#1582=AXIS2_PLACEMENT_3D('',#2495,#1881,#1882);
#1583=AXIS2_PLACEMENT_3D('',#2498,#1885,#1886);
#1584=AXIS2_PLACEMENT_3D('',#2500,#1887,#1888);
#1585=AXIS2_PLACEMENT_3D('',#2502,#1889,#1890);
#1586=AXIS2_PLACEMENT_3D('',#2503,#1891,#1892);
#1587=AXIS2_PLACEMENT_3D('',#2504,#1893,#1894);
#1588=AXIS2_PLACEMENT_3D('',#2508,#1896,#1897);
#1589=AXIS2_PLACEMENT_3D('',#2512,#1899,#1900);
#1590=AXIS2_PLACEMENT_3D('',#2589,#1901,#1902);
#1591=AXIS2_PLACEMENT_3D('',#2610,#1903,#1904);
#1592=AXIS2_PLACEMENT_3D('',#2613,#1905,#1906);
#1593=AXIS2_PLACEMENT_3D('',#2614,#1907,#1908);
#1594=AXIS2_PLACEMENT_3D('',#2615,#1909,#1910);
#1595=AXIS2_PLACEMENT_3D('',#2616,#1911,#1912);
#1596=AXIS2_PLACEMENT_3D('',#2619,#1913,#1914);
#1597=AXIS2_PLACEMENT_3D('',#2622,#1917,#1918);
#1598=AXIS2_PLACEMENT_3D('',#2625,#1919,#1920);
#1599=AXIS2_PLACEMENT_3D('',#2626,#1921,#1922);
#1600=AXIS2_PLACEMENT_3D('',#2627,#1923,#1924);
#1601=AXIS2_PLACEMENT_3D('',#2708,#1925,#1926);
#1602=AXIS2_PLACEMENT_3D('',#2735,#1927,#1928);
#1603=AXIS2_PLACEMENT_3D('',#2755,#1931,#1932);
#1604=AXIS2_PLACEMENT_3D('',#2756,#1933,#1934);
#1605=AXIS2_PLACEMENT_3D('',#2759,#1935,#1936);
#1606=AXIS2_PLACEMENT_3D('',#2760,#1937,#1938);
#1607=AXIS2_PLACEMENT_3D('',#2761,#1939,#1940);
#1608=AXIS2_PLACEMENT_3D('',#2762,#1941,#1942);
#1609=AXIS2_PLACEMENT_3D('',#2764,#1944,#1945);
#1610=AXIS2_PLACEMENT_3D('',#2767,#1946,#1947);
#1611=AXIS2_PLACEMENT_3D('',#2768,#1948,#1949);
#1612=AXIS2_PLACEMENT_3D('',#2769,#1950,#1951);
#1613=AXIS2_PLACEMENT_3D('',#2770,#1952,#1953);
#1614=AXIS2_PLACEMENT_3D('',#2772,#1955,#1956);
#1615=AXIS2_PLACEMENT_3D('',#2774,#1957,#1958);
#1616=AXIS2_PLACEMENT_3D('',#2776,#1960,#1961);
#1617=AXIS2_PLACEMENT_3D('',#2778,#1962,#1963);
#1618=AXIS2_PLACEMENT_3D('',#2779,#1964,#1965);
#1619=AXIS2_PLACEMENT_3D('',#2780,#1966,#1967);
#1620=AXIS2_PLACEMENT_3D('',#2782,#1969,#1970);
#1621=AXIS2_PLACEMENT_3D('',#2785,#1971,#1972);
#1622=AXIS2_PLACEMENT_3D('',#2788,#1975,#1976);
#1623=AXIS2_PLACEMENT_3D('',#2791,#1977,#1978);
#1624=AXIS2_PLACEMENT_3D('',#2792,#1979,#1980);
#1625=AXIS2_PLACEMENT_3D('',#2793,#1981,#1982);
#1626=AXIS2_PLACEMENT_3D('',#2831,#1983,#1984);
#1627=AXIS2_PLACEMENT_3D('',#2838,#1985,#1986);
#1628=AXIS2_PLACEMENT_3D('',#2851,#1988,#1989);
#1629=AXIS2_PLACEMENT_3D('',#2859,#1990,#1991);
#1630=AXIS2_PLACEMENT_3D('',#2860,#1992,#1993);
#1631=AXIS2_PLACEMENT_3D('',#2863,#1996,#1997);
#1632=AXIS2_PLACEMENT_3D('',#2866,#2000,#2001);
#1633=AXIS2_PLACEMENT_3D('',#2868,#2003,#2004);
#1634=AXIS2_PLACEMENT_3D('',#2870,#2005,#2006);
#1635=AXIS2_PLACEMENT_3D('',#2877,#2007,#2008);
#1636=AXIS2_PLACEMENT_3D('',#2879,#2010,#2011);
#1637=AXIS2_PLACEMENT_3D('',#2881,#2013,#2014);
#1638=AXIS2_PLACEMENT_3D('',#2883,#2016,#2017);
#1639=AXIS2_PLACEMENT_3D('',#2885,#2019,#2020);
#1640=AXIS2_PLACEMENT_3D('',#2887,#2022,#2023);
#1641=AXIS2_PLACEMENT_3D('',#2889,#2025,#2026);
#1642=AXIS2_PLACEMENT_3D('',#2891,#2027,#2028);
#1643=AXIS2_PLACEMENT_3D('',#2893,#2029,#2030);
#1644=AXIS2_PLACEMENT_3D('',#2895,#2031,#2032);
#1645=AXIS2_PLACEMENT_3D('',#2897,#2033,#2034);
#1646=AXIS2_PLACEMENT_3D('',#2898,#2035,#2036);
#1647=AXIS2_PLACEMENT_3D('',#2899,#2037,#2038);
#1648=AXIS2_PLACEMENT_3D('',#2902,#2041,#2042);
#1649=AXIS2_PLACEMENT_3D('',#2904,#2044,#2045);
#1650=AXIS2_PLACEMENT_3D('',#2907,#2048,#2049);
#1651=AXIS2_PLACEMENT_3D('',#2909,#2051,#2052);
#1652=AXIS2_PLACEMENT_3D('',#2912,#2055,#2056);
#1653=AXIS2_PLACEMENT_3D('',#2914,#2058,#2059);
#1654=AXIS2_PLACEMENT_3D('',#2915,#2060,#2061);
#1655=AXIS2_PLACEMENT_3D('',#2916,#2062,#2063);
#1656=AXIS2_PLACEMENT_3D('',#2917,#2064,#2065);
#1657=AXIS2_PLACEMENT_3D('',#2918,#2066,#2067);
#1658=AXIS2_PLACEMENT_3D('',#2920,#2069,#2070);
#1659=AXIS2_PLACEMENT_3D('',#2922,#2072,#2073);
#1660=AXIS2_PLACEMENT_3D('',#2923,#2074,#2075);
#1661=AXIS2_PLACEMENT_3D('',#2926,#2077,#2078);
#1662=AXIS2_PLACEMENT_3D('',#2927,#2079,#2080);
#1663=AXIS2_PLACEMENT_3D('',#2929,#2081,#2082);
#1664=AXIS2_PLACEMENT_3D('',#2930,#2083,#2084);
#1665=AXIS2_PLACEMENT_3D('',#2933,#2086,#2087);
#1666=AXIS2_PLACEMENT_3D('',#2934,#2088,#2089);
#1667=AXIS2_PLACEMENT_3D('',#2936,#2090,#2091);
#1668=AXIS2_PLACEMENT_3D('',#2937,#2092,#2093);
#1669=AXIS2_PLACEMENT_3D('',#2940,#2095,#2096);
#1670=AXIS2_PLACEMENT_3D('',#2941,#2097,#2098);
#1671=AXIS2_PLACEMENT_3D('',#2943,#2099,#2100);
#1672=AXIS2_PLACEMENT_3D('',#2944,#2101,#2102);
#1673=AXIS2_PLACEMENT_3D('',#2947,#2104,#2105);
#1674=AXIS2_PLACEMENT_3D('',#2948,#2106,#2107);
#1675=AXIS2_PLACEMENT_3D('',#2950,#2108,#2109);
#1676=AXIS2_PLACEMENT_3D('',#2951,#2110,#2111);
#1677=AXIS2_PLACEMENT_3D('',#2953,#2112,#2113);
#1678=AXIS2_PLACEMENT_3D('',#2956,#2115,#2116);
#1679=AXIS2_PLACEMENT_3D('',#2957,#2117,#2118);
#1680=AXIS2_PLACEMENT_3D('',#2959,#2120,#2121);
#1681=AXIS2_PLACEMENT_3D('',#2961,#2122,#2123);
#1682=AXIS2_PLACEMENT_3D('',#2964,#2125,#2126);
#1683=AXIS2_PLACEMENT_3D('',#2965,#2127,#2128);
#1684=AXIS2_PLACEMENT_3D('',#2967,#2130,#2131);
#1685=AXIS2_PLACEMENT_3D('',#2969,#2132,#2133);
#1686=AXIS2_PLACEMENT_3D('',#2972,#2135,#2136);
#1687=AXIS2_PLACEMENT_3D('',#2973,#2137,#2138);
#1688=AXIS2_PLACEMENT_3D('',#2975,#2140,#2141);
#1689=AXIS2_PLACEMENT_3D('',#2977,#2142,#2143);
#1690=AXIS2_PLACEMENT_3D('',#2980,#2145,#2146);
#1691=AXIS2_PLACEMENT_3D('',#2981,#2147,#2148);
#1692=AXIS2_PLACEMENT_3D('',#2983,#2150,#2151);
#1693=AXIS2_PLACEMENT_3D('',#2985,#2152,#2153);
#1694=AXIS2_PLACEMENT_3D('',#2989,#2155,#2156);
#1695=AXIS2_PLACEMENT_3D('',#2990,#2157,#2158);
#1696=AXIS2_PLACEMENT_3D('',#2991,#2159,#2160);
#1697=AXIS2_PLACEMENT_3D('',#2995,#2162,#2163);
#1698=AXIS2_PLACEMENT_3D('',#2996,#2164,#2165);
#1699=AXIS2_PLACEMENT_3D('',#2997,#2166,#2167);
#1700=AXIS2_PLACEMENT_3D('',#2998,#2168,#2169);
#1701=AXIS2_PLACEMENT_3D('',#3000,#2170,#2171);
#1702=AXIS2_PLACEMENT_3D('',#3004,#2173,#2174);
#1703=AXIS2_PLACEMENT_3D('',#3005,#2175,#2176);
#1704=AXIS2_PLACEMENT_3D('',#3006,#2177,#2178);
#1705=AXIS2_PLACEMENT_3D('',#3010,#2180,#2181);
#1706=AXIS2_PLACEMENT_3D('',#3011,#2182,#2183);
#1707=AXIS2_PLACEMENT_3D('',#3012,#2184,#2185);
#1708=AXIS2_PLACEMENT_3D('',#3013,#2186,#2187);
#1709=AXIS2_PLACEMENT_3D('',#3015,#2188,#2189);
#1710=AXIS2_PLACEMENT_3D('',#3019,#2191,#2192);
#1711=AXIS2_PLACEMENT_3D('',#3020,#2193,#2194);
#1712=AXIS2_PLACEMENT_3D('',#3021,#2195,#2196);
#1713=AXIS2_PLACEMENT_3D('',#3025,#2198,#2199);
#1714=AXIS2_PLACEMENT_3D('',#3026,#2200,#2201);
#1715=AXIS2_PLACEMENT_3D('',#3027,#2202,#2203);
#1716=AXIS2_PLACEMENT_3D('',#3028,#2204,#2205);
#1717=AXIS2_PLACEMENT_3D('',#3030,#2206,#2207);
#1718=AXIS2_PLACEMENT_3D('',#3034,#2209,#2210);
#1719=AXIS2_PLACEMENT_3D('',#3035,#2211,#2212);
#1720=AXIS2_PLACEMENT_3D('',#3036,#2213,#2214);
#1721=AXIS2_PLACEMENT_3D('',#3040,#2216,#2217);
#1722=AXIS2_PLACEMENT_3D('',#3041,#2218,#2219);
#1723=AXIS2_PLACEMENT_3D('',#3042,#2220,#2221);
#1724=AXIS2_PLACEMENT_3D('',#3043,#2222,#2223);
#1725=AXIS2_PLACEMENT_3D('',#3044,#2224,#2225);
#1726=AXIS2_PLACEMENT_3D('',#3045,#2226,#2227);
#1727=AXIS2_PLACEMENT_3D('',#3046,#2228,#2229);
#1728=AXIS2_PLACEMENT_3D('',#3047,#2230,#2231);
#1729=AXIS2_PLACEMENT_3D('',#3048,#2232,#2233);
#1730=AXIS2_PLACEMENT_3D('',#3049,#2234,#2235);
#1731=AXIS2_PLACEMENT_3D('',#3050,#2236,#2237);
#1732=DIRECTION('axis',(0.,0.,1.));
#1733=DIRECTION('refdir',(1.,0.,0.));
#1734=DIRECTION('center_axis',(0.,1.,0.));
#1735=DIRECTION('ref_axis',(0.707106781186546,0.,-0.707106781186549));
#1736=DIRECTION('center_axis',(0.707106781186549,-0.707106781186546,0.));
#1737=DIRECTION('ref_axis',(0.707106781186546,0.707106781186549,-4.90653893338679E-17));
#1738=DIRECTION('',(0.,-1.,0.));
#1739=DIRECTION('center_axis',(-9.02056207507947E-16,1.,0.));
#1740=DIRECTION('ref_axis',(1.,9.02056207507947E-16,0.));
#1741=DIRECTION('',(0.,1.,0.));
#1742=DIRECTION('center_axis',(0.,0.,-1.));
#1743=DIRECTION('ref_axis',(-1.,0.,0.));
#1744=DIRECTION('center_axis',(-1.,0.,0.));
#1745=DIRECTION('ref_axis',(0.,1.,0.));
#1746=DIRECTION('center_axis',(0.,0.,-1.));
#1747=DIRECTION('ref_axis',(-0.70710678118654,-0.707106781186555,0.));
#1748=DIRECTION('center_axis',(0.,0.,1.));
#1749=DIRECTION('ref_axis',(-0.707106781186541,-0.707106781186555,0.));
#1750=DIRECTION('center_axis',(-1.,0.,0.));
#1751=DIRECTION('ref_axis',(0.,0.707106781186548,-0.707106781186547));
#1752=DIRECTION('center_axis',(-1.,0.,0.));
#1753=DIRECTION('ref_axis',(0.,1.,0.));
#1754=DIRECTION('',(-1.,0.,0.));
#1755=DIRECTION('',(1.,0.,0.));
#1756=DIRECTION('center_axis',(0.,0.,-1.));
#1757=DIRECTION('ref_axis',(-1.,0.,0.));
#1758=DIRECTION('center_axis',(-1.38777878078143E-16,-1.,0.));
#1759=DIRECTION('ref_axis',(-1.,1.38777878078143E-16,0.));
#1760=DIRECTION('center_axis',(0.,0.,-1.));
#1761=DIRECTION('ref_axis',(0.707106781186565,-0.70710678118653,0.));
#1762=DIRECTION('center_axis',(0.,0.,1.));
#1763=DIRECTION('ref_axis',(0.707106781186565,-0.70710678118653,0.));
#1764=DIRECTION('center_axis',(0.,1.,0.));
#1765=DIRECTION('ref_axis',(-0.707106781186553,0.,-0.707106781186543));
#1766=DIRECTION('center_axis',(-0.707106781186542,-0.707106781186553,0.));
#1767=DIRECTION('ref_axis',(-0.707106781186553,0.707106781186542,1.47196168001605E-16));
#1768=DIRECTION('',(0.,-1.,0.));
#1769=DIRECTION('',(0.,1.,0.));
#1770=DIRECTION('center_axis',(0.,0.,1.));
#1771=DIRECTION('ref_axis',(1.,0.,0.));
#1772=DIRECTION('center_axis',(0.,0.,-1.));
#1773=DIRECTION('ref_axis',(-0.707106781186558,-0.707106781186537,0.));
#1774=DIRECTION('',(-1.,0.,0.));
#1775=DIRECTION('',(0.,1.,0.));
#1776=DIRECTION('',(1.,0.,0.));
#1777=DIRECTION('',(0.,-1.,0.));
#1778=DIRECTION('',(-1.,0.,0.));
#1779=DIRECTION('center_axis',(0.,0.,-1.));
#1780=DIRECTION('ref_axis',(0.707106781186554,-0.707106781186541,0.));
#1781=DIRECTION('center_axis',(0.,0.,-1.));
#1782=DIRECTION('ref_axis',(1.,0.,0.));
#1783=DIRECTION('center_axis',(0.,0.,-1.));
#1784=DIRECTION('ref_axis',(1.,0.,0.));
#1785=DIRECTION('center_axis',(0.,0.,-1.));
#1786=DIRECTION('ref_axis',(1.,0.,0.));
#1787=DIRECTION('center_axis',(0.,0.,-1.));
#1788=DIRECTION('ref_axis',(1.,0.,0.));
#1789=DIRECTION('center_axis',(-1.,0.,0.));
#1790=DIRECTION('ref_axis',(0.,0.707106781186547,-0.707106781186548));
#1791=DIRECTION('',(1.,0.,0.));
#1792=DIRECTION('center_axis',(0.707106781186542,-0.707106781186553,0.));
#1793=DIRECTION('ref_axis',(-0.707106781186553,-0.707106781186542,0.));
#1794=DIRECTION('center_axis',(0.,0.,1.));
#1795=DIRECTION('ref_axis',(1.,0.,0.));
#1796=DIRECTION('center_axis',(0.,0.,1.));
#1797=DIRECTION('ref_axis',(0.,-1.,0.));
#1798=DIRECTION('center_axis',(-1.,1.77635683940026E-14,2.8865798640254E-14));
#1799=DIRECTION('ref_axis',(0.,-0.851658316704543,0.524097425664336));
#1800=DIRECTION('center_axis',(0.,-0.52409742566434,-0.851658316704541));
#1801=DIRECTION('ref_axis',(-1.,0.,0.));
#1802=DIRECTION('center_axis',(-0.816496580927727,-0.408248290463862,0.408248290463861));
#1803=DIRECTION('ref_axis',(-0.577350269189624,0.577350269189627,-0.577350269189626));
#1804=DIRECTION('center_axis',(0.,0.,-1.));
#1805=DIRECTION('ref_axis',(0.,1.,0.));
#1806=DIRECTION('center_axis',(-1.,0.,0.));
#1807=DIRECTION('ref_axis',(0.,0.,-1.));
#1808=DIRECTION('center_axis',(0.,1.,0.));
#1809=DIRECTION('ref_axis',(-1.,0.,0.));
#1810=DIRECTION('center_axis',(-1.,0.,0.));
#1811=DIRECTION('ref_axis',(0.,0.707106781186548,-0.707106781186547));
#1812=DIRECTION('center_axis',(-1.,0.,0.));
#1813=DIRECTION('ref_axis',(0.,1.,0.));
#1814=DIRECTION('',(1.,0.,0.));
#1815=DIRECTION('center_axis',(0.,0.,-1.));
#1816=DIRECTION('ref_axis',(-1.,0.,0.));
#1817=DIRECTION('center_axis',(0.,-1.,0.));
#1818=DIRECTION('ref_axis',(-1.,0.,0.));
#1819=DIRECTION('center_axis',(0.,0.,1.));
#1820=DIRECTION('ref_axis',(0.707106781186554,-0.707106781186541,0.));
#1821=DIRECTION('center_axis',(0.,1.,0.));
#1822=DIRECTION('ref_axis',(-0.707106781186549,0.,-0.707106781186546));
#1823=DIRECTION('',(0.,1.,0.));
#1824=DIRECTION('center_axis',(-0.707106781186547,-0.707106781186548,0.));
#1825=DIRECTION('ref_axis',(0.707106781186548,-0.707106781186547,0.));
#1826=DIRECTION('center_axis',(0.,0.,1.));
#1827=DIRECTION('ref_axis',(-0.707106781186546,0.707106781186549,0.));
#1828=DIRECTION('center_axis',(0.,0.,-1.));
#1829=DIRECTION('ref_axis',(-1.,-8.3266726846887E-16,0.));
#1830=DIRECTION('',(0.,0.,-1.));
#1831=DIRECTION('',(0.,0.,1.));
#1832=DIRECTION('center_axis',(0.,-1.,0.));
#1833=DIRECTION('ref_axis',(0.,0.,-1.));
#1834=DIRECTION('center_axis',(-0.827663622526277,8.66023964593276E-15,
-0.561224489795911));
#1835=DIRECTION('ref_axis',(-0.561224489795911,0.,0.827663622526277));
#1836=DIRECTION('center_axis',(0.,-1.,0.));
#1837=DIRECTION('ref_axis',(-0.88034084308295,0.,0.474341649025257));
#1838=DIRECTION('center_axis',(0.,1.,0.));
#1839=DIRECTION('ref_axis',(-0.88034084308295,0.,0.474341649025257));
#1840=DIRECTION('center_axis',(2.7755575615629E-16,-1.,1.69152472950433E-16));
#1841=DIRECTION('ref_axis',(-0.520408163265302,0.,0.853917644510778));
#1842=DIRECTION('center_axis',(0.,1.,0.));
#1843=DIRECTION('ref_axis',(-0.871896829695263,0.,0.489689614314363));
#1844=DIRECTION('',(0.,-1.,0.));
#1845=DIRECTION('center_axis',(0.,0.,1.));
#1846=DIRECTION('ref_axis',(1.,0.,0.));
#1847=DIRECTION('center_axis',(0.,6.66133814775096E-15,1.));
#1848=DIRECTION('ref_axis',(1.,0.,0.));
#1849=DIRECTION('center_axis',(-1.13463680678265E-14,-0.524097425664336,
-0.851658316704543));
#1850=DIRECTION('ref_axis',(0.,-0.851658316704543,0.524097425664336));
#1851=DIRECTION('center_axis',(1.,0.,0.));
#1852=DIRECTION('ref_axis',(0.,-1.,0.));
#1853=DIRECTION('center_axis',(0.,0.524097425664335,0.851658316704544));
#1854=DIRECTION('ref_axis',(-0.707106781186555,-0.6022133709957,0.370592843689654));
#1855=DIRECTION('center_axis',(-1.45466257279828E-15,-0.524097425664333,
-0.851658316704545));
#1856=DIRECTION('ref_axis',(0.,-0.851658316704545,0.524097425664333));
#1857=DIRECTION('',(0.,-0.524097425664335,-0.851658316704544));
#1858=DIRECTION('',(0.,0.524097425664335,0.851658316704544));
#1859=DIRECTION('center_axis',(-1.,0.,0.));
#1860=DIRECTION('ref_axis',(0.,-0.851658316704542,0.524097425664337));
#1861=DIRECTION('center_axis',(0.,-0.85632830045684,0.516431836583202));
#1862=DIRECTION('ref_axis',(0.,0.516431836583202,0.85632830045684));
#1863=DIRECTION('center_axis',(0.,0.851658316704544,-0.524097425664335));
#1864=DIRECTION('ref_axis',(0.,0.524097425664335,0.851658316704544));
#1865=DIRECTION('center_axis',(1.,0.,0.));
#1866=DIRECTION('ref_axis',(0.,-0.487802508365663,0.872954015302162));
#1867=DIRECTION('center_axis',(-1.,0.,0.));
#1868=DIRECTION('ref_axis',(0.,-0.851658316704545,0.524097425664333));
#1869=DIRECTION('',(-1.,0.,0.));
#1870=DIRECTION('',(1.,0.,0.));
#1871=DIRECTION('center_axis',(3.7821226892755E-15,0.524097425664335,0.851658316704544));
#1872=DIRECTION('ref_axis',(0.,-0.851658316704544,0.524097425664335));
#1873=DIRECTION('center_axis',(0.,-0.85632830045684,0.516431836583202));
#1874=DIRECTION('ref_axis',(0.,0.516431836583202,0.85632830045684));
#1875=DIRECTION('center_axis',(0.,0.851658316704544,-0.524097425664335));
#1876=DIRECTION('ref_axis',(0.,0.524097425664335,0.851658316704544));
#1877=DIRECTION('center_axis',(0.,-0.524097425664335,-0.851658316704544));
#1878=DIRECTION('ref_axis',(0.707106781186552,-0.602213370995697,0.370592843689665));
#1879=DIRECTION('',(0.,0.524097425664335,0.851658316704544));
#1880=DIRECTION('',(0.,-0.524097425664335,-0.851658316704544));
#1881=DIRECTION('center_axis',(-1.,0.,0.));
#1882=DIRECTION('ref_axis',(0.,-0.962200165429351,0.272343242339019));
#1883=DIRECTION('',(1.,0.,0.));
#1884=DIRECTION('',(-1.,0.,0.));
#1885=DIRECTION('center_axis',(0.40824829046386,-0.816496580927727,0.408248290463864));
#1886=DIRECTION('ref_axis',(-0.577350269189624,-0.577350269189625,-0.577350269189628));
#1887=DIRECTION('center_axis',(0.,-1.,0.));
#1888=DIRECTION('ref_axis',(0.,0.,-1.));
#1889=DIRECTION('center_axis',(-1.,0.,0.));
#1890=DIRECTION('ref_axis',(0.,-1.,0.));
#1891=DIRECTION('center_axis',(0.,0.,-1.));
#1892=DIRECTION('ref_axis',(-1.,0.,0.));
#1893=DIRECTION('center_axis',(0.,1.,0.));
#1894=DIRECTION('ref_axis',(0.489689614314369,0.,0.87189682969526));
#1895=DIRECTION('',(0.,-1.,0.));
#1896=DIRECTION('center_axis',(-9.02056207507931E-16,1.,-5.49745537088904E-16));
#1897=DIRECTION('ref_axis',(-0.520408163265304,0.,0.853917644510776));
#1898=DIRECTION('',(0.,1.,0.));
#1899=DIRECTION('center_axis',(0.,-1.,0.));
#1900=DIRECTION('ref_axis',(0.489689614314369,0.,0.87189682969526));
#1901=DIRECTION('center_axis',(-0.868951097585953,-8.25449493625866E-15,
-0.494897959183676));
#1902=DIRECTION('ref_axis',(-0.494897959183676,0.,0.868951097585953));
#1903=DIRECTION('center_axis',(0.,-1.,0.));
#1904=DIRECTION('ref_axis',(0.,0.,-1.));
#1905=DIRECTION('center_axis',(-1.,0.,0.));
#1906=DIRECTION('ref_axis',(0.,0.,1.));
#1907=DIRECTION('center_axis',(0.,-1.,0.));
#1908=DIRECTION('ref_axis',(-0.250485377987514,0.,0.96812038270788));
#1909=DIRECTION('center_axis',(0.,1.,0.));
#1910=DIRECTION('ref_axis',(-0.250485377987514,0.,0.96812038270788));
#1911=DIRECTION('center_axis',(-1.,0.,0.));
#1912=DIRECTION('ref_axis',(0.,0.707106781186549,0.707106781186546));
#1913=DIRECTION('center_axis',(-1.,0.,0.));
#1914=DIRECTION('ref_axis',(0.,0.,1.));
#1915=DIRECTION('',(-1.,0.,0.));
#1916=DIRECTION('',(1.,0.,0.));
#1917=DIRECTION('center_axis',(0.,-1.,0.));
#1918=DIRECTION('ref_axis',(0.,0.,-1.));
#1919=DIRECTION('center_axis',(-0.86895109758595,0.,0.494897959183682));
#1920=DIRECTION('ref_axis',(0.494897959183682,0.,0.86895109758595));
#1921=DIRECTION('center_axis',(0.,-1.,0.));
#1922=DIRECTION('ref_axis',(0.250485377987514,0.,0.96812038270788));
#1923=DIRECTION('center_axis',(0.,1.,0.));
#1924=DIRECTION('ref_axis',(0.250485377987514,0.,0.96812038270788));
#1925=DIRECTION('center_axis',(0.,-1.,-1.05637377715126E-15));
#1926=DIRECTION('ref_axis',(0.520408163265319,-9.02056207507945E-16,0.853917644510767));
#1927=DIRECTION('center_axis',(0.,1.,0.));
#1928=DIRECTION('ref_axis',(-0.489689614314362,0.,0.871896829695264));
#1929=DIRECTION('',(0.,-1.,0.));
#1930=DIRECTION('',(0.,1.,0.));
#1931=DIRECTION('center_axis',(0.,-1.,0.));
#1932=DIRECTION('ref_axis',(-0.489689614314362,0.,0.871896829695264));
#1933=DIRECTION('center_axis',(-0.40824829046386,0.40824829046386,-0.816496580927729));
#1934=DIRECTION('ref_axis',(0.577350269189625,-0.577350269189625,-0.577350269189627));
#1935=DIRECTION('center_axis',(0.,0.,-1.));
#1936=DIRECTION('ref_axis',(0.,-1.,0.));
#1937=DIRECTION('center_axis',(1.,0.,0.));
#1938=DIRECTION('ref_axis',(0.,0.,-1.));
#1939=DIRECTION('center_axis',(0.,-1.,0.));
#1940=DIRECTION('ref_axis',(1.,0.,0.));
#1941=DIRECTION('center_axis',(1.,0.,0.));
#1942=DIRECTION('ref_axis',(0.,-0.707106781186546,-0.707106781186549));
#1943=DIRECTION('',(-1.,0.,0.));
#1944=DIRECTION('center_axis',(-0.40824829046386,-0.408248290463859,-0.816496580927729));
#1945=DIRECTION('ref_axis',(0.577350269189626,0.577350269189626,-0.577350269189626));
#1946=DIRECTION('center_axis',(0.,0.,-1.));
#1947=DIRECTION('ref_axis',(1.,0.,0.));
#1948=DIRECTION('center_axis',(0.,1.,0.));
#1949=DIRECTION('ref_axis',(0.,0.,-1.));
#1950=DIRECTION('center_axis',(1.,0.,0.));
#1951=DIRECTION('ref_axis',(0.,1.,0.));
#1952=DIRECTION('center_axis',(0.,1.,0.));
#1953=DIRECTION('ref_axis',(0.707106781186553,0.,-0.707106781186543));
#1954=DIRECTION('',(0.,-1.,0.));
#1955=DIRECTION('center_axis',(-1.,0.,0.));
#1956=DIRECTION('ref_axis',(0.,0.707106781186548,-0.707106781186547));
#1957=DIRECTION('center_axis',(1.,0.,0.));
#1958=DIRECTION('ref_axis',(0.,0.,-1.));
#1959=DIRECTION('',(1.,0.,0.));
#1960=DIRECTION('center_axis',(0.,0.,-1.));
#1961=DIRECTION('ref_axis',(-1.,0.,0.));
#1962=DIRECTION('center_axis',(1.38777878078148E-16,-1.,0.));
#1963=DIRECTION('ref_axis',(0.,0.,-1.));
#1964=DIRECTION('center_axis',(0.,0.,1.));
#1965=DIRECTION('ref_axis',(-0.707106781186558,-0.707106781186537,0.));
#1966=DIRECTION('center_axis',(0.,1.,0.));
#1967=DIRECTION('ref_axis',(0.707106781186552,0.,-0.707106781186543));
#1968=DIRECTION('',(0.,-1.,0.));
#1969=DIRECTION('center_axis',(0.,0.,1.));
#1970=DIRECTION('ref_axis',(0.707106781186552,0.707106781186543,0.));
#1971=DIRECTION('center_axis',(0.,0.,-1.));
#1972=DIRECTION('ref_axis',(0.,1.,0.));
#1973=DIRECTION('',(0.,0.,-1.));
#1974=DIRECTION('',(0.,0.,1.));
#1975=DIRECTION('center_axis',(0.,-1.,0.));
#1976=DIRECTION('ref_axis',(0.,0.,-1.));
#1977=DIRECTION('center_axis',(0.827663622526246,-1.94351691230661E-14,
-0.561224489795956));
#1978=DIRECTION('ref_axis',(3.5527136788005E-14,1.,1.77635683940025E-14));
#1979=DIRECTION('center_axis',(0.,1.,0.));
#1980=DIRECTION('ref_axis',(0.880340843082951,0.,0.474341649025256));
#1981=DIRECTION('center_axis',(0.,-1.,0.));
#1982=DIRECTION('ref_axis',(0.880340843082951,0.,0.474341649025257));
#1983=DIRECTION('center_axis',(-1.52655665885957E-14,-1.,9.62842409755129E-15));
#1984=DIRECTION('ref_axis',(1.,-1.52655665885957E-14,0.));
#1985=DIRECTION('center_axis',(0.,1.,0.));
#1986=DIRECTION('ref_axis',(0.871896829695266,0.,0.489689614314357));
#1987=DIRECTION('',(0.,1.,0.));
#1988=DIRECTION('center_axis',(0.,1.,0.));
#1989=DIRECTION('ref_axis',(0.,0.,1.));
#1990=DIRECTION('center_axis',(0.,-1.,0.));
#1991=DIRECTION('ref_axis',(0.510137938631825,0.,0.860092601740343));
#1992=DIRECTION('center_axis',(0.,0.,1.));
#1993=DIRECTION('ref_axis',(0.707106781186554,-0.707106781186541,0.));
#1994=DIRECTION('',(0.,0.,-1.));
#1995=DIRECTION('',(0.,0.,1.));
#1996=DIRECTION('center_axis',(0.,0.,1.));
#1997=DIRECTION('ref_axis',(-0.707106781186549,-0.707106781186546,0.));
#1998=DIRECTION('',(0.,0.,-1.));
#1999=DIRECTION('',(0.,0.,1.));
#2000=DIRECTION('center_axis',(0.,-1.,0.));
#2001=DIRECTION('ref_axis',(-0.707106781186546,0.,-0.707106781186549));
#2002=DIRECTION('',(0.,1.,0.));
#2003=DIRECTION('center_axis',(0.,1.,0.));
#2004=DIRECTION('ref_axis',(0.,0.,1.));
#2005=DIRECTION('center_axis',(0.,-1.,0.));
#2006=DIRECTION('ref_axis',(-0.510137938631824,0.,0.860092601740343));
#2007=DIRECTION('center_axis',(-1.,0.,0.));
#2008=DIRECTION('ref_axis',(0.,0.707106781186547,-0.707106781186548));
#2009=DIRECTION('',(1.,0.,0.));
#2010=DIRECTION('center_axis',(-1.,0.,0.));
#2011=DIRECTION('ref_axis',(0.,-1.,0.));
#2012=DIRECTION('',(0.,-1.,0.));
#2013=DIRECTION('center_axis',(1.,0.,0.));
#2014=DIRECTION('ref_axis',(0.,1.,0.));
#2015=DIRECTION('',(0.,1.,0.));
#2016=DIRECTION('center_axis',(0.,1.,0.));
#2017=DIRECTION('ref_axis',(-1.,0.,0.));
#2018=DIRECTION('',(-5.27109776665627E-16,0.,-1.));
#2019=DIRECTION('center_axis',(5.27109776665627E-16,0.,1.));
#2020=DIRECTION('ref_axis',(-0.707106781186553,-0.707106781186543,0.));
#2021=DIRECTION('',(5.27109776665627E-16,0.,1.));
#2022=DIRECTION('center_axis',(1.,0.,-5.27109776665627E-16));
#2023=DIRECTION('ref_axis',(-5.27109776665627E-16,0.,-1.));
#2024=DIRECTION('',(-5.27109776665627E-16,0.,-1.));
#2025=DIRECTION('center_axis',(0.,0.851658316704544,-0.524097425664335));
#2026=DIRECTION('ref_axis',(0.,-0.524097425664335,-0.851658316704544));
#2027=DIRECTION('center_axis',(0.,0.851658316704544,-0.524097425664335));
#2028=DIRECTION('ref_axis',(0.,-0.524097425664335,-0.851658316704544));
#2029=DIRECTION('center_axis',(0.,0.851658316704544,-0.524097425664335));
#2030=DIRECTION('ref_axis',(0.,-0.524097425664335,-0.851658316704544));
#2031=DIRECTION('center_axis',(0.,0.851658316704544,-0.524097425664335));
#2032=DIRECTION('ref_axis',(0.,-0.524097425664335,-0.851658316704544));
#2033=DIRECTION('center_axis',(0.,0.851658316704544,-0.524097425664335));
#2034=DIRECTION('ref_axis',(0.,-0.524097425664335,-0.851658316704544));
#2035=DIRECTION('center_axis',(0.,-1.,0.));
#2036=DIRECTION('ref_axis',(1.,0.,0.));
#2037=DIRECTION('center_axis',(1.94247407144221E-16,0.,1.));
#2038=DIRECTION('ref_axis',(-0.707106781186565,-0.70710678118653,0.));
#2039=DIRECTION('',(1.94247407144221E-16,0.,1.));
#2040=DIRECTION('',(-1.94247407144221E-16,0.,-1.));
#2041=DIRECTION('center_axis',(1.,0.,-1.94247407144221E-16));
#2042=DIRECTION('ref_axis',(-1.94247407144221E-16,0.,-1.));
#2043=DIRECTION('',(-1.94247407144221E-16,0.,-1.));
#2044=DIRECTION('center_axis',(0.,0.,-1.));
#2045=DIRECTION('ref_axis',(0.707106781186527,-0.707106781186568,0.));
#2046=DIRECTION('',(0.,0.,1.));
#2047=DIRECTION('',(0.,0.,-1.));
#2048=DIRECTION('center_axis',(-1.,0.,0.));
#2049=DIRECTION('ref_axis',(0.,0.,1.));
#2050=DIRECTION('',(0.,0.,1.));
#2051=DIRECTION('center_axis',(-1.31777444166407E-16,0.,-1.));
#2052=DIRECTION('ref_axis',(0.707106781186549,-0.707106781186546,-9.31807243774962E-17));
#2053=DIRECTION('',(-1.31777444166407E-16,0.,-1.));
#2054=DIRECTION('',(1.31777444166407E-16,0.,1.));
#2055=DIRECTION('center_axis',(-1.,0.,1.31777444166407E-16));
#2056=DIRECTION('ref_axis',(1.31777444166407E-16,0.,1.));
#2057=DIRECTION('',(1.31777444166407E-16,0.,1.));
#2058=DIRECTION('center_axis',(0.,1.,0.));
#2059=DIRECTION('ref_axis',(0.,0.,1.));
#2060=DIRECTION('center_axis',(0.,1.,0.));
#2061=DIRECTION('ref_axis',(0.,0.,1.));
#2062=DIRECTION('center_axis',(0.,1.,0.));
#2063=DIRECTION('ref_axis',(-1.,0.,0.));
#2064=DIRECTION('center_axis',(0.,1.,0.));
#2065=DIRECTION('ref_axis',(-1.,0.,0.));
#2066=DIRECTION('center_axis',(0.,-1.,0.));
#2067=DIRECTION('ref_axis',(-0.707106781186547,0.,0.707106781186547));
#2068=DIRECTION('',(0.,1.,0.));
#2069=DIRECTION('center_axis',(0.,0.,1.));
#2070=DIRECTION('ref_axis',(1.,0.,0.));
#2071=DIRECTION('',(0.,-1.,0.));
#2072=DIRECTION('center_axis',(0.,1.,0.));
#2073=DIRECTION('ref_axis',(0.707106781186547,0.,0.707106781186547));
#2074=DIRECTION('center_axis',(0.,0.,-1.));
#2075=DIRECTION('ref_axis',(1.,0.,0.));
#2076=DIRECTION('',(0.,0.,-1.));
#2077=DIRECTION('center_axis',(0.,0.,-1.));
#2078=DIRECTION('ref_axis',(1.,0.,0.));
#2079=DIRECTION('center_axis',(0.,0.,1.));
#2080=DIRECTION('ref_axis',(1.,0.,0.));
#2081=DIRECTION('center_axis',(0.,0.,1.));
#2082=DIRECTION('ref_axis',(-1.,0.,0.));
#2083=DIRECTION('center_axis',(0.,0.,-1.));
#2084=DIRECTION('ref_axis',(1.,0.,0.));
#2085=DIRECTION('',(0.,0.,-1.));
#2086=DIRECTION('center_axis',(0.,0.,-1.));
#2087=DIRECTION('ref_axis',(1.,0.,0.));
#2088=DIRECTION('center_axis',(0.,0.,1.));
#2089=DIRECTION('ref_axis',(1.,0.,0.));
#2090=DIRECTION('center_axis',(0.,0.,1.));
#2091=DIRECTION('ref_axis',(-1.,0.,0.));
#2092=DIRECTION('center_axis',(0.,0.,-1.));
#2093=DIRECTION('ref_axis',(1.,0.,0.));
#2094=DIRECTION('',(0.,0.,-1.));
#2095=DIRECTION('center_axis',(0.,0.,-1.));
#2096=DIRECTION('ref_axis',(1.,0.,0.));
#2097=DIRECTION('center_axis',(0.,0.,1.));
#2098=DIRECTION('ref_axis',(1.,0.,0.));
#2099=DIRECTION('center_axis',(0.,0.,1.));
#2100=DIRECTION('ref_axis',(-1.,0.,0.));
#2101=DIRECTION('center_axis',(0.,0.,-1.));
#2102=DIRECTION('ref_axis',(1.,0.,0.));
#2103=DIRECTION('',(0.,0.,-1.));
#2104=DIRECTION('center_axis',(0.,0.,-1.));
#2105=DIRECTION('ref_axis',(1.,0.,0.));
#2106=DIRECTION('center_axis',(0.,0.,1.));
#2107=DIRECTION('ref_axis',(1.,0.,0.));
#2108=DIRECTION('center_axis',(0.,0.,1.));
#2109=DIRECTION('ref_axis',(-1.,0.,0.));
#2110=DIRECTION('center_axis',(0.,0.,-1.));
#2111=DIRECTION('ref_axis',(-1.,0.,0.));
#2112=DIRECTION('center_axis',(0.,0.,1.));
#2113=DIRECTION('ref_axis',(-1.,0.,0.));
#2114=DIRECTION('',(-0.707106781186547,8.65956056235493E-17,0.707106781186548));
#2115=DIRECTION('center_axis',(0.,0.,-1.));
#2116=DIRECTION('ref_axis',(-1.,0.,0.));
#2117=DIRECTION('center_axis',(0.,0.,-1.));
#2118=DIRECTION('ref_axis',(-1.,0.,0.));
#2119=DIRECTION('',(0.,0.,1.));
#2120=DIRECTION('center_axis',(0.,0.,-1.));
#2121=DIRECTION('ref_axis',(-1.,0.,0.));
#2122=DIRECTION('center_axis',(0.,0.,1.));
#2123=DIRECTION('ref_axis',(-1.,0.,0.));
#2124=DIRECTION('',(-0.707106781186547,8.65956056235493E-17,0.707106781186548));
#2125=DIRECTION('center_axis',(0.,0.,-1.));
#2126=DIRECTION('ref_axis',(-1.,0.,0.));
#2127=DIRECTION('center_axis',(0.,0.,-1.));
#2128=DIRECTION('ref_axis',(-1.,0.,0.));
#2129=DIRECTION('',(0.,0.,1.));
#2130=DIRECTION('center_axis',(0.,0.,-1.));
#2131=DIRECTION('ref_axis',(-1.,0.,0.));
#2132=DIRECTION('center_axis',(0.,0.,1.));
#2133=DIRECTION('ref_axis',(-1.,0.,0.));
#2134=DIRECTION('',(-0.707106781186547,8.65956056235493E-17,0.707106781186548));
#2135=DIRECTION('center_axis',(0.,0.,-1.));
#2136=DIRECTION('ref_axis',(-1.,0.,0.));
#2137=DIRECTION('center_axis',(0.,0.,-1.));
#2138=DIRECTION('ref_axis',(-1.,0.,0.));
#2139=DIRECTION('',(0.,0.,1.));
#2140=DIRECTION('center_axis',(0.,0.,-1.));
#2141=DIRECTION('ref_axis',(-1.,0.,0.));
#2142=DIRECTION('center_axis',(0.,0.,1.));
#2143=DIRECTION('ref_axis',(-1.,0.,0.));
#2144=DIRECTION('',(-0.707106781186547,8.65956056235493E-17,0.707106781186548));
#2145=DIRECTION('center_axis',(0.,0.,-1.));
#2146=DIRECTION('ref_axis',(-1.,0.,0.));
#2147=DIRECTION('center_axis',(0.,0.,-1.));
#2148=DIRECTION('ref_axis',(-1.,0.,0.));
#2149=DIRECTION('',(0.,0.,1.));
#2150=DIRECTION('center_axis',(0.,0.,1.));
#2151=DIRECTION('ref_axis',(1.,0.,0.));
#2152=DIRECTION('center_axis',(0.,0.,1.));
#2153=DIRECTION('ref_axis',(1.,0.,0.));
#2154=DIRECTION('',(-0.707106781186546,8.65956056235491E-17,0.707106781186549));
#2155=DIRECTION('center_axis',(0.,0.,-1.));
#2156=DIRECTION('ref_axis',(1.,0.,0.));
#2157=DIRECTION('center_axis',(0.,0.,-1.));
#2158=DIRECTION('ref_axis',(1.,0.,0.));
#2159=DIRECTION('center_axis',(0.,0.,-1.));
#2160=DIRECTION('ref_axis',(-1.,0.,0.));
#2161=DIRECTION('',(0.,0.,1.));
#2162=DIRECTION('center_axis',(0.,0.,1.));
#2163=DIRECTION('ref_axis',(1.,0.,0.));
#2164=DIRECTION('center_axis',(0.,0.,1.));
#2165=DIRECTION('ref_axis',(1.,0.,0.));
#2166=DIRECTION('center_axis',(0.,0.,-1.));
#2167=DIRECTION('ref_axis',(-1.,0.,0.));
#2168=DIRECTION('center_axis',(0.,0.,1.));
#2169=DIRECTION('ref_axis',(1.,0.,0.));
#2170=DIRECTION('center_axis',(0.,0.,1.));
#2171=DIRECTION('ref_axis',(1.,0.,0.));
#2172=DIRECTION('',(-0.707106781186552,8.65956056235499E-17,0.707106781186543));
#2173=DIRECTION('center_axis',(0.,0.,-1.));
#2174=DIRECTION('ref_axis',(1.,0.,0.));
#2175=DIRECTION('center_axis',(0.,0.,-1.));
#2176=DIRECTION('ref_axis',(1.,0.,0.));
#2177=DIRECTION('center_axis',(0.,0.,-1.));
#2178=DIRECTION('ref_axis',(-1.,0.,0.));
#2179=DIRECTION('',(0.,0.,1.));
#2180=DIRECTION('center_axis',(0.,0.,1.));
#2181=DIRECTION('ref_axis',(1.,0.,0.));
#2182=DIRECTION('center_axis',(0.,0.,1.));
#2183=DIRECTION('ref_axis',(1.,0.,0.));
#2184=DIRECTION('center_axis',(0.,0.,-1.));
#2185=DIRECTION('ref_axis',(-1.,0.,0.));
#2186=DIRECTION('center_axis',(0.,0.,1.));
#2187=DIRECTION('ref_axis',(1.,0.,0.));
#2188=DIRECTION('center_axis',(0.,0.,1.));
#2189=DIRECTION('ref_axis',(1.,0.,0.));
#2190=DIRECTION('',(-0.707106781186552,8.65956056235499E-17,0.707106781186543));
#2191=DIRECTION('center_axis',(0.,0.,-1.));
#2192=DIRECTION('ref_axis',(1.,0.,0.));
#2193=DIRECTION('center_axis',(0.,0.,-1.));
#2194=DIRECTION('ref_axis',(1.,0.,0.));
#2195=DIRECTION('center_axis',(0.,0.,-1.));
#2196=DIRECTION('ref_axis',(-1.,0.,0.));
#2197=DIRECTION('',(0.,0.,1.));
#2198=DIRECTION('center_axis',(0.,0.,1.));
#2199=DIRECTION('ref_axis',(1.,0.,0.));
#2200=DIRECTION('center_axis',(0.,0.,1.));
#2201=DIRECTION('ref_axis',(1.,0.,0.));
#2202=DIRECTION('center_axis',(0.,0.,-1.));
#2203=DIRECTION('ref_axis',(-1.,0.,0.));
#2204=DIRECTION('center_axis',(0.,0.,1.));
#2205=DIRECTION('ref_axis',(1.,0.,0.));
#2206=DIRECTION('center_axis',(0.,0.,1.));
#2207=DIRECTION('ref_axis',(1.,0.,0.));
#2208=DIRECTION('',(-0.707106781186552,8.65956056235499E-17,0.707106781186543));
#2209=DIRECTION('center_axis',(0.,0.,-1.));
#2210=DIRECTION('ref_axis',(1.,0.,0.));
#2211=DIRECTION('center_axis',(0.,0.,-1.));
#2212=DIRECTION('ref_axis',(1.,0.,0.));
#2213=DIRECTION('center_axis',(0.,0.,-1.));
#2214=DIRECTION('ref_axis',(-1.,0.,0.));
#2215=DIRECTION('',(0.,0.,1.));
#2216=DIRECTION('center_axis',(0.,0.,1.));
#2217=DIRECTION('ref_axis',(1.,0.,0.));
#2218=DIRECTION('center_axis',(0.,0.,1.));
#2219=DIRECTION('ref_axis',(1.,0.,0.));
#2220=DIRECTION('center_axis',(0.,0.,-1.));
#2221=DIRECTION('ref_axis',(-1.,0.,0.));
#2222=DIRECTION('center_axis',(0.,0.,1.));
#2223=DIRECTION('ref_axis',(1.,0.,0.));
#2224=DIRECTION('center_axis',(0.,-1.,0.));
#2225=DIRECTION('ref_axis',(-1.,0.,0.));
#2226=DIRECTION('center_axis',(0.,0.,1.));
#2227=DIRECTION('ref_axis',(1.,0.,0.));
#2228=DIRECTION('center_axis',(0.,-1.,0.));
#2229=DIRECTION('ref_axis',(-1.,0.,0.));
#2230=DIRECTION('center_axis',(0.,0.,1.));
#2231=DIRECTION('ref_axis',(1.,0.,0.));
#2232=DIRECTION('center_axis',(0.,-1.,0.));
#2233=DIRECTION('ref_axis',(-1.,0.,0.));
#2234=DIRECTION('center_axis',(0.,0.,1.));
#2235=DIRECTION('ref_axis',(1.,0.,0.));
#2236=DIRECTION('center_axis',(0.,-1.,0.));
#2237=DIRECTION('ref_axis',(-1.,0.,0.));
#2238=CARTESIAN_POINT('',(0.,0.,0.));
#2239=CARTESIAN_POINT('Origin',(24.5,-12.5,1.));
#2240=CARTESIAN_POINT('',(24.5,1.,0.));
#2241=CARTESIAN_POINT('',(25.5,2.,0.999999999999996));
#2242=CARTESIAN_POINT('Origin',(24.5,1.,1.));
#2243=CARTESIAN_POINT('',(25.5,0.25,1.));
#2244=CARTESIAN_POINT('',(25.5,-12.5,1.));
#2245=CARTESIAN_POINT('',(24.5,0.249999999999999,0.));
#2246=CARTESIAN_POINT('Origin',(24.5,0.249999999999999,1.));
#2247=CARTESIAN_POINT('',(24.5,-12.5,0.));
#2248=CARTESIAN_POINT('Origin',(25.75,0.25,1.00000000000001));
#2249=CARTESIAN_POINT('',(25.75,0.,1.00000000000001));
#2250=CARTESIAN_POINT('',(25.75,-1.,0.));
#2251=CARTESIAN_POINT('Origin',(25.75,-1.,1.00000000000001));
#2252=CARTESIAN_POINT('Origin',(25.75,0.25,0.));
#2253=CARTESIAN_POINT('Origin',(25.75,0.25,1.00000000000001));
#2254=CARTESIAN_POINT('Origin',(150.,-1.,1.));
#2255=CARTESIAN_POINT('',(174.25,0.,1.));
#2256=CARTESIAN_POINT('',(174.25,-1.,0.));
#2257=CARTESIAN_POINT('Origin',(174.25,-1.,1.));
#2258=CARTESIAN_POINT('',(150.,-1.,0.));
#2259=CARTESIAN_POINT('',(150.,0.,1.));
#2260=CARTESIAN_POINT('Origin',(174.25,0.25,1.));
#2261=CARTESIAN_POINT('',(174.5,0.25,1.));
#2262=CARTESIAN_POINT('',(175.5,0.25,0.));
#2263=CARTESIAN_POINT('Origin',(175.5,0.25,1.));
#2264=CARTESIAN_POINT('Origin',(174.25,0.25,0.));
#2265=CARTESIAN_POINT('Origin',(174.25,0.25,1.));
#2266=CARTESIAN_POINT('Origin',(175.5,-12.5,1.));
#2267=CARTESIAN_POINT('',(174.5,2.,1.));
#2268=CARTESIAN_POINT('',(175.5,1.,0.));
#2269=CARTESIAN_POINT('Origin',(175.5,1.,1.));
#2270=CARTESIAN_POINT('',(175.5,-12.5,0.));
#2271=CARTESIAN_POINT('',(174.5,-12.5,1.));
#2272=CARTESIAN_POINT('Origin',(100.,-25.,0.));
#2273=CARTESIAN_POINT('',(177.5,-1.,0.));
#2274=CARTESIAN_POINT('Origin',(177.5,1.,0.));
#2275=CARTESIAN_POINT('',(199.,-1.,0.));
#2276=CARTESIAN_POINT('',(150.,-1.,0.));
#2277=CARTESIAN_POINT('',(199.,-49.,0.));
#2278=CARTESIAN_POINT('',(199.,-37.5,0.));
#2279=CARTESIAN_POINT('',(0.999999999999996,-49.,0.));
#2280=CARTESIAN_POINT('',(50.,-49.,0.));
#2281=CARTESIAN_POINT('',(0.999999999999996,-1.,0.));
#2282=CARTESIAN_POINT('',(0.999999999999996,-12.5,0.));
#2283=CARTESIAN_POINT('',(22.5,-1.,0.));
#2284=CARTESIAN_POINT('',(150.,-1.,0.));
#2285=CARTESIAN_POINT('Origin',(22.5,1.,0.));
#2286=CARTESIAN_POINT('',(66.05,-25.,0.));
#2287=CARTESIAN_POINT('Origin',(75.,-25.,0.));
#2288=CARTESIAN_POINT('',(166.05,-25.,0.));
#2289=CARTESIAN_POINT('Origin',(175.,-25.,0.));
#2290=CARTESIAN_POINT('',(116.05,-25.,0.));
#2291=CARTESIAN_POINT('Origin',(125.,-25.,0.));
#2292=CARTESIAN_POINT('',(16.05,-25.,0.));
#2293=CARTESIAN_POINT('Origin',(25.,-25.,0.));
#2294=CARTESIAN_POINT('Origin',(137.75,1.,1.));
#2295=CARTESIAN_POINT('',(176.5,2.,0.999999999999996));
#2296=CARTESIAN_POINT('',(137.75,2.,1.));
#2297=CARTESIAN_POINT('Origin',(175.5,1.,1.));
#2298=CARTESIAN_POINT('Origin',(1.00000000000001,-49.,9.71695780969078));
#2299=CARTESIAN_POINT('',(0.999999999999996,-50.,9.71695780969078));
#2300=CARTESIAN_POINT('',(0.,-49.,9.71695780969078));
#2301=CARTESIAN_POINT('Origin',(1.,-49.,9.71695780969078));
#2302=CARTESIAN_POINT('',(1.00000000000001,-49.8516583167045,10.2410552353551));
#2303=CARTESIAN_POINT('Origin',(1.00000000000001,-49.,9.71695780969078));
#2304=CARTESIAN_POINT('Origin',(1.00000000000001,-49.,9.71695780969077));
#2305=CARTESIAN_POINT('Origin',(0.999999999999996,-1.,1.));
#2306=CARTESIAN_POINT('',(0.999999999999996,0.,1.));
#2307=CARTESIAN_POINT('',(0.,-1.,1.));
#2308=CARTESIAN_POINT('Origin',(0.999999999999996,-1.,1.));
#2309=CARTESIAN_POINT('Origin',(0.999999999999996,-1.,1.));
#2310=CARTESIAN_POINT('Origin',(0.999999999999996,-1.,1.));
#2311=CARTESIAN_POINT('Origin',(150.,-1.,1.));
#2312=CARTESIAN_POINT('',(22.5,0.,1.));
#2313=CARTESIAN_POINT('Origin',(22.5,-1.,1.));
#2314=CARTESIAN_POINT('',(150.,0.,1.));
#2315=CARTESIAN_POINT('Origin',(22.5,1.,1.00000000000001));
#2316=CARTESIAN_POINT('',(23.5,1.,1.00000000000001));
#2317=CARTESIAN_POINT('Origin',(24.5,1.,1.00000000000001));
#2318=CARTESIAN_POINT('Origin',(22.5,1.,1.00000000000001));
#2319=CARTESIAN_POINT('Origin',(24.5,-12.5,1.));
#2320=CARTESIAN_POINT('',(23.5,2.,1.));
#2321=CARTESIAN_POINT('',(23.5,-12.5,1.));
#2322=CARTESIAN_POINT('Origin',(24.5,1.,1.));
#2323=CARTESIAN_POINT('Origin',(0.999999999999996,-1.,0.));
#2324=CARTESIAN_POINT('',(0.,-1.,25.));
#2325=CARTESIAN_POINT('',(0.999999999999996,0.,25.));
#2326=CARTESIAN_POINT('Origin',(0.999999999999996,-1.,25.));
#2327=CARTESIAN_POINT('',(0.999999999999996,0.,0.));
#2328=CARTESIAN_POINT('',(0.,-1.,0.));
#2329=CARTESIAN_POINT('Origin',(50.,-1.,25.));
#2330=CARTESIAN_POINT('',(21.9387755102041,-1.,66.3831811263136));
#2331=CARTESIAN_POINT('',(22.5,0.,65.5555175037873));
#2332=CARTESIAN_POINT('Origin',(22.5,-1.,65.5555175037873));
#2333=CARTESIAN_POINT('Origin',(50.,0.,25.));
#2334=CARTESIAN_POINT('Origin',(50.,-1.,25.));
#2335=CARTESIAN_POINT('Ctrl Pts',(21.9387755102041,-1.,66.3831811263136));
#2336=CARTESIAN_POINT('Ctrl Pts',(22.3548921133794,-1.,66.6653426493727));
#2337=CARTESIAN_POINT('Ctrl Pts',(23.0607658491863,-0.792222506485834,67.1270655211239));
#2338=CARTESIAN_POINT('Ctrl Pts',(23.8059856800628,0.0184768405082425,67.5906779112247));
#2339=CARTESIAN_POINT('Ctrl Pts',(23.9795918367347,0.671529785762386,67.6958822255388));
#2340=CARTESIAN_POINT('Ctrl Pts',(23.9795918367347,1.,67.6958822255388));
#2341=CARTESIAN_POINT('Ctrl Pts',(21.9387755102041,-0.700800699658117,66.3831811263136));
#2342=CARTESIAN_POINT('Ctrl Pts',(22.3134510447923,-0.723069702474427,66.6361569656537));
#2343=CARTESIAN_POINT('Ctrl Pts',(22.9603892822552,-0.570150087298353,67.0617718923875));
#2344=CARTESIAN_POINT('Ctrl Pts',(23.6518041155004,0.130432908853914,67.4947152744682));
#2345=CARTESIAN_POINT('Ctrl Pts',(23.8131238520075,0.709053267422011,67.5944306409144));
#2346=CARTESIAN_POINT('Ctrl Pts',(23.8131238520075,1.,67.5944306409144));
#2347=CARTESIAN_POINT('Ctrl Pts',(22.0797847759961,-0.182948485293845,66.1752282627854));
#2348=CARTESIAN_POINT('Ctrl Pts',(22.3578242173458,-0.240665965630707,66.4109361029377));
#2349=CARTESIAN_POINT('Ctrl Pts',(22.8703652579031,-0.182473366215358,66.8153290015329));
#2350=CARTESIAN_POINT('Ctrl Pts',(23.4402178453785,0.327115162323041,67.2335517066306));
#2351=CARTESIAN_POINT('Ctrl Pts',(23.5758800989805,0.774499236507563,67.3294634377281));
#2352=CARTESIAN_POINT('Ctrl Pts',(23.5758800989805,1.,67.3294634377281));
#2353=CARTESIAN_POINT('Ctrl Pts',(22.3740615189887,-2.61315016881838E-15,
65.741244786371));
#2354=CARTESIAN_POINT('Ctrl Pts',(22.5887517354172,-0.0259210384043125,
66.0056138775825));
#2355=CARTESIAN_POINT('Ctrl Pts',(22.9746182639996,0.047585689221178,66.4437000739505));
#2356=CARTESIAN_POINT('Ctrl Pts',(23.3992405895801,0.465695720085647,66.8872710450921));
#2357=CARTESIAN_POINT('Ctrl Pts',(23.5,0.821154035934678,66.9881742176925));
#2358=CARTESIAN_POINT('Ctrl Pts',(23.5,1.,66.9881742176925));
#2359=CARTESIAN_POINT('Ctrl Pts',(22.5,-2.63677968348475E-15,65.5555175037873));
#2360=CARTESIAN_POINT('Ctrl Pts',(22.7038971355562,-3.02387825625503E-15,
65.8320357963855));
#2361=CARTESIAN_POINT('Ctrl Pts',(23.0497752661013,0.103888746757027,66.2845242107014));
#2362=CARTESIAN_POINT('Ctrl Pts',(23.4149329832309,0.509238420254095,66.7388643530003));
#2363=CARTESIAN_POINT('Ctrl Pts',(23.5,0.835764892881189,66.841964581028));
#2364=CARTESIAN_POINT('Ctrl Pts',(23.5,1.,66.841964581028));
#2365=CARTESIAN_POINT('',(23.9795918367347,1.,67.6958822255388));
#2366=CARTESIAN_POINT('',(23.5,1.,66.841964581028));
#2367=CARTESIAN_POINT('Origin',(24.5,1.,66.841964581028));
#2368=CARTESIAN_POINT('Ctrl Pts',(23.5,1.,66.841964581028));
#2369=CARTESIAN_POINT('Ctrl Pts',(23.5,0.835764892881189,66.841964581028));
#2370=CARTESIAN_POINT('Ctrl Pts',(23.4149329832309,0.509238420254095,66.7388643530003));
#2371=CARTESIAN_POINT('Ctrl Pts',(23.0497752661013,0.103888746757027,66.2845242107014));
#2372=CARTESIAN_POINT('Ctrl Pts',(22.7038971355562,-3.02387825625503E-15,
65.8320357963855));
#2373=CARTESIAN_POINT('Ctrl Pts',(22.5,-2.63677968348475E-15,65.5555175037873));
#2374=CARTESIAN_POINT('Ctrl Pts',(21.9387755102041,-1.,66.3831811263136));
#2375=CARTESIAN_POINT('Ctrl Pts',(22.3548921133794,-1.,66.6653426493727));
#2376=CARTESIAN_POINT('Ctrl Pts',(23.0607658491863,-0.792222506485834,67.1270655211239));
#2377=CARTESIAN_POINT('Ctrl Pts',(23.8059856800628,0.0184768405082425,67.5906779112247));
#2378=CARTESIAN_POINT('Ctrl Pts',(23.9795918367347,0.671529785762386,67.6958822255388));
#2379=CARTESIAN_POINT('Ctrl Pts',(23.9795918367347,1.,67.6958822255388));
#2380=CARTESIAN_POINT('Origin',(24.5,-12.5,66.841964581028));
#2381=CARTESIAN_POINT('',(23.5,1.84938733190369,66.841964581028));
#2382=CARTESIAN_POINT('Ctrl Pts',(23.9795918367347,1.,67.6958822255388));
#2383=CARTESIAN_POINT('Ctrl Pts',(23.9783062328192,1.00149040478707,67.6950987322164));
#2384=CARTESIAN_POINT('Ctrl Pts',(23.977022396762,1.00298081132182,67.6943123346901));
#2385=CARTESIAN_POINT('Ctrl Pts',(23.8823329875399,1.11305758190251,67.6360170559873));
#2386=CARTESIAN_POINT('Ctrl Pts',(23.7977635304318,1.22229141617441,67.5627582415461));
#2387=CARTESIAN_POINT('Ctrl Pts',(23.6586473426307,1.4277347001616,67.3929274912866));
#2388=CARTESIAN_POINT('Ctrl Pts',(23.6019141072401,1.52565351295339,67.2966010253531));
#2389=CARTESIAN_POINT('Ctrl Pts',(23.5233164570289,1.70289989753683,67.0839283579893));
#2390=CARTESIAN_POINT('Ctrl Pts',(23.5,1.78379248556303,66.9669235734852));
#2391=CARTESIAN_POINT('Ctrl Pts',(23.5,1.84938733190369,66.841964581028));
#2392=CARTESIAN_POINT('',(23.5,-12.5,66.841964581028));
#2393=CARTESIAN_POINT('Origin',(199.,-49.,9.71695780969078));
#2394=CARTESIAN_POINT('',(200.,-49.,9.71695780969077));
#2395=CARTESIAN_POINT('',(199.,-50.,9.71695780969078));
#2396=CARTESIAN_POINT('Origin',(199.,-49.,9.71695780969078));
#2397=CARTESIAN_POINT('',(199.,-49.8516583167045,10.2410552353551));
#2398=CARTESIAN_POINT('Origin',(199.,-49.,9.71695780969078));
#2399=CARTESIAN_POINT('Origin',(199.,-49.,9.71695780969078));
#2400=CARTESIAN_POINT('Origin',(1.00000000000001,-24.5131485502482,49.5080914155374));
#2401=CARTESIAN_POINT('',(1.00000000000001,-40.4467092765143,25.5240974256643));
#2402=CARTESIAN_POINT('',(0.,-39.5950509598097,25.));
#2403=CARTESIAN_POINT('Origin',(1.00000000000001,-39.5950509598097,25.));
#2404=CARTESIAN_POINT('',(0.,-24.5131485502482,49.5080914155374));
#2405=CARTESIAN_POINT('',(1.00000000000001,-25.3648068669528,50.0321888412017));
#2406=CARTESIAN_POINT('Ctrl Pts',(1.00000000000001,-40.4467092765143,25.5240974256643));
#2407=CARTESIAN_POINT('Ctrl Pts',(1.00000000000001,-38.1912068585524,29.1892888548524));
#2408=CARTESIAN_POINT('Ctrl Pts',(2.22810916791326,-31.4229574104425,40.187694208031));
#2409=CARTESIAN_POINT('Ctrl Pts',(10.3779766097932,-21.00329939916,57.1196384763651));
#2410=CARTESIAN_POINT('Ctrl Pts',(28.0145326817673,-12.3510565005007,71.1795331866863));
#2411=CARTESIAN_POINT('Ctrl Pts',(42.6696171416238,-10.2928631226681,74.5240974256643));
#2412=CARTESIAN_POINT('Ctrl Pts',(50.,-10.2928631226681,74.5240974256643));
#2413=CARTESIAN_POINT('Ctrl Pts',(0.70080069965813,-40.4467092765143,25.5240974256643));
#2414=CARTESIAN_POINT('Ctrl Pts',(0.708429664975582,-38.1809121383008,29.205430665647));
#2415=CARTESIAN_POINT('Ctrl Pts',(1.96437854038062,-31.3850417147013,40.2489510019435));
#2416=CARTESIAN_POINT('Ctrl Pts',(10.1804011673939,-20.9306923715258,57.2370776521969));
#2417=CARTESIAN_POINT('Ctrl Pts',(27.9122963125346,-12.2544335895002,71.3361830273971));
#2418=CARTESIAN_POINT('Ctrl Pts',(42.6354921151543,-10.1911241979218,74.6894231783771));
#2419=CARTESIAN_POINT('Ctrl Pts',(50.,-10.1911241979218,74.6894231783771));
#2420=CARTESIAN_POINT('Ctrl Pts',(0.182983574875808,-40.2327027705837,25.3924011143225));
#2421=CARTESIAN_POINT('Ctrl Pts',(0.202756559743284,-37.9613262006989,29.1089097670782));
#2422=CARTESIAN_POINT('Ctrl Pts',(1.50563092167172,-31.1496384454519,40.2505557631935));
#2423=CARTESIAN_POINT('Ctrl Pts',(9.83541759972656,-20.678583542015,57.3642480818575));
#2424=CARTESIAN_POINT('Ctrl Pts',(27.7334958653091,-11.9921499983095,71.5521343016706));
#2425=CARTESIAN_POINT('Ctrl Pts',(42.5759701499339,-9.92663734846047,74.9247621562709));
#2426=CARTESIAN_POINT('Ctrl Pts',(50.,-9.92663734846047,74.9247621562709));
#2427=CARTESIAN_POINT('Ctrl Pts',(1.00732945110152E-14,-39.786162639176,
25.1176071873023));
#2428=CARTESIAN_POINT('Ctrl Pts',(0.0088800879235702,-37.525931968652,28.8547495408403));
#2429=CARTESIAN_POINT('Ctrl Pts',(1.28651441527273,-30.744686477334,40.0636860605258));
#2430=CARTESIAN_POINT('Ctrl Pts',(9.62391430458809,-20.3096674665826,57.2999436622656));
#2431=CARTESIAN_POINT('Ctrl Pts',(27.6060342392726,-11.6471912911954,71.5997415432042));
#2432=CARTESIAN_POINT('Ctrl Pts',(42.5333999129347,-9.58679642657305,75.));
#2433=CARTESIAN_POINT('Ctrl Pts',(50.,-9.58679642657305,75.));
#2434=CARTESIAN_POINT('Ctrl Pts',(1.04083408558608E-14,-39.5950509598097,
25.));
#2435=CARTESIAN_POINT('Ctrl Pts',(1.11433631220776E-14,-37.3395485418478,
28.7399912542736));
#2436=CARTESIAN_POINT('Ctrl Pts',(1.25317262031966,-30.5712990937379,39.9628538595578));
#2437=CARTESIAN_POINT('Ctrl Pts',(9.56936388754404,-20.1516410824554,57.2403480109191));
#2438=CARTESIAN_POINT('Ctrl Pts',(27.5658496752728,-11.4993981837962,71.5871793479816));
#2439=CARTESIAN_POINT('Ctrl Pts',(42.5200174914529,-9.44120480596357,75.));
#2440=CARTESIAN_POINT('Ctrl Pts',(50.,-9.44120480596357,75.));
#2441=CARTESIAN_POINT('',(50.,-10.2928631226681,74.5240974256643));
#2442=CARTESIAN_POINT('',(50.,-9.44120480596357,75.));
#2443=CARTESIAN_POINT('Origin',(50.,-9.44120480596357,74.));
#2444=CARTESIAN_POINT('Origin',(50.,-39.5950509598097,25.));
#2445=CARTESIAN_POINT('Origin',(50.,-40.4467092765143,25.5240974256643));
#2446=CARTESIAN_POINT('Origin',(150.,-9.44120480596356,74.));
#2447=CARTESIAN_POINT('',(150.,-10.2928631226681,74.5240974256643));
#2448=CARTESIAN_POINT('',(150.,-9.44120480596356,75.));
#2449=CARTESIAN_POINT('Origin',(150.,-9.44120480596356,74.));
#2450=CARTESIAN_POINT('',(150.,-9.44120480596356,75.));
#2451=CARTESIAN_POINT('',(150.,-10.2928631226681,74.5240974256643));
#2452=CARTESIAN_POINT('Ctrl Pts',(150.,-10.2928631226681,74.5240974256643));
#2453=CARTESIAN_POINT('Ctrl Pts',(153.665191429188,-10.2928631226681,74.5240974256643));
#2454=CARTESIAN_POINT('Ctrl Pts',(164.663416565222,-11.0485667462871,73.2960790372834));
#2455=CARTESIAN_POINT('Ctrl Pts',(181.595353892495,-16.0638830726009,65.1461900070235));
#2456=CARTESIAN_POINT('Ctrl Pts',(195.654285641378,-26.9171827225567,47.5095780758454));
#2457=CARTESIAN_POINT('Ctrl Pts',(199.,-35.9357044405905,32.8544802840405));
#2458=CARTESIAN_POINT('Ctrl Pts',(199.,-40.4467092765143,25.5240974256643));
#2459=CARTESIAN_POINT('Ctrl Pts',(150.,-10.1911241979218,74.6894231783771));
#2460=CARTESIAN_POINT('Ctrl Pts',(153.682253942423,-10.1911241979218,74.6894231783771));
#2461=CARTESIAN_POINT('Ctrl Pts',(164.731557303534,-10.9486839510144,73.4580873581264));
#2462=CARTESIAN_POINT('Ctrl Pts',(181.74651162582,-15.9769854023437,65.2865263870441));
#2463=CARTESIAN_POINT('Ctrl Pts',(195.894353980886,-26.8631675378788,47.5970363013325));
#2464=CARTESIAN_POINT('Ctrl Pts',(199.283941369707,-35.9151150000874,32.8867639056296));
#2465=CARTESIAN_POINT('Ctrl Pts',(199.299199300342,-40.4467092765143,25.5240974256643));
#2466=CARTESIAN_POINT('Ctrl Pts',(150.,-9.92663292926896,74.92475307246));
#2467=CARTESIAN_POINT('Ctrl Pts',(153.712014925033,-9.92663292926896,74.92475307246));
#2468=CARTESIAN_POINT('Ctrl Pts',(164.850720245027,-10.6851319970675,73.6861826353222));
#2469=CARTESIAN_POINT('Ctrl Pts',(182.011005216152,-15.7190147975241,65.4657370959849));
#2470=CARTESIAN_POINT('Ctrl Pts',(196.312653751534,-26.6194643141521,47.6566304388478));
#2471=CARTESIAN_POINT('Ctrl Pts',(199.777429142052,-35.6899203066622,32.8254003742019));
#2472=CARTESIAN_POINT('Ctrl Pts',(199.816975111787,-40.2326734464317,25.3923830686905));
#2473=CARTESIAN_POINT('Ctrl Pts',(150.,-9.58679642657305,75.));
#2474=CARTESIAN_POINT('Ctrl Pts',(153.733300043533,-9.58679642657305,75.));
#2475=CARTESIAN_POINT('Ctrl Pts',(164.935792953092,-10.3433464141409,73.7513842604779));
#2476=CARTESIAN_POINT('Ctrl Pts',(182.188227984788,-15.3642375543535,65.464577800465));
#2477=CARTESIAN_POINT('Ctrl Pts',(196.539182793365,-26.2316206550861,47.5201929253735));
#2478=CARTESIAN_POINT('Ctrl Pts',(199.982239824153,-35.2657012981279,32.5918918943784));
#2479=CARTESIAN_POINT('Ctrl Pts',(200.,-39.786162639176,25.1176071873023));
#2480=CARTESIAN_POINT('Ctrl Pts',(150.,-9.44120480596357,75.));
#2481=CARTESIAN_POINT('Ctrl Pts',(153.739991254274,-9.44120480596357,75.));
#2482=CARTESIAN_POINT('Ctrl Pts',(164.962669964512,-10.1969084295826,73.7469200118562));
#2483=CARTESIAN_POINT('Ctrl Pts',(182.240157033158,-15.2122247558964,65.4307067156726));
#2484=CARTESIAN_POINT('Ctrl Pts',(196.586005756508,-26.0655244058521,47.4341639287562));
#2485=CARTESIAN_POINT('Ctrl Pts',(200.,-35.0840461238859,32.4799825085471));
#2486=CARTESIAN_POINT('Ctrl Pts',(200.,-39.5950509598097,25.));
#2487=CARTESIAN_POINT('',(199.,-40.4467092765143,25.5240974256643));
#2488=CARTESIAN_POINT('',(200.,-39.5950509598097,25.));
#2489=CARTESIAN_POINT('Origin',(199.,-39.5950509598097,25.));
#2490=CARTESIAN_POINT('Origin',(150.,-39.5950509598097,25.));
#2491=CARTESIAN_POINT('Origin',(150.,-40.4467092765143,25.5240974256643));
#2492=CARTESIAN_POINT('Origin',(199.,-31.3801013399478,38.3492931322756));
#2493=CARTESIAN_POINT('',(200.,-31.3801013399478,38.3492931322756));
#2494=CARTESIAN_POINT('',(199.,-32.2317596566524,38.8733905579399));
#2495=CARTESIAN_POINT('Origin',(100.,-49.,9.71695780969078));
#2496=CARTESIAN_POINT('',(100.,-50.,9.71695780969078));
#2497=CARTESIAN_POINT('',(100.,-49.8516583167045,10.2410552353551));
#2498=CARTESIAN_POINT('Origin',(0.999999999999996,-49.,1.));
#2499=CARTESIAN_POINT('',(0.,-49.,1.));
#2500=CARTESIAN_POINT('Origin',(0.999999999999996,-49.,1.));
#2501=CARTESIAN_POINT('',(1.,-50.,1.));
#2502=CARTESIAN_POINT('Origin',(0.999999999999996,-49.,1.));
#2503=CARTESIAN_POINT('Origin',(1.,-49.,1.));
#2504=CARTESIAN_POINT('Origin',(24.5,-12.5,66.841964581028));
#2505=CARTESIAN_POINT('',(23.9795918367347,0.249999999999999,67.6958822255388));
#2506=CARTESIAN_POINT('',(23.9795918367347,-12.5,67.6958822255388));
#2507=CARTESIAN_POINT('',(25.5,0.25,66.841964581028));
#2508=CARTESIAN_POINT('Origin',(24.5,0.249999999999999,66.841964581028));
#2509=CARTESIAN_POINT('',(25.5,2.,66.841964581028));
#2510=CARTESIAN_POINT('',(25.5,-12.5,66.841964581028));
#2511=CARTESIAN_POINT('',(25.3591834743799,2.,67.3536322049329));
#2512=CARTESIAN_POINT('Origin',(24.5,2.,66.841964581028));
#2513=CARTESIAN_POINT('Ctrl Pts',(25.3591834743799,2.,67.3536322049329));
#2514=CARTESIAN_POINT('Ctrl Pts',(25.3112582411557,2.,67.4341074323428));
#2515=CARTESIAN_POINT('Ctrl Pts',(25.2531119789304,1.98685580410337,67.5060478905316));
#2516=CARTESIAN_POINT('Ctrl Pts',(25.1121258709447,1.9342234896175,67.6394898252962));
#2517=CARTESIAN_POINT('Ctrl Pts',(25.029509792205,1.89217383164566,67.6955480714751));
#2518=CARTESIAN_POINT('Ctrl Pts',(24.8314541492415,1.77327227517564,67.7938547534751));
#2519=CARTESIAN_POINT('Ctrl Pts',(24.7149546367382,1.68999372043455,67.8250825351371));
#2520=CARTESIAN_POINT('Ctrl Pts',(24.4917538791247,1.51201986114259,67.8481362271741));
#2521=CARTESIAN_POINT('Ctrl Pts',(24.383508701048,1.41632047152689,67.8405902220977));
#2522=CARTESIAN_POINT('Ctrl Pts',(24.1753494222048,1.2160769196751,67.7940877923349));
#2523=CARTESIAN_POINT('Ctrl Pts',(24.0747130637183,1.10997780731454,67.7532768575806));
#2524=CARTESIAN_POINT('Ctrl Pts',(23.9821648154393,1.00298081131994,67.6974463098173));
#2525=CARTESIAN_POINT('Ctrl Pts',(23.9808774406502,1.00149040478713,67.6966657188611));
#2526=CARTESIAN_POINT('Ctrl Pts',(23.9795918367347,1.,67.6958822255387));
#2527=CARTESIAN_POINT('Ctrl Pts',(23.9795918367347,0.250000000000016,67.6958822255388));
#2528=CARTESIAN_POINT('Ctrl Pts',(23.9795918367347,0.237364057179623,67.6958822255388));
#2529=CARTESIAN_POINT('Ctrl Pts',(23.9799825851321,0.21208989250749,67.6961202907249));
#2530=CARTESIAN_POINT('Ctrl Pts',(23.9823306537972,0.161597476179375,67.697551246354));
#2531=CARTESIAN_POINT('Ctrl Pts',(23.9951918994423,0.0232859919787589,67.7053867316688));
#2532=CARTESIAN_POINT('Ctrl Pts',(24.0634521695532,-0.246373753817932,67.7469547678112));
#2533=CARTESIAN_POINT('Ctrl Pts',(24.2967766302191,-0.624496415306624,67.8881618775755));
#2534=CARTESIAN_POINT('Ctrl Pts',(24.7187849114839,-0.926121559911279,68.1390450999328));
#2535=CARTESIAN_POINT('Ctrl Pts',(25.0758364672194,-1.,68.3454568823316));
#2536=CARTESIAN_POINT('Ctrl Pts',(25.2551020408163,-0.999999999999999,68.4475548792977));
#2537=CARTESIAN_POINT('Ctrl Pts',(24.1518494061583,0.25000000000001,67.8008621915677));
#2538=CARTESIAN_POINT('Ctrl Pts',(24.1518494061583,0.239753685462564,67.8008621915677));
#2539=CARTESIAN_POINT('Ctrl Pts',(24.1521533173327,0.219258690967512,67.8010463423002));
#2540=CARTESIAN_POINT('Ctrl Pts',(24.1539741190645,0.178297849490582,67.8021429431128));
#2541=CARTESIAN_POINT('Ctrl Pts',(24.1639921115858,0.0659339382824373,67.8081831926055));
#2542=CARTESIAN_POINT('Ctrl Pts',(24.2171595341002,-0.155086177582034,67.8401963367867));
#2543=CARTESIAN_POINT('Ctrl Pts',(24.406149783234,-0.480514255405472,67.9535079696279));
#2544=CARTESIAN_POINT('Ctrl Pts',(24.769944327337,-0.762849158515066,68.168665176976));
#2545=CARTESIAN_POINT('Ctrl Pts',(25.0917052578409,-0.843767717580848,68.3545211409205));
#2546=CARTESIAN_POINT('Ctrl Pts',(25.2551020408163,-0.850400349829057,68.4475548792977));
#2547=CARTESIAN_POINT('Ctrl Pts',(24.5604165652538,0.249999999999998,67.9027184855427));
#2548=CARTESIAN_POINT('Ctrl Pts',(24.5604165652538,0.244518707887058,67.9027184855427));
#2549=CARTESIAN_POINT('Ctrl Pts',(24.5605375527608,0.23355316049924,67.9028125529143));
#2550=CARTESIAN_POINT('Ctrl Pts',(24.5612292470246,0.211598483880091,67.903362467733));
#2551=CARTESIAN_POINT('Ctrl Pts',(24.5651729202424,0.150972771084443,67.9064613837969));
#2552=CARTESIAN_POINT('Ctrl Pts',(24.5860277935209,0.026947022049056,67.9228621554774));
#2553=CARTESIAN_POINT('Ctrl Pts',(24.6794395577369,-0.193289404724787,67.9915222000497));
#2554=CARTESIAN_POINT('Ctrl Pts',(24.9162649064013,-0.436929115579738,68.1520037110782));
#2555=CARTESIAN_POINT('Ctrl Pts',(25.1605664368801,-0.531807421745172,68.3079547373006));
#2556=CARTESIAN_POINT('Ctrl Pts',(25.2889392135654,-0.551637475912812,68.3881429382018));
#2557=CARTESIAN_POINT('Ctrl Pts',(25.2541281803434,0.249999999999985,67.642753510231));
#2558=CARTESIAN_POINT('Ctrl Pts',(25.2541281803434,0.249919848066205,67.642753510231));
#2559=CARTESIAN_POINT('Ctrl Pts',(25.2540312806157,0.249758420660509,67.6428260895298));
#2560=CARTESIAN_POINT('Ctrl Pts',(25.2534283700385,0.24936667440057,67.6432438006445));
#2561=CARTESIAN_POINT('Ctrl Pts',(25.2503166560187,0.247620620947513,67.6456382166625));
#2562=CARTESIAN_POINT('Ctrl Pts',(25.233841260888,0.236042932428181,67.6582875595364));
#2563=CARTESIAN_POINT('Ctrl Pts',(25.2099592742818,0.154274358209132,67.7169489060381));
#2564=CARTESIAN_POINT('Ctrl Pts',(25.2683230783187,-0.00933365738684001,
67.8672098795322));
#2565=CARTESIAN_POINT('Ctrl Pts',(25.3858605936064,-0.101744962320749,68.0188586655628));
#2566=CARTESIAN_POINT('Ctrl Pts',(25.4545505267613,-0.131195310477492,68.0973594954663));
#2567=CARTESIAN_POINT('Ctrl Pts',(25.5,0.249999999999986,67.1445538948762));
#2568=CARTESIAN_POINT('Ctrl Pts',(25.5,0.249381897299902,67.1445538948762));
#2569=CARTESIAN_POINT('Ctrl Pts',(25.499978069799,0.248139715545756,67.1447288023423));
#2570=CARTESIAN_POINT('Ctrl Pts',(25.4997495999428,0.245631663003534,67.1457528668711));
#2571=CARTESIAN_POINT('Ctrl Pts',(25.4986707100843,0.238402460796665,67.1514218684869));
#2572=CARTESIAN_POINT('Ctrl Pts',(25.4926458512437,0.220354149161638,67.1813962919062));
#2573=CARTESIAN_POINT('Ctrl Pts',(25.4868321385815,0.163366560141987,67.289173238443));
#2574=CARTESIAN_POINT('Ctrl Pts',(25.5267707585344,0.0678661455051062,67.4984783654443));
#2575=CARTESIAN_POINT('Ctrl Pts',(25.598215039298,0.0158257136444641,67.6817673265178));
#2576=CARTESIAN_POINT('Ctrl Pts',(25.6389451576537,-8.20496889355163E-15,
67.7735959520335));
#2577=CARTESIAN_POINT('Ctrl Pts',(25.5,0.249999999999991,66.841964581028));
#2578=CARTESIAN_POINT('Ctrl Pts',(25.5,0.247472811435903,66.841964581028));
#2579=CARTESIAN_POINT('Ctrl Pts',(25.5000765866859,0.242417978501481,66.8421978849104));
#2580=CARTESIAN_POINT('Ctrl Pts',(25.5005368081442,0.232319495235858,66.8436002214269));
#2581=CARTESIAN_POINT('Ctrl Pts',(25.5030576122907,0.204657198395731,66.8512789970355));
#2582=CARTESIAN_POINT('Ctrl Pts',(25.5164366252323,0.150725249236423,66.892015672455));
#2583=CARTESIAN_POINT('Ctrl Pts',(25.5621682195227,0.07510071693868,67.0303986400239));
#2584=CARTESIAN_POINT('Ctrl Pts',(25.6448818426507,0.0147756880176998,67.2762641979341));
#2585=CARTESIAN_POINT('Ctrl Pts',(25.7148639475744,-1.01221156943811E-14,
67.4785477446847));
#2586=CARTESIAN_POINT('Ctrl Pts',(25.75,-9.43689570931383E-15,67.5786037817118));
#2587=CARTESIAN_POINT('',(25.2551020408163,-0.999999999999999,68.4475548792977));
#2588=CARTESIAN_POINT('',(25.75,1.50162000889242E-16,67.5786037817118));
#2589=CARTESIAN_POINT('Origin',(25.75,-0.999999999999999,67.5786037817118));
#2590=CARTESIAN_POINT('Ctrl Pts',(25.75,-9.43689570931383E-15,67.5786037817118));
#2591=CARTESIAN_POINT('Ctrl Pts',(25.7148639475744,-1.01221156943811E-14,
67.4785477446847));
#2592=CARTESIAN_POINT('Ctrl Pts',(25.6448818426507,0.0147756880176998,67.2762641979341));
#2593=CARTESIAN_POINT('Ctrl Pts',(25.5621682195227,0.07510071693868,67.0303986400239));
#2594=CARTESIAN_POINT('Ctrl Pts',(25.5164366252323,0.150725249236423,66.892015672455));
#2595=CARTESIAN_POINT('Ctrl Pts',(25.5030576122907,0.204657198395731,66.8512789970355));
#2596=CARTESIAN_POINT('Ctrl Pts',(25.5005368081442,0.232319495235858,66.8436002214269));
#2597=CARTESIAN_POINT('Ctrl Pts',(25.5000765866859,0.242417978501481,66.8421978849104));
#2598=CARTESIAN_POINT('Ctrl Pts',(25.5,0.247472811435903,66.841964581028));
#2599=CARTESIAN_POINT('Ctrl Pts',(25.5,0.249999999999991,66.841964581028));
#2600=CARTESIAN_POINT('Ctrl Pts',(23.9795918367347,0.250000000000016,67.6958822255388));
#2601=CARTESIAN_POINT('Ctrl Pts',(23.9795918367347,0.237364057179623,67.6958822255388));
#2602=CARTESIAN_POINT('Ctrl Pts',(23.9799825851321,0.21208989250749,67.6961202907249));
#2603=CARTESIAN_POINT('Ctrl Pts',(23.9823306537972,0.161597476179375,67.697551246354));
#2604=CARTESIAN_POINT('Ctrl Pts',(23.9951918994423,0.0232859919787589,67.7053867316688));
#2605=CARTESIAN_POINT('Ctrl Pts',(24.0634521695532,-0.246373753817932,67.7469547678112));
#2606=CARTESIAN_POINT('Ctrl Pts',(24.2967766302191,-0.624496415306624,67.8881618775755));
#2607=CARTESIAN_POINT('Ctrl Pts',(24.7187849114839,-0.926121559911279,68.1390450999328));
#2608=CARTESIAN_POINT('Ctrl Pts',(25.0758364672194,-1.,68.3454568823316));
#2609=CARTESIAN_POINT('Ctrl Pts',(25.2551020408163,-0.999999999999999,68.4475548792977));
#2610=CARTESIAN_POINT('Origin',(50.,-1.,25.));
#2611=CARTESIAN_POINT('',(50.,-1.,75.));
#2612=CARTESIAN_POINT('',(50.,0.,74.));
#2613=CARTESIAN_POINT('Origin',(50.,-1.,74.));
#2614=CARTESIAN_POINT('Origin',(50.,0.,25.));
#2615=CARTESIAN_POINT('Origin',(50.,-1.,25.));
#2616=CARTESIAN_POINT('Origin',(150.,-1.,74.));
#2617=CARTESIAN_POINT('',(150.,-1.,75.));
#2618=CARTESIAN_POINT('',(150.,0.,74.));
#2619=CARTESIAN_POINT('Origin',(150.,-1.,74.));
#2620=CARTESIAN_POINT('',(150.,0.,74.));
#2621=CARTESIAN_POINT('',(150.,-1.,75.));
#2622=CARTESIAN_POINT('Origin',(150.,-1.,25.));
#2623=CARTESIAN_POINT('',(174.744897959184,-1.,68.4475548792977));
#2624=CARTESIAN_POINT('',(174.25,0.,67.5786037817118));
#2625=CARTESIAN_POINT('Origin',(174.25,-1.,67.5786037817118));
#2626=CARTESIAN_POINT('Origin',(150.,0.,25.));
#2627=CARTESIAN_POINT('Origin',(150.,-1.,25.));
#2628=CARTESIAN_POINT('Ctrl Pts',(174.744897959184,-0.999999999999997,68.4475548792977));
#2629=CARTESIAN_POINT('Ctrl Pts',(175.013798007664,-1.,68.2944069224251));
#2630=CARTESIAN_POINT('Ctrl Pts',(175.461089877815,-0.861026516798619,68.0335045884364));
#2631=CARTESIAN_POINT('Ctrl Pts',(175.801624901647,-0.480807950278868,67.8285717209339));
#2632=CARTESIAN_POINT('Ctrl Pts',(175.910100776671,-0.260314421904117,67.7629107648596));
#2633=CARTESIAN_POINT('Ctrl Pts',(175.948410678356,-0.169240778139095,67.7396789647512));
#2634=CARTESIAN_POINT('Ctrl Pts',(175.986251857112,-0.0502303862381368,
67.7166821089129));
#2635=CARTESIAN_POINT('Ctrl Pts',(176.009485431101,0.0735969943674419,67.7025365127462));
#2636=CARTESIAN_POINT('Ctrl Pts',(176.017672643676,0.161602802363302,67.6975489310475));
#2637=CARTESIAN_POINT('Ctrl Pts',(176.019724232803,0.205778237302482,67.6962989288758));
#2638=CARTESIAN_POINT('Ctrl Pts',(176.020310537755,0.231045125388234,67.6959416726943));
#2639=CARTESIAN_POINT('Ctrl Pts',(176.020408163265,0.243681988926958,67.6958822255388));
#2640=CARTESIAN_POINT('Ctrl Pts',(176.020408163265,0.249999999999999,67.6958822255388));
#2641=CARTESIAN_POINT('Ctrl Pts',(174.744897959184,-0.850400349829054,68.4475548792977));
#2642=CARTESIAN_POINT('Ctrl Pts',(174.989994672301,-0.840451338999414,68.3080033956634));
#2643=CARTESIAN_POINT('Ctrl Pts',(175.390003650409,-0.695240654764544,68.0749834427453));
#2644=CARTESIAN_POINT('Ctrl Pts',(175.673686116531,-0.355458666323825,67.9055647233505));
#2645=CARTESIAN_POINT('Ctrl Pts',(175.761018989817,-0.169088384715813,67.8532264459387));
#2646=CARTESIAN_POINT('Ctrl Pts',(175.791661411089,-0.0927495400661612,
67.8348419718154));
#2647=CARTESIAN_POINT('Ctrl Pts',(175.821529580077,0.00570200701197554,
67.8168920713919));
#2648=CARTESIAN_POINT('Ctrl Pts',(175.839662059932,0.106818366718613,67.8059737513407));
#2649=CARTESIAN_POINT('Ctrl Pts',(175.846026128629,0.178302722524551,67.8021418793897));
#2650=CARTESIAN_POINT('Ctrl Pts',(175.847619587637,0.214139305963956,67.8011820532895));
#2651=CARTESIAN_POINT('Ctrl Pts',(175.848074817732,0.234629911607266,67.8009079517396));
#2652=CARTESIAN_POINT('Ctrl Pts',(175.848150593842,0.244876810569215,67.8008621915677));
#2653=CARTESIAN_POINT('Ctrl Pts',(175.848150593842,0.249999999999999,67.8008621915677));
#2654=CARTESIAN_POINT('Ctrl Pts',(174.711055295319,-0.55165534180702,68.388133296799));
#2655=CARTESIAN_POINT('Ctrl Pts',(174.903615669193,-0.521910073822429,68.2678502403404));
#2656=CARTESIAN_POINT('Ctrl Pts',(175.20005709968,-0.364379581170708,68.0758457347553));
#2657=CARTESIAN_POINT('Ctrl Pts',(175.360480179157,-0.105433943019257,67.9622182041437));
#2658=CARTESIAN_POINT('Ctrl Pts',(175.402279755243,0.0128478793728584,67.9312799074211));
#2659=CARTESIAN_POINT('Ctrl Pts',(175.41640011148,0.0597875495034248,67.9206909396048));
#2660=CARTESIAN_POINT('Ctrl Pts',(175.429139743116,0.117232815754331,67.9109200794725));
#2661=CARTESIAN_POINT('Ctrl Pts',(175.436353434963,0.173062402223271,67.9052711440528));
#2662=CARTESIAN_POINT('Ctrl Pts',(175.438812591305,0.21160263819418,67.9033266829817));
#2663=CARTESIAN_POINT('Ctrl Pts',(175.43942570352,0.230811502563664,67.902841374862));
#2664=CARTESIAN_POINT('Ctrl Pts',(175.439600083266,0.241778051893389,67.9027030468635));
#2665=CARTESIAN_POINT('Ctrl Pts',(175.439629556799,0.247259336738355,67.9026799448057));
#2666=CARTESIAN_POINT('Ctrl Pts',(175.439629556799,0.249999999999999,67.9026799448057));
#2667=CARTESIAN_POINT('Ctrl Pts',(174.5454417135,-0.131229172614349,68.0973458707718));
#2668=CARTESIAN_POINT('Ctrl Pts',(174.648477260065,-0.087053373054942,67.9795938866986));
#2669=CARTESIAN_POINT('Ctrl Pts',(174.779728892617,0.0551905309930279,67.7937429146859));
#2670=CARTESIAN_POINT('Ctrl Pts',(174.7805316208,0.191159726817796,67.6917710346978));
#2671=CARTESIAN_POINT('Ctrl Pts',(174.767153378059,0.224531291289728,67.6657052304962));
#2672=CARTESIAN_POINT('Ctrl Pts',(174.761505048023,0.235606338587269,67.6569109959607));
#2673=CARTESIAN_POINT('Ctrl Pts',(174.754135930654,0.24455409070241,67.6490661207546));
#2674=CARTESIAN_POINT('Ctrl Pts',(174.748690234149,0.248300794831264,67.6446784346089));
#2675=CARTESIAN_POINT('Ctrl Pts',(174.746657210267,0.249367973142029,67.643188660224));
#2676=CARTESIAN_POINT('Ctrl Pts',(174.746142029816,0.249711894743607,67.6428177443056));
#2677=CARTESIAN_POINT('Ctrl Pts',(174.745994110241,0.249880570499251,67.6427121806295));
#2678=CARTESIAN_POINT('Ctrl Pts',(174.745969433975,0.249959923781528,67.6426945295818));
#2679=CARTESIAN_POINT('Ctrl Pts',(174.745969433975,0.25,67.6426945295818));
#2680=CARTESIAN_POINT('Ctrl Pts',(174.361054842346,6.29740704742077E-15,
67.7735959520335));
#2681=CARTESIAN_POINT('Ctrl Pts',(174.422150403425,0.0237387194922845,67.6358521490383));
#2682=CARTESIAN_POINT('Ctrl Pts',(174.50293980009,0.104025226156592,67.406294777055));
#2683=CARTESIAN_POINT('Ctrl Pts',(174.511332321767,0.187954594629383,67.2434425828228));
#2684=CARTESIAN_POINT('Ctrl Pts',(174.507533970681,0.214258042794906,67.1938161330742));
#2685=CARTESIAN_POINT('Ctrl Pts',(174.505635800555,0.223771742310329,67.1764459140911));
#2686=CARTESIAN_POINT('Ctrl Pts',(174.502984475711,0.233549765941652,67.1595678501417));
#2687=CARTESIAN_POINT('Ctrl Pts',(174.501020105885,0.241075066169887,67.1493328081137));
#2688=CARTESIAN_POINT('Ctrl Pts',(174.500254770269,0.245635895077699,67.1457506410093));
#2689=CARTESIAN_POINT('Ctrl Pts',(174.500063759702,0.247831639370127,67.1448530239457));
#2690=CARTESIAN_POINT('Ctrl Pts',(174.500007213391,0.249072367794242,67.1445970206945));
#2691=CARTESIAN_POINT('Ctrl Pts',(174.5,0.249690946709807,67.1445538948762));
#2692=CARTESIAN_POINT('Ctrl Pts',(174.5,0.25,67.1445538948762));
#2693=CARTESIAN_POINT('Ctrl Pts',(174.25,4.57966997657877E-15,67.5786037817118));
#2694=CARTESIAN_POINT('Ctrl Pts',(174.302704409506,7.55090822110554E-15,
67.4285187839746));
#2695=CARTESIAN_POINT('Ctrl Pts',(174.390373616053,0.0277946966414814,67.1728344966671));
#2696=CARTESIAN_POINT('Ctrl Pts',(174.457118480723,0.10383840994416,66.972000286515));
#2697=CARTESIAN_POINT('Ctrl Pts',(174.478379752228,0.147937115619106,66.9076525495623));
#2698=CARTESIAN_POINT('Ctrl Pts',(174.485888492958,0.166151844372136,66.8848853854561));
#2699=CARTESIAN_POINT('Ctrl Pts',(174.493305363994,0.189953922752388,66.8623484667345));
#2700=CARTESIAN_POINT('Ctrl Pts',(174.497859144496,0.214719398873479,66.8484857824913));
#2701=CARTESIAN_POINT('Ctrl Pts',(174.499463838161,0.232320560472661,66.8435979524266));
#2702=CARTESIAN_POINT('Ctrl Pts',(174.499865949629,0.241155647460496,66.8423729502983));
#2703=CARTESIAN_POINT('Ctrl Pts',(174.4999808654,0.246209025077647,66.8420228392404));
#2704=CARTESIAN_POINT('Ctrl Pts',(174.5,0.248736397785392,66.841964581028));
#2705=CARTESIAN_POINT('Ctrl Pts',(174.5,0.25,66.841964581028));
#2706=CARTESIAN_POINT('',(176.020408163265,0.249999999999999,67.6958822255388));
#2707=CARTESIAN_POINT('',(174.5,0.25,66.841964581028));
#2708=CARTESIAN_POINT('Origin',(175.5,0.25,66.841964581028));
#2709=CARTESIAN_POINT('Ctrl Pts',(174.5,0.25,66.841964581028));
#2710=CARTESIAN_POINT('Ctrl Pts',(174.5,0.248736397785392,66.841964581028));
#2711=CARTESIAN_POINT('Ctrl Pts',(174.4999808654,0.246209025077647,66.8420228392404));
#2712=CARTESIAN_POINT('Ctrl Pts',(174.499865949629,0.241155647460496,66.8423729502983));
#2713=CARTESIAN_POINT('Ctrl Pts',(174.499463838161,0.232320560472661,66.8435979524266));
#2714=CARTESIAN_POINT('Ctrl Pts',(174.497859144496,0.214719398873479,66.8484857824913));
#2715=CARTESIAN_POINT('Ctrl Pts',(174.493305363994,0.189953922752388,66.8623484667345));
#2716=CARTESIAN_POINT('Ctrl Pts',(174.485888492958,0.166151844372136,66.8848853854561));
#2717=CARTESIAN_POINT('Ctrl Pts',(174.478379752228,0.147937115619106,66.9076525495623));
#2718=CARTESIAN_POINT('Ctrl Pts',(174.457118480723,0.10383840994416,66.972000286515));
#2719=CARTESIAN_POINT('Ctrl Pts',(174.390373616053,0.0277946966414814,67.1728344966671));
#2720=CARTESIAN_POINT('Ctrl Pts',(174.302704409506,7.55090822110554E-15,
67.4285187839746));
#2721=CARTESIAN_POINT('Ctrl Pts',(174.25,4.57966997657877E-15,67.5786037817118));
#2722=CARTESIAN_POINT('Ctrl Pts',(174.744897959184,-0.999999999999997,68.4475548792977));
#2723=CARTESIAN_POINT('Ctrl Pts',(175.013798007664,-1.,68.2944069224251));
#2724=CARTESIAN_POINT('Ctrl Pts',(175.461089877815,-0.861026516798619,68.0335045884364));
#2725=CARTESIAN_POINT('Ctrl Pts',(175.801624901647,-0.480807950278868,67.8285717209339));
#2726=CARTESIAN_POINT('Ctrl Pts',(175.910100776671,-0.260314421904117,67.7629107648596));
#2727=CARTESIAN_POINT('Ctrl Pts',(175.948410678356,-0.169240778139095,67.7396789647512));
#2728=CARTESIAN_POINT('Ctrl Pts',(175.986251857112,-0.0502303862381368,
67.7166821089129));
#2729=CARTESIAN_POINT('Ctrl Pts',(176.009485431101,0.0735969943674419,67.7025365127462));
#2730=CARTESIAN_POINT('Ctrl Pts',(176.017672643676,0.161602802363302,67.6975489310475));
#2731=CARTESIAN_POINT('Ctrl Pts',(176.019724232803,0.205778237302482,67.6962989288758));
#2732=CARTESIAN_POINT('Ctrl Pts',(176.020310537755,0.231045125388234,67.6959416726943));
#2733=CARTESIAN_POINT('Ctrl Pts',(176.020408163265,0.243681988926958,67.6958822255388));
#2734=CARTESIAN_POINT('Ctrl Pts',(176.020408163265,0.249999999999999,67.6958822255388));
#2735=CARTESIAN_POINT('Origin',(175.5,-37.5,66.841964581028));
#2736=CARTESIAN_POINT('',(174.5,2.,66.841964581028));
#2737=CARTESIAN_POINT('',(174.5,-37.5,66.841964581028));
#2738=CARTESIAN_POINT('',(176.020408163265,1.,67.6958822255388));
#2739=CARTESIAN_POINT('',(176.020408163265,-37.5,67.6958822255388));
#2740=CARTESIAN_POINT('',(174.64081652562,2.,67.3536322049329));
#2741=CARTESIAN_POINT('Ctrl Pts',(176.020408163265,1.,67.6958822255388));
#2742=CARTESIAN_POINT('Ctrl Pts',(176.01912255935,1.00149040478673,67.6966657188609));
#2743=CARTESIAN_POINT('Ctrl Pts',(176.017835184556,1.00298081132606,67.6974463098201));
#2744=CARTESIAN_POINT('Ctrl Pts',(175.925286936271,1.10997780731129,67.7532768575863));
#2745=CARTESIAN_POINT('Ctrl Pts',(175.824650577792,1.21607691967877,67.794087792336));
#2746=CARTESIAN_POINT('Ctrl Pts',(175.61649129895,1.4163204715286,67.8405902220979));
#2747=CARTESIAN_POINT('Ctrl Pts',(175.508246120874,1.51201986114336,67.848136227174));
#2748=CARTESIAN_POINT('Ctrl Pts',(175.285045363262,1.68999372043455,67.8250825351371));
#2749=CARTESIAN_POINT('Ctrl Pts',(175.168545850758,1.77327227517564,67.7938547534751));
#2750=CARTESIAN_POINT('Ctrl Pts',(174.970490207795,1.89217383164562,67.6955480714751));
#2751=CARTESIAN_POINT('Ctrl Pts',(174.887874129055,1.93422348961749,67.6394898252962));
#2752=CARTESIAN_POINT('Ctrl Pts',(174.74688802107,1.98685580410335,67.5060478905317));
#2753=CARTESIAN_POINT('Ctrl Pts',(174.688741758844,2.,67.4341074323428));
#2754=CARTESIAN_POINT('Ctrl Pts',(174.64081652562,2.,67.3536322049329));
#2755=CARTESIAN_POINT('Origin',(175.5,2.,66.841964581028));
#2756=CARTESIAN_POINT('Origin',(199.,-49.,1.));
#2757=CARTESIAN_POINT('',(199.,-50.,1.));
#2758=CARTESIAN_POINT('',(200.,-49.,1.));
#2759=CARTESIAN_POINT('Origin',(199.,-49.,1.));
#2760=CARTESIAN_POINT('Origin',(199.,-49.,1.));
#2761=CARTESIAN_POINT('Origin',(199.,-49.,1.));
#2762=CARTESIAN_POINT('Origin',(50.,-49.,1.));
#2763=CARTESIAN_POINT('',(50.,-50.,1.));
#2764=CARTESIAN_POINT('Origin',(199.,-1.,1.));
#2765=CARTESIAN_POINT('',(200.,-1.,1.));
#2766=CARTESIAN_POINT('',(199.,0.,1.));
#2767=CARTESIAN_POINT('Origin',(199.,-1.,1.));
#2768=CARTESIAN_POINT('Origin',(199.,-1.,1.));
#2769=CARTESIAN_POINT('Origin',(199.,-1.,1.));
#2770=CARTESIAN_POINT('Origin',(199.,-37.5,1.));
#2771=CARTESIAN_POINT('',(200.,-37.5,1.));
#2772=CARTESIAN_POINT('Origin',(150.,-1.,1.));
#2773=CARTESIAN_POINT('',(177.5,0.,1.));
#2774=CARTESIAN_POINT('Origin',(177.5,-1.,1.));
#2775=CARTESIAN_POINT('',(150.,0.,1.));
#2776=CARTESIAN_POINT('Origin',(177.5,1.,0.999999999999961));
#2777=CARTESIAN_POINT('',(176.5,1.,0.999999999999961));
#2778=CARTESIAN_POINT('Origin',(175.5,1.,0.999999999999961));
#2779=CARTESIAN_POINT('Origin',(177.5,1.,0.999999999999961));
#2780=CARTESIAN_POINT('Origin',(175.5,-12.5,1.));
#2781=CARTESIAN_POINT('',(176.5,-12.5,1.));
#2782=CARTESIAN_POINT('Origin',(199.,-1.,0.));
#2783=CARTESIAN_POINT('',(199.,0.,25.));
#2784=CARTESIAN_POINT('',(200.,-1.,25.));
#2785=CARTESIAN_POINT('Origin',(199.,-1.,25.));
#2786=CARTESIAN_POINT('',(200.,-1.,0.));
#2787=CARTESIAN_POINT('',(199.,0.,0.));
#2788=CARTESIAN_POINT('Origin',(150.,-1.,25.));
#2789=CARTESIAN_POINT('',(177.5,0.,65.5555175037873));
#2790=CARTESIAN_POINT('',(178.061224489796,-1.,66.3831811263136));
#2791=CARTESIAN_POINT('Origin',(177.5,-1.,65.5555175037873));
#2792=CARTESIAN_POINT('Origin',(150.,-1.,25.));
#2793=CARTESIAN_POINT('Origin',(150.,0.,25.));
#2794=CARTESIAN_POINT('Ctrl Pts',(176.020408163265,1.00000000000002,67.6958822255388));
#2795=CARTESIAN_POINT('Ctrl Pts',(176.020408163265,0.7536473393218,67.6958822255388));
#2796=CARTESIAN_POINT('Ctrl Pts',(176.114664811402,0.26256595425601,67.6384141591683));
#2797=CARTESIAN_POINT('Ctrl Pts',(176.715506401282,-0.687994954798819,67.2687035544182));
#2798=CARTESIAN_POINT('Ctrl Pts',(177.506402352229,-0.999999999999997,66.7593964903923));
#2799=CARTESIAN_POINT('Ctrl Pts',(178.061224489796,-1.,66.3831811263136));
#2800=CARTESIAN_POINT('Ctrl Pts',(176.186876147993,1.00000000000001,67.5944306409143));
#2801=CARTESIAN_POINT('Ctrl Pts',(176.186876147993,0.781789950566554,67.5944306409143));
#2802=CARTESIAN_POINT('Ctrl Pts',(176.274423920354,0.346748613812238,67.539913870092));
#2803=CARTESIAN_POINT('Ctrl Pts',(176.832617618329,-0.485272370114924,67.1938998093674));
#2804=CARTESIAN_POINT('Ctrl Pts',(177.561657110345,-0.730492703413184,66.7204822454337));
#2805=CARTESIAN_POINT('Ctrl Pts',(178.061224489796,-0.700800699658116,66.3831811263136));
#2806=CARTESIAN_POINT('Ctrl Pts',(176.424103752053,1.,67.3294555432202));
#2807=CARTESIAN_POINT('Ctrl Pts',(176.424103752053,0.830874427380779,67.3294555432202));
#2808=CARTESIAN_POINT('Ctrl Pts',(176.497670763277,0.49443047010486,67.277070675881));
#2809=CARTESIAN_POINT('Ctrl Pts',(176.960333131526,-0.131346607162337,66.9423442573266));
#2810=CARTESIAN_POINT('Ctrl Pts',(177.549462148865,-0.259977430566392,66.4894555070667));
#2811=CARTESIAN_POINT('Ctrl Pts',(177.920181403998,-0.183020790117265,66.1751783868637));
#2812=CARTESIAN_POINT('Ctrl Pts',(176.5,1.,66.9881742176925));
#2813=CARTESIAN_POINT('Ctrl Pts',(176.5,0.86586552695116,66.9881742176925));
#2814=CARTESIAN_POINT('Ctrl Pts',(176.554608532071,0.598606117705932,66.9330639910996));
#2815=CARTESIAN_POINT('Ctrl Pts',(176.899126832944,0.0943885486456729,66.5789796786237));
#2816=CARTESIAN_POINT('Ctrl Pts',(177.339684859107,-0.0345613845390753,
66.0937369079864));
#2817=CARTESIAN_POINT('Ctrl Pts',(177.625938481011,-1.09282184656238E-15,
65.741244786371));
#2818=CARTESIAN_POINT('Ctrl Pts',(176.5,0.999999999999998,66.841964581028));
#2819=CARTESIAN_POINT('Ctrl Pts',(176.5,0.876823669661058,66.841964581028));
#2820=CARTESIAN_POINT('Ctrl Pts',(176.546185757587,0.631282977127974,66.785645875985));
#2821=CARTESIAN_POINT('Ctrl Pts',(176.840598136628,0.156002522600673,66.4233294833298));
#2822=CARTESIAN_POINT('Ctrl Pts',(177.228137152591,-7.07336657377465E-15,
65.924208560585));
#2823=CARTESIAN_POINT('Ctrl Pts',(177.5,-1.11022302462516E-15,65.5555175037873));
#2824=CARTESIAN_POINT('',(176.5,1.,66.841964581028));
#2825=CARTESIAN_POINT('Ctrl Pts',(177.5,-1.11022302462516E-15,65.5555175037873));
#2826=CARTESIAN_POINT('Ctrl Pts',(177.228137152591,-7.07336657377465E-15,
65.924208560585));
#2827=CARTESIAN_POINT('Ctrl Pts',(176.840598136628,0.156002522600673,66.4233294833298));
#2828=CARTESIAN_POINT('Ctrl Pts',(176.546185757587,0.631282977127974,66.785645875985));
#2829=CARTESIAN_POINT('Ctrl Pts',(176.5,0.876823669661058,66.841964581028));
#2830=CARTESIAN_POINT('Ctrl Pts',(176.5,0.999999999999998,66.841964581028));
#2831=CARTESIAN_POINT('Origin',(175.5,1.00000000000002,66.841964581028));
#2832=CARTESIAN_POINT('Ctrl Pts',(176.020408163265,1.00000000000002,67.6958822255388));
#2833=CARTESIAN_POINT('Ctrl Pts',(176.020408163265,0.7536473393218,67.6958822255388));
#2834=CARTESIAN_POINT('Ctrl Pts',(176.114664811402,0.26256595425601,67.6384141591683));
#2835=CARTESIAN_POINT('Ctrl Pts',(176.715506401282,-0.687994954798819,67.2687035544182));
#2836=CARTESIAN_POINT('Ctrl Pts',(177.506402352229,-0.999999999999997,66.7593964903923));
#2837=CARTESIAN_POINT('Ctrl Pts',(178.061224489796,-1.,66.3831811263136));
#2838=CARTESIAN_POINT('Origin',(175.5,-37.5,66.841964581028));
#2839=CARTESIAN_POINT('',(176.5,1.84938733190368,66.841964581028));
#2840=CARTESIAN_POINT('',(176.5,-37.5,66.841964581028));
#2841=CARTESIAN_POINT('Ctrl Pts',(176.5,1.84938733190368,66.841964581028));
#2842=CARTESIAN_POINT('Ctrl Pts',(176.5,1.78379248556302,66.9669235734852));
#2843=CARTESIAN_POINT('Ctrl Pts',(176.476683542971,1.70289989753685,67.0839283579892));
#2844=CARTESIAN_POINT('Ctrl Pts',(176.39808589276,1.52565351295341,67.2966010253531));
#2845=CARTESIAN_POINT('Ctrl Pts',(176.341352657369,1.42773470016168,67.3929274912865));
#2846=CARTESIAN_POINT('Ctrl Pts',(176.202236469568,1.22229141617463,67.5627582415459));
#2847=CARTESIAN_POINT('Ctrl Pts',(176.117667012501,1.11305758185067,67.6360170559625));
#2848=CARTESIAN_POINT('Ctrl Pts',(176.022977603236,1.00298081132568,67.694312334691));
#2849=CARTESIAN_POINT('Ctrl Pts',(176.021693767179,1.00149040478445,67.6950987322178));
#2850=CARTESIAN_POINT('Ctrl Pts',(176.020408163265,1.,67.6958822255387));
#2851=CARTESIAN_POINT('Origin',(150.,1.,25.));
#2852=CARTESIAN_POINT('',(176.5,2.,66.2158949921022));
#2853=CARTESIAN_POINT('Ctrl Pts',(176.5,1.84938733190368,66.841964581028));
#2854=CARTESIAN_POINT('Ctrl Pts',(176.5,1.87465327454096,66.793832648238));
#2855=CARTESIAN_POINT('Ctrl Pts',(176.5,1.89623222146729,66.7447956594726));
#2856=CARTESIAN_POINT('Ctrl Pts',(176.5,1.96811143184948,66.5531275215984));
#2857=CARTESIAN_POINT('Ctrl Pts',(176.5,2.,66.3704380525907));
#2858=CARTESIAN_POINT('Ctrl Pts',(176.5,2.,66.2158949921022));
#2859=CARTESIAN_POINT('Origin',(150.,2.,25.));
#2860=CARTESIAN_POINT('Origin',(199.,-49.,0.));
#2861=CARTESIAN_POINT('',(199.,-50.,0.));
#2862=CARTESIAN_POINT('',(200.,-49.,0.));
#2863=CARTESIAN_POINT('Origin',(1.,-49.,0.));
#2864=CARTESIAN_POINT('',(0.,-49.,0.));
#2865=CARTESIAN_POINT('',(1.,-50.,0.));
#2866=CARTESIAN_POINT('Origin',(0.999999999999996,-12.5,1.));
#2867=CARTESIAN_POINT('',(0.,-12.5,1.));
#2868=CARTESIAN_POINT('Origin',(50.,1.,25.));
#2869=CARTESIAN_POINT('',(23.5,2.,66.2158949921022));
#2870=CARTESIAN_POINT('Origin',(50.,2.,25.));
#2871=CARTESIAN_POINT('Ctrl Pts',(23.5,2.,66.2158949921023));
#2872=CARTESIAN_POINT('Ctrl Pts',(23.5,2.,66.3704380525907));
#2873=CARTESIAN_POINT('Ctrl Pts',(23.5,1.96811143184948,66.5531275215984));
#2874=CARTESIAN_POINT('Ctrl Pts',(23.5,1.89623222146729,66.7447956594726));
#2875=CARTESIAN_POINT('Ctrl Pts',(23.5,1.87465327454097,66.793832648238));
#2876=CARTESIAN_POINT('Ctrl Pts',(23.5,1.84938733190369,66.841964581028));
#2877=CARTESIAN_POINT('Origin',(62.25,1.,1.));
#2878=CARTESIAN_POINT('',(62.25,2.,1.));
#2879=CARTESIAN_POINT('Origin',(0.,0.,0.));
#2880=CARTESIAN_POINT('',(0.,-12.5,25.));
#2881=CARTESIAN_POINT('Origin',(200.,-50.,0.));
#2882=CARTESIAN_POINT('',(200.,-37.5,25.));
#2883=CARTESIAN_POINT('Origin',(200.,0.,0.));
#2884=CARTESIAN_POINT('',(177.5,0.,33.6999410376539));
#2885=CARTESIAN_POINT('Origin',(177.5,1.,33.6999410376539));
#2886=CARTESIAN_POINT('',(176.5,1.,33.6999410376539));
#2887=CARTESIAN_POINT('Origin',(176.5,0.,67.3998820753077));
#2888=CARTESIAN_POINT('',(176.5,2.,67.3998820753077));
#2889=CARTESIAN_POINT('Origin',(200.,-10.,75.));
#2890=CARTESIAN_POINT('',(19.75,-25.,50.625));
#2891=CARTESIAN_POINT('Origin',(25.,-25.,50.625));
#2892=CARTESIAN_POINT('',(169.75,-25.,50.625));
#2893=CARTESIAN_POINT('Origin',(175.,-25.,50.625));
#2894=CARTESIAN_POINT('',(69.75,-25.,50.625));
#2895=CARTESIAN_POINT('Origin',(75.,-25.,50.625));
#2896=CARTESIAN_POINT('',(119.75,-25.,50.625));
#2897=CARTESIAN_POINT('Origin',(125.,-25.,50.625));
#2898=CARTESIAN_POINT('Origin',(0.,-50.,0.));
#2899=CARTESIAN_POINT('Origin',(25.75,0.25,34.2930608221975));
#2900=CARTESIAN_POINT('',(25.5,0.25,34.2930608221975));
#2901=CARTESIAN_POINT('',(25.75,0.,34.2930608221975));
#2902=CARTESIAN_POINT('Origin',(25.5,0.,68.586121644395));
#2903=CARTESIAN_POINT('',(25.5,2.,68.586121644395));
#2904=CARTESIAN_POINT('Origin',(174.25,0.25,0.));
#2905=CARTESIAN_POINT('',(174.25,0.,0.));
#2906=CARTESIAN_POINT('',(174.5,0.25,0.));
#2907=CARTESIAN_POINT('Origin',(174.5,0.,0.));
#2908=CARTESIAN_POINT('',(174.5,2.,0.));
#2909=CARTESIAN_POINT('Origin',(22.5,1.,1.17611368918518E-14));
#2910=CARTESIAN_POINT('',(23.5,1.,1.16293594476854E-14));
#2911=CARTESIAN_POINT('',(22.5,0.,1.17611368918518E-14));
#2912=CARTESIAN_POINT('Origin',(23.5,0.,0.));
#2913=CARTESIAN_POINT('',(23.5,2.,0.));
#2914=CARTESIAN_POINT('Origin',(175.5,2.,34.2930608221975));
#2915=CARTESIAN_POINT('Origin',(24.5,2.,34.2930608221975));
#2916=CARTESIAN_POINT('Origin',(200.,0.,0.));
#2917=CARTESIAN_POINT('Origin',(200.,0.,0.));
#2918=CARTESIAN_POINT('Origin',(50.,-12.5,25.));
#2919=CARTESIAN_POINT('',(50.,-12.5,75.));
#2920=CARTESIAN_POINT('Origin',(100.,-25.,75.));
#2921=CARTESIAN_POINT('',(150.,-37.5,75.));
#2922=CARTESIAN_POINT('Origin',(150.,-37.5,25.));
#2923=CARTESIAN_POINT('Origin',(125.,-25.,75.));
#2924=CARTESIAN_POINT('',(119.75,-25.,5.));
#2925=CARTESIAN_POINT('',(119.75,-25.,75.));
#2926=CARTESIAN_POINT('Origin',(125.,-25.,5.));
#2927=CARTESIAN_POINT('Origin',(125.,-25.,5.));
#2928=CARTESIAN_POINT('',(128.25,-25.,5.));
#2929=CARTESIAN_POINT('Origin',(125.,-25.,5.));
#2930=CARTESIAN_POINT('Origin',(75.,-25.,75.));
#2931=CARTESIAN_POINT('',(69.75,-25.,5.));
#2932=CARTESIAN_POINT('',(69.75,-25.,75.));
#2933=CARTESIAN_POINT('Origin',(75.,-25.,5.));
#2934=CARTESIAN_POINT('Origin',(75.,-25.,5.));
#2935=CARTESIAN_POINT('',(78.25,-25.,5.));
#2936=CARTESIAN_POINT('Origin',(75.,-25.,5.));
#2937=CARTESIAN_POINT('Origin',(175.,-25.,75.));
#2938=CARTESIAN_POINT('',(169.75,-25.,5.));
#2939=CARTESIAN_POINT('',(169.75,-25.,75.));
#2940=CARTESIAN_POINT('Origin',(175.,-25.,5.));
#2941=CARTESIAN_POINT('Origin',(175.,-25.,5.));
#2942=CARTESIAN_POINT('',(178.25,-25.,5.));
#2943=CARTESIAN_POINT('Origin',(175.,-25.,5.));
#2944=CARTESIAN_POINT('Origin',(25.,-25.,75.));
#2945=CARTESIAN_POINT('',(19.75,-25.,5.));
#2946=CARTESIAN_POINT('',(19.75,-25.,75.));
#2947=CARTESIAN_POINT('Origin',(25.,-25.,5.));
#2948=CARTESIAN_POINT('Origin',(25.,-25.,5.));
#2949=CARTESIAN_POINT('',(28.25,-25.,5.));
#2950=CARTESIAN_POINT('Origin',(25.,-25.,5.));
#2951=CARTESIAN_POINT('Origin',(25.,-25.,-7.5));
#2952=CARTESIAN_POINT('',(29.25,-25.,-8.));
#2953=CARTESIAN_POINT('Origin',(25.,-25.,-8.));
#2954=CARTESIAN_POINT('',(28.25,-25.,-6.99999999999999));
#2955=CARTESIAN_POINT('',(28.75,-25.,-7.5));
#2956=CARTESIAN_POINT('Origin',(25.,-25.,-6.99999999999999));
#2957=CARTESIAN_POINT('Origin',(25.,-25.,214.236360661346));
#2958=CARTESIAN_POINT('',(28.25,-25.,214.236360661346));
#2959=CARTESIAN_POINT('Origin',(75.,-25.,-7.5));
#2960=CARTESIAN_POINT('',(79.25,-25.,-8.));
#2961=CARTESIAN_POINT('Origin',(75.,-25.,-8.));
#2962=CARTESIAN_POINT('',(78.25,-25.,-6.99999999999999));
#2963=CARTESIAN_POINT('',(78.75,-25.,-7.5));
#2964=CARTESIAN_POINT('Origin',(75.,-25.,-6.99999999999999));
#2965=CARTESIAN_POINT('Origin',(75.,-25.,214.236360661346));
#2966=CARTESIAN_POINT('',(78.25,-25.,214.236360661346));
#2967=CARTESIAN_POINT('Origin',(125.,-25.,-7.5));
#2968=CARTESIAN_POINT('',(129.25,-25.,-8.));
#2969=CARTESIAN_POINT('Origin',(125.,-25.,-8.));
#2970=CARTESIAN_POINT('',(128.25,-25.,-6.99999999999999));
#2971=CARTESIAN_POINT('',(128.75,-25.,-7.5));
#2972=CARTESIAN_POINT('Origin',(125.,-25.,-6.99999999999999));
#2973=CARTESIAN_POINT('Origin',(125.,-25.,214.236360661346));
#2974=CARTESIAN_POINT('',(128.25,-25.,214.236360661346));
#2975=CARTESIAN_POINT('Origin',(175.,-25.,-7.5));
#2976=CARTESIAN_POINT('',(179.25,-25.,-8.));
#2977=CARTESIAN_POINT('Origin',(175.,-25.,-8.));
#2978=CARTESIAN_POINT('',(178.25,-25.,-6.99999999999999));
#2979=CARTESIAN_POINT('',(178.75,-25.,-7.5));
#2980=CARTESIAN_POINT('Origin',(175.,-25.,-6.99999999999999));
#2981=CARTESIAN_POINT('Origin',(175.,-25.,214.236360661346));
#2982=CARTESIAN_POINT('',(178.25,-25.,214.236360661346));
#2983=CARTESIAN_POINT('Origin',(25.,-25.,-7.75));
#2984=CARTESIAN_POINT('',(17.55,-25.,-8.));
#2985=CARTESIAN_POINT('Origin',(25.,-25.,-8.));
#2986=CARTESIAN_POINT('',(17.05,-25.,-7.5));
#2987=CARTESIAN_POINT('',(17.3,-25.,-7.75));
#2988=CARTESIAN_POINT('',(32.95,-25.,-7.5));
#2989=CARTESIAN_POINT('Origin',(25.,-25.,-7.5));
#2990=CARTESIAN_POINT('Origin',(25.,-25.,-7.5));
#2991=CARTESIAN_POINT('Origin',(25.,-25.,0.));
#2992=CARTESIAN_POINT('',(32.95,-25.,-1.));
#2993=CARTESIAN_POINT('',(32.95,-25.,0.));
#2994=CARTESIAN_POINT('',(17.05,-25.,-1.));
#2995=CARTESIAN_POINT('Origin',(25.,-25.,-1.));
#2996=CARTESIAN_POINT('Origin',(25.,-25.,-1.));
#2997=CARTESIAN_POINT('Origin',(25.,-25.,-8.));
#2998=CARTESIAN_POINT('Origin',(75.,-25.,-7.75));
#2999=CARTESIAN_POINT('',(67.55,-25.,-8.));
#3000=CARTESIAN_POINT('Origin',(75.,-25.,-8.));
#3001=CARTESIAN_POINT('',(67.05,-25.,-7.5));
#3002=CARTESIAN_POINT('',(67.3,-25.,-7.75));
#3003=CARTESIAN_POINT('',(82.95,-25.,-7.5));
#3004=CARTESIAN_POINT('Origin',(75.,-25.,-7.5));
#3005=CARTESIAN_POINT('Origin',(75.,-25.,-7.5));
#3006=CARTESIAN_POINT('Origin',(75.,-25.,0.));
#3007=CARTESIAN_POINT('',(82.95,-25.,-1.));
#3008=CARTESIAN_POINT('',(82.95,-25.,0.));
#3009=CARTESIAN_POINT('',(67.05,-25.,-1.));
#3010=CARTESIAN_POINT('Origin',(75.,-25.,-1.));
#3011=CARTESIAN_POINT('Origin',(75.,-25.,-1.));
#3012=CARTESIAN_POINT('Origin',(75.,-25.,-8.));
#3013=CARTESIAN_POINT('Origin',(125.,-25.,-7.75));
#3014=CARTESIAN_POINT('',(117.55,-25.,-8.));
#3015=CARTESIAN_POINT('Origin',(125.,-25.,-8.));
#3016=CARTESIAN_POINT('',(117.05,-25.,-7.5));
#3017=CARTESIAN_POINT('',(117.3,-25.,-7.75));
#3018=CARTESIAN_POINT('',(132.95,-25.,-7.5));
#3019=CARTESIAN_POINT('Origin',(125.,-25.,-7.5));
#3020=CARTESIAN_POINT('Origin',(125.,-25.,-7.5));
#3021=CARTESIAN_POINT('Origin',(125.,-25.,0.));
#3022=CARTESIAN_POINT('',(132.95,-25.,-1.));
#3023=CARTESIAN_POINT('',(132.95,-25.,0.));
#3024=CARTESIAN_POINT('',(117.05,-25.,-1.));
#3025=CARTESIAN_POINT('Origin',(125.,-25.,-1.));
#3026=CARTESIAN_POINT('Origin',(125.,-25.,-1.));
#3027=CARTESIAN_POINT('Origin',(125.,-25.,-8.));
#3028=CARTESIAN_POINT('Origin',(175.,-25.,-7.75));
#3029=CARTESIAN_POINT('',(167.55,-25.,-8.));
#3030=CARTESIAN_POINT('Origin',(175.,-25.,-8.));
#3031=CARTESIAN_POINT('',(167.05,-25.,-7.5));
#3032=CARTESIAN_POINT('',(167.3,-25.,-7.75));
#3033=CARTESIAN_POINT('',(182.95,-25.,-7.5));
#3034=CARTESIAN_POINT('Origin',(175.,-25.,-7.5));
#3035=CARTESIAN_POINT('Origin',(175.,-25.,-7.5));
#3036=CARTESIAN_POINT('Origin',(175.,-25.,0.));
#3037=CARTESIAN_POINT('',(182.95,-25.,-1.));
#3038=CARTESIAN_POINT('',(182.95,-25.,0.));
#3039=CARTESIAN_POINT('',(167.05,-25.,-1.));
#3040=CARTESIAN_POINT('Origin',(175.,-25.,-1.));
#3041=CARTESIAN_POINT('Origin',(175.,-25.,-1.));
#3042=CARTESIAN_POINT('Origin',(175.,-25.,-8.));
#3043=CARTESIAN_POINT('Origin',(25.,-25.,-1.));
#3044=CARTESIAN_POINT('Origin',(16.05,-25.,-1.));
#3045=CARTESIAN_POINT('Origin',(75.,-25.,-1.));
#3046=CARTESIAN_POINT('Origin',(66.05,-25.,-1.));
#3047=CARTESIAN_POINT('Origin',(125.,-25.,-1.));
#3048=CARTESIAN_POINT('Origin',(116.05,-25.,-1.));
#3049=CARTESIAN_POINT('Origin',(175.,-25.,-1.));
#3050=CARTESIAN_POINT('Origin',(166.05,-25.,-1.));
#3051=UNCERTAINTY_MEASURE_WITH_UNIT(LENGTH_MEASURE(0.01),#3055,
'DISTANCE_ACCURACY_VALUE',
'Maximum model space distance between geometric entities at asserted c
onnectivities');
#3052=UNCERTAINTY_MEASURE_WITH_UNIT(LENGTH_MEASURE(0.01),#3055,
'DISTANCE_ACCURACY_VALUE',
'Maximum model space distance between geometric entities at asserted c
onnectivities');
#3053=(
GEOMETRIC_REPRESENTATION_CONTEXT(3)
GLOBAL_UNCERTAINTY_ASSIGNED_CONTEXT((#3051))
GLOBAL_UNIT_ASSIGNED_CONTEXT((#3055,#3057,#3058))
REPRESENTATION_CONTEXT('','3D')
);
#3054=(
GEOMETRIC_REPRESENTATION_CONTEXT(3)
GLOBAL_UNCERTAINTY_ASSIGNED_CONTEXT((#3052))
GLOBAL_UNIT_ASSIGNED_CONTEXT((#3055,#3057,#3058))
REPRESENTATION_CONTEXT('','3D')
);
#3055=(
LENGTH_UNIT()
NAMED_UNIT(*)
SI_UNIT(.MILLI.,.METRE.)
);
#3056=(
LENGTH_UNIT()
NAMED_UNIT(*)
SI_UNIT(.CENTI.,.METRE.)
);
#3057=(
NAMED_UNIT(*)
PLANE_ANGLE_UNIT()
SI_UNIT($,.RADIAN.)
);
#3058=(
NAMED_UNIT(*)
SI_UNIT($,.STERADIAN.)
SOLID_ANGLE_UNIT()
);
#3059=SHAPE_DEFINITION_REPRESENTATION(#3060,#3061);
#3060=PRODUCT_DEFINITION_SHAPE('',$,#3063);
#3061=SHAPE_REPRESENTATION('',(#1519),#3053);
#3062=PRODUCT_DEFINITION_CONTEXT('part definition',#3067,'design');
#3063=PRODUCT_DEFINITION('tableExtender','tableExtender',#3064,#3062);
#3064=PRODUCT_DEFINITION_FORMATION('',$,#3069);
#3065=PRODUCT_RELATED_PRODUCT_CATEGORY('tableExtender','tableExtender',
(#3069));
#3066=APPLICATION_PROTOCOL_DEFINITION('international standard',
'automotive_design',2009,#3067);
#3067=APPLICATION_CONTEXT(
'Core Data for Automotive Mechanical Design Process');
#3068=PRODUCT_CONTEXT('part definition',#3067,'mechanical');
#3069=PRODUCT('tableExtender','tableExtender',$,(#3068));
#3070=PRESENTATION_STYLE_ASSIGNMENT((#3071));
#3071=SURFACE_STYLE_USAGE(.BOTH.,#3074);
#3072=SURFACE_STYLE_RENDERING_WITH_PROPERTIES($,#3078,(#3073));
#3073=SURFACE_STYLE_TRANSPARENT(0.);
#3074=SURFACE_SIDE_STYLE('',(#3075,#3072));
#3075=SURFACE_STYLE_FILL_AREA(#3076);
#3076=FILL_AREA_STYLE('',(#3077));
#3077=FILL_AREA_STYLE_COLOUR('',#3078);
#3078=COLOUR_RGB('',0.749019607843137,0.749019607843137,0.749019607843137);
ENDSEC;
END-ISO-10303-21;
