ISO-10303-21;
HEADER;
/* Generated by software containing ST-Developer
 * from STEP Tools, Inc. (www.steptools.com) 
 */

FILE_DESCRIPTION(
/* description */ (''),
/* implementation_level */ '2;1');

FILE_NAME(
/* name */ 'capflipper.stp',
/* time_stamp */ '2026-05-10T03:03:19+02:00',
/* author */ ('sniel'),
/* organization */ (''),
/* preprocessor_version */ 'ST-DEVELOPER v20.1',
/* originating_system */ 'Autodesk Inventor 2026',
/* authorisation */ '');

FILE_SCHEMA (('AUTOMOTIVE_DESIGN { 1 0 10303 214 3 1 1 }'));
ENDSEC;

DATA;
#10=MECHANICAL_DESIGN_GEOMETRIC_PRESENTATION_REPRESENTATION('',(#13),#2416);
#11=SHAPE_REPRESENTATION_RELATIONSHIP('SRR','None',#2423,#12);
#12=ADVANCED_BREP_SHAPE_REPRESENTATION('',(#14),#2415);
#13=STYLED_ITEM('',(#2432),#14);
#14=MANIFOLD_SOLID_BREP('Solid1',#1465);
#15=SPHERICAL_SURFACE('',#1527,2.5);
#16=FACE_BOUND('',#174,.T.);
#17=FACE_BOUND('',#196,.T.);
#18=FACE_BOUND('',#209,.T.);
#19=ELLIPSE('',#1496,2.06155281280883,2.);
#20=ELLIPSE('',#1497,27.0578806681159,26.25);
#21=ELLIPSE('',#1503,7.21543484483091,7.);
#22=ELLIPSE('',#1504,8.18412438952464,7.93976689675382);
#23=ELLIPSE('',#1506,28.8617393793237,7.);
#24=ELLIPSE('',#1510,2.75844479740623,2.5);
#25=ELLIPSE('',#1517,2.06155281280883,2.);
#26=ELLIPSE('',#1521,27.0578806681159,26.25);
#27=ELLIPSE('',#1554,10.0035867802748,9.99999999999999);
#28=ELLIPSE('',#1556,108.748253551933,9.99999999999999);
#29=ELLIPSE('',#1558,10.0035867802748,9.99999999999999);
#30=ELLIPSE('',#1559,108.748253551933,9.99999999999999);
#31=PLANE('',#1494);
#32=PLANE('',#1495);
#33=PLANE('',#1498);
#34=PLANE('',#1499);
#35=PLANE('',#1500);
#36=PLANE('',#1501);
#37=PLANE('',#1502);
#38=PLANE('',#1505);
#39=PLANE('',#1507);
#40=PLANE('',#1508);
#41=PLANE('',#1509);
#42=PLANE('',#1514);
#43=PLANE('',#1518);
#44=PLANE('',#1522);
#45=PLANE('',#1523);
#46=PLANE('',#1524);
#47=PLANE('',#1526);
#48=PLANE('',#1535);
#49=PLANE('',#1536);
#50=PLANE('',#1537);
#51=PLANE('',#1539);
#52=PLANE('',#1540);
#53=PLANE('',#1541);
#54=PLANE('',#1542);
#55=PLANE('',#1543);
#56=PLANE('',#1544);
#57=PLANE('',#1545);
#58=PLANE('',#1548);
#59=PLANE('',#1549);
#60=PLANE('',#1550);
#61=PLANE('',#1551);
#62=PLANE('',#1552);
#63=PLANE('',#1561);
#64=PLANE('',#1562);
#65=PLANE('',#1563);
#66=PLANE('',#1564);
#67=PLANE('',#1565);
#68=PLANE('',#1567);
#69=PLANE('',#1568);
#70=PLANE('',#1569);
#71=PLANE('',#1570);
#72=PLANE('',#1571);
#73=PLANE('',#1572);
#74=PLANE('',#1574);
#75=PLANE('',#1575);
#76=PLANE('',#1576);
#77=PLANE('',#1577);
#78=PLANE('',#1578);
#79=PLANE('',#1579);
#80=PLANE('',#1582);
#81=PLANE('',#1583);
#82=PLANE('',#1586);
#83=PLANE('',#1589);
#84=PLANE('',#1590);
#85=PLANE('',#1593);
#86=PLANE('',#1596);
#87=PLANE('',#1597);
#88=FACE_OUTER_BOUND('',#161,.T.);
#89=FACE_OUTER_BOUND('',#162,.T.);
#90=FACE_OUTER_BOUND('',#163,.T.);
#91=FACE_OUTER_BOUND('',#164,.T.);
#92=FACE_OUTER_BOUND('',#165,.T.);
#93=FACE_OUTER_BOUND('',#166,.T.);
#94=FACE_OUTER_BOUND('',#167,.T.);
#95=FACE_OUTER_BOUND('',#168,.T.);
#96=FACE_OUTER_BOUND('',#169,.T.);
#97=FACE_OUTER_BOUND('',#170,.T.);
#98=FACE_OUTER_BOUND('',#171,.T.);
#99=FACE_OUTER_BOUND('',#172,.T.);
#100=FACE_OUTER_BOUND('',#173,.T.);
#101=FACE_OUTER_BOUND('',#175,.T.);
#102=FACE_OUTER_BOUND('',#176,.T.);
#103=FACE_OUTER_BOUND('',#177,.T.);
#104=FACE_OUTER_BOUND('',#178,.T.);
#105=FACE_OUTER_BOUND('',#179,.T.);
#106=FACE_OUTER_BOUND('',#180,.T.);
#107=FACE_OUTER_BOUND('',#181,.T.);
#108=FACE_OUTER_BOUND('',#182,.T.);
#109=FACE_OUTER_BOUND('',#183,.T.);
#110=FACE_OUTER_BOUND('',#184,.T.);
#111=FACE_OUTER_BOUND('',#185,.T.);
#112=FACE_OUTER_BOUND('',#186,.T.);
#113=FACE_OUTER_BOUND('',#187,.T.);
#114=FACE_OUTER_BOUND('',#188,.T.);
#115=FACE_OUTER_BOUND('',#189,.T.);
#116=FACE_OUTER_BOUND('',#190,.T.);
#117=FACE_OUTER_BOUND('',#191,.T.);
#118=FACE_OUTER_BOUND('',#192,.T.);
#119=FACE_OUTER_BOUND('',#193,.T.);
#120=FACE_OUTER_BOUND('',#194,.T.);
#121=FACE_OUTER_BOUND('',#195,.T.);
#122=FACE_OUTER_BOUND('',#197,.T.);
#123=FACE_OUTER_BOUND('',#198,.T.);
#124=FACE_OUTER_BOUND('',#199,.T.);
#125=FACE_OUTER_BOUND('',#200,.T.);
#126=FACE_OUTER_BOUND('',#201,.T.);
#127=FACE_OUTER_BOUND('',#202,.T.);
#128=FACE_OUTER_BOUND('',#203,.T.);
#129=FACE_OUTER_BOUND('',#204,.T.);
#130=FACE_OUTER_BOUND('',#205,.T.);
#131=FACE_OUTER_BOUND('',#206,.T.);
#132=FACE_OUTER_BOUND('',#207,.T.);
#133=FACE_OUTER_BOUND('',#208,.T.);
#134=FACE_OUTER_BOUND('',#210,.T.);
#135=FACE_OUTER_BOUND('',#211,.T.);
#136=FACE_OUTER_BOUND('',#212,.T.);
#137=FACE_OUTER_BOUND('',#213,.T.);
#138=FACE_OUTER_BOUND('',#214,.T.);
#139=FACE_OUTER_BOUND('',#215,.T.);
#140=FACE_OUTER_BOUND('',#216,.T.);
#141=FACE_OUTER_BOUND('',#217,.T.);
#142=FACE_OUTER_BOUND('',#218,.T.);
#143=FACE_OUTER_BOUND('',#219,.T.);
#144=FACE_OUTER_BOUND('',#220,.T.);
#145=FACE_OUTER_BOUND('',#221,.T.);
#146=FACE_OUTER_BOUND('',#222,.T.);
#147=FACE_OUTER_BOUND('',#223,.T.);
#148=FACE_OUTER_BOUND('',#224,.T.);
#149=FACE_OUTER_BOUND('',#225,.T.);
#150=FACE_OUTER_BOUND('',#226,.T.);
#151=FACE_OUTER_BOUND('',#227,.T.);
#152=FACE_OUTER_BOUND('',#228,.T.);
#153=FACE_OUTER_BOUND('',#229,.T.);
#154=FACE_OUTER_BOUND('',#230,.T.);
#155=FACE_OUTER_BOUND('',#231,.T.);
#156=FACE_OUTER_BOUND('',#232,.T.);
#157=FACE_OUTER_BOUND('',#233,.T.);
#158=FACE_OUTER_BOUND('',#234,.T.);
#159=FACE_OUTER_BOUND('',#235,.T.);
#160=FACE_OUTER_BOUND('',#236,.T.);
#161=EDGE_LOOP('',(#955,#956,#957,#958));
#162=EDGE_LOOP('',(#959,#960,#961,#962));
#163=EDGE_LOOP('',(#963,#964,#965,#966,#967,#968,#969,#970,#971));
#164=EDGE_LOOP('',(#972,#973,#974,#975,#976,#977,#978,#979));
#165=EDGE_LOOP('',(#980,#981,#982,#983));
#166=EDGE_LOOP('',(#984,#985,#986,#987));
#167=EDGE_LOOP('',(#988,#989,#990,#991));
#168=EDGE_LOOP('',(#992,#993,#994,#995));
#169=EDGE_LOOP('',(#996,#997,#998,#999,#1000,#1001));
#170=EDGE_LOOP('',(#1002,#1003,#1004,#1005,#1006));
#171=EDGE_LOOP('',(#1007,#1008,#1009,#1010));
#172=EDGE_LOOP('',(#1011,#1012,#1013,#1014,#1015,#1016,#1017,#1018));
#173=EDGE_LOOP('',(#1019,#1020,#1021,#1022,#1023,#1024,#1025));
#174=EDGE_LOOP('',(#1026,#1027,#1028,#1029,#1030));
#175=EDGE_LOOP('',(#1031,#1032,#1033,#1034,#1035,#1036));
#176=EDGE_LOOP('',(#1037,#1038,#1039,#1040,#1041,#1042,#1043,#1044,#1045));
#177=EDGE_LOOP('',(#1046,#1047,#1048,#1049,#1050));
#178=EDGE_LOOP('',(#1051,#1052,#1053,#1054,#1055,#1056));
#179=EDGE_LOOP('',(#1057,#1058,#1059,#1060));
#180=EDGE_LOOP('',(#1061,#1062,#1063,#1064));
#181=EDGE_LOOP('',(#1065,#1066,#1067,#1068));
#182=EDGE_LOOP('',(#1069,#1070,#1071,#1072,#1073));
#183=EDGE_LOOP('',(#1074,#1075,#1076,#1077));
#184=EDGE_LOOP('',(#1078,#1079,#1080));
#185=EDGE_LOOP('',(#1081,#1082,#1083,#1084));
#186=EDGE_LOOP('',(#1085,#1086,#1087,#1088));
#187=EDGE_LOOP('',(#1089,#1090,#1091,#1092));
#188=EDGE_LOOP('',(#1093,#1094,#1095,#1096));
#189=EDGE_LOOP('',(#1097,#1098,#1099,#1100,#1101));
#190=EDGE_LOOP('',(#1102,#1103,#1104,#1105));
#191=EDGE_LOOP('',(#1106,#1107,#1108,#1109));
#192=EDGE_LOOP('',(#1110,#1111,#1112,#1113));
#193=EDGE_LOOP('',(#1114,#1115,#1116,#1117,#1118,#1119,#1120));
#194=EDGE_LOOP('',(#1121,#1122,#1123,#1124,#1125,#1126));
#195=EDGE_LOOP('',(#1127,#1128,#1129,#1130));
#196=EDGE_LOOP('',(#1131,#1132,#1133,#1134));
#197=EDGE_LOOP('',(#1135,#1136,#1137,#1138,#1139,#1140,#1141,#1142,#1143,
#1144,#1145));
#198=EDGE_LOOP('',(#1146,#1147,#1148,#1149));
#199=EDGE_LOOP('',(#1150,#1151,#1152,#1153,#1154,#1155,#1156,#1157,#1158,
#1159,#1160));
#200=EDGE_LOOP('',(#1161,#1162,#1163,#1164,#1165,#1166,#1167));
#201=EDGE_LOOP('',(#1168,#1169,#1170,#1171));
#202=EDGE_LOOP('',(#1172,#1173,#1174,#1175,#1176,#1177));
#203=EDGE_LOOP('',(#1178,#1179,#1180,#1181));
#204=EDGE_LOOP('',(#1182,#1183,#1184,#1185));
#205=EDGE_LOOP('',(#1186,#1187,#1188,#1189));
#206=EDGE_LOOP('',(#1190,#1191,#1192,#1193));
#207=EDGE_LOOP('',(#1194,#1195,#1196,#1197,#1198,#1199));
#208=EDGE_LOOP('',(#1200,#1201,#1202,#1203,#1204,#1205,#1206,#1207,#1208,
#1209,#1210,#1211,#1212,#1213));
#209=EDGE_LOOP('',(#1214,#1215,#1216,#1217));
#210=EDGE_LOOP('',(#1218,#1219,#1220));
#211=EDGE_LOOP('',(#1221,#1222,#1223,#1224,#1225));
#212=EDGE_LOOP('',(#1226,#1227,#1228));
#213=EDGE_LOOP('',(#1229,#1230,#1231,#1232,#1233,#1234));
#214=EDGE_LOOP('',(#1235,#1236,#1237,#1238));
#215=EDGE_LOOP('',(#1239,#1240,#1241,#1242,#1243));
#216=EDGE_LOOP('',(#1244,#1245,#1246,#1247,#1248,#1249));
#217=EDGE_LOOP('',(#1250,#1251,#1252,#1253,#1254,#1255,#1256,#1257,#1258,
#1259));
#218=EDGE_LOOP('',(#1260,#1261,#1262));
#219=EDGE_LOOP('',(#1263,#1264,#1265,#1266,#1267,#1268,#1269,#1270));
#220=EDGE_LOOP('',(#1271,#1272,#1273,#1274));
#221=EDGE_LOOP('',(#1275,#1276,#1277,#1278));
#222=EDGE_LOOP('',(#1279,#1280,#1281,#1282,#1283));
#223=EDGE_LOOP('',(#1284,#1285,#1286,#1287,#1288,#1289,#1290,#1291,#1292));
#224=EDGE_LOOP('',(#1293,#1294,#1295,#1296,#1297,#1298,#1299,#1300,#1301,
#1302,#1303));
#225=EDGE_LOOP('',(#1304,#1305,#1306,#1307,#1308));
#226=EDGE_LOOP('',(#1309,#1310,#1311,#1312,#1313,#1314,#1315,#1316));
#227=EDGE_LOOP('',(#1317,#1318,#1319,#1320));
#228=EDGE_LOOP('',(#1321,#1322,#1323,#1324));
#229=EDGE_LOOP('',(#1325,#1326,#1327,#1328,#1329));
#230=EDGE_LOOP('',(#1330,#1331,#1332,#1333,#1334,#1335));
#231=EDGE_LOOP('',(#1336,#1337,#1338,#1339));
#232=EDGE_LOOP('',(#1340,#1341,#1342,#1343,#1344));
#233=EDGE_LOOP('',(#1345,#1346,#1347,#1348));
#234=EDGE_LOOP('',(#1349,#1350,#1351,#1352));
#235=EDGE_LOOP('',(#1353,#1354,#1355,#1356));
#236=EDGE_LOOP('',(#1357,#1358,#1359,#1360,#1361,#1362,#1363,#1364,#1365,
#1366,#1367,#1368,#1369,#1370,#1371,#1372,#1373,#1374,#1375,#1376));
#237=LINE('',#2000,#411);
#238=LINE('',#2003,#412);
#239=LINE('',#2009,#413);
#240=LINE('',#2012,#414);
#241=LINE('',#2015,#415);
#242=LINE('',#2017,#416);
#243=LINE('',#2019,#417);
#244=LINE('',#2021,#418);
#245=LINE('',#2023,#419);
#246=LINE('',#2025,#420);
#247=LINE('',#2027,#421);
#248=LINE('',#2029,#422);
#249=LINE('',#2030,#423);
#250=LINE('',#2034,#424);
#251=LINE('',#2036,#425);
#252=LINE('',#2038,#426);
#253=LINE('',#2040,#427);
#254=LINE('',#2042,#428);
#255=LINE('',#2044,#429);
#256=LINE('',#2050,#430);
#257=LINE('',#2052,#431);
#258=LINE('',#2053,#432);
#259=LINE('',#2057,#433);
#260=LINE('',#2059,#434);
#261=LINE('',#2061,#435);
#262=LINE('',#2062,#436);
#263=LINE('',#2065,#437);
#264=LINE('',#2067,#438);
#265=LINE('',#2068,#439);
#266=LINE('',#2072,#440);
#267=LINE('',#2074,#441);
#268=LINE('',#2076,#442);
#269=LINE('',#2077,#443);
#270=LINE('',#2080,#444);
#271=LINE('',#2082,#445);
#272=LINE('',#2087,#446);
#273=LINE('',#2090,#447);
#274=LINE('',#2092,#448);
#275=LINE('',#2094,#449);
#276=LINE('',#2099,#450);
#277=LINE('',#2101,#451);
#278=LINE('',#2103,#452);
#279=LINE('',#2104,#453);
#280=LINE('',#2107,#454);
#281=LINE('',#2109,#455);
#282=LINE('',#2111,#456);
#283=LINE('',#2112,#457);
#284=LINE('',#2113,#458);
#285=LINE('',#2116,#459);
#286=LINE('',#2117,#460);
#287=LINE('',#2118,#461);
#288=LINE('',#2123,#462);
#289=LINE('',#2125,#463);
#290=LINE('',#2127,#464);
#291=LINE('',#2128,#465);
#292=LINE('',#2133,#466);
#293=LINE('',#2136,#467);
#294=LINE('',#2139,#468);
#295=LINE('',#2140,#469);
#296=LINE('',#2142,#470);
#297=LINE('',#2144,#471);
#298=LINE('',#2146,#472);
#299=LINE('',#2147,#473);
#300=LINE('',#2152,#474);
#301=LINE('',#2155,#475);
#302=LINE('',#2158,#476);
#303=LINE('',#2162,#477);
#304=LINE('',#2165,#478);
#305=LINE('',#2166,#479);
#306=LINE('',#2167,#480);
#307=LINE('',#2169,#481);
#308=LINE('',#2172,#482);
#309=LINE('',#2176,#483);
#310=LINE('',#2177,#484);
#311=LINE('',#2180,#485);
#312=LINE('',#2181,#486);
#313=LINE('',#2192,#487);
#314=LINE('',#2193,#488);
#315=LINE('',#2195,#489);
#316=LINE('',#2197,#490);
#317=LINE('',#2199,#491);
#318=LINE('',#2201,#492);
#319=LINE('',#2206,#493);
#320=LINE('',#2208,#494);
#321=LINE('',#2210,#495);
#322=LINE('',#2211,#496);
#323=LINE('',#2214,#497);
#324=LINE('',#2215,#498);
#325=LINE('',#2218,#499);
#326=LINE('',#2220,#500);
#327=LINE('',#2222,#501);
#328=LINE('',#2224,#502);
#329=LINE('',#2225,#503);
#330=LINE('',#2227,#504);
#331=LINE('',#2230,#505);
#332=LINE('',#2232,#506);
#333=LINE('',#2234,#507);
#334=LINE('',#2235,#508);
#335=LINE('',#2236,#509);
#336=LINE('',#2237,#510);
#337=LINE('',#2239,#511);
#338=LINE('',#2240,#512);
#339=LINE('',#2243,#513);
#340=LINE('',#2247,#514);
#341=LINE('',#2249,#515);
#342=LINE('',#2250,#516);
#343=LINE('',#2253,#517);
#344=LINE('',#2255,#518);
#345=LINE('',#2257,#519);
#346=LINE('',#2259,#520);
#347=LINE('',#2260,#521);
#348=LINE('',#2263,#522);
#349=LINE('',#2264,#523);
#350=LINE('',#2267,#524);
#351=LINE('',#2269,#525);
#352=LINE('',#2270,#526);
#353=LINE('',#2274,#527);
#354=LINE('',#2276,#528);
#355=LINE('',#2278,#529);
#356=LINE('',#2279,#530);
#357=LINE('',#2283,#531);
#358=LINE('',#2285,#532);
#359=LINE('',#2287,#533);
#360=LINE('',#2288,#534);
#361=LINE('',#2301,#535);
#362=LINE('',#2302,#536);
#363=LINE('',#2304,#537);
#364=LINE('',#2306,#538);
#365=LINE('',#2308,#539);
#366=LINE('',#2310,#540);
#367=LINE('',#2311,#541);
#368=LINE('',#2312,#542);
#369=LINE('',#2319,#543);
#370=LINE('',#2320,#544);
#371=LINE('',#2322,#545);
#372=LINE('',#2325,#546);
#373=LINE('',#2327,#547);
#374=LINE('',#2328,#548);
#375=LINE('',#2330,#549);
#376=LINE('',#2332,#550);
#377=LINE('',#2334,#551);
#378=LINE('',#2336,#552);
#379=LINE('',#2338,#553);
#380=LINE('',#2339,#554);
#381=LINE('',#2345,#555);
#382=LINE('',#2346,#556);
#383=LINE('',#2349,#557);
#384=LINE('',#2351,#558);
#385=LINE('',#2353,#559);
#386=LINE('',#2355,#560);
#387=LINE('',#2356,#561);
#388=LINE('',#2359,#562);
#389=LINE('',#2360,#563);
#390=LINE('',#2363,#564);
#391=LINE('',#2364,#565);
#392=LINE('',#2366,#566);
#393=LINE('',#2367,#567);
#394=LINE('',#2369,#568);
#395=LINE('',#2370,#569);
#396=LINE('',#2371,#570);
#397=LINE('',#2375,#571);
#398=LINE('',#2378,#572);
#399=LINE('',#2382,#573);
#400=LINE('',#2383,#574);
#401=LINE('',#2388,#575);
#402=LINE('',#2389,#576);
#403=LINE('',#2391,#577);
#404=LINE('',#2394,#578);
#405=LINE('',#2398,#579);
#406=LINE('',#2399,#580);
#407=LINE('',#2401,#581);
#408=LINE('',#2406,#582);
#409=LINE('',#2407,#583);
#410=LINE('',#2411,#584);
#411=VECTOR('',#1604,10.);
#412=VECTOR('',#1607,10.);
#413=VECTOR('',#1612,10.);
#414=VECTOR('',#1615,10.);
#415=VECTOR('',#1618,10.);
#416=VECTOR('',#1619,10.);
#417=VECTOR('',#1620,10.);
#418=VECTOR('',#1621,10.);
#419=VECTOR('',#1622,10.);
#420=VECTOR('',#1623,10.);
#421=VECTOR('',#1624,10.);
#422=VECTOR('',#1625,10.);
#423=VECTOR('',#1626,10.);
#424=VECTOR('',#1629,10.);
#425=VECTOR('',#1630,10.);
#426=VECTOR('',#1631,10.);
#427=VECTOR('',#1632,10.);
#428=VECTOR('',#1633,10.);
#429=VECTOR('',#1634,10.);
#430=VECTOR('',#1641,10.);
#431=VECTOR('',#1642,10.);
#432=VECTOR('',#1643,10.);
#433=VECTOR('',#1646,10.);
#434=VECTOR('',#1647,10.);
#435=VECTOR('',#1648,10.);
#436=VECTOR('',#1649,10.);
#437=VECTOR('',#1652,10.);
#438=VECTOR('',#1653,10.);
#439=VECTOR('',#1654,10.);
#440=VECTOR('',#1657,10.);
#441=VECTOR('',#1658,10.);
#442=VECTOR('',#1659,10.);
#443=VECTOR('',#1660,10.);
#444=VECTOR('',#1663,10.);
#445=VECTOR('',#1664,10.);
#446=VECTOR('',#1669,10.);
#447=VECTOR('',#1672,10.);
#448=VECTOR('',#1673,10.);
#449=VECTOR('',#1674,10.);
#450=VECTOR('',#1679,10.);
#451=VECTOR('',#1680,10.);
#452=VECTOR('',#1681,10.);
#453=VECTOR('',#1682,10.);
#454=VECTOR('',#1685,10.);
#455=VECTOR('',#1686,10.);
#456=VECTOR('',#1687,10.);
#457=VECTOR('',#1688,10.);
#458=VECTOR('',#1689,10.);
#459=VECTOR('',#1692,10.);
#460=VECTOR('',#1693,10.);
#461=VECTOR('',#1694,10.);
#462=VECTOR('',#1697,10.);
#463=VECTOR('',#1698,10.);
#464=VECTOR('',#1699,10.);
#465=VECTOR('',#1700,10.);
#466=VECTOR('',#1705,10.);
#467=VECTOR('',#1708,10.);
#468=VECTOR('',#1711,10.);
#469=VECTOR('',#1712,10.);
#470=VECTOR('',#1713,10.);
#471=VECTOR('',#1714,10.);
#472=VECTOR('',#1715,10.);
#473=VECTOR('',#1716,10.);
#474=VECTOR('',#1721,10.);
#475=VECTOR('',#1724,10.);
#476=VECTOR('',#1729,10.);
#477=VECTOR('',#1734,26.25);
#478=VECTOR('',#1737,10.);
#479=VECTOR('',#1738,10.);
#480=VECTOR('',#1739,10.);
#481=VECTOR('',#1742,10.);
#482=VECTOR('',#1745,10.);
#483=VECTOR('',#1748,10.);
#484=VECTOR('',#1749,10.);
#485=VECTOR('',#1752,10.);
#486=VECTOR('',#1753,10.);
#487=VECTOR('',#1766,10.);
#488=VECTOR('',#1767,10.);
#489=VECTOR('',#1770,10.);
#490=VECTOR('',#1773,10.);
#491=VECTOR('',#1776,10.);
#492=VECTOR('',#1779,10.);
#493=VECTOR('',#1786,10.);
#494=VECTOR('',#1787,10.);
#495=VECTOR('',#1788,10.);
#496=VECTOR('',#1789,10.);
#497=VECTOR('',#1792,10.);
#498=VECTOR('',#1793,10.);
#499=VECTOR('',#1796,10.);
#500=VECTOR('',#1797,10.);
#501=VECTOR('',#1798,10.);
#502=VECTOR('',#1799,10.);
#503=VECTOR('',#1800,10.);
#504=VECTOR('',#1803,10.);
#505=VECTOR('',#1806,10.);
#506=VECTOR('',#1807,10.);
#507=VECTOR('',#1808,10.);
#508=VECTOR('',#1809,10.);
#509=VECTOR('',#1810,10.);
#510=VECTOR('',#1811,10.);
#511=VECTOR('',#1814,10.);
#512=VECTOR('',#1815,10.);
#513=VECTOR('',#1818,10.);
#514=VECTOR('',#1821,10.);
#515=VECTOR('',#1822,10.);
#516=VECTOR('',#1823,10.);
#517=VECTOR('',#1828,10.);
#518=VECTOR('',#1829,10.);
#519=VECTOR('',#1830,10.);
#520=VECTOR('',#1831,10.);
#521=VECTOR('',#1832,10.);
#522=VECTOR('',#1835,10.);
#523=VECTOR('',#1836,10.);
#524=VECTOR('',#1839,10.);
#525=VECTOR('',#1840,10.);
#526=VECTOR('',#1841,10.);
#527=VECTOR('',#1844,10.);
#528=VECTOR('',#1845,10.);
#529=VECTOR('',#1846,10.);
#530=VECTOR('',#1847,10.);
#531=VECTOR('',#1850,10.);
#532=VECTOR('',#1851,10.);
#533=VECTOR('',#1852,10.);
#534=VECTOR('',#1853,10.);
#535=VECTOR('',#1872,10.);
#536=VECTOR('',#1873,10.);
#537=VECTOR('',#1876,10.);
#538=VECTOR('',#1877,10.);
#539=VECTOR('',#1878,10.);
#540=VECTOR('',#1879,10.);
#541=VECTOR('',#1880,10.);
#542=VECTOR('',#1881,10.);
#543=VECTOR('',#1892,10.);
#544=VECTOR('',#1893,10.);
#545=VECTOR('',#1896,10.);
#546=VECTOR('',#1899,10.);
#547=VECTOR('',#1900,10.);
#548=VECTOR('',#1901,10.);
#549=VECTOR('',#1904,10.);
#550=VECTOR('',#1907,10.);
#551=VECTOR('',#1908,10.);
#552=VECTOR('',#1909,10.);
#553=VECTOR('',#1910,10.);
#554=VECTOR('',#1911,10.);
#555=VECTOR('',#1916,10.);
#556=VECTOR('',#1917,10.);
#557=VECTOR('',#1920,10.);
#558=VECTOR('',#1921,10.);
#559=VECTOR('',#1922,10.);
#560=VECTOR('',#1923,10.);
#561=VECTOR('',#1924,10.);
#562=VECTOR('',#1927,10.);
#563=VECTOR('',#1928,10.);
#564=VECTOR('',#1931,10.);
#565=VECTOR('',#1932,10.);
#566=VECTOR('',#1935,10.);
#567=VECTOR('',#1936,10.);
#568=VECTOR('',#1939,10.);
#569=VECTOR('',#1940,10.);
#570=VECTOR('',#1941,10.);
#571=VECTOR('',#1946,10.);
#572=VECTOR('',#1949,10.);
#573=VECTOR('',#1954,10.);
#574=VECTOR('',#1955,10.);
#575=VECTOR('',#1960,10.);
#576=VECTOR('',#1961,10.);
#577=VECTOR('',#1964,10.);
#578=VECTOR('',#1967,10.);
#579=VECTOR('',#1972,10.);
#580=VECTOR('',#1973,10.);
#581=VECTOR('',#1976,10.);
#582=VECTOR('',#1983,10.);
#583=VECTOR('',#1984,10.);
#584=VECTOR('',#1991,10.);
#585=CIRCLE('',#1489,8.80445170531299);
#586=CIRCLE('',#1490,8.80445170531299);
#587=CIRCLE('',#1492,6.69273816439181);
#588=CIRCLE('',#1493,6.69273816439181);
#589=CIRCLE('',#1512,7.);
#590=CIRCLE('',#1513,7.);
#591=CIRCLE('',#1516,2.);
#592=CIRCLE('',#1519,7.93976689675382);
#593=CIRCLE('',#1525,2.5);
#594=CIRCLE('',#1528,2.5);
#595=CIRCLE('',#1529,2.5);
#596=CIRCLE('',#1530,2.49999999999999);
#597=CIRCLE('',#1532,2.5);
#598=CIRCLE('',#1546,3.);
#599=CIRCLE('',#1547,5.);
#600=CIRCLE('',#1555,10.);
#601=CIRCLE('',#1560,10.);
#602=CIRCLE('',#1566,5.);
#603=CIRCLE('',#1573,5.);
#604=CIRCLE('',#1580,5.);
#605=CIRCLE('',#1581,3.);
#606=CIRCLE('',#1585,3.);
#607=CIRCLE('',#1588,5.);
#608=CIRCLE('',#1592,5.);
#609=CIRCLE('',#1595,3.);
#610=VERTEX_POINT('',#1996);
#611=VERTEX_POINT('',#1997);
#612=VERTEX_POINT('',#1999);
#613=VERTEX_POINT('',#2001);
#614=VERTEX_POINT('',#2005);
#615=VERTEX_POINT('',#2006);
#616=VERTEX_POINT('',#2008);
#617=VERTEX_POINT('',#2010);
#618=VERTEX_POINT('',#2014);
#619=VERTEX_POINT('',#2016);
#620=VERTEX_POINT('',#2018);
#621=VERTEX_POINT('',#2020);
#622=VERTEX_POINT('',#2022);
#623=VERTEX_POINT('',#2024);
#624=VERTEX_POINT('',#2026);
#625=VERTEX_POINT('',#2028);
#626=VERTEX_POINT('',#2032);
#627=VERTEX_POINT('',#2033);
#628=VERTEX_POINT('',#2035);
#629=VERTEX_POINT('',#2037);
#630=VERTEX_POINT('',#2039);
#631=VERTEX_POINT('',#2041);
#632=VERTEX_POINT('',#2043);
#633=VERTEX_POINT('',#2045);
#634=VERTEX_POINT('',#2049);
#635=VERTEX_POINT('',#2051);
#636=VERTEX_POINT('',#2055);
#637=VERTEX_POINT('',#2056);
#638=VERTEX_POINT('',#2058);
#639=VERTEX_POINT('',#2060);
#640=VERTEX_POINT('',#2064);
#641=VERTEX_POINT('',#2066);
#642=VERTEX_POINT('',#2070);
#643=VERTEX_POINT('',#2071);
#644=VERTEX_POINT('',#2073);
#645=VERTEX_POINT('',#2075);
#646=VERTEX_POINT('',#2079);
#647=VERTEX_POINT('',#2081);
#648=VERTEX_POINT('',#2083);
#649=VERTEX_POINT('',#2085);
#650=VERTEX_POINT('',#2089);
#651=VERTEX_POINT('',#2091);
#652=VERTEX_POINT('',#2093);
#653=VERTEX_POINT('',#2097);
#654=VERTEX_POINT('',#2098);
#655=VERTEX_POINT('',#2100);
#656=VERTEX_POINT('',#2102);
#657=VERTEX_POINT('',#2106);
#658=VERTEX_POINT('',#2108);
#659=VERTEX_POINT('',#2110);
#660=VERTEX_POINT('',#2115);
#661=VERTEX_POINT('',#2119);
#662=VERTEX_POINT('',#2120);
#663=VERTEX_POINT('',#2122);
#664=VERTEX_POINT('',#2124);
#665=VERTEX_POINT('',#2126);
#666=VERTEX_POINT('',#2130);
#667=VERTEX_POINT('',#2132);
#668=VERTEX_POINT('',#2134);
#669=VERTEX_POINT('',#2138);
#670=VERTEX_POINT('',#2141);
#671=VERTEX_POINT('',#2143);
#672=VERTEX_POINT('',#2145);
#673=VERTEX_POINT('',#2149);
#674=VERTEX_POINT('',#2151);
#675=VERTEX_POINT('',#2153);
#676=VERTEX_POINT('',#2160);
#677=VERTEX_POINT('',#2164);
#678=VERTEX_POINT('',#2171);
#679=VERTEX_POINT('',#2173);
#680=VERTEX_POINT('',#2175);
#681=VERTEX_POINT('',#2179);
#682=VERTEX_POINT('',#2183);
#683=VERTEX_POINT('',#2185);
#684=VERTEX_POINT('',#2189);
#685=VERTEX_POINT('',#2190);
#686=VERTEX_POINT('',#2205);
#687=VERTEX_POINT('',#2207);
#688=VERTEX_POINT('',#2209);
#689=VERTEX_POINT('',#2213);
#690=VERTEX_POINT('',#2217);
#691=VERTEX_POINT('',#2219);
#692=VERTEX_POINT('',#2221);
#693=VERTEX_POINT('',#2223);
#694=VERTEX_POINT('',#2229);
#695=VERTEX_POINT('',#2231);
#696=VERTEX_POINT('',#2233);
#697=VERTEX_POINT('',#2242);
#698=VERTEX_POINT('',#2244);
#699=VERTEX_POINT('',#2246);
#700=VERTEX_POINT('',#2248);
#701=VERTEX_POINT('',#2254);
#702=VERTEX_POINT('',#2256);
#703=VERTEX_POINT('',#2258);
#704=VERTEX_POINT('',#2262);
#705=VERTEX_POINT('',#2266);
#706=VERTEX_POINT('',#2268);
#707=VERTEX_POINT('',#2272);
#708=VERTEX_POINT('',#2273);
#709=VERTEX_POINT('',#2275);
#710=VERTEX_POINT('',#2277);
#711=VERTEX_POINT('',#2281);
#712=VERTEX_POINT('',#2282);
#713=VERTEX_POINT('',#2284);
#714=VERTEX_POINT('',#2286);
#715=VERTEX_POINT('',#2290);
#716=VERTEX_POINT('',#2292);
#717=VERTEX_POINT('',#2296);
#718=VERTEX_POINT('',#2305);
#719=VERTEX_POINT('',#2307);
#720=VERTEX_POINT('',#2309);
#721=VERTEX_POINT('',#2318);
#722=VERTEX_POINT('',#2324);
#723=VERTEX_POINT('',#2326);
#724=VERTEX_POINT('',#2333);
#725=VERTEX_POINT('',#2335);
#726=VERTEX_POINT('',#2337);
#727=VERTEX_POINT('',#2341);
#728=VERTEX_POINT('',#2342);
#729=VERTEX_POINT('',#2344);
#730=VERTEX_POINT('',#2348);
#731=VERTEX_POINT('',#2350);
#732=VERTEX_POINT('',#2352);
#733=VERTEX_POINT('',#2354);
#734=VERTEX_POINT('',#2358);
#735=VERTEX_POINT('',#2362);
#736=VERTEX_POINT('',#2374);
#737=VERTEX_POINT('',#2376);
#738=VERTEX_POINT('',#2381);
#739=VERTEX_POINT('',#2385);
#740=VERTEX_POINT('',#2386);
#741=VERTEX_POINT('',#2393);
#742=VERTEX_POINT('',#2397);
#743=VERTEX_POINT('',#2405);
#744=EDGE_CURVE('',#610,#611,#585,.T.);
#745=EDGE_CURVE('',#610,#612,#237,.T.);
#746=EDGE_CURVE('',#613,#612,#586,.T.);
#747=EDGE_CURVE('',#611,#613,#238,.T.);
#748=EDGE_CURVE('',#614,#615,#587,.T.);
#749=EDGE_CURVE('',#616,#614,#239,.T.);
#750=EDGE_CURVE('',#617,#616,#588,.T.);
#751=EDGE_CURVE('',#617,#615,#240,.T.);
#752=EDGE_CURVE('',#617,#618,#241,.T.);
#753=EDGE_CURVE('',#618,#619,#242,.T.);
#754=EDGE_CURVE('',#619,#620,#243,.T.);
#755=EDGE_CURVE('',#620,#621,#244,.T.);
#756=EDGE_CURVE('',#622,#621,#245,.T.);
#757=EDGE_CURVE('',#622,#623,#246,.T.);
#758=EDGE_CURVE('',#623,#624,#247,.T.);
#759=EDGE_CURVE('',#624,#625,#248,.T.);
#760=EDGE_CURVE('',#625,#617,#249,.T.);
#761=EDGE_CURVE('',#626,#627,#250,.T.);
#762=EDGE_CURVE('',#627,#628,#251,.T.);
#763=EDGE_CURVE('',#628,#629,#252,.T.);
#764=EDGE_CURVE('',#630,#629,#253,.T.);
#765=EDGE_CURVE('',#630,#631,#254,.T.);
#766=EDGE_CURVE('',#632,#631,#255,.T.);
#767=EDGE_CURVE('',#633,#632,#19,.T.);
#768=EDGE_CURVE('',#633,#626,#20,.F.);
#769=EDGE_CURVE('',#634,#630,#256,.T.);
#770=EDGE_CURVE('',#629,#635,#257,.T.);
#771=EDGE_CURVE('',#634,#635,#258,.T.);
#772=EDGE_CURVE('',#636,#637,#259,.T.);
#773=EDGE_CURVE('',#638,#637,#260,.T.);
#774=EDGE_CURVE('',#639,#638,#261,.T.);
#775=EDGE_CURVE('',#639,#636,#262,.T.);
#776=EDGE_CURVE('',#637,#640,#263,.T.);
#777=EDGE_CURVE('',#641,#640,#264,.T.);
#778=EDGE_CURVE('',#638,#641,#265,.T.);
#779=EDGE_CURVE('',#642,#643,#266,.T.);
#780=EDGE_CURVE('',#644,#643,#267,.T.);
#781=EDGE_CURVE('',#644,#645,#268,.T.);
#782=EDGE_CURVE('',#645,#642,#269,.T.);
#783=EDGE_CURVE('',#646,#643,#270,.T.);
#784=EDGE_CURVE('',#647,#646,#271,.T.);
#785=EDGE_CURVE('',#648,#647,#21,.T.);
#786=EDGE_CURVE('',#649,#648,#22,.T.);
#787=EDGE_CURVE('',#644,#649,#272,.T.);
#788=EDGE_CURVE('',#650,#646,#273,.T.);
#789=EDGE_CURVE('',#650,#651,#274,.T.);
#790=EDGE_CURVE('',#651,#652,#275,.T.);
#791=EDGE_CURVE('',#647,#652,#23,.T.);
#792=EDGE_CURVE('',#653,#654,#276,.T.);
#793=EDGE_CURVE('',#655,#654,#277,.T.);
#794=EDGE_CURVE('',#656,#655,#278,.T.);
#795=EDGE_CURVE('',#656,#653,#279,.T.);
#796=EDGE_CURVE('',#653,#657,#280,.T.);
#797=EDGE_CURVE('',#658,#657,#281,.T.);
#798=EDGE_CURVE('',#659,#658,#282,.T.);
#799=EDGE_CURVE('',#659,#640,#283,.T.);
#800=EDGE_CURVE('',#636,#654,#284,.T.);
#801=EDGE_CURVE('',#649,#660,#285,.T.);
#802=EDGE_CURVE('',#631,#660,#286,.T.);
#803=EDGE_CURVE('',#645,#634,#287,.T.);
#804=EDGE_CURVE('',#661,#662,#24,.T.);
#805=EDGE_CURVE('',#663,#661,#288,.T.);
#806=EDGE_CURVE('',#664,#663,#289,.T.);
#807=EDGE_CURVE('',#665,#664,#290,.T.);
#808=EDGE_CURVE('',#662,#665,#291,.T.);
#809=EDGE_CURVE('',#666,#652,#589,.T.);
#810=EDGE_CURVE('',#666,#667,#292,.T.);
#811=EDGE_CURVE('',#667,#668,#590,.T.);
#812=EDGE_CURVE('',#668,#648,#293,.T.);
#813=EDGE_CURVE('',#669,#656,#294,.T.);
#814=EDGE_CURVE('',#655,#639,#295,.T.);
#815=EDGE_CURVE('',#641,#670,#296,.T.);
#816=EDGE_CURVE('',#670,#671,#297,.T.);
#817=EDGE_CURVE('',#671,#672,#298,.T.);
#818=EDGE_CURVE('',#672,#669,#299,.T.);
#819=EDGE_CURVE('',#632,#673,#591,.T.);
#820=EDGE_CURVE('',#673,#674,#300,.T.);
#821=EDGE_CURVE('',#674,#675,#25,.F.);
#822=EDGE_CURVE('',#675,#633,#301,.T.);
#823=EDGE_CURVE('',#660,#668,#592,.T.);
#824=EDGE_CURVE('',#667,#673,#302,.T.);
#825=EDGE_CURVE('',#676,#675,#26,.T.);
#826=EDGE_CURVE('',#676,#626,#303,.T.);
#827=EDGE_CURVE('',#627,#677,#304,.T.);
#828=EDGE_CURVE('',#671,#677,#305,.T.);
#829=EDGE_CURVE('',#670,#627,#306,.T.);
#830=EDGE_CURVE('',#677,#676,#307,.T.);
#831=EDGE_CURVE('',#663,#678,#308,.T.);
#832=EDGE_CURVE('',#679,#678,#593,.T.);
#833=EDGE_CURVE('',#679,#680,#309,.T.);
#834=EDGE_CURVE('',#680,#664,#310,.T.);
#835=EDGE_CURVE('',#681,#661,#311,.T.);
#836=EDGE_CURVE('',#678,#681,#312,.T.);
#837=EDGE_CURVE('',#682,#681,#594,.F.);
#838=EDGE_CURVE('',#683,#682,#595,.F.);
#839=EDGE_CURVE('',#681,#683,#596,.F.);
#840=EDGE_CURVE('',#684,#685,#597,.T.);
#841=EDGE_CURVE('',#685,#683,#313,.T.);
#842=EDGE_CURVE('',#682,#684,#314,.T.);
#843=EDGE_CURVE('',#683,#679,#315,.T.);
#844=EDGE_CURVE('',#662,#682,#316,.T.);
#845=EDGE_CURVE('',#665,#684,#317,.T.);
#846=EDGE_CURVE('',#685,#680,#318,.T.);
#847=EDGE_CURVE('',#657,#686,#319,.T.);
#848=EDGE_CURVE('',#657,#687,#320,.T.);
#849=EDGE_CURVE('',#687,#688,#321,.T.);
#850=EDGE_CURVE('',#688,#686,#322,.T.);
#851=EDGE_CURVE('',#689,#659,#323,.T.);
#852=EDGE_CURVE('',#689,#628,#324,.T.);
#853=EDGE_CURVE('',#686,#690,#325,.T.);
#854=EDGE_CURVE('',#688,#691,#326,.T.);
#855=EDGE_CURVE('',#692,#691,#327,.T.);
#856=EDGE_CURVE('',#693,#692,#328,.T.);
#857=EDGE_CURVE('',#690,#693,#329,.T.);
#858=EDGE_CURVE('',#635,#642,#330,.T.);
#859=EDGE_CURVE('',#694,#669,#331,.T.);
#860=EDGE_CURVE('',#694,#695,#332,.T.);
#861=EDGE_CURVE('',#696,#695,#333,.T.);
#862=EDGE_CURVE('',#651,#696,#334,.T.);
#863=EDGE_CURVE('',#651,#652,#335,.T.);
#864=EDGE_CURVE('',#657,#650,#336,.T.);
#865=EDGE_CURVE('',#621,#693,#337,.T.);
#866=EDGE_CURVE('',#690,#620,#338,.T.);
#867=EDGE_CURVE('',#692,#697,#339,.T.);
#868=EDGE_CURVE('',#697,#698,#598,.T.);
#869=EDGE_CURVE('',#698,#699,#340,.T.);
#870=EDGE_CURVE('',#699,#700,#341,.T.);
#871=EDGE_CURVE('',#618,#700,#342,.T.);
#872=EDGE_CURVE('',#616,#622,#599,.T.);
#873=EDGE_CURVE('',#650,#651,#343,.T.);
#874=EDGE_CURVE('',#651,#701,#344,.T.);
#875=EDGE_CURVE('',#702,#701,#345,.T.);
#876=EDGE_CURVE('',#703,#702,#346,.T.);
#877=EDGE_CURVE('',#703,#687,#347,.T.);
#878=EDGE_CURVE('',#691,#704,#348,.T.);
#879=EDGE_CURVE('',#704,#697,#349,.T.);
#880=EDGE_CURVE('',#650,#705,#350,.T.);
#881=EDGE_CURVE('',#706,#705,#351,.T.);
#882=EDGE_CURVE('',#666,#706,#352,.T.);
#883=EDGE_CURVE('',#707,#708,#353,.T.);
#884=EDGE_CURVE('',#709,#708,#354,.T.);
#885=EDGE_CURVE('',#710,#709,#355,.T.);
#886=EDGE_CURVE('',#707,#710,#356,.T.);
#887=EDGE_CURVE('',#711,#712,#357,.T.);
#888=EDGE_CURVE('',#713,#712,#358,.T.);
#889=EDGE_CURVE('',#713,#714,#359,.T.);
#890=EDGE_CURVE('',#711,#714,#360,.T.);
#891=EDGE_CURVE('',#714,#715,#27,.T.);
#892=EDGE_CURVE('',#716,#713,#600,.T.);
#893=EDGE_CURVE('',#715,#716,#28,.T.);
#894=EDGE_CURVE('',#717,#709,#29,.T.);
#895=EDGE_CURVE('',#716,#717,#30,.T.);
#896=EDGE_CURVE('',#710,#716,#601,.T.);
#897=EDGE_CURVE('',#717,#715,#361,.T.);
#898=EDGE_CURVE('',#708,#711,#362,.T.);
#899=EDGE_CURVE('',#689,#624,#363,.T.);
#900=EDGE_CURVE('',#718,#623,#364,.T.);
#901=EDGE_CURVE('',#719,#718,#365,.T.);
#902=EDGE_CURVE('',#719,#720,#366,.T.);
#903=EDGE_CURVE('',#720,#705,#367,.T.);
#904=EDGE_CURVE('',#707,#712,#368,.T.);
#905=EDGE_CURVE('',#622,#718,#602,.T.);
#906=EDGE_CURVE('',#721,#619,#369,.T.);
#907=EDGE_CURVE('',#657,#721,#370,.T.);
#908=EDGE_CURVE('',#721,#700,#371,.T.);
#909=EDGE_CURVE('',#722,#615,#372,.T.);
#910=EDGE_CURVE('',#723,#625,#373,.T.);
#911=EDGE_CURVE('',#722,#723,#374,.T.);
#912=EDGE_CURVE('',#723,#658,#375,.T.);
#913=EDGE_CURVE('',#674,#706,#376,.T.);
#914=EDGE_CURVE('',#706,#724,#377,.T.);
#915=EDGE_CURVE('',#725,#724,#378,.T.);
#916=EDGE_CURVE('',#726,#725,#379,.T.);
#917=EDGE_CURVE('',#672,#726,#380,.T.);
#918=EDGE_CURVE('',#727,#728,#603,.T.);
#919=EDGE_CURVE('',#729,#728,#381,.T.);
#920=EDGE_CURVE('',#727,#729,#382,.T.);
#921=EDGE_CURVE('',#726,#730,#383,.T.);
#922=EDGE_CURVE('',#730,#731,#384,.T.);
#923=EDGE_CURVE('',#731,#732,#385,.T.);
#924=EDGE_CURVE('',#733,#732,#386,.T.);
#925=EDGE_CURVE('',#733,#694,#387,.T.);
#926=EDGE_CURVE('',#733,#734,#388,.T.);
#927=EDGE_CURVE('',#695,#734,#389,.T.);
#928=EDGE_CURVE('',#735,#696,#390,.T.);
#929=EDGE_CURVE('',#701,#735,#391,.T.);
#930=EDGE_CURVE('',#612,#725,#392,.T.);
#931=EDGE_CURVE('',#610,#730,#393,.T.);
#932=EDGE_CURVE('',#734,#612,#394,.T.);
#933=EDGE_CURVE('',#724,#729,#395,.T.);
#934=EDGE_CURVE('',#735,#728,#396,.T.);
#935=EDGE_CURVE('',#728,#613,#604,.T.);
#936=EDGE_CURVE('',#732,#736,#397,.T.);
#937=EDGE_CURVE('',#736,#737,#605,.T.);
#938=EDGE_CURVE('',#737,#702,#398,.T.);
#939=EDGE_CURVE('',#738,#699,#399,.T.);
#940=EDGE_CURVE('',#722,#738,#400,.T.);
#941=EDGE_CURVE('',#739,#740,#606,.T.);
#942=EDGE_CURVE('',#740,#737,#401,.T.);
#943=EDGE_CURVE('',#739,#736,#402,.T.);
#944=EDGE_CURVE('',#731,#739,#403,.T.);
#945=EDGE_CURVE('',#741,#727,#404,.T.);
#946=EDGE_CURVE('',#741,#611,#607,.T.);
#947=EDGE_CURVE('',#742,#741,#405,.T.);
#948=EDGE_CURVE('',#742,#706,#406,.T.);
#949=EDGE_CURVE('',#720,#742,#407,.T.);
#950=EDGE_CURVE('',#614,#719,#608,.T.);
#951=EDGE_CURVE('',#743,#738,#408,.T.);
#952=EDGE_CURVE('',#743,#698,#409,.T.);
#953=EDGE_CURVE('',#704,#743,#609,.T.);
#954=EDGE_CURVE('',#740,#703,#410,.T.);
#955=ORIENTED_EDGE('',*,*,#744,.F.);
#956=ORIENTED_EDGE('',*,*,#745,.T.);
#957=ORIENTED_EDGE('',*,*,#746,.F.);
#958=ORIENTED_EDGE('',*,*,#747,.F.);
#959=ORIENTED_EDGE('',*,*,#748,.F.);
#960=ORIENTED_EDGE('',*,*,#749,.F.);
#961=ORIENTED_EDGE('',*,*,#750,.F.);
#962=ORIENTED_EDGE('',*,*,#751,.T.);
#963=ORIENTED_EDGE('',*,*,#752,.T.);
#964=ORIENTED_EDGE('',*,*,#753,.T.);
#965=ORIENTED_EDGE('',*,*,#754,.T.);
#966=ORIENTED_EDGE('',*,*,#755,.T.);
#967=ORIENTED_EDGE('',*,*,#756,.F.);
#968=ORIENTED_EDGE('',*,*,#757,.T.);
#969=ORIENTED_EDGE('',*,*,#758,.T.);
#970=ORIENTED_EDGE('',*,*,#759,.T.);
#971=ORIENTED_EDGE('',*,*,#760,.T.);
#972=ORIENTED_EDGE('',*,*,#761,.T.);
#973=ORIENTED_EDGE('',*,*,#762,.T.);
#974=ORIENTED_EDGE('',*,*,#763,.T.);
#975=ORIENTED_EDGE('',*,*,#764,.F.);
#976=ORIENTED_EDGE('',*,*,#765,.T.);
#977=ORIENTED_EDGE('',*,*,#766,.F.);
#978=ORIENTED_EDGE('',*,*,#767,.F.);
#979=ORIENTED_EDGE('',*,*,#768,.T.);
#980=ORIENTED_EDGE('',*,*,#769,.T.);
#981=ORIENTED_EDGE('',*,*,#764,.T.);
#982=ORIENTED_EDGE('',*,*,#770,.T.);
#983=ORIENTED_EDGE('',*,*,#771,.F.);
#984=ORIENTED_EDGE('',*,*,#772,.T.);
#985=ORIENTED_EDGE('',*,*,#773,.F.);
#986=ORIENTED_EDGE('',*,*,#774,.F.);
#987=ORIENTED_EDGE('',*,*,#775,.T.);
#988=ORIENTED_EDGE('',*,*,#776,.T.);
#989=ORIENTED_EDGE('',*,*,#777,.F.);
#990=ORIENTED_EDGE('',*,*,#778,.F.);
#991=ORIENTED_EDGE('',*,*,#773,.T.);
#992=ORIENTED_EDGE('',*,*,#779,.T.);
#993=ORIENTED_EDGE('',*,*,#780,.F.);
#994=ORIENTED_EDGE('',*,*,#781,.T.);
#995=ORIENTED_EDGE('',*,*,#782,.T.);
#996=ORIENTED_EDGE('',*,*,#783,.F.);
#997=ORIENTED_EDGE('',*,*,#784,.F.);
#998=ORIENTED_EDGE('',*,*,#785,.F.);
#999=ORIENTED_EDGE('',*,*,#786,.F.);
#1000=ORIENTED_EDGE('',*,*,#787,.F.);
#1001=ORIENTED_EDGE('',*,*,#780,.T.);
#1002=ORIENTED_EDGE('',*,*,#788,.F.);
#1003=ORIENTED_EDGE('',*,*,#789,.T.);
#1004=ORIENTED_EDGE('',*,*,#790,.T.);
#1005=ORIENTED_EDGE('',*,*,#791,.F.);
#1006=ORIENTED_EDGE('',*,*,#784,.T.);
#1007=ORIENTED_EDGE('',*,*,#792,.T.);
#1008=ORIENTED_EDGE('',*,*,#793,.F.);
#1009=ORIENTED_EDGE('',*,*,#794,.F.);
#1010=ORIENTED_EDGE('',*,*,#795,.T.);
#1011=ORIENTED_EDGE('',*,*,#796,.T.);
#1012=ORIENTED_EDGE('',*,*,#797,.F.);
#1013=ORIENTED_EDGE('',*,*,#798,.F.);
#1014=ORIENTED_EDGE('',*,*,#799,.T.);
#1015=ORIENTED_EDGE('',*,*,#776,.F.);
#1016=ORIENTED_EDGE('',*,*,#772,.F.);
#1017=ORIENTED_EDGE('',*,*,#800,.T.);
#1018=ORIENTED_EDGE('',*,*,#792,.F.);
#1019=ORIENTED_EDGE('',*,*,#787,.T.);
#1020=ORIENTED_EDGE('',*,*,#801,.T.);
#1021=ORIENTED_EDGE('',*,*,#802,.F.);
#1022=ORIENTED_EDGE('',*,*,#765,.F.);
#1023=ORIENTED_EDGE('',*,*,#769,.F.);
#1024=ORIENTED_EDGE('',*,*,#803,.F.);
#1025=ORIENTED_EDGE('',*,*,#781,.F.);
#1026=ORIENTED_EDGE('',*,*,#804,.F.);
#1027=ORIENTED_EDGE('',*,*,#805,.F.);
#1028=ORIENTED_EDGE('',*,*,#806,.F.);
#1029=ORIENTED_EDGE('',*,*,#807,.F.);
#1030=ORIENTED_EDGE('',*,*,#808,.F.);
#1031=ORIENTED_EDGE('',*,*,#785,.T.);
#1032=ORIENTED_EDGE('',*,*,#791,.T.);
#1033=ORIENTED_EDGE('',*,*,#809,.F.);
#1034=ORIENTED_EDGE('',*,*,#810,.T.);
#1035=ORIENTED_EDGE('',*,*,#811,.T.);
#1036=ORIENTED_EDGE('',*,*,#812,.T.);
#1037=ORIENTED_EDGE('',*,*,#813,.T.);
#1038=ORIENTED_EDGE('',*,*,#794,.T.);
#1039=ORIENTED_EDGE('',*,*,#814,.T.);
#1040=ORIENTED_EDGE('',*,*,#774,.T.);
#1041=ORIENTED_EDGE('',*,*,#778,.T.);
#1042=ORIENTED_EDGE('',*,*,#815,.T.);
#1043=ORIENTED_EDGE('',*,*,#816,.T.);
#1044=ORIENTED_EDGE('',*,*,#817,.T.);
#1045=ORIENTED_EDGE('',*,*,#818,.T.);
#1046=ORIENTED_EDGE('',*,*,#819,.T.);
#1047=ORIENTED_EDGE('',*,*,#820,.T.);
#1048=ORIENTED_EDGE('',*,*,#821,.T.);
#1049=ORIENTED_EDGE('',*,*,#822,.T.);
#1050=ORIENTED_EDGE('',*,*,#767,.T.);
#1051=ORIENTED_EDGE('',*,*,#819,.F.);
#1052=ORIENTED_EDGE('',*,*,#766,.T.);
#1053=ORIENTED_EDGE('',*,*,#802,.T.);
#1054=ORIENTED_EDGE('',*,*,#823,.T.);
#1055=ORIENTED_EDGE('',*,*,#811,.F.);
#1056=ORIENTED_EDGE('',*,*,#824,.T.);
#1057=ORIENTED_EDGE('',*,*,#822,.F.);
#1058=ORIENTED_EDGE('',*,*,#825,.F.);
#1059=ORIENTED_EDGE('',*,*,#826,.T.);
#1060=ORIENTED_EDGE('',*,*,#768,.F.);
#1061=ORIENTED_EDGE('',*,*,#827,.T.);
#1062=ORIENTED_EDGE('',*,*,#828,.F.);
#1063=ORIENTED_EDGE('',*,*,#816,.F.);
#1064=ORIENTED_EDGE('',*,*,#829,.T.);
#1065=ORIENTED_EDGE('',*,*,#826,.F.);
#1066=ORIENTED_EDGE('',*,*,#830,.F.);
#1067=ORIENTED_EDGE('',*,*,#827,.F.);
#1068=ORIENTED_EDGE('',*,*,#761,.F.);
#1069=ORIENTED_EDGE('',*,*,#806,.T.);
#1070=ORIENTED_EDGE('',*,*,#831,.T.);
#1071=ORIENTED_EDGE('',*,*,#832,.F.);
#1072=ORIENTED_EDGE('',*,*,#833,.T.);
#1073=ORIENTED_EDGE('',*,*,#834,.T.);
#1074=ORIENTED_EDGE('',*,*,#805,.T.);
#1075=ORIENTED_EDGE('',*,*,#835,.F.);
#1076=ORIENTED_EDGE('',*,*,#836,.F.);
#1077=ORIENTED_EDGE('',*,*,#831,.F.);
#1078=ORIENTED_EDGE('',*,*,#837,.F.);
#1079=ORIENTED_EDGE('',*,*,#838,.F.);
#1080=ORIENTED_EDGE('',*,*,#839,.F.);
#1081=ORIENTED_EDGE('',*,*,#840,.T.);
#1082=ORIENTED_EDGE('',*,*,#841,.T.);
#1083=ORIENTED_EDGE('',*,*,#838,.T.);
#1084=ORIENTED_EDGE('',*,*,#842,.T.);
#1085=ORIENTED_EDGE('',*,*,#832,.T.);
#1086=ORIENTED_EDGE('',*,*,#836,.T.);
#1087=ORIENTED_EDGE('',*,*,#839,.T.);
#1088=ORIENTED_EDGE('',*,*,#843,.T.);
#1089=ORIENTED_EDGE('',*,*,#804,.T.);
#1090=ORIENTED_EDGE('',*,*,#844,.T.);
#1091=ORIENTED_EDGE('',*,*,#837,.T.);
#1092=ORIENTED_EDGE('',*,*,#835,.T.);
#1093=ORIENTED_EDGE('',*,*,#808,.T.);
#1094=ORIENTED_EDGE('',*,*,#845,.T.);
#1095=ORIENTED_EDGE('',*,*,#842,.F.);
#1096=ORIENTED_EDGE('',*,*,#844,.F.);
#1097=ORIENTED_EDGE('',*,*,#807,.T.);
#1098=ORIENTED_EDGE('',*,*,#834,.F.);
#1099=ORIENTED_EDGE('',*,*,#846,.F.);
#1100=ORIENTED_EDGE('',*,*,#840,.F.);
#1101=ORIENTED_EDGE('',*,*,#845,.F.);
#1102=ORIENTED_EDGE('',*,*,#841,.F.);
#1103=ORIENTED_EDGE('',*,*,#846,.T.);
#1104=ORIENTED_EDGE('',*,*,#833,.F.);
#1105=ORIENTED_EDGE('',*,*,#843,.F.);
#1106=ORIENTED_EDGE('',*,*,#786,.T.);
#1107=ORIENTED_EDGE('',*,*,#812,.F.);
#1108=ORIENTED_EDGE('',*,*,#823,.F.);
#1109=ORIENTED_EDGE('',*,*,#801,.F.);
#1110=ORIENTED_EDGE('',*,*,#847,.F.);
#1111=ORIENTED_EDGE('',*,*,#848,.T.);
#1112=ORIENTED_EDGE('',*,*,#849,.T.);
#1113=ORIENTED_EDGE('',*,*,#850,.T.);
#1114=ORIENTED_EDGE('',*,*,#851,.F.);
#1115=ORIENTED_EDGE('',*,*,#852,.T.);
#1116=ORIENTED_EDGE('',*,*,#762,.F.);
#1117=ORIENTED_EDGE('',*,*,#829,.F.);
#1118=ORIENTED_EDGE('',*,*,#815,.F.);
#1119=ORIENTED_EDGE('',*,*,#777,.T.);
#1120=ORIENTED_EDGE('',*,*,#799,.F.);
#1121=ORIENTED_EDGE('',*,*,#853,.F.);
#1122=ORIENTED_EDGE('',*,*,#850,.F.);
#1123=ORIENTED_EDGE('',*,*,#854,.T.);
#1124=ORIENTED_EDGE('',*,*,#855,.F.);
#1125=ORIENTED_EDGE('',*,*,#856,.F.);
#1126=ORIENTED_EDGE('',*,*,#857,.F.);
#1127=ORIENTED_EDGE('',*,*,#814,.F.);
#1128=ORIENTED_EDGE('',*,*,#793,.T.);
#1129=ORIENTED_EDGE('',*,*,#800,.F.);
#1130=ORIENTED_EDGE('',*,*,#775,.F.);
#1131=ORIENTED_EDGE('',*,*,#771,.T.);
#1132=ORIENTED_EDGE('',*,*,#858,.T.);
#1133=ORIENTED_EDGE('',*,*,#782,.F.);
#1134=ORIENTED_EDGE('',*,*,#803,.T.);
#1135=ORIENTED_EDGE('',*,*,#813,.F.);
#1136=ORIENTED_EDGE('',*,*,#859,.F.);
#1137=ORIENTED_EDGE('',*,*,#860,.T.);
#1138=ORIENTED_EDGE('',*,*,#861,.F.);
#1139=ORIENTED_EDGE('',*,*,#862,.F.);
#1140=ORIENTED_EDGE('',*,*,#863,.T.);
#1141=ORIENTED_EDGE('',*,*,#790,.F.);
#1142=ORIENTED_EDGE('',*,*,#789,.F.);
#1143=ORIENTED_EDGE('',*,*,#864,.F.);
#1144=ORIENTED_EDGE('',*,*,#796,.F.);
#1145=ORIENTED_EDGE('',*,*,#795,.F.);
#1146=ORIENTED_EDGE('',*,*,#857,.T.);
#1147=ORIENTED_EDGE('',*,*,#865,.F.);
#1148=ORIENTED_EDGE('',*,*,#755,.F.);
#1149=ORIENTED_EDGE('',*,*,#866,.F.);
#1150=ORIENTED_EDGE('',*,*,#856,.T.);
#1151=ORIENTED_EDGE('',*,*,#867,.T.);
#1152=ORIENTED_EDGE('',*,*,#868,.T.);
#1153=ORIENTED_EDGE('',*,*,#869,.T.);
#1154=ORIENTED_EDGE('',*,*,#870,.T.);
#1155=ORIENTED_EDGE('',*,*,#871,.F.);
#1156=ORIENTED_EDGE('',*,*,#752,.F.);
#1157=ORIENTED_EDGE('',*,*,#750,.T.);
#1158=ORIENTED_EDGE('',*,*,#872,.T.);
#1159=ORIENTED_EDGE('',*,*,#756,.T.);
#1160=ORIENTED_EDGE('',*,*,#865,.T.);
#1161=ORIENTED_EDGE('',*,*,#864,.T.);
#1162=ORIENTED_EDGE('',*,*,#873,.T.);
#1163=ORIENTED_EDGE('',*,*,#874,.T.);
#1164=ORIENTED_EDGE('',*,*,#875,.F.);
#1165=ORIENTED_EDGE('',*,*,#876,.F.);
#1166=ORIENTED_EDGE('',*,*,#877,.T.);
#1167=ORIENTED_EDGE('',*,*,#848,.F.);
#1168=ORIENTED_EDGE('',*,*,#855,.T.);
#1169=ORIENTED_EDGE('',*,*,#878,.T.);
#1170=ORIENTED_EDGE('',*,*,#879,.T.);
#1171=ORIENTED_EDGE('',*,*,#867,.F.);
#1172=ORIENTED_EDGE('',*,*,#880,.T.);
#1173=ORIENTED_EDGE('',*,*,#881,.F.);
#1174=ORIENTED_EDGE('',*,*,#882,.F.);
#1175=ORIENTED_EDGE('',*,*,#809,.T.);
#1176=ORIENTED_EDGE('',*,*,#863,.F.);
#1177=ORIENTED_EDGE('',*,*,#873,.F.);
#1178=ORIENTED_EDGE('',*,*,#883,.T.);
#1179=ORIENTED_EDGE('',*,*,#884,.F.);
#1180=ORIENTED_EDGE('',*,*,#885,.F.);
#1181=ORIENTED_EDGE('',*,*,#886,.F.);
#1182=ORIENTED_EDGE('',*,*,#887,.T.);
#1183=ORIENTED_EDGE('',*,*,#888,.F.);
#1184=ORIENTED_EDGE('',*,*,#889,.T.);
#1185=ORIENTED_EDGE('',*,*,#890,.F.);
#1186=ORIENTED_EDGE('',*,*,#891,.F.);
#1187=ORIENTED_EDGE('',*,*,#889,.F.);
#1188=ORIENTED_EDGE('',*,*,#892,.F.);
#1189=ORIENTED_EDGE('',*,*,#893,.F.);
#1190=ORIENTED_EDGE('',*,*,#894,.F.);
#1191=ORIENTED_EDGE('',*,*,#895,.F.);
#1192=ORIENTED_EDGE('',*,*,#896,.F.);
#1193=ORIENTED_EDGE('',*,*,#885,.T.);
#1194=ORIENTED_EDGE('',*,*,#890,.T.);
#1195=ORIENTED_EDGE('',*,*,#891,.T.);
#1196=ORIENTED_EDGE('',*,*,#897,.F.);
#1197=ORIENTED_EDGE('',*,*,#894,.T.);
#1198=ORIENTED_EDGE('',*,*,#884,.T.);
#1199=ORIENTED_EDGE('',*,*,#898,.T.);
#1200=ORIENTED_EDGE('',*,*,#783,.T.);
#1201=ORIENTED_EDGE('',*,*,#779,.F.);
#1202=ORIENTED_EDGE('',*,*,#858,.F.);
#1203=ORIENTED_EDGE('',*,*,#770,.F.);
#1204=ORIENTED_EDGE('',*,*,#763,.F.);
#1205=ORIENTED_EDGE('',*,*,#852,.F.);
#1206=ORIENTED_EDGE('',*,*,#899,.T.);
#1207=ORIENTED_EDGE('',*,*,#758,.F.);
#1208=ORIENTED_EDGE('',*,*,#900,.F.);
#1209=ORIENTED_EDGE('',*,*,#901,.F.);
#1210=ORIENTED_EDGE('',*,*,#902,.T.);
#1211=ORIENTED_EDGE('',*,*,#903,.T.);
#1212=ORIENTED_EDGE('',*,*,#880,.F.);
#1213=ORIENTED_EDGE('',*,*,#788,.T.);
#1214=ORIENTED_EDGE('',*,*,#887,.F.);
#1215=ORIENTED_EDGE('',*,*,#898,.F.);
#1216=ORIENTED_EDGE('',*,*,#883,.F.);
#1217=ORIENTED_EDGE('',*,*,#904,.T.);
#1218=ORIENTED_EDGE('',*,*,#895,.T.);
#1219=ORIENTED_EDGE('',*,*,#897,.T.);
#1220=ORIENTED_EDGE('',*,*,#893,.T.);
#1221=ORIENTED_EDGE('',*,*,#888,.T.);
#1222=ORIENTED_EDGE('',*,*,#904,.F.);
#1223=ORIENTED_EDGE('',*,*,#886,.T.);
#1224=ORIENTED_EDGE('',*,*,#896,.T.);
#1225=ORIENTED_EDGE('',*,*,#892,.T.);
#1226=ORIENTED_EDGE('',*,*,#905,.T.);
#1227=ORIENTED_EDGE('',*,*,#900,.T.);
#1228=ORIENTED_EDGE('',*,*,#757,.F.);
#1229=ORIENTED_EDGE('',*,*,#853,.T.);
#1230=ORIENTED_EDGE('',*,*,#866,.T.);
#1231=ORIENTED_EDGE('',*,*,#754,.F.);
#1232=ORIENTED_EDGE('',*,*,#906,.F.);
#1233=ORIENTED_EDGE('',*,*,#907,.F.);
#1234=ORIENTED_EDGE('',*,*,#847,.T.);
#1235=ORIENTED_EDGE('',*,*,#871,.T.);
#1236=ORIENTED_EDGE('',*,*,#908,.F.);
#1237=ORIENTED_EDGE('',*,*,#906,.T.);
#1238=ORIENTED_EDGE('',*,*,#753,.F.);
#1239=ORIENTED_EDGE('',*,*,#909,.T.);
#1240=ORIENTED_EDGE('',*,*,#751,.F.);
#1241=ORIENTED_EDGE('',*,*,#760,.F.);
#1242=ORIENTED_EDGE('',*,*,#910,.F.);
#1243=ORIENTED_EDGE('',*,*,#911,.F.);
#1244=ORIENTED_EDGE('',*,*,#798,.T.);
#1245=ORIENTED_EDGE('',*,*,#912,.F.);
#1246=ORIENTED_EDGE('',*,*,#910,.T.);
#1247=ORIENTED_EDGE('',*,*,#759,.F.);
#1248=ORIENTED_EDGE('',*,*,#899,.F.);
#1249=ORIENTED_EDGE('',*,*,#851,.T.);
#1250=ORIENTED_EDGE('',*,*,#825,.T.);
#1251=ORIENTED_EDGE('',*,*,#821,.F.);
#1252=ORIENTED_EDGE('',*,*,#913,.T.);
#1253=ORIENTED_EDGE('',*,*,#914,.T.);
#1254=ORIENTED_EDGE('',*,*,#915,.F.);
#1255=ORIENTED_EDGE('',*,*,#916,.F.);
#1256=ORIENTED_EDGE('',*,*,#917,.F.);
#1257=ORIENTED_EDGE('',*,*,#817,.F.);
#1258=ORIENTED_EDGE('',*,*,#828,.T.);
#1259=ORIENTED_EDGE('',*,*,#830,.T.);
#1260=ORIENTED_EDGE('',*,*,#918,.T.);
#1261=ORIENTED_EDGE('',*,*,#919,.F.);
#1262=ORIENTED_EDGE('',*,*,#920,.F.);
#1263=ORIENTED_EDGE('',*,*,#818,.F.);
#1264=ORIENTED_EDGE('',*,*,#917,.T.);
#1265=ORIENTED_EDGE('',*,*,#921,.T.);
#1266=ORIENTED_EDGE('',*,*,#922,.T.);
#1267=ORIENTED_EDGE('',*,*,#923,.T.);
#1268=ORIENTED_EDGE('',*,*,#924,.F.);
#1269=ORIENTED_EDGE('',*,*,#925,.T.);
#1270=ORIENTED_EDGE('',*,*,#859,.T.);
#1271=ORIENTED_EDGE('',*,*,#926,.T.);
#1272=ORIENTED_EDGE('',*,*,#927,.F.);
#1273=ORIENTED_EDGE('',*,*,#860,.F.);
#1274=ORIENTED_EDGE('',*,*,#925,.F.);
#1275=ORIENTED_EDGE('',*,*,#862,.T.);
#1276=ORIENTED_EDGE('',*,*,#928,.F.);
#1277=ORIENTED_EDGE('',*,*,#929,.F.);
#1278=ORIENTED_EDGE('',*,*,#874,.F.);
#1279=ORIENTED_EDGE('',*,*,#916,.T.);
#1280=ORIENTED_EDGE('',*,*,#930,.F.);
#1281=ORIENTED_EDGE('',*,*,#745,.F.);
#1282=ORIENTED_EDGE('',*,*,#931,.T.);
#1283=ORIENTED_EDGE('',*,*,#921,.F.);
#1284=ORIENTED_EDGE('',*,*,#932,.T.);
#1285=ORIENTED_EDGE('',*,*,#930,.T.);
#1286=ORIENTED_EDGE('',*,*,#915,.T.);
#1287=ORIENTED_EDGE('',*,*,#933,.T.);
#1288=ORIENTED_EDGE('',*,*,#919,.T.);
#1289=ORIENTED_EDGE('',*,*,#934,.F.);
#1290=ORIENTED_EDGE('',*,*,#928,.T.);
#1291=ORIENTED_EDGE('',*,*,#861,.T.);
#1292=ORIENTED_EDGE('',*,*,#927,.T.);
#1293=ORIENTED_EDGE('',*,*,#929,.T.);
#1294=ORIENTED_EDGE('',*,*,#934,.T.);
#1295=ORIENTED_EDGE('',*,*,#935,.T.);
#1296=ORIENTED_EDGE('',*,*,#746,.T.);
#1297=ORIENTED_EDGE('',*,*,#932,.F.);
#1298=ORIENTED_EDGE('',*,*,#926,.F.);
#1299=ORIENTED_EDGE('',*,*,#924,.T.);
#1300=ORIENTED_EDGE('',*,*,#936,.T.);
#1301=ORIENTED_EDGE('',*,*,#937,.T.);
#1302=ORIENTED_EDGE('',*,*,#938,.T.);
#1303=ORIENTED_EDGE('',*,*,#875,.T.);
#1304=ORIENTED_EDGE('',*,*,#820,.F.);
#1305=ORIENTED_EDGE('',*,*,#824,.F.);
#1306=ORIENTED_EDGE('',*,*,#810,.F.);
#1307=ORIENTED_EDGE('',*,*,#882,.T.);
#1308=ORIENTED_EDGE('',*,*,#913,.F.);
#1309=ORIENTED_EDGE('',*,*,#911,.T.);
#1310=ORIENTED_EDGE('',*,*,#912,.T.);
#1311=ORIENTED_EDGE('',*,*,#797,.T.);
#1312=ORIENTED_EDGE('',*,*,#907,.T.);
#1313=ORIENTED_EDGE('',*,*,#908,.T.);
#1314=ORIENTED_EDGE('',*,*,#870,.F.);
#1315=ORIENTED_EDGE('',*,*,#939,.F.);
#1316=ORIENTED_EDGE('',*,*,#940,.F.);
#1317=ORIENTED_EDGE('',*,*,#941,.T.);
#1318=ORIENTED_EDGE('',*,*,#942,.T.);
#1319=ORIENTED_EDGE('',*,*,#937,.F.);
#1320=ORIENTED_EDGE('',*,*,#943,.F.);
#1321=ORIENTED_EDGE('',*,*,#944,.T.);
#1322=ORIENTED_EDGE('',*,*,#943,.T.);
#1323=ORIENTED_EDGE('',*,*,#936,.F.);
#1324=ORIENTED_EDGE('',*,*,#923,.F.);
#1325=ORIENTED_EDGE('',*,*,#747,.T.);
#1326=ORIENTED_EDGE('',*,*,#935,.F.);
#1327=ORIENTED_EDGE('',*,*,#918,.F.);
#1328=ORIENTED_EDGE('',*,*,#945,.F.);
#1329=ORIENTED_EDGE('',*,*,#946,.T.);
#1330=ORIENTED_EDGE('',*,*,#947,.T.);
#1331=ORIENTED_EDGE('',*,*,#945,.T.);
#1332=ORIENTED_EDGE('',*,*,#920,.T.);
#1333=ORIENTED_EDGE('',*,*,#933,.F.);
#1334=ORIENTED_EDGE('',*,*,#914,.F.);
#1335=ORIENTED_EDGE('',*,*,#948,.F.);
#1336=ORIENTED_EDGE('',*,*,#949,.T.);
#1337=ORIENTED_EDGE('',*,*,#948,.T.);
#1338=ORIENTED_EDGE('',*,*,#881,.T.);
#1339=ORIENTED_EDGE('',*,*,#903,.F.);
#1340=ORIENTED_EDGE('',*,*,#749,.T.);
#1341=ORIENTED_EDGE('',*,*,#950,.T.);
#1342=ORIENTED_EDGE('',*,*,#901,.T.);
#1343=ORIENTED_EDGE('',*,*,#905,.F.);
#1344=ORIENTED_EDGE('',*,*,#872,.F.);
#1345=ORIENTED_EDGE('',*,*,#951,.T.);
#1346=ORIENTED_EDGE('',*,*,#939,.T.);
#1347=ORIENTED_EDGE('',*,*,#869,.F.);
#1348=ORIENTED_EDGE('',*,*,#952,.F.);
#1349=ORIENTED_EDGE('',*,*,#953,.T.);
#1350=ORIENTED_EDGE('',*,*,#952,.T.);
#1351=ORIENTED_EDGE('',*,*,#868,.F.);
#1352=ORIENTED_EDGE('',*,*,#879,.F.);
#1353=ORIENTED_EDGE('',*,*,#954,.T.);
#1354=ORIENTED_EDGE('',*,*,#876,.T.);
#1355=ORIENTED_EDGE('',*,*,#938,.F.);
#1356=ORIENTED_EDGE('',*,*,#942,.F.);
#1357=ORIENTED_EDGE('',*,*,#877,.F.);
#1358=ORIENTED_EDGE('',*,*,#954,.F.);
#1359=ORIENTED_EDGE('',*,*,#941,.F.);
#1360=ORIENTED_EDGE('',*,*,#944,.F.);
#1361=ORIENTED_EDGE('',*,*,#922,.F.);
#1362=ORIENTED_EDGE('',*,*,#931,.F.);
#1363=ORIENTED_EDGE('',*,*,#744,.T.);
#1364=ORIENTED_EDGE('',*,*,#946,.F.);
#1365=ORIENTED_EDGE('',*,*,#947,.F.);
#1366=ORIENTED_EDGE('',*,*,#949,.F.);
#1367=ORIENTED_EDGE('',*,*,#902,.F.);
#1368=ORIENTED_EDGE('',*,*,#950,.F.);
#1369=ORIENTED_EDGE('',*,*,#748,.T.);
#1370=ORIENTED_EDGE('',*,*,#909,.F.);
#1371=ORIENTED_EDGE('',*,*,#940,.T.);
#1372=ORIENTED_EDGE('',*,*,#951,.F.);
#1373=ORIENTED_EDGE('',*,*,#953,.F.);
#1374=ORIENTED_EDGE('',*,*,#878,.F.);
#1375=ORIENTED_EDGE('',*,*,#854,.F.);
#1376=ORIENTED_EDGE('',*,*,#849,.F.);
#1377=CYLINDRICAL_SURFACE('',#1488,8.80445170531299);
#1378=CYLINDRICAL_SURFACE('',#1491,6.69273816439181);
#1379=CYLINDRICAL_SURFACE('',#1511,7.);
#1380=CYLINDRICAL_SURFACE('',#1515,2.);
#1381=CYLINDRICAL_SURFACE('',#1520,26.25);
#1382=CYLINDRICAL_SURFACE('',#1531,2.5);
#1383=CYLINDRICAL_SURFACE('',#1533,2.5);
#1384=CYLINDRICAL_SURFACE('',#1534,2.5);
#1385=CYLINDRICAL_SURFACE('',#1538,7.93976689675382);
#1386=CYLINDRICAL_SURFACE('',#1553,10.);
#1387=CYLINDRICAL_SURFACE('',#1557,10.);
#1388=CYLINDRICAL_SURFACE('',#1584,3.);
#1389=CYLINDRICAL_SURFACE('',#1587,5.);
#1390=CYLINDRICAL_SURFACE('',#1591,5.);
#1391=CYLINDRICAL_SURFACE('',#1594,3.);
#1392=ADVANCED_FACE('',(#88),#1377,.T.);
#1393=ADVANCED_FACE('',(#89),#1378,.T.);
#1394=ADVANCED_FACE('',(#90),#31,.T.);
#1395=ADVANCED_FACE('',(#91),#32,.T.);
#1396=ADVANCED_FACE('',(#92),#33,.T.);
#1397=ADVANCED_FACE('',(#93),#34,.T.);
#1398=ADVANCED_FACE('',(#94),#35,.T.);
#1399=ADVANCED_FACE('',(#95),#36,.T.);
#1400=ADVANCED_FACE('',(#96),#37,.T.);
#1401=ADVANCED_FACE('',(#97),#38,.T.);
#1402=ADVANCED_FACE('',(#98),#39,.T.);
#1403=ADVANCED_FACE('',(#99),#40,.T.);
#1404=ADVANCED_FACE('',(#100,#16),#41,.T.);
#1405=ADVANCED_FACE('',(#101),#1379,.T.);
#1406=ADVANCED_FACE('',(#102),#42,.T.);
#1407=ADVANCED_FACE('',(#103),#1380,.T.);
#1408=ADVANCED_FACE('',(#104),#43,.T.);
#1409=ADVANCED_FACE('',(#105),#1381,.F.);
#1410=ADVANCED_FACE('',(#106),#44,.T.);
#1411=ADVANCED_FACE('',(#107),#45,.T.);
#1412=ADVANCED_FACE('',(#108),#46,.T.);
#1413=ADVANCED_FACE('',(#109),#47,.T.);
#1414=ADVANCED_FACE('',(#110),#15,.T.);
#1415=ADVANCED_FACE('',(#111),#1382,.T.);
#1416=ADVANCED_FACE('',(#112),#1383,.T.);
#1417=ADVANCED_FACE('',(#113),#1384,.T.);
#1418=ADVANCED_FACE('',(#114),#48,.T.);
#1419=ADVANCED_FACE('',(#115),#49,.T.);
#1420=ADVANCED_FACE('',(#116),#50,.T.);
#1421=ADVANCED_FACE('',(#117),#1385,.F.);
#1422=ADVANCED_FACE('',(#118),#51,.T.);
#1423=ADVANCED_FACE('',(#119),#52,.T.);
#1424=ADVANCED_FACE('',(#120),#53,.T.);
#1425=ADVANCED_FACE('',(#121,#17),#54,.T.);
#1426=ADVANCED_FACE('',(#122),#55,.T.);
#1427=ADVANCED_FACE('',(#123),#56,.T.);
#1428=ADVANCED_FACE('',(#124),#57,.T.);
#1429=ADVANCED_FACE('',(#125),#58,.T.);
#1430=ADVANCED_FACE('',(#126),#59,.T.);
#1431=ADVANCED_FACE('',(#127),#60,.F.);
#1432=ADVANCED_FACE('',(#128),#61,.F.);
#1433=ADVANCED_FACE('',(#129),#62,.F.);
#1434=ADVANCED_FACE('',(#130),#1386,.T.);
#1435=ADVANCED_FACE('',(#131),#1387,.T.);
#1436=ADVANCED_FACE('',(#132),#63,.T.);
#1437=ADVANCED_FACE('',(#133,#18),#64,.T.);
#1438=ADVANCED_FACE('',(#134),#65,.T.);
#1439=ADVANCED_FACE('',(#135),#66,.T.);
#1440=ADVANCED_FACE('',(#136),#67,.T.);
#1441=ADVANCED_FACE('',(#137),#68,.T.);
#1442=ADVANCED_FACE('',(#138),#69,.T.);
#1443=ADVANCED_FACE('',(#139),#70,.T.);
#1444=ADVANCED_FACE('',(#140),#71,.T.);
#1445=ADVANCED_FACE('',(#141),#72,.T.);
#1446=ADVANCED_FACE('',(#142),#73,.T.);
#1447=ADVANCED_FACE('',(#143),#74,.T.);
#1448=ADVANCED_FACE('',(#144),#75,.T.);
#1449=ADVANCED_FACE('',(#145),#76,.T.);
#1450=ADVANCED_FACE('',(#146),#77,.T.);
#1451=ADVANCED_FACE('',(#147),#78,.T.);
#1452=ADVANCED_FACE('',(#148),#79,.T.);
#1453=ADVANCED_FACE('',(#149),#80,.T.);
#1454=ADVANCED_FACE('',(#150),#81,.T.);
#1455=ADVANCED_FACE('',(#151),#1388,.F.);
#1456=ADVANCED_FACE('',(#152),#82,.T.);
#1457=ADVANCED_FACE('',(#153),#1389,.T.);
#1458=ADVANCED_FACE('',(#154),#83,.T.);
#1459=ADVANCED_FACE('',(#155),#84,.T.);
#1460=ADVANCED_FACE('',(#156),#1390,.T.);
#1461=ADVANCED_FACE('',(#157),#85,.T.);
#1462=ADVANCED_FACE('',(#158),#1391,.F.);
#1463=ADVANCED_FACE('',(#159),#86,.T.);
#1464=ADVANCED_FACE('',(#160),#87,.F.);
#1465=CLOSED_SHELL('',(#1392,#1393,#1394,#1395,#1396,#1397,#1398,#1399,
#1400,#1401,#1402,#1403,#1404,#1405,#1406,#1407,#1408,#1409,#1410,#1411,
#1412,#1413,#1414,#1415,#1416,#1417,#1418,#1419,#1420,#1421,#1422,#1423,
#1424,#1425,#1426,#1427,#1428,#1429,#1430,#1431,#1432,#1433,#1434,#1435,
#1436,#1437,#1438,#1439,#1440,#1441,#1442,#1443,#1444,#1445,#1446,#1447,
#1448,#1449,#1450,#1451,#1452,#1453,#1454,#1455,#1456,#1457,#1458,#1459,
#1460,#1461,#1462,#1463,#1464));
#1466=DERIVED_UNIT_ELEMENT(#1469,1.);
#1467=DERIVED_UNIT_ELEMENT(#2418,-3.);
#1468=DIMENSIONAL_EXPONENTS(0.,1.,0.,0.,0.,0.,0.);
#1469=(
CONVERSION_BASED_UNIT('gram',#1471)
MASS_UNIT()
NAMED_UNIT(#1468)
);
#1470=(
MASS_UNIT()
NAMED_UNIT(*)
SI_UNIT(.KILO.,.GRAM.)
);
#1471=MASS_MEASURE_WITH_UNIT(MASS_MEASURE(0.001),#1470);
#1472=DERIVED_UNIT((#1466,#1467));
#1473=MEASURE_REPRESENTATION_ITEM('density measure',
POSITIVE_RATIO_MEASURE(1.),#1472);
#1474=PROPERTY_DEFINITION_REPRESENTATION(#1479,#1476);
#1475=PROPERTY_DEFINITION_REPRESENTATION(#1480,#1477);
#1476=REPRESENTATION('material name',(#1478),#2415);
#1477=REPRESENTATION('density',(#1473),#2415);
#1478=DESCRIPTIVE_REPRESENTATION_ITEM('Generic','Generic');
#1479=PROPERTY_DEFINITION('material property','material name',#2425);
#1480=PROPERTY_DEFINITION('material property','density of part',#2425);
#1481=DATE_TIME_ROLE('creation_date');
#1482=APPLIED_DATE_AND_TIME_ASSIGNMENT(#1483,#1481,(#2425));
#1483=DATE_AND_TIME(#1484,#1485);
#1484=CALENDAR_DATE(2026,8,5);
#1485=LOCAL_TIME(0,0,0.,#1486);
#1486=COORDINATED_UNIVERSAL_TIME_OFFSET(0,0,.BEHIND.);
#1487=AXIS2_PLACEMENT_3D('',#1994,#1598,#1599);
#1488=AXIS2_PLACEMENT_3D('',#1995,#1600,#1601);
#1489=AXIS2_PLACEMENT_3D('',#1998,#1602,#1603);
#1490=AXIS2_PLACEMENT_3D('',#2002,#1605,#1606);
#1491=AXIS2_PLACEMENT_3D('',#2004,#1608,#1609);
#1492=AXIS2_PLACEMENT_3D('',#2007,#1610,#1611);
#1493=AXIS2_PLACEMENT_3D('',#2011,#1613,#1614);
#1494=AXIS2_PLACEMENT_3D('',#2013,#1616,#1617);
#1495=AXIS2_PLACEMENT_3D('',#2031,#1627,#1628);
#1496=AXIS2_PLACEMENT_3D('',#2046,#1635,#1636);
#1497=AXIS2_PLACEMENT_3D('',#2047,#1637,#1638);
#1498=AXIS2_PLACEMENT_3D('',#2048,#1639,#1640);
#1499=AXIS2_PLACEMENT_3D('',#2054,#1644,#1645);
#1500=AXIS2_PLACEMENT_3D('',#2063,#1650,#1651);
#1501=AXIS2_PLACEMENT_3D('',#2069,#1655,#1656);
#1502=AXIS2_PLACEMENT_3D('',#2078,#1661,#1662);
#1503=AXIS2_PLACEMENT_3D('',#2084,#1665,#1666);
#1504=AXIS2_PLACEMENT_3D('',#2086,#1667,#1668);
#1505=AXIS2_PLACEMENT_3D('',#2088,#1670,#1671);
#1506=AXIS2_PLACEMENT_3D('',#2095,#1675,#1676);
#1507=AXIS2_PLACEMENT_3D('',#2096,#1677,#1678);
#1508=AXIS2_PLACEMENT_3D('',#2105,#1683,#1684);
#1509=AXIS2_PLACEMENT_3D('',#2114,#1690,#1691);
#1510=AXIS2_PLACEMENT_3D('',#2121,#1695,#1696);
#1511=AXIS2_PLACEMENT_3D('',#2129,#1701,#1702);
#1512=AXIS2_PLACEMENT_3D('',#2131,#1703,#1704);
#1513=AXIS2_PLACEMENT_3D('',#2135,#1706,#1707);
#1514=AXIS2_PLACEMENT_3D('',#2137,#1709,#1710);
#1515=AXIS2_PLACEMENT_3D('',#2148,#1717,#1718);
#1516=AXIS2_PLACEMENT_3D('',#2150,#1719,#1720);
#1517=AXIS2_PLACEMENT_3D('',#2154,#1722,#1723);
#1518=AXIS2_PLACEMENT_3D('',#2156,#1725,#1726);
#1519=AXIS2_PLACEMENT_3D('',#2157,#1727,#1728);
#1520=AXIS2_PLACEMENT_3D('',#2159,#1730,#1731);
#1521=AXIS2_PLACEMENT_3D('',#2161,#1732,#1733);
#1522=AXIS2_PLACEMENT_3D('',#2163,#1735,#1736);
#1523=AXIS2_PLACEMENT_3D('',#2168,#1740,#1741);
#1524=AXIS2_PLACEMENT_3D('',#2170,#1743,#1744);
#1525=AXIS2_PLACEMENT_3D('',#2174,#1746,#1747);
#1526=AXIS2_PLACEMENT_3D('',#2178,#1750,#1751);
#1527=AXIS2_PLACEMENT_3D('',#2182,#1754,#1755);
#1528=AXIS2_PLACEMENT_3D('',#2184,#1756,#1757);
#1529=AXIS2_PLACEMENT_3D('',#2186,#1758,#1759);
#1530=AXIS2_PLACEMENT_3D('',#2187,#1760,#1761);
#1531=AXIS2_PLACEMENT_3D('',#2188,#1762,#1763);
#1532=AXIS2_PLACEMENT_3D('',#2191,#1764,#1765);
#1533=AXIS2_PLACEMENT_3D('',#2194,#1768,#1769);
#1534=AXIS2_PLACEMENT_3D('',#2196,#1771,#1772);
#1535=AXIS2_PLACEMENT_3D('',#2198,#1774,#1775);
#1536=AXIS2_PLACEMENT_3D('',#2200,#1777,#1778);
#1537=AXIS2_PLACEMENT_3D('',#2202,#1780,#1781);
#1538=AXIS2_PLACEMENT_3D('',#2203,#1782,#1783);
#1539=AXIS2_PLACEMENT_3D('',#2204,#1784,#1785);
#1540=AXIS2_PLACEMENT_3D('',#2212,#1790,#1791);
#1541=AXIS2_PLACEMENT_3D('',#2216,#1794,#1795);
#1542=AXIS2_PLACEMENT_3D('',#2226,#1801,#1802);
#1543=AXIS2_PLACEMENT_3D('',#2228,#1804,#1805);
#1544=AXIS2_PLACEMENT_3D('',#2238,#1812,#1813);
#1545=AXIS2_PLACEMENT_3D('',#2241,#1816,#1817);
#1546=AXIS2_PLACEMENT_3D('',#2245,#1819,#1820);
#1547=AXIS2_PLACEMENT_3D('',#2251,#1824,#1825);
#1548=AXIS2_PLACEMENT_3D('',#2252,#1826,#1827);
#1549=AXIS2_PLACEMENT_3D('',#2261,#1833,#1834);
#1550=AXIS2_PLACEMENT_3D('',#2265,#1837,#1838);
#1551=AXIS2_PLACEMENT_3D('',#2271,#1842,#1843);
#1552=AXIS2_PLACEMENT_3D('',#2280,#1848,#1849);
#1553=AXIS2_PLACEMENT_3D('',#2289,#1854,#1855);
#1554=AXIS2_PLACEMENT_3D('',#2291,#1856,#1857);
#1555=AXIS2_PLACEMENT_3D('',#2293,#1858,#1859);
#1556=AXIS2_PLACEMENT_3D('',#2294,#1860,#1861);
#1557=AXIS2_PLACEMENT_3D('',#2295,#1862,#1863);
#1558=AXIS2_PLACEMENT_3D('',#2297,#1864,#1865);
#1559=AXIS2_PLACEMENT_3D('',#2298,#1866,#1867);
#1560=AXIS2_PLACEMENT_3D('',#2299,#1868,#1869);
#1561=AXIS2_PLACEMENT_3D('',#2300,#1870,#1871);
#1562=AXIS2_PLACEMENT_3D('',#2303,#1874,#1875);
#1563=AXIS2_PLACEMENT_3D('',#2313,#1882,#1883);
#1564=AXIS2_PLACEMENT_3D('',#2314,#1884,#1885);
#1565=AXIS2_PLACEMENT_3D('',#2315,#1886,#1887);
#1566=AXIS2_PLACEMENT_3D('',#2316,#1888,#1889);
#1567=AXIS2_PLACEMENT_3D('',#2317,#1890,#1891);
#1568=AXIS2_PLACEMENT_3D('',#2321,#1894,#1895);
#1569=AXIS2_PLACEMENT_3D('',#2323,#1897,#1898);
#1570=AXIS2_PLACEMENT_3D('',#2329,#1902,#1903);
#1571=AXIS2_PLACEMENT_3D('',#2331,#1905,#1906);
#1572=AXIS2_PLACEMENT_3D('',#2340,#1912,#1913);
#1573=AXIS2_PLACEMENT_3D('',#2343,#1914,#1915);
#1574=AXIS2_PLACEMENT_3D('',#2347,#1918,#1919);
#1575=AXIS2_PLACEMENT_3D('',#2357,#1925,#1926);
#1576=AXIS2_PLACEMENT_3D('',#2361,#1929,#1930);
#1577=AXIS2_PLACEMENT_3D('',#2365,#1933,#1934);
#1578=AXIS2_PLACEMENT_3D('',#2368,#1937,#1938);
#1579=AXIS2_PLACEMENT_3D('',#2372,#1942,#1943);
#1580=AXIS2_PLACEMENT_3D('',#2373,#1944,#1945);
#1581=AXIS2_PLACEMENT_3D('',#2377,#1947,#1948);
#1582=AXIS2_PLACEMENT_3D('',#2379,#1950,#1951);
#1583=AXIS2_PLACEMENT_3D('',#2380,#1952,#1953);
#1584=AXIS2_PLACEMENT_3D('',#2384,#1956,#1957);
#1585=AXIS2_PLACEMENT_3D('',#2387,#1958,#1959);
#1586=AXIS2_PLACEMENT_3D('',#2390,#1962,#1963);
#1587=AXIS2_PLACEMENT_3D('',#2392,#1965,#1966);
#1588=AXIS2_PLACEMENT_3D('',#2395,#1968,#1969);
#1589=AXIS2_PLACEMENT_3D('',#2396,#1970,#1971);
#1590=AXIS2_PLACEMENT_3D('',#2400,#1974,#1975);
#1591=AXIS2_PLACEMENT_3D('',#2402,#1977,#1978);
#1592=AXIS2_PLACEMENT_3D('',#2403,#1979,#1980);
#1593=AXIS2_PLACEMENT_3D('',#2404,#1981,#1982);
#1594=AXIS2_PLACEMENT_3D('',#2408,#1985,#1986);
#1595=AXIS2_PLACEMENT_3D('',#2409,#1987,#1988);
#1596=AXIS2_PLACEMENT_3D('',#2410,#1989,#1990);
#1597=AXIS2_PLACEMENT_3D('',#2412,#1992,#1993);
#1598=DIRECTION('axis',(0.,0.,1.));
#1599=DIRECTION('refdir',(1.,0.,0.));
#1600=DIRECTION('center_axis',(0.,0.,1.));
#1601=DIRECTION('ref_axis',(0.544735375102487,0.838607996093499,0.));
#1602=DIRECTION('center_axis',(0.,0.,-1.));
#1603=DIRECTION('ref_axis',(0.544735375102487,0.838607996093499,0.));
#1604=DIRECTION('',(0.,0.,1.));
#1605=DIRECTION('center_axis',(0.,0.,1.));
#1606=DIRECTION('ref_axis',(0.544735375102487,0.838607996093499,0.));
#1607=DIRECTION('',(0.,0.,1.));
#1608=DIRECTION('center_axis',(0.,0.,1.));
#1609=DIRECTION('ref_axis',(0.991914580473522,0.126907308867678,0.));
#1610=DIRECTION('center_axis',(0.,0.,-1.));
#1611=DIRECTION('ref_axis',(0.991914580473522,0.126907308867678,0.));
#1612=DIRECTION('',(0.,0.,-1.));
#1613=DIRECTION('center_axis',(0.,0.,1.));
#1614=DIRECTION('ref_axis',(0.991914580473522,0.126907308867678,0.));
#1615=DIRECTION('',(0.,0.,-1.));
#1616=DIRECTION('center_axis',(1.,-2.86509167645202E-16,0.));
#1617=DIRECTION('ref_axis',(0.,0.,-1.));
#1618=DIRECTION('',(2.86509167645202E-16,1.,0.));
#1619=DIRECTION('',(0.,0.,1.));
#1620=DIRECTION('',(2.31892589131307E-16,1.,0.));
#1621=DIRECTION('',(0.,0.,-1.));
#1622=DIRECTION('',(-2.86509167645202E-16,-1.,0.));
#1623=DIRECTION('',(2.31892589131307E-16,1.,0.));
#1624=DIRECTION('',(0.,0.,1.));
#1625=DIRECTION('',(-2.31892589131307E-16,-1.,0.));
#1626=DIRECTION('',(0.,0.,-1.));
#1627=DIRECTION('center_axis',(3.08231092039023E-16,0.,-1.));
#1628=DIRECTION('ref_axis',(1.,-1.04982439074328E-16,3.08231092039023E-16));
#1629=DIRECTION('',(1.,1.52950408298474E-15,-2.75532812849874E-33));
#1630=DIRECTION('',(0.,-1.,0.));
#1631=DIRECTION('',(-1.,2.18251848594171E-16,-2.96059473233375E-16));
#1632=DIRECTION('',(0.,-1.,0.));
#1633=DIRECTION('',(1.,1.52950408298474E-15,-2.75532812849874E-33));
#1634=DIRECTION('',(3.48000248018415E-16,1.,8.70000620046038E-17));
#1635=DIRECTION('center_axis',(-2.75532812849874E-33,0.,-1.));
#1636=DIRECTION('ref_axis',(1.,2.01951476405393E-16,0.));
#1637=DIRECTION('center_axis',(2.75532812849874E-33,0.,1.));
#1638=DIRECTION('ref_axis',(-1.,-9.84753865900582E-16,0.));
#1639=DIRECTION('center_axis',(0.514177136658092,0.,-0.857684016487474));
#1640=DIRECTION('ref_axis',(0.857684016487474,-1.03536652486576E-16,0.514177136658091));
#1641=DIRECTION('',(0.857684016487475,1.50844021260233E-15,0.514177136658091));
#1642=DIRECTION('',(-0.857684016487474,2.15246149753187E-16,-0.514177136658092));
#1643=DIRECTION('',(0.,-1.,0.));
#1644=DIRECTION('center_axis',(-0.514177136658092,0.,0.857684016487474));
#1645=DIRECTION('ref_axis',(-0.857684016487474,1.03536652486576E-16,-0.514177136658091));
#1646=DIRECTION('',(0.857684016487474,-2.15246149753187E-16,0.514177136658091));
#1647=DIRECTION('',(0.,-1.,0.));
#1648=DIRECTION('',(0.857684016487474,-1.03536652486576E-16,0.514177136658091));
#1649=DIRECTION('',(0.,-1.,0.));
#1650=DIRECTION('center_axis',(-3.08231092039023E-16,0.,1.));
#1651=DIRECTION('ref_axis',(-1.,1.04982439074328E-16,-3.08231092039023E-16));
#1652=DIRECTION('',(1.,-2.18251848594171E-16,3.08231092039023E-16));
#1653=DIRECTION('',(0.,-1.,0.));
#1654=DIRECTION('',(1.,-1.04982439074328E-16,3.08231092039023E-16));
#1655=DIRECTION('center_axis',(0.514177136658091,0.,0.857684016487475));
#1656=DIRECTION('ref_axis',(-0.857684016487475,7.6546867525266E-17,0.514177136658091));
#1657=DIRECTION('',(0.857684016487475,-1.59136094462944E-16,-0.514177136658091));
#1658=DIRECTION('',(0.,-1.,0.));
#1659=DIRECTION('',(-0.857684016487475,-1.11522219765435E-15,0.514177136658091));
#1660=DIRECTION('',(0.,-1.,0.));
#1661=DIRECTION('center_axis',(-3.08231092039023E-16,0.,1.));
#1662=DIRECTION('ref_axis',(-1.,1.04982439074328E-16,-3.08231092039023E-16));
#1663=DIRECTION('',(-1.,2.18251848594171E-16,-3.08231092039023E-16));
#1664=DIRECTION('',(0.,-1.,0.));
#1665=DIRECTION('center_axis',(-3.08231092039023E-16,0.,1.));
#1666=DIRECTION('ref_axis',(-1.,-2.30801687320449E-16,-3.28630951108919E-16));
#1667=DIRECTION('center_axis',(3.08231092039023E-16,0.,-1.));
#1668=DIRECTION('ref_axis',(-1.,-1.42438472385453E-15,-3.11261732136406E-16));
#1669=DIRECTION('',(1.,1.52950408298474E-15,3.08231092039023E-16));
#1670=DIRECTION('center_axis',(1.,0.,3.08231092039023E-16));
#1671=DIRECTION('ref_axis',(-3.08231092039023E-16,-2.62456097685819E-17,
1.));
#1672=DIRECTION('',(-3.08231092039023E-16,-5.45629621485428E-17,1.));
#1673=DIRECTION('',(1.04982439074328E-16,1.,2.6245609768582E-17));
#1674=DIRECTION('',(1.04982439074328E-16,1.,2.6245609768582E-17));
#1675=DIRECTION('center_axis',(1.,0.,3.08231092039023E-16));
#1676=DIRECTION('ref_axis',(2.92801494330177E-16,-9.61673697168536E-18,
-1.));
#1677=DIRECTION('center_axis',(-0.514177136658091,0.,-0.857684016487475));
#1678=DIRECTION('ref_axis',(0.857684016487475,-7.6546867525266E-17,-0.514177136658091));
#1679=DIRECTION('',(-0.857684016487475,1.59136094462944E-16,0.514177136658091));
#1680=DIRECTION('',(0.,-1.,0.));
#1681=DIRECTION('',(-0.857684016487475,7.6546867525266E-17,0.514177136658091));
#1682=DIRECTION('',(0.,-1.,0.));
#1683=DIRECTION('center_axis',(-2.18251848594171E-16,-1.,-5.45629621485428E-17));
#1684=DIRECTION('ref_axis',(0.970142500145332,-2.2496885618502E-16,0.242535625036333));
#1685=DIRECTION('',(1.,-2.18251848594171E-16,1.56812769062375E-16));
#1686=DIRECTION('',(5.72815284947425E-33,5.45629621485428E-17,-1.));
#1687=DIRECTION('',(-1.,2.18251848594171E-16,0.));
#1688=DIRECTION('',(-3.19406375762696E-16,-5.45629621485428E-17,1.));
#1689=DIRECTION('',(0.,5.45629621485428E-17,-1.));
#1690=DIRECTION('center_axis',(1.52950408298474E-15,-1.,3.82376020746184E-16));
#1691=DIRECTION('ref_axis',(0.970142500145332,1.57657672223989E-15,0.242535625036333));
#1692=DIRECTION('',(-0.242535625036333,0.,0.970142500145332));
#1693=DIRECTION('',(-0.970142500145332,-1.57657672223989E-15,-0.242535625036333));
#1694=DIRECTION('',(0.,3.82376020746184E-16,1.));
#1695=DIRECTION('center_axis',(1.52950408298474E-15,-1.,3.82376020746184E-16));
#1696=DIRECTION('ref_axis',(0.970142500145332,1.56528572383989E-15,0.242535625036332));
#1697=DIRECTION('',(0.970142500145332,1.57657672223989E-15,0.242535625036332));
#1698=DIRECTION('',(0.242535625036332,-2.17602925988407E-30,-0.970142500145332));
#1699=DIRECTION('',(-0.970142500145332,-1.57657672223989E-15,-0.242535625036331));
#1700=DIRECTION('',(-0.242535625036333,3.2640438898261E-31,0.970142500145332));
#1701=DIRECTION('center_axis',(0.242535625036333,0.,-0.970142500145332));
#1702=DIRECTION('ref_axis',(-0.353042672967605,-0.931434874537872,-0.0882606682419016));
#1703=DIRECTION('center_axis',(0.242535625036333,0.,-0.970142500145332));
#1704=DIRECTION('ref_axis',(-0.353042672967605,-0.931434874537872,-0.0882606682419016));
#1705=DIRECTION('',(-0.242535625036333,9.24446373305873E-33,0.970142500145332));
#1706=DIRECTION('center_axis',(0.242535625036333,0.,-0.970142500145332));
#1707=DIRECTION('ref_axis',(-0.353042672967605,-0.931434874537872,-0.0882606682419016));
#1708=DIRECTION('',(0.242535625036333,0.,-0.970142500145332));
#1709=DIRECTION('center_axis',(1.04982439074328E-16,1.,2.6245609768582E-17));
#1710=DIRECTION('ref_axis',(-0.242535625036333,6.16297582203915E-33,0.970142500145332));
#1711=DIRECTION('',(-1.,1.04982439074328E-16,-8.59300919845715E-17));
#1712=DIRECTION('',(-3.08231092039023E-16,-2.62456097685819E-17,1.));
#1713=DIRECTION('',(3.08231092039023E-16,2.62456097685819E-17,-1.));
#1714=DIRECTION('',(-0.00201144347096497,2.64567229165505E-17,-0.999997977045535));
#1715=DIRECTION('',(-1.,1.04982439074328E-16,0.));
#1716=DIRECTION('',(0.,2.6245609768582E-17,-1.));
#1717=DIRECTION('center_axis',(-0.242535625036333,2.95822839457879E-31,
0.970142500145332));
#1718=DIRECTION('ref_axis',(0.236994544721275,-0.969702627037345,0.0592486361803199));
#1719=DIRECTION('center_axis',(0.242535625036333,0.,-0.970142500145332));
#1720=DIRECTION('ref_axis',(0.236994544721275,-0.969702627037345,0.0592486361803199));
#1721=DIRECTION('',(0.242535625036333,9.24446373305873E-33,-0.970142500145332));
#1722=DIRECTION('center_axis',(0.,0.,-1.));
#1723=DIRECTION('ref_axis',(1.,2.01951476405393E-16,0.));
#1724=DIRECTION('',(-0.242535625036333,2.95822839457879E-31,0.970142500145332));
#1725=DIRECTION('center_axis',(-0.242535625036333,0.,0.970142500145332));
#1726=DIRECTION('ref_axis',(0.970142500145332,0.,0.242535625036333));
#1727=DIRECTION('center_axis',(0.242535625036333,0.,-0.970142500145332));
#1728=DIRECTION('ref_axis',(-0.839251478618209,-0.501632849168066,-0.209812869654552));
#1729=DIRECTION('',(0.970142500145332,-8.11546889239762E-17,0.242535625036333));
#1730=DIRECTION('center_axis',(0.242535625036333,-2.95822839457879E-31,
-0.970142500145332));
#1731=DIRECTION('ref_axis',(-0.475662546531723,0.871552759843683,-0.118915636632931));
#1732=DIRECTION('center_axis',(0.,0.,1.));
#1733=DIRECTION('ref_axis',(-1.,-9.84753865900582E-16,0.));
#1734=DIRECTION('',(-0.242535625036333,2.95822839457879E-31,0.970142500145332));
#1735=DIRECTION('center_axis',(0.999997977045535,0.,-0.00201144347096497));
#1736=DIRECTION('ref_axis',(0.00201144347096497,-2.64567229165505E-17,0.999997977045535));
#1737=DIRECTION('',(-0.00201144347096497,-3.8545175821844E-16,-0.999997977045535));
#1738=DIRECTION('',(0.,-1.,0.));
#1739=DIRECTION('',(0.,-1.,0.));
#1740=DIRECTION('center_axis',(1.52950408298474E-15,-1.,3.82376020746184E-16));
#1741=DIRECTION('ref_axis',(0.,-3.82376020746184E-16,-1.));
#1742=DIRECTION('',(-1.,-1.52950408298474E-15,0.));
#1743=DIRECTION('center_axis',(-0.879247702416919,-0.422618261740699,-0.219811925604229));
#1744=DIRECTION('ref_axis',(-0.242535625036332,0.,0.970142500145332));
#1745=DIRECTION('',(0.409999937052196,-0.90630778703665,0.102499984263049));
#1746=DIRECTION('center_axis',(0.879247702416919,0.422618261740699,0.219811925604229));
#1747=DIRECTION('ref_axis',(0.461412320918176,-0.640856382055789,-0.613515906626118));
#1748=DIRECTION('',(-0.242535625036333,-1.19130662671005E-16,0.970142500145332));
#1749=DIRECTION('',(-0.409999937052197,0.90630778703665,-0.102499984263047));
#1750=DIRECTION('center_axis',(0.242535625036332,-5.13478148889135E-16,
-0.970142500145332));
#1751=DIRECTION('ref_axis',(0.409999937052196,-0.90630778703665,0.102499984263049));
#1752=DIRECTION('',(-0.409999937052196,0.90630778703665,-0.102499984263049));
#1753=DIRECTION('',(0.879247702416919,0.422618261740699,0.219811925604229));
#1754=DIRECTION('center_axis',(0.,0.,1.));
#1755=DIRECTION('ref_axis',(1.,0.,0.));
#1756=DIRECTION('center_axis',(0.409999937052197,-0.90630778703665,0.102499984263045));
#1757=DIRECTION('ref_axis',(0.879247702416919,0.422618261740699,0.21981192560423));
#1758=DIRECTION('center_axis',(0.242535625036333,7.91033905045425E-16,-0.970142500145332));
#1759=DIRECTION('ref_axis',(0.409999937052196,-0.90630778703665,0.102499984263048));
#1760=DIRECTION('center_axis',(0.879247702416918,0.422618261740702,0.219811925604229));
#1761=DIRECTION('ref_axis',(0.242535625036333,0.,-0.970142500145332));
#1762=DIRECTION('center_axis',(0.242535625036333,1.11022302462516E-16,-0.970142500145332));
#1763=DIRECTION('ref_axis',(0.911635748497361,-0.34202014332567,0.227908937124338));
#1764=DIRECTION('center_axis',(0.242535625036331,1.08246744900953E-15,-0.970142500145332));
#1765=DIRECTION('ref_axis',(0.911635748497361,-0.34202014332567,0.227908937124338));
#1766=DIRECTION('',(0.242535625036333,1.2359984961958E-16,-0.970142500145332));
#1767=DIRECTION('',(-0.242535625036333,-8.75622762219364E-17,0.970142500145332));
#1768=DIRECTION('center_axis',(-0.879247702416919,-0.422618261740699,-0.219811925604229));
#1769=DIRECTION('ref_axis',(0.461412320918176,-0.640856382055789,-0.613515906626118));
#1770=DIRECTION('',(-0.879247702416919,-0.422618261740699,-0.219811925604229));
#1771=DIRECTION('center_axis',(-0.409999937052196,0.90630778703665,-0.102499984263049));
#1772=DIRECTION('ref_axis',(0.793220597864203,0.298836238730119,-0.530563837389612));
#1773=DIRECTION('',(0.409999937052196,-0.90630778703665,0.102499984263049));
#1774=DIRECTION('center_axis',(0.879247702416919,0.422618261740699,0.21981192560423));
#1775=DIRECTION('ref_axis',(0.242535625036333,0.,-0.970142500145332));
#1776=DIRECTION('',(0.409999937052196,-0.90630778703665,0.102499984263047));
#1777=DIRECTION('center_axis',(-0.242535625036331,-1.08246744900953E-15,
0.970142500145332));
#1778=DIRECTION('ref_axis',(-0.409999937052196,0.90630778703665,-0.102499984263047));
#1779=DIRECTION('',(-0.879247702416919,-0.422618261740699,-0.219811925604229));
#1780=DIRECTION('center_axis',(0.409999937052196,-0.90630778703665,0.102499984263049));
#1781=DIRECTION('ref_axis',(-0.242535625036333,-1.19130662671005E-16,0.970142500145332));
#1782=DIRECTION('center_axis',(-0.242535625036333,0.,0.970142500145332));
#1783=DIRECTION('ref_axis',(-0.839251478618208,-0.501632849168067,-0.209812869654552));
#1784=DIRECTION('center_axis',(-2.18251848594171E-16,-1.,-5.45629621485428E-17));
#1785=DIRECTION('ref_axis',(0.,5.45629621485428E-17,-1.));
#1786=DIRECTION('',(1.,-2.18251848594171E-16,0.));
#1787=DIRECTION('',(3.86164530304402E-16,5.45629621485427E-17,-1.));
#1788=DIRECTION('',(1.,-2.18251848594171E-16,-1.19084673536933E-32));
#1789=DIRECTION('',(-3.19406375762696E-16,-5.45629621485428E-17,1.));
#1790=DIRECTION('center_axis',(1.,-1.74277579907432E-32,3.19406375762696E-16));
#1791=DIRECTION('ref_axis',(3.19406375762696E-16,5.45629621485428E-17,-1.));
#1792=DIRECTION('',(-1.74277579907432E-32,-1.,0.));
#1793=DIRECTION('',(-3.19406375762696E-16,-5.45629621485428E-17,1.));
#1794=DIRECTION('center_axis',(1.,-1.74277579907432E-32,3.19406375762696E-16));
#1795=DIRECTION('ref_axis',(3.19406375762696E-16,5.45629621485428E-17,-1.));
#1796=DIRECTION('',(1.74277579907432E-32,1.,0.));
#1797=DIRECTION('',(0.,1.,5.45629621485428E-17));
#1798=DIRECTION('',(3.19406375762696E-16,0.,-1.));
#1799=DIRECTION('',(-1.74277579907432E-32,-1.,0.));
#1800=DIRECTION('',(3.19406375762696E-16,-9.15128548603406E-32,-1.));
#1801=DIRECTION('center_axis',(-1.,0.,0.));
#1802=DIRECTION('ref_axis',(0.,-5.45629621485428E-17,1.));
#1803=DIRECTION('',(0.,5.45629621485428E-17,-1.));
#1804=DIRECTION('center_axis',(1.01109596885505E-16,5.45629621485428E-17,
-1.));
#1805=DIRECTION('ref_axis',(-1.,2.18251848594171E-16,-1.01109596885505E-16));
#1806=DIRECTION('',(-2.31892589131307E-16,-1.,0.));
#1807=DIRECTION('',(1.,-2.14881875733901E-16,0.));
#1808=DIRECTION('',(2.31892589131307E-16,1.,0.));
#1809=DIRECTION('',(1.,-2.14881875733901E-16,0.));
#1810=DIRECTION('',(1.04982439074328E-16,1.,2.6245609768582E-17));
#1811=DIRECTION('',(1.04982439074328E-16,1.,2.6245609768582E-17));
#1812=DIRECTION('center_axis',(-2.86509167645202E-16,-1.,0.));
#1813=DIRECTION('ref_axis',(0.,0.,-1.));
#1814=DIRECTION('',(-1.,2.86509167645202E-16,0.));
#1815=DIRECTION('',(1.,-2.86509167645202E-16,0.));
#1816=DIRECTION('center_axis',(0.,0.,1.));
#1817=DIRECTION('ref_axis',(1.,0.,0.));
#1818=DIRECTION('',(1.,0.,0.));
#1819=DIRECTION('center_axis',(0.,0.,-1.));
#1820=DIRECTION('ref_axis',(-1.,0.,0.));
#1821=DIRECTION('',(-1.,0.,0.));
#1822=DIRECTION('',(0.,-1.,0.));
#1823=DIRECTION('',(-1.,2.86509167645202E-16,0.));
#1824=DIRECTION('center_axis',(0.,0.,1.));
#1825=DIRECTION('ref_axis',(1.,0.,0.));
#1826=DIRECTION('center_axis',(-1.,1.04982439074328E-16,0.));
#1827=DIRECTION('ref_axis',(-1.04982439074328E-16,-1.,0.));
#1828=DIRECTION('',(1.04982439074328E-16,1.,2.6245609768582E-17));
#1829=DIRECTION('',(0.,0.,-1.));
#1830=DIRECTION('',(-1.04982439074328E-16,-1.,0.));
#1831=DIRECTION('',(0.,0.,1.));
#1832=DIRECTION('',(-1.04982439074328E-16,-1.,0.));
#1833=DIRECTION('center_axis',(0.,-1.,0.));
#1834=DIRECTION('ref_axis',(1.,0.,0.));
#1835=DIRECTION('',(1.,0.,0.));
#1836=DIRECTION('',(0.,0.,1.));
#1837=DIRECTION('center_axis',(0.242535625036333,0.,-0.970142500145332));
#1838=DIRECTION('ref_axis',(-0.970142500145332,0.,-0.242535625036333));
#1839=DIRECTION('',(0.970142500145332,-2.2496885618502E-16,0.242535625036333));
#1840=DIRECTION('',(-2.31892589131307E-16,-1.,0.));
#1841=DIRECTION('',(0.970142500145332,0.,0.242535625036333));
#1842=DIRECTION('center_axis',(-0.242535625036333,-5.55111512312578E-17,
0.970142500145332));
#1843=DIRECTION('ref_axis',(-0.409999937052196,0.90630778703665,-0.102499984263049));
#1844=DIRECTION('',(-0.970142500145332,2.2496885618502E-16,-0.242535625036333));
#1845=DIRECTION('',(0.386309930769221,-0.917298984642356,0.0965774826923052));
#1846=DIRECTION('',(-0.879247702416919,-0.422618261740699,-0.21981192560423));
#1847=DIRECTION('',(-0.409999937052196,0.90630778703665,-0.102499984263049));
#1848=DIRECTION('center_axis',(0.242535625036333,5.55111512312578E-17,-0.970142500145332));
#1849=DIRECTION('ref_axis',(0.409999937052196,-0.90630778703665,0.102499984263049));
#1850=DIRECTION('',(0.970142500145332,-2.2496885618502E-16,0.242535625036333));
#1851=DIRECTION('',(0.409999937052196,-0.90630778703665,0.102499984263049));
#1852=DIRECTION('',(-0.879247702416919,-0.422618261740699,-0.21981192560423));
#1853=DIRECTION('',(-0.386309930769221,0.917298984642356,-0.0965774826923052));
#1854=DIRECTION('center_axis',(-0.879247702416919,-0.422618261740699,-0.21981192560423));
#1855=DIRECTION('ref_axis',(-0.242535625036333,-4.90678271686833E-17,0.970142500145332));
#1856=DIRECTION('center_axis',(-0.88991073034171,-0.398199162196636,-0.222477682585427));
#1857=DIRECTION('ref_axis',(-0.386309930769221,0.917298984642356,-0.0965774826923053));
#1858=DIRECTION('center_axis',(0.879247702416919,0.422618261740699,0.21981192560423));
#1859=DIRECTION('ref_axis',(-0.242535625036333,-4.90678271686833E-17,0.970142500145332));
#1860=DIRECTION('center_axis',(-0.489114477333681,0.86360579393408,-0.12227861933342));
#1861=DIRECTION('ref_axis',(0.837820684067203,0.504167663266385,0.209455171016801));
#1862=DIRECTION('center_axis',(-0.879247702416919,-0.422618261740699,-0.21981192560423));
#1863=DIRECTION('ref_axis',(-0.242535625036333,-4.90678271686833E-17,0.970142500145332));
#1864=DIRECTION('center_axis',(-0.88991073034171,-0.398199162196636,-0.222477682585427));
#1865=DIRECTION('ref_axis',(-0.386309930769221,0.917298984642356,-0.0965774826923053));
#1866=DIRECTION('center_axis',(-0.489114477333681,0.86360579393408,-0.12227861933342));
#1867=DIRECTION('ref_axis',(0.837820684067203,0.504167663266385,0.209455171016801));
#1868=DIRECTION('center_axis',(0.879247702416919,0.422618261740699,0.21981192560423));
#1869=DIRECTION('ref_axis',(-0.242535625036333,-4.90678271686833E-17,0.970142500145332));
#1870=DIRECTION('center_axis',(-0.88991073034171,-0.398199162196636,-0.222477682585427));
#1871=DIRECTION('ref_axis',(0.386309930769221,-0.917298984642356,0.0965774826923053));
#1872=DIRECTION('',(-0.242535625036333,0.,0.970142500145332));
#1873=DIRECTION('',(-0.242535625036333,0.,0.970142500145332));
#1874=DIRECTION('center_axis',(2.18251848594171E-16,1.,5.45629621485428E-17));
#1875=DIRECTION('ref_axis',(-0.970142500145332,2.2496885618502E-16,-0.242535625036333));
#1876=DIRECTION('',(1.,-2.86509167645202E-16,0.));
#1877=DIRECTION('',(1.,-2.86509167645202E-16,0.));
#1878=DIRECTION('',(0.,0.,1.));
#1879=DIRECTION('',(-1.,1.48029736616688E-16,0.));
#1880=DIRECTION('',(0.,0.,1.));
#1881=DIRECTION('',(-0.242535625036333,0.,0.970142500145332));
#1882=DIRECTION('center_axis',(-0.489114477333681,0.86360579393408,-0.12227861933342));
#1883=DIRECTION('ref_axis',(-0.837820684067203,-0.504167663266385,-0.209455171016801));
#1884=DIRECTION('center_axis',(0.879247702416919,0.422618261740699,0.21981192560423));
#1885=DIRECTION('ref_axis',(-0.409999937052196,0.90630778703665,-0.102499984263049));
#1886=DIRECTION('center_axis',(0.,0.,-1.));
#1887=DIRECTION('ref_axis',(2.31892589131307E-16,1.,0.));
#1888=DIRECTION('center_axis',(0.,0.,1.));
#1889=DIRECTION('ref_axis',(1.,0.,0.));
#1890=DIRECTION('center_axis',(0.,0.,-1.));
#1891=DIRECTION('ref_axis',(2.31892589131307E-16,1.,0.));
#1892=DIRECTION('',(1.,-2.86509167645202E-16,0.));
#1893=DIRECTION('',(-2.31892589131307E-16,-1.,0.));
#1894=DIRECTION('center_axis',(2.86509167645202E-16,1.,0.));
#1895=DIRECTION('ref_axis',(0.,0.,1.));
#1896=DIRECTION('',(0.,0.,-1.));
#1897=DIRECTION('center_axis',(-2.86509167645202E-16,-1.,0.));
#1898=DIRECTION('ref_axis',(0.,0.,-1.));
#1899=DIRECTION('',(1.,-2.86509167645202E-16,0.));
#1900=DIRECTION('',(1.,-2.86509167645202E-16,0.));
#1901=DIRECTION('',(0.,0.,1.));
#1902=DIRECTION('center_axis',(0.,0.,1.));
#1903=DIRECTION('ref_axis',(-2.31892589131307E-16,-1.,0.));
#1904=DIRECTION('',(2.31892589131307E-16,1.,0.));
#1905=DIRECTION('center_axis',(0.,0.,1.));
#1906=DIRECTION('ref_axis',(-2.31892589131307E-16,-1.,0.));
#1907=DIRECTION('',(1.,-2.14881875733901E-16,0.));
#1908=DIRECTION('',(1.,-2.14881875733901E-16,0.));
#1909=DIRECTION('',(-2.31892589131307E-16,-1.,0.));
#1910=DIRECTION('',(1.,-2.14881875733901E-16,0.));
#1911=DIRECTION('',(2.31892589131307E-16,1.,0.));
#1912=DIRECTION('center_axis',(0.,0.,-1.));
#1913=DIRECTION('ref_axis',(2.31892589131307E-16,1.,0.));
#1914=DIRECTION('center_axis',(0.,0.,1.));
#1915=DIRECTION('ref_axis',(1.,0.,0.));
#1916=DIRECTION('',(2.31892589131307E-16,1.,0.));
#1917=DIRECTION('',(1.,-2.14881875733901E-16,0.));
#1918=DIRECTION('center_axis',(-1.,0.,0.));
#1919=DIRECTION('ref_axis',(0.,0.,1.));
#1920=DIRECTION('',(0.,0.,-1.));
#1921=DIRECTION('',(-2.31892589131307E-16,-1.,0.));
#1922=DIRECTION('',(0.,0.,1.));
#1923=DIRECTION('',(-1.11022302462515E-15,-1.,0.));
#1924=DIRECTION('',(0.,0.,1.));
#1925=DIRECTION('center_axis',(-2.14881875733901E-16,-1.,0.));
#1926=DIRECTION('ref_axis',(0.,0.,-1.));
#1927=DIRECTION('',(1.,-2.14881875733901E-16,0.));
#1928=DIRECTION('',(0.,0.,-1.));
#1929=DIRECTION('center_axis',(2.14881875733901E-16,1.,0.));
#1930=DIRECTION('ref_axis',(0.,0.,1.));
#1931=DIRECTION('',(0.,0.,1.));
#1932=DIRECTION('',(1.,-2.14881875733901E-16,0.));
#1933=DIRECTION('center_axis',(2.14881875733901E-16,1.,0.));
#1934=DIRECTION('ref_axis',(0.,0.,1.));
#1935=DIRECTION('',(0.,0.,1.));
#1936=DIRECTION('',(-1.,0.,0.));
#1937=DIRECTION('center_axis',(1.,-2.14881875733901E-16,0.));
#1938=DIRECTION('ref_axis',(0.,0.,-1.));
#1939=DIRECTION('',(2.14881875733901E-16,1.,0.));
#1940=DIRECTION('',(0.,0.,-1.));
#1941=DIRECTION('',(-2.14881875733901E-16,-1.,0.));
#1942=DIRECTION('center_axis',(0.,0.,1.));
#1943=DIRECTION('ref_axis',(1.,0.,0.));
#1944=DIRECTION('center_axis',(0.,0.,1.));
#1945=DIRECTION('ref_axis',(1.,0.,0.));
#1946=DIRECTION('',(1.,0.,0.));
#1947=DIRECTION('center_axis',(0.,0.,-1.));
#1948=DIRECTION('ref_axis',(-1.,0.,0.));
#1949=DIRECTION('',(-1.,0.,0.));
#1950=DIRECTION('center_axis',(-1.04982439074328E-16,-1.,-2.6245609768582E-17));
#1951=DIRECTION('ref_axis',(0.242535625036333,-6.16297582203915E-33,-0.970142500145332));
#1952=DIRECTION('center_axis',(-1.,1.04982439074328E-16,0.));
#1953=DIRECTION('ref_axis',(-1.04982439074328E-16,-1.,0.));
#1954=DIRECTION('',(0.,0.,1.));
#1955=DIRECTION('',(0.,1.,0.));
#1956=DIRECTION('center_axis',(0.,0.,1.));
#1957=DIRECTION('ref_axis',(1.,-1.22464679914735E-16,0.));
#1958=DIRECTION('center_axis',(0.,0.,-1.));
#1959=DIRECTION('ref_axis',(-1.,0.,0.));
#1960=DIRECTION('',(0.,0.,1.));
#1961=DIRECTION('',(0.,0.,1.));
#1962=DIRECTION('center_axis',(0.,-1.,0.));
#1963=DIRECTION('ref_axis',(1.,0.,0.));
#1964=DIRECTION('',(1.,0.,0.));
#1965=DIRECTION('center_axis',(0.,0.,1.));
#1966=DIRECTION('ref_axis',(1.,0.,0.));
#1967=DIRECTION('',(0.,0.,1.));
#1968=DIRECTION('center_axis',(0.,0.,1.));
#1969=DIRECTION('ref_axis',(1.,0.,0.));
#1970=DIRECTION('center_axis',(-1.48029736616688E-16,-1.,0.));
#1971=DIRECTION('ref_axis',(1.,-1.48029736616688E-16,0.));
#1972=DIRECTION('',(1.,-1.48029736616688E-16,0.));
#1973=DIRECTION('',(0.,0.,1.));
#1974=DIRECTION('center_axis',(1.,-2.31892589131307E-16,0.));
#1975=DIRECTION('ref_axis',(2.31892589131307E-16,1.,0.));
#1976=DIRECTION('',(2.31892589131307E-16,1.,0.));
#1977=DIRECTION('center_axis',(0.,0.,1.));
#1978=DIRECTION('ref_axis',(1.,0.,0.));
#1979=DIRECTION('center_axis',(0.,0.,1.));
#1980=DIRECTION('ref_axis',(1.,0.,0.));
#1981=DIRECTION('center_axis',(0.,1.,0.));
#1982=DIRECTION('ref_axis',(-1.,0.,0.));
#1983=DIRECTION('',(-1.,0.,0.));
#1984=DIRECTION('',(0.,0.,1.));
#1985=DIRECTION('center_axis',(0.,0.,1.));
#1986=DIRECTION('ref_axis',(1.,-1.22464679914735E-16,0.));
#1987=DIRECTION('center_axis',(0.,0.,-1.));
#1988=DIRECTION('ref_axis',(-1.,0.,0.));
#1989=DIRECTION('center_axis',(0.,1.,0.));
#1990=DIRECTION('ref_axis',(-1.,0.,0.));
#1991=DIRECTION('',(-1.,0.,0.));
#1992=DIRECTION('center_axis',(0.,0.,1.));
#1993=DIRECTION('ref_axis',(1.,0.,0.));
#1994=CARTESIAN_POINT('',(0.,0.,0.));
#1995=CARTESIAN_POINT('Origin',(-8.79609630226539,4.61651639870549,0.));
#1996=CARTESIAN_POINT('',(-3.99999999999999,12.,0.));
#1997=CARTESIAN_POINT('',(-0.101020514433619,5.9999999999999,0.));
#1998=CARTESIAN_POINT('Origin',(-8.79609630226539,4.61651639870549,0.));
#1999=CARTESIAN_POINT('',(-3.99999999999999,12.,6.5));
#2000=CARTESIAN_POINT('',(-3.99999999999999,12.,0.));
#2001=CARTESIAN_POINT('',(-0.101020514433619,5.9999999999999,6.5));
#2002=CARTESIAN_POINT('Origin',(-8.79609630226539,4.61651639870549,6.5));
#2003=CARTESIAN_POINT('',(-0.10102051443364,6.,0.));
#2004=CARTESIAN_POINT('Origin',(-6.63862456855185,-44.1506426106012,0.));
#2005=CARTESIAN_POINT('',(-2.05391259555654E-14,-43.3012852212022,0.));
#2006=CARTESIAN_POINT('',(-4.00000000000001,-50.3012852212022,0.));
#2007=CARTESIAN_POINT('Origin',(-6.63862456855185,-44.1506426106012,0.));
#2008=CARTESIAN_POINT('',(-2.05391259555654E-14,-43.3012852212022,6.5));
#2009=CARTESIAN_POINT('',(-2.12330153459561E-14,-43.3012852212022,0.));
#2010=CARTESIAN_POINT('',(-4.00000000000001,-50.3012852212022,6.5));
#2011=CARTESIAN_POINT('Origin',(-6.63862456855185,-44.1506426106012,6.5));
#2012=CARTESIAN_POINT('',(-4.00000000000001,-50.3012852212022,16.7585822591889));
#2013=CARTESIAN_POINT('Origin',(-4.00000000000001,-44.3012852212022,5.75));
#2014=CARTESIAN_POINT('',(-4.00000000000001,-48.3012852212022,6.5));
#2015=CARTESIAN_POINT('',(-4.00000000000001,-45.5512852212022,6.5));
#2016=CARTESIAN_POINT('',(-4.00000000000001,-48.3012852212022,10.5));
#2017=CARTESIAN_POINT('',(-4.00000000000001,-48.3012852212022,0.));
#2018=CARTESIAN_POINT('',(-4.00000000000001,-38.8012852212022,10.5));
#2019=CARTESIAN_POINT('',(-4.00000000000001,-53.0871835426919,10.5));
#2020=CARTESIAN_POINT('',(-4.00000000000001,-38.8012852212022,6.5));
#2021=CARTESIAN_POINT('',(-4.00000000000001,-38.8012852212022,13.9810837668094));
#2022=CARTESIAN_POINT('',(-4.00000000000001,-38.4023057356359,6.5));
#2023=CARTESIAN_POINT('',(-4.,-31.7259639159017,6.5));
#2024=CARTESIAN_POINT('',(-4.00000000000001,-38.3012852212022,6.5));
#2025=CARTESIAN_POINT('',(-4.00000000000001,-48.3012852212022,6.5));
#2026=CARTESIAN_POINT('',(-4.00000000000001,-38.3012852212022,11.5));
#2027=CARTESIAN_POINT('',(-4.00000000000001,-38.3012852212022,6.5));
#2028=CARTESIAN_POINT('',(-4.00000000000001,-50.3012852212022,11.5));
#2029=CARTESIAN_POINT('',(-4.00000000000001,-38.3012852212022,11.5));
#2030=CARTESIAN_POINT('',(-4.00000000000001,-50.3012852212022,16.7585822591889));
#2031=CARTESIAN_POINT('Origin',(-79.,8.,76.4696900098826));
#2032=CARTESIAN_POINT('',(-38.1027911649917,3.37174005410331,76.4696900098826));
#2033=CARTESIAN_POINT('',(-21.369316876853,3.37174005410333,76.4696900098826));
#2034=CARTESIAN_POINT('',(-43.2769876576398,3.3717400541033,76.4696900098826));
#2035=CARTESIAN_POINT('',(-21.369316876853,-38.3012852212022,76.4696900098826));
#2036=CARTESIAN_POINT('',(-21.369316876853,8.,76.4696900098826));
#2037=CARTESIAN_POINT('',(-79.,-38.3012852212022,76.4696900098826));
#2038=CARTESIAN_POINT('',(-72.0923292192133,-38.3012852212022,76.4696900098826));
#2039=CARTESIAN_POINT('',(-79.,3.37174005410324,76.4696900098826));
#2040=CARTESIAN_POINT('',(-79.,8.,76.4696900098826));
#2041=CARTESIAN_POINT('',(-51.369316876853,3.37174005410329,76.4696900098826));
#2042=CARTESIAN_POINT('',(-43.2769876576398,3.3717400541033,76.4696900098826));
#2043=CARTESIAN_POINT('',(-51.369316876853,0.0670974647427838,76.4696900098826));
#2044=CARTESIAN_POINT('',(-51.369316876853,-4.44089209850063E-15,76.4696900098826));
#2045=CARTESIAN_POINT('',(-50.9221163277538,0.238707260467486,76.4696900098826));
#2046=CARTESIAN_POINT('Origin',(-51.8988268163452,2.,76.4696900098826));
#2047=CARTESIAN_POINT('Origin',(-38.1027911649917,-22.8782599458967,76.4696900098826));
#2048=CARTESIAN_POINT('Origin',(-109.,8.00000000000001,58.4848450049413));
#2049=CARTESIAN_POINT('',(-109.,3.37174005410319,58.4848450049413));
#2050=CARTESIAN_POINT('',(-81.5590740969825,3.37174005410324,74.9355383102029));
#2051=CARTESIAN_POINT('',(-109.,-38.3012852212022,58.4848450049413));
#2052=CARTESIAN_POINT('',(-97.3493785125716,-38.3012852212022,65.4693323936959));
#2053=CARTESIAN_POINT('',(-109.,8.00000000000001,58.4848450049413));
#2054=CARTESIAN_POINT('Origin',(-79.,8.,78.4696900098826));
#2055=CARTESIAN_POINT('',(-109.,-43.3012852212022,60.4848450049413));
#2056=CARTESIAN_POINT('',(-79.,-43.3012852212022,78.4696900098826));
#2057=CARTESIAN_POINT('',(-81.4122503000923,-43.3012852212022,77.0235584178731));
#2058=CARTESIAN_POINT('',(-79.,8.,78.4696900098826));
#2059=CARTESIAN_POINT('',(-79.,8.,78.4696900098826));
#2060=CARTESIAN_POINT('',(-109.,8.00000000000001,60.4848450049413));
#2061=CARTESIAN_POINT('',(-109.,8.00000000000001,60.4848450049413));
#2062=CARTESIAN_POINT('',(-109.,8.00000000000001,60.4848450049413));
#2063=CARTESIAN_POINT('Origin',(-21.369316876853,8.,78.4696900098826));
#2064=CARTESIAN_POINT('',(-21.369316876853,-43.3012852212022,78.4696900098826));
#2065=CARTESIAN_POINT('',(-43.2769876576398,-43.3012852212022,78.4696900098826));
#2066=CARTESIAN_POINT('',(-21.369316876853,8.,78.4696900098826));
#2067=CARTESIAN_POINT('',(-21.369316876853,8.,78.4696900098826));
#2068=CARTESIAN_POINT('',(-79.,8.,78.4696900098826));
#2069=CARTESIAN_POINT('Origin',(-80.6680710893954,8.,11.5));
#2070=CARTESIAN_POINT('',(-109.,-38.3012852212022,28.4848450049413));
#2071=CARTESIAN_POINT('',(-80.6680710893954,-38.3012852212022,11.5));
#2072=CARTESIAN_POINT('',(-80.0341205758581,-38.3012852212022,11.119949942441));
#2073=CARTESIAN_POINT('',(-80.6680710893954,3.37174005410322,11.5));
#2074=CARTESIAN_POINT('',(-80.6680710893954,8.,11.5));
#2075=CARTESIAN_POINT('',(-109.,3.37174005410318,28.4848450049413));
#2076=CARTESIAN_POINT('',(-95.8244249914472,3.3717400541032,20.5861558589479));
#2077=CARTESIAN_POINT('',(-109.,8.00000000000001,28.4848450049413));
#2078=CARTESIAN_POINT('Origin',(-39.,8.,11.5));
#2079=CARTESIAN_POINT('',(-39.,-38.3012852212022,11.5));
#2080=CARTESIAN_POINT('',(-39.,-38.3012852212022,11.5));
#2081=CARTESIAN_POINT('',(-39.,0.68343752033003,11.5));
#2082=CARTESIAN_POINT('',(-39.,8.,11.5));
#2083=CARTESIAN_POINT('',(-40.7818005546659,1.85400704292466,11.5));
#2084=CARTESIAN_POINT('Origin',(-35.8903612198597,7.,11.5));
#2085=CARTESIAN_POINT('',(-43.2462112512353,3.37174005410327,11.5));
#2086=CARTESIAN_POINT('Origin',(-46.3299274272336,-3.98284789014892,11.5));
#2087=CARTESIAN_POINT('',(-45.6634611079846,3.37174005410327,11.5));
#2088=CARTESIAN_POINT('Origin',(-39.,8.,10.5));
#2089=CARTESIAN_POINT('',(-39.,-38.3012852212022,10.5));
#2090=CARTESIAN_POINT('',(-39.,-38.3012852212022,10.5));
#2091=CARTESIAN_POINT('',(-39.,0.499999999999994,10.5));
#2092=CARTESIAN_POINT('',(-39.,3.,10.5));
#2093=CARTESIAN_POINT('',(-39.,0.805100597732499,10.5));
#2094=CARTESIAN_POINT('',(-39.,3.,10.5));
#2095=CARTESIAN_POINT('Origin',(-39.,7.,23.938555120561));
#2096=CARTESIAN_POINT('Origin',(-109.,8.00000000000001,26.4848450049413));
#2097=CARTESIAN_POINT('',(-82.3361421787908,-43.3012852212022,10.5));
#2098=CARTESIAN_POINT('',(-109.,-43.3012852212022,26.4848450049413));
#2099=CARTESIAN_POINT('',(-96.8532518118473,-43.3012852212022,19.202932222342));
#2100=CARTESIAN_POINT('',(-109.,8.00000000000001,26.4848450049413));
#2101=CARTESIAN_POINT('',(-109.,8.00000000000001,26.4848450049413));
#2102=CARTESIAN_POINT('',(-82.3361421787908,8.,10.5));
#2103=CARTESIAN_POINT('',(-79.,8.,8.49999999999999));
#2104=CARTESIAN_POINT('',(-82.3361421787908,8.,10.5));
#2105=CARTESIAN_POINT('Origin',(-52.3269222159691,-43.3012852212022,7.16826944600772));
#2106=CARTESIAN_POINT('',(-39.,-43.3012852212022,10.5));
#2107=CARTESIAN_POINT('',(-45.6634611079846,-43.3012852212022,10.5));
#2108=CARTESIAN_POINT('',(-39.,-43.3012852212022,11.5));
#2109=CARTESIAN_POINT('',(-39.,-43.3012852212022,3.58413472300386));
#2110=CARTESIAN_POINT('',(-21.369316876853,-43.3012852212022,11.5));
#2111=CARTESIAN_POINT('',(-32.5923292192132,-43.3012852212022,11.5));
#2112=CARTESIAN_POINT('',(-21.369316876853,-43.3012852212022,0.));
#2113=CARTESIAN_POINT('',(-109.,-43.3012852212022,76.4696900098826));
#2114=CARTESIAN_POINT('Origin',(-52.3269222159691,3.37174005410326,7.16826944600772));
#2115=CARTESIAN_POINT('',(-59.011026878597,3.37174005410327,74.5592625094466));
#2116=CARTESIAN_POINT('',(-42.7611400011627,3.37174005410327,9.55971499970934));
#2117=CARTESIAN_POINT('',(-66.2490812872531,3.37174005410326,72.7497489072826));
#2118=CARTESIAN_POINT('',(-109.,3.37174005410319,50.1519123664432));
#2119=CARTESIAN_POINT('',(-65.5021490853104,3.37174005410325,42.0131897656357));
#2120=CARTESIAN_POINT('',(-63.4324036156327,3.37174005410326,45.1075671490662));
#2121=CARTESIAN_POINT('Origin',(-66.1084881479012,3.37174005410325,44.4385460159991));
#2122=CARTESIAN_POINT('',(-66.8401913514447,3.37174005410326,41.6786791991022));
#2123=CARTESIAN_POINT('',(-64.656422940095,3.37174005410325,42.2246213019396));
#2124=CARTESIAN_POINT('',(-74.1162601025347,3.37174005410325,70.7829542034621));
#2125=CARTESIAN_POINT('',(-68.6270223392864,3.37174005410325,48.8260031504691));
#2126=CARTESIAN_POINT('',(-70.1021333041318,3.37174005410326,71.7864859030629));
#2127=CARTESIAN_POINT('',(-67.9892721422667,3.37174005410326,72.3147011935292));
#2128=CARTESIAN_POINT('',(-64.6128955408836,3.37174005410326,49.8295348500698));
#2129=CARTESIAN_POINT('Origin',(-35.8379870304562,7.,11.2905032423859));
#2130=CARTESIAN_POINT('',(-35.8379870304562,-4.44089209850063E-15,11.2905032423859));
#2131=CARTESIAN_POINT('Origin',(-35.8379870304562,7.,11.2905032423859));
#2132=CARTESIAN_POINT('',(-52.0878739078905,-4.7054018781242E-15,76.2900507521232));
#2133=CARTESIAN_POINT('',(-35.8379870304562,-4.44089209850063E-15,11.2905032423859));
#2134=CARTESIAN_POINT('',(-56.6915815171199,1.85400704292466,75.1391238498158));
#2135=CARTESIAN_POINT('Origin',(-52.0878739078905,7.,76.2900507521232));
#2136=CARTESIAN_POINT('',(-40.4416946396856,1.85400704292466,10.1395763400786));
#2137=CARTESIAN_POINT('Origin',(-39.,8.,10.5));
#2138=CARTESIAN_POINT('',(-39.,8.,10.5));
#2139=CARTESIAN_POINT('',(-53.1598548544672,8.,10.5));
#2140=CARTESIAN_POINT('',(-109.,8.00000000000001,58.4848450049413));
#2141=CARTESIAN_POINT('',(-21.369316876853,7.99999999999999,76.4696900098826));
#2142=CARTESIAN_POINT('',(-21.369316876853,8.,78.4696900098826));
#2143=CARTESIAN_POINT('',(-21.5,7.99999999999999,11.5));
#2144=CARTESIAN_POINT('',(-21.369316876853,7.99999999999999,76.4696900098826));
#2145=CARTESIAN_POINT('',(-39.,8.,11.5));
#2146=CARTESIAN_POINT('',(-37.,8.,11.5));
#2147=CARTESIAN_POINT('',(-39.,8.,8.125));
#2148=CARTESIAN_POINT('Origin',(-46.28935979701,2.,54.0318219325418));
#2149=CARTESIAN_POINT('',(-51.8676791728456,-4.72382168266074E-15,76.3450994358844));
#2150=CARTESIAN_POINT('Origin',(-51.8676791728456,2.,76.3450994358844));
#2151=CARTESIAN_POINT('',(-35.6564043138745,-4.71844785465692E-15,11.5));
#2152=CARTESIAN_POINT('',(-46.28935979701,-4.71844785465692E-15,54.0318219325418));
#2153=CARTESIAN_POINT('',(-34.6796938252831,0.238707260467481,11.5));
#2154=CARTESIAN_POINT('Origin',(-35.6564043138745,2.,11.5));
#2155=CARTESIAN_POINT('',(-45.370102866571,0.23870726046749,54.2616361651515));
#2156=CARTESIAN_POINT('Origin',(-59.9730629851282,4.,74.3187534828138));
#2157=CARTESIAN_POINT('Origin',(-61.9133479854189,-3.98284789014892,73.8336822327411));
#2158=CARTESIAN_POINT('',(-55.2498868774343,-4.44089209850063E-15,75.4995475097372));
#2159=CARTESIAN_POINT('Origin',(-33.3048556545596,-22.8782599458967,57.2779479681544));
#2160=CARTESIAN_POINT('',(-21.860368662521,3.37174005410331,11.5));
#2161=CARTESIAN_POINT('Origin',(-21.860368662521,-22.8782599458967,11.5));
#2162=CARTESIAN_POINT('',(-33.3048556545596,3.3717400541033,57.2779479681544));
#2163=CARTESIAN_POINT('Origin',(-21.5,8.,11.5));
#2164=CARTESIAN_POINT('',(-21.5,3.37174005410331,11.5));
#2165=CARTESIAN_POINT('',(-21.4695959767602,3.37174005410331,26.6154940084983));
#2166=CARTESIAN_POINT('',(-21.5,10.,11.5));
#2167=CARTESIAN_POINT('',(-21.369316876853,7.99999999999999,76.4696900098826));
#2168=CARTESIAN_POINT('Origin',(-65.1846584384265,3.37174005410325,41.8189797279452));
#2169=CARTESIAN_POINT('',(-50.0923292192132,3.37174005410326,11.5));
#2170=CARTESIAN_POINT('Origin',(-64.1375890463043,-10.6442825818803,57.8159758714535));
#2171=CARTESIAN_POINT('',(-60.4995546707593,-10.6442825818803,43.2638383692735));
#2172=CARTESIAN_POINT('',(-47.2709970104078,-39.8861037027299,46.5709777843614));
#2173=CARTESIAN_POINT('',(-60.0808938907196,-12.910052049472,45.9454445802945));
#2174=CARTESIAN_POINT('Origin',(-61.1058937333501,-10.6442825818803,45.6891946196369));
#2175=CARTESIAN_POINT('',(-66.7506235792188,-12.910052049472,72.6243633342911));
#2176=CARTESIAN_POINT('',(-66.7506235792188,-12.910052049472,72.6243633342911));
#2177=CARTESIAN_POINT('',(-68.8006232644797,-8.37851311428872,72.1118634129759));
#2178=CARTESIAN_POINT('Origin',(-64.0638150419019,6.10779634359364,42.3727732764879));
#2179=CARTESIAN_POINT('',(-59.4004950427381,-10.1160097547045,43.5386032762788));
#2180=CARTESIAN_POINT('',(-62.8312146703412,-2.53237953273129,42.6809233693781));
#2181=CARTESIAN_POINT('',(-57.2023757866958,-9.05946410035271,44.0881330902894));
#2182=CARTESIAN_POINT('Origin',(-60.0068341053289,-10.1160097547045,45.9639595266422));
#2183=CARTESIAN_POINT('',(-57.8087148492866,-9.05946410035271,46.5134893406527));
#2184=CARTESIAN_POINT('Origin',(-60.0068341053289,-10.1160097547045,45.9639595266422));
#2185=CARTESIAN_POINT('',(-58.9818342626984,-12.3817792222961,46.2202094872998));
#2186=CARTESIAN_POINT('Origin',(-60.0068341053289,-10.1160097547045,45.9639595266422));
#2187=CARTESIAN_POINT('Origin',(-60.0068341053289,-10.1160097547045,45.9639595266421));
#2188=CARTESIAN_POINT('Origin',(-61.2195122305106,-10.1160097547045,50.8146720273688));
#2189=CARTESIAN_POINT('',(-64.4784445377858,-9.05946410035272,73.1924080946494));
#2190=CARTESIAN_POINT('',(-65.6515639511976,-12.3817792222961,72.8991282412964));
#2191=CARTESIAN_POINT('Origin',(-66.6765637938281,-10.1160097547045,72.6428782806388));
#2192=CARTESIAN_POINT('',(-60.1945123878801,-12.3817792222961,51.0709219880264));
#2193=CARTESIAN_POINT('',(-59.0213929744683,-9.05946410035271,51.3642018413794));
#2194=CARTESIAN_POINT('Origin',(-57.8087148492866,-9.05946410035271,46.5134893406527));
#2195=CARTESIAN_POINT('',(-56.7837150066562,-11.3252335679443,46.7697393013103));
#2196=CARTESIAN_POINT('Origin',(-63.437553732932,-2.53237953273128,45.1062796197414));
#2197=CARTESIAN_POINT('',(-61.2394344768897,-1.47583387837954,45.655809433752));
#2198=CARTESIAN_POINT('Origin',(-60.8404101622408,-9.05946410035271,58.6402705924694));
#2199=CARTESIAN_POINT('',(-65.5034443804163,-6.79369463276109,72.9361581339917));
#2200=CARTESIAN_POINT('Origin',(-63.4534446951553,-11.3252335679443,73.448658055307));
#2201=CARTESIAN_POINT('',(-63.4534446951553,-11.3252335679443,73.448658055307));
#2202=CARTESIAN_POINT('Origin',(-56.1773759440653,-11.3252335679443,44.344383050947));
#2203=CARTESIAN_POINT('Origin',(-45.6634611079846,-3.98284789014892,8.83413472300386));
#2204=CARTESIAN_POINT('Origin',(-30.1846584384265,-43.3012852212022,5.75));
#2205=CARTESIAN_POINT('',(-21.369316876853,-43.3012852212022,10.5));
#2206=CARTESIAN_POINT('',(-32.5923292192132,-43.3012852212022,10.5));
#2207=CARTESIAN_POINT('',(-39.,-43.3012852212022,0.));
#2208=CARTESIAN_POINT('',(-39.,-43.3012852212022,11.5));
#2209=CARTESIAN_POINT('',(-21.369316876853,-43.3012852212022,0.));
#2210=CARTESIAN_POINT('',(-39.,-43.3012852212022,0.));
#2211=CARTESIAN_POINT('',(-21.369316876853,-43.3012852212022,0.));
#2212=CARTESIAN_POINT('Origin',(-21.369316876853,-43.3012852212022,76.4696900098826));
#2213=CARTESIAN_POINT('',(-21.369316876853,-38.3012852212022,11.5));
#2214=CARTESIAN_POINT('',(-21.369316876853,-40.8012852212022,11.5));
#2215=CARTESIAN_POINT('',(-21.369316876853,-38.3012852212022,57.352267507412));
#2216=CARTESIAN_POINT('Origin',(-21.369316876853,-43.3012852212022,76.4696900098826));
#2217=CARTESIAN_POINT('',(-21.369316876853,-38.8012852212022,10.5));
#2218=CARTESIAN_POINT('',(-21.369316876853,-45.8012852212022,10.5));
#2219=CARTESIAN_POINT('',(-21.369316876853,-40.3012852212022,1.63688886445628E-16));
#2220=CARTESIAN_POINT('',(-21.369316876853,-43.3012852212022,0.));
#2221=CARTESIAN_POINT('',(-21.369316876853,-40.3012852212022,6.5));
#2222=CARTESIAN_POINT('',(-21.369316876853,-40.3012852212022,38.2348450049413));
#2223=CARTESIAN_POINT('',(-21.369316876853,-38.8012852212022,6.5));
#2224=CARTESIAN_POINT('',(-21.369316876853,-31.2259639159017,6.5));
#2225=CARTESIAN_POINT('',(-21.369316876853,-38.8012852212022,43.4848450049413));
#2226=CARTESIAN_POINT('Origin',(-109.,-43.3012852212022,28.4848450049413));
#2227=CARTESIAN_POINT('',(-109.,-38.3012852212022,33.3598450049413));
#2228=CARTESIAN_POINT('Origin',(-53.1598548544672,-43.3012852212022,10.5));
#2229=CARTESIAN_POINT('',(-39.,10.,10.5));
#2230=CARTESIAN_POINT('',(-39.,-4.44089209850063E-15,10.5));
#2231=CARTESIAN_POINT('',(-3.99999999999999,10.,10.5));
#2232=CARTESIAN_POINT('',(-35.,10.,10.5));
#2233=CARTESIAN_POINT('',(-4.,0.499999999999987,10.5));
#2234=CARTESIAN_POINT('',(-4.,-1.11022302462516E-14,10.5));
#2235=CARTESIAN_POINT('',(-35.,0.499999999999994,10.5));
#2236=CARTESIAN_POINT('',(-39.,3.,10.5));
#2237=CARTESIAN_POINT('',(-39.,-18.1506426106011,10.5));
#2238=CARTESIAN_POINT('Origin',(-35.,-38.8012852212022,10.5));
#2239=CARTESIAN_POINT('',(-27.25,-38.8012852212022,6.5));
#2240=CARTESIAN_POINT('',(-35.,-38.8012852212022,10.5));
#2241=CARTESIAN_POINT('Origin',(-19.5,-19.1506426106011,6.5));
#2242=CARTESIAN_POINT('',(-5.00000000000002,-40.3012852212022,6.5));
#2243=CARTESIAN_POINT('',(-39.,-40.3012852212022,6.5));
#2244=CARTESIAN_POINT('',(-5.00000000000002,-46.3012852212022,6.5));
#2245=CARTESIAN_POINT('Origin',(-5.00000000000002,-43.3012852212022,6.5));
#2246=CARTESIAN_POINT('',(-39.,-46.3012852212022,6.5));
#2247=CARTESIAN_POINT('',(-5.00000000000002,-46.3012852212022,6.5));
#2248=CARTESIAN_POINT('',(-39.,-48.3012852212022,6.5));
#2249=CARTESIAN_POINT('',(-39.,-48.3982297267327,6.5));
#2250=CARTESIAN_POINT('',(-36.,-48.3012852212022,6.5));
#2251=CARTESIAN_POINT('Origin',(-5.00000000000002,-43.3012852212022,6.5));
#2252=CARTESIAN_POINT('Origin',(-39.,2.,0.));
#2253=CARTESIAN_POINT('',(-39.,3.,10.5));
#2254=CARTESIAN_POINT('',(-39.,0.499999999999994,6.5));
#2255=CARTESIAN_POINT('',(-39.,0.499999999999994,6.5));
#2256=CARTESIAN_POINT('',(-39.,2.,6.5));
#2257=CARTESIAN_POINT('',(-39.,2.,6.5));
#2258=CARTESIAN_POINT('',(-39.,2.,0.));
#2259=CARTESIAN_POINT('',(-39.,2.,0.));
#2260=CARTESIAN_POINT('',(-39.,2.,0.));
#2261=CARTESIAN_POINT('Origin',(-39.,-40.3012852212022,0.));
#2262=CARTESIAN_POINT('',(-5.00000000000002,-40.3012852212022,0.));
#2263=CARTESIAN_POINT('',(-39.,-40.3012852212022,0.));
#2264=CARTESIAN_POINT('',(-5.00000000000002,-40.3012852212022,0.));
#2265=CARTESIAN_POINT('Origin',(-35.,-38.3012852212022,11.5));
#2266=CARTESIAN_POINT('',(-35.,-38.3012852212022,11.5));
#2267=CARTESIAN_POINT('',(-37.0070633992014,-38.3012852212022,10.9982341501996));
#2268=CARTESIAN_POINT('',(-35.,-4.44089209850063E-15,11.5));
#2269=CARTESIAN_POINT('',(-35.,-4.44089209850063E-15,11.5));
#2270=CARTESIAN_POINT('',(-35.,-4.44089209850063E-15,11.5));
#2271=CARTESIAN_POINT('Origin',(-37.910427500436,-38.3012852212022,23.141710001744));
#2272=CARTESIAN_POINT('',(-37.910427500436,-38.3012852212022,23.141710001744));
#2273=CARTESIAN_POINT('',(-41.910427500436,-38.3012852212022,22.141710001744));
#2274=CARTESIAN_POINT('',(-39.9174908996374,-38.3012852212022,22.6399441519436));
#2275=CARTESIAN_POINT('',(-48.9660109401799,-21.5476917724155,20.377814141808));
#2276=CARTESIAN_POINT('',(-47.0000324367715,-26.2159385384623,20.8693087676601));
#2277=CARTESIAN_POINT('',(-46.1104262414799,-20.1751294804692,21.091710316483));
#2278=CARTESIAN_POINT('',(-46.1104262414799,-20.1751294804692,21.091710316483));
#2279=CARTESIAN_POINT('',(-37.910427500436,-38.3012852212022,23.141710001744));
#2280=CARTESIAN_POINT('Origin',(-50.9611387422066,-20.1751294804692,40.4945603193896));
#2281=CARTESIAN_POINT('',(-46.7611400011627,-38.3012852212022,41.5445600046506));
#2282=CARTESIAN_POINT('',(-42.7611400011627,-38.3012852212022,42.5445600046506));
#2283=CARTESIAN_POINT('',(-48.8682027708861,-38.3012852212022,41.0177943122198));
#2284=CARTESIAN_POINT('',(-50.9611387422066,-20.1751294804692,40.4945603193896));
#2285=CARTESIAN_POINT('',(-46.8611393716846,-29.2382073508357,41.5195601620201));
#2286=CARTESIAN_POINT('',(-53.8167234409065,-21.5476917724155,39.7806641447146));
#2287=CARTESIAN_POINT('',(-50.9611387422066,-20.1751294804692,40.4945603193896));
#2288=CARTESIAN_POINT('',(-55.71245913316,-17.0462376622615,39.3067302216513));
#2289=CARTESIAN_POINT('Origin',(-48.5357824918432,-20.1751294804692,30.7931353179363));
#2290=CARTESIAN_POINT('',(-55.7149931657349,-12.6245545999019,31.4027669669278));
#2291=CARTESIAN_POINT('Origin',(-51.3913671905432,-21.5476917724156,30.0792391432613));
#2292=CARTESIAN_POINT('',(-52.6357818623652,-11.1120516101027,29.7681354753058));
#2293=CARTESIAN_POINT('Origin',(-48.5357824918432,-20.1751294804692,30.7931353179363));
#2294=CARTESIAN_POINT('Origin',(-143.747318044359,-65.9394044876812,6.99025142980729));
#2295=CARTESIAN_POINT('Origin',(-48.5357824918432,-20.1751294804692,30.7931353179363));
#2296=CARTESIAN_POINT('',(-54.5834946633987,-12.6245545999019,26.8767729575831));
#2297=CARTESIAN_POINT('Origin',(-51.3913671905432,-21.5476917724156,30.0792391432613));
#2298=CARTESIAN_POINT('Origin',(-143.747318044359,-65.9394044876812,6.99025142980729));
#2299=CARTESIAN_POINT('Origin',(-48.5357824918432,-20.1751294804692,30.7931353179363));
#2300=CARTESIAN_POINT('Origin',(-49.8134601637675,-12.6245545999019,7.79663495905813));
#2301=CARTESIAN_POINT('',(-49.8134601637675,-12.6245545999019,7.79663495905813));
#2302=CARTESIAN_POINT('',(-39.,-38.3012852212022,10.5));
#2303=CARTESIAN_POINT('Origin',(-39.,-38.3012852212022,10.5));
#2304=CARTESIAN_POINT('',(-35.,-38.3012852212022,11.5));
#2305=CARTESIAN_POINT('',(-5.,-38.3012852212022,6.5));
#2306=CARTESIAN_POINT('',(-35.,-38.3012852212022,6.5));
#2307=CARTESIAN_POINT('',(-5.,-38.3012852212022,0.));
#2308=CARTESIAN_POINT('',(-5.,-38.3012852212022,0.));
#2309=CARTESIAN_POINT('',(-35.,-38.3012852212022,0.));
#2310=CARTESIAN_POINT('',(-5.,-38.3012852212022,0.));
#2311=CARTESIAN_POINT('',(-35.,-38.3012852212022,0.));
#2312=CARTESIAN_POINT('',(-35.,-38.3012852212022,11.5));
#2313=CARTESIAN_POINT('Origin',(-47.2999981115659,-11.1120516101027,8.42500047210853));
#2314=CARTESIAN_POINT('Origin',(-35.,-38.3012852212022,11.5));
#2315=CARTESIAN_POINT('Origin',(-35.,-38.8012852212022,6.5));
#2316=CARTESIAN_POINT('Origin',(-5.00000000000002,-43.3012852212022,6.5));
#2317=CARTESIAN_POINT('Origin',(-35.,-48.3012852212022,10.5));
#2318=CARTESIAN_POINT('',(-39.,-48.3012852212022,10.5));
#2319=CARTESIAN_POINT('',(-35.,-48.3012852212022,10.5));
#2320=CARTESIAN_POINT('',(-39.,-53.0871835426919,10.5));
#2321=CARTESIAN_POINT('Origin',(-35.,-48.3012852212022,0.));
#2322=CARTESIAN_POINT('',(-39.,-48.3012852212022,0.));
#2323=CARTESIAN_POINT('Origin',(-35.,-50.3012852212022,11.5));
#2324=CARTESIAN_POINT('',(-39.,-50.3012852212022,0.));
#2325=CARTESIAN_POINT('',(-35.,-50.3012852212022,0.));
#2326=CARTESIAN_POINT('',(-39.,-50.3012852212022,11.5));
#2327=CARTESIAN_POINT('',(-35.,-50.3012852212022,11.5));
#2328=CARTESIAN_POINT('',(-39.,-50.3012852212022,16.7585822591889));
#2329=CARTESIAN_POINT('Origin',(-35.,-38.3012852212022,11.5));
#2330=CARTESIAN_POINT('',(-39.,-38.3012852212022,11.5));
#2331=CARTESIAN_POINT('Origin',(-35.,12.,11.5));
#2332=CARTESIAN_POINT('',(-35.,-4.44089209850063E-15,11.5));
#2333=CARTESIAN_POINT('',(-4.,-1.11022302462516E-14,11.5));
#2334=CARTESIAN_POINT('',(-35.,-4.44089209850063E-15,11.5));
#2335=CARTESIAN_POINT('',(-3.99999999999999,12.,11.5));
#2336=CARTESIAN_POINT('',(-3.99999999999999,15.9464869344452,11.5));
#2337=CARTESIAN_POINT('',(-39.,12.,11.5));
#2338=CARTESIAN_POINT('',(-35.,12.,11.5));
#2339=CARTESIAN_POINT('',(-39.,15.9464869344452,11.5));
#2340=CARTESIAN_POINT('Origin',(-35.,0.,6.5));
#2341=CARTESIAN_POINT('',(-5.,-8.88178419700125E-15,6.5));
#2342=CARTESIAN_POINT('',(-4.,0.101020514433635,6.5));
#2343=CARTESIAN_POINT('Origin',(-5.,5.,6.5));
#2344=CARTESIAN_POINT('',(-4.,-6.66133814775094E-15,6.5));
#2345=CARTESIAN_POINT('',(-4.,-6.66133814775094E-15,6.5));
#2346=CARTESIAN_POINT('',(-35.,0.,6.5));
#2347=CARTESIAN_POINT('Origin',(-39.,6.,5.75));
#2348=CARTESIAN_POINT('',(-39.,12.,0.));
#2349=CARTESIAN_POINT('',(-39.,12.,0.));
#2350=CARTESIAN_POINT('',(-39.,8.,0.));
#2351=CARTESIAN_POINT('',(-39.,10.,0.));
#2352=CARTESIAN_POINT('',(-39.,8.,6.5));
#2353=CARTESIAN_POINT('',(-39.,8.,0.));
#2354=CARTESIAN_POINT('',(-39.,10.,6.5));
#2355=CARTESIAN_POINT('',(-39.,8.,6.5));
#2356=CARTESIAN_POINT('',(-39.,10.,17.5996583415946));
#2357=CARTESIAN_POINT('Origin',(-35.,10.,10.5));
#2358=CARTESIAN_POINT('',(-3.99999999999999,10.,6.5));
#2359=CARTESIAN_POINT('',(-18.7752551286084,10.,6.5));
#2360=CARTESIAN_POINT('',(-3.99999999999999,10.,17.5996583415946));
#2361=CARTESIAN_POINT('Origin',(-35.,0.499999999999994,6.5));
#2362=CARTESIAN_POINT('',(-4.,0.499999999999987,6.5));
#2363=CARTESIAN_POINT('',(-4.,0.499999999999987,6.5));
#2364=CARTESIAN_POINT('',(-27.25,0.499999999999992,6.5));
#2365=CARTESIAN_POINT('Origin',(-35.,12.,0.));
#2366=CARTESIAN_POINT('',(-3.99999999999999,12.,0.));
#2367=CARTESIAN_POINT('',(-35.,12.,0.));
#2368=CARTESIAN_POINT('Origin',(-3.99999999999999,6.,5.75));
#2369=CARTESIAN_POINT('',(-3.99999999999999,7.49999999999997,6.5));
#2370=CARTESIAN_POINT('',(-4.,-1.11022302462516E-14,11.5));
#2371=CARTESIAN_POINT('',(-4.,-6.57532130530056,6.5));
#2372=CARTESIAN_POINT('Origin',(-19.5,-19.1506426106011,6.5));
#2373=CARTESIAN_POINT('Origin',(-5.,5.,6.5));
#2374=CARTESIAN_POINT('',(-5.,8.,6.5));
#2375=CARTESIAN_POINT('',(-39.,8.,6.5));
#2376=CARTESIAN_POINT('',(-5.,2.,6.5));
#2377=CARTESIAN_POINT('Origin',(-5.,5.,6.5));
#2378=CARTESIAN_POINT('',(-5.,2.,6.5));
#2379=CARTESIAN_POINT('Origin',(-49.6715675015987,-4.44089209850063E-15,
53.1862700063946));
#2380=CARTESIAN_POINT('Origin',(-39.,2.,0.));
#2381=CARTESIAN_POINT('',(-39.,-46.3012852212022,0.));
#2382=CARTESIAN_POINT('',(-39.,-46.3012852212022,0.));
#2383=CARTESIAN_POINT('',(-39.,-48.3982297267327,0.));
#2384=CARTESIAN_POINT('Origin',(-5.,5.,0.));
#2385=CARTESIAN_POINT('',(-5.,8.,0.));
#2386=CARTESIAN_POINT('',(-5.,2.,0.));
#2387=CARTESIAN_POINT('Origin',(-5.,5.,0.));
#2388=CARTESIAN_POINT('',(-5.,2.,0.));
#2389=CARTESIAN_POINT('',(-5.,8.,0.));
#2390=CARTESIAN_POINT('Origin',(-39.,8.,0.));
#2391=CARTESIAN_POINT('',(-39.,8.,0.));
#2392=CARTESIAN_POINT('Origin',(-5.,5.,0.));
#2393=CARTESIAN_POINT('',(-5.,-8.88178419700125E-15,0.));
#2394=CARTESIAN_POINT('',(-5.,-8.88178419700125E-15,0.));
#2395=CARTESIAN_POINT('Origin',(-5.,5.,0.));
#2396=CARTESIAN_POINT('Origin',(-35.,-4.44089209850063E-15,0.));
#2397=CARTESIAN_POINT('',(-35.,-4.44089209850063E-15,0.));
#2398=CARTESIAN_POINT('',(-35.,-4.44089209850063E-15,0.));
#2399=CARTESIAN_POINT('',(-35.,-4.44089209850063E-15,0.));
#2400=CARTESIAN_POINT('Origin',(-35.,-38.3012852212022,0.));
#2401=CARTESIAN_POINT('',(-35.,-38.3012852212022,0.));
#2402=CARTESIAN_POINT('Origin',(-5.00000000000002,-43.3012852212022,0.));
#2403=CARTESIAN_POINT('Origin',(-5.00000000000002,-43.3012852212022,0.));
#2404=CARTESIAN_POINT('Origin',(-5.00000000000002,-46.3012852212022,0.));
#2405=CARTESIAN_POINT('',(-5.00000000000002,-46.3012852212022,0.));
#2406=CARTESIAN_POINT('',(-5.00000000000002,-46.3012852212022,0.));
#2407=CARTESIAN_POINT('',(-5.00000000000002,-46.3012852212022,0.));
#2408=CARTESIAN_POINT('Origin',(-5.00000000000002,-43.3012852212022,0.));
#2409=CARTESIAN_POINT('Origin',(-5.00000000000002,-43.3012852212022,0.));
#2410=CARTESIAN_POINT('Origin',(-5.,2.,0.));
#2411=CARTESIAN_POINT('',(-5.,2.,0.));
#2412=CARTESIAN_POINT('Origin',(-19.5,-19.1506426106011,0.));
#2413=UNCERTAINTY_MEASURE_WITH_UNIT(LENGTH_MEASURE(0.01),#2417,
'DISTANCE_ACCURACY_VALUE',
'Maximum model space distance between geometric entities at asserted c
onnectivities');
#2414=UNCERTAINTY_MEASURE_WITH_UNIT(LENGTH_MEASURE(0.01),#2417,
'DISTANCE_ACCURACY_VALUE',
'Maximum model space distance between geometric entities at asserted c
onnectivities');
#2415=(
GEOMETRIC_REPRESENTATION_CONTEXT(3)
GLOBAL_UNCERTAINTY_ASSIGNED_CONTEXT((#2413))
GLOBAL_UNIT_ASSIGNED_CONTEXT((#2417,#2419,#2420))
REPRESENTATION_CONTEXT('','3D')
);
#2416=(
GEOMETRIC_REPRESENTATION_CONTEXT(3)
GLOBAL_UNCERTAINTY_ASSIGNED_CONTEXT((#2414))
GLOBAL_UNIT_ASSIGNED_CONTEXT((#2417,#2419,#2420))
REPRESENTATION_CONTEXT('','3D')
);
#2417=(
LENGTH_UNIT()
NAMED_UNIT(*)
SI_UNIT(.MILLI.,.METRE.)
);
#2418=(
LENGTH_UNIT()
NAMED_UNIT(*)
SI_UNIT(.CENTI.,.METRE.)
);
#2419=(
NAMED_UNIT(*)
PLANE_ANGLE_UNIT()
SI_UNIT($,.RADIAN.)
);
#2420=(
NAMED_UNIT(*)
SI_UNIT($,.STERADIAN.)
SOLID_ANGLE_UNIT()
);
#2421=SHAPE_DEFINITION_REPRESENTATION(#2422,#2423);
#2422=PRODUCT_DEFINITION_SHAPE('',$,#2425);
#2423=SHAPE_REPRESENTATION('',(#1487),#2415);
#2424=PRODUCT_DEFINITION_CONTEXT('part definition',#2429,'design');
#2425=PRODUCT_DEFINITION('CapTurnerV1','CapTurnerV1',#2426,#2424);
#2426=PRODUCT_DEFINITION_FORMATION('',$,#2431);
#2427=PRODUCT_RELATED_PRODUCT_CATEGORY('CapTurnerV1','CapTurnerV1',(#2431));
#2428=APPLICATION_PROTOCOL_DEFINITION('international standard',
'automotive_design',2009,#2429);
#2429=APPLICATION_CONTEXT(
'Core Data for Automotive Mechanical Design Process');
#2430=PRODUCT_CONTEXT('part definition',#2429,'mechanical');
#2431=PRODUCT('CapTurnerV1','CapTurnerV1',$,(#2430));
#2432=PRESENTATION_STYLE_ASSIGNMENT((#2433));
#2433=SURFACE_STYLE_USAGE(.BOTH.,#2436);
#2434=SURFACE_STYLE_RENDERING_WITH_PROPERTIES($,#2440,(#2435));
#2435=SURFACE_STYLE_TRANSPARENT(0.);
#2436=SURFACE_SIDE_STYLE('',(#2437,#2434));
#2437=SURFACE_STYLE_FILL_AREA(#2438);
#2438=FILL_AREA_STYLE('',(#2439));
#2439=FILL_AREA_STYLE_COLOUR('',#2440);
#2440=COLOUR_RGB('',0.749019607843137,0.749019607843137,0.749019607843137);
ENDSEC;
END-ISO-10303-21;
