ISO-10303-21;
HEADER;
/* Generated by software containing ST-Developer
 * from STEP Tools, Inc. (www.steptools.com) 
 */

FILE_DESCRIPTION(
/* description */ (''),
/* implementation_level */ '2;1');

FILE_NAME(
/* name */ 'BandeV2Joint3.stp',
/* time_stamp */ '2026-06-25T19:53:45+02:00',
/* author */ ('frede'),
/* organization */ (''),
/* preprocessor_version */ 'ST-DEVELOPER v20.1',
/* originating_system */ 'Autodesk Inventor 2026',
/* authorisation */ '');

FILE_SCHEMA (('AUTOMOTIVE_DESIGN { 1 0 10303 214 3 1 1 }'));
ENDSEC;

DATA;
#10=MECHANICAL_DESIGN_GEOMETRIC_PRESENTATION_REPRESENTATION('',(#13),#2136);
#11=SHAPE_REPRESENTATION_RELATIONSHIP('SRR','None',#2143,#12);
#12=ADVANCED_BREP_SHAPE_REPRESENTATION('',(#14),#2135);
#13=STYLED_ITEM('',(#2152),#14);
#14=MANIFOLD_SOLID_BREP('Solid1',#1129);
#15=B_SPLINE_CURVE_WITH_KNOTS('',3,(#1968,#1969,#1970,#1971,#1972,#1973,
#1974,#1975,#1976,#1977,#1978,#1979),.UNSPECIFIED.,.F.,.F.,(4,1,1,1,1,1,
1,2,4),(1.15461484392115E-15,0.185181230859118,0.370362461718235,0.555543692577352,
0.64813430800691,0.740724923436469,0.833315538866027,0.925906154295586,
0.927338282203001),.UNSPECIFIED.);
#16=B_SPLINE_CURVE_WITH_KNOTS('',3,(#1980,#1981,#1982,#1983,#1984,#1985,
#1986,#1987,#1988,#1989,#1990,#1991),.UNSPECIFIED.,.F.,.F.,(4,2,1,1,1,1,
1,1,4),(-0.927338282203001,-0.925906154295586,-0.833315538866027,-0.740724923436469,
-0.64813430800691,-0.555543692577352,-0.370362461718235,-0.185181230859118,
-1.15461484392115E-15),.UNSPECIFIED.);
#17=B_SPLINE_CURVE_WITH_KNOTS('',3,(#2038,#2039,#2040,#2041,#2042,#2043,
#2044,#2045),.UNSPECIFIED.,.F.,.F.,(4,1,1,2,4),(-0.925906154278936,-0.740724923423149,
-0.555543692567362,0.,0.00143212790804973),.UNSPECIFIED.);
#18=B_SPLINE_CURVE_WITH_KNOTS('',3,(#2046,#2047,#2048,#2049,#2050,#2051,
#2052,#2053),.UNSPECIFIED.,.F.,.F.,(4,2,1,1,4),(-0.00143212790804973,0.,
0.555543692567362,0.740724923423149,0.925906154278936),.UNSPECIFIED.);
#19=B_SPLINE_SURFACE_WITH_KNOTS('',3,3,((#1907,#1908,#1909,#1910,#1911,
#1912,#1913,#1914,#1915,#1916,#1917,#1918),(#1919,#1920,#1921,#1922,#1923,
#1924,#1925,#1926,#1927,#1928,#1929,#1930),(#1931,#1932,#1933,#1934,#1935,
#1936,#1937,#1938,#1939,#1940,#1941,#1942),(#1943,#1944,#1945,#1946,#1947,
#1948,#1949,#1950,#1951,#1952,#1953,#1954),(#1955,#1956,#1957,#1958,#1959,
#1960,#1961,#1962,#1963,#1964,#1965,#1966)),.UNSPECIFIED.,.F.,.F.,.F.,(4,
1,4),(4,1,1,1,1,1,1,2,4),(0.,0.5,1.),(1.15461484392115E-15,0.185181230859118,
0.370362461718235,0.555543692577352,0.64813430800691,0.740724923436469,
0.833315538866027,0.925906154295586,0.927338282203001),.UNSPECIFIED.);
#20=B_SPLINE_SURFACE_WITH_KNOTS('',3,3,((#2003,#2004,#2005,#2006,#2007,
#2008,#2009,#2010),(#2011,#2012,#2013,#2014,#2015,#2016,#2017,#2018),(#2019,
#2020,#2021,#2022,#2023,#2024,#2025,#2026),(#2027,#2028,#2029,#2030,#2031,
#2032,#2033,#2034)),.UNSPECIFIED.,.F.,.F.,.F.,(4,4),(4,2,1,1,4),(0.,1.),
(-0.00143212790804973,0.,0.555543692567362,0.740724923423149,0.925906154278936),
 .UNSPECIFIED.);
#21=SPHERICAL_SURFACE('',#1188,0.499999999999997);
#22=SPHERICAL_SURFACE('',#1192,0.499999999999988);
#23=SPHERICAL_SURFACE('',#1199,0.499999999999997);
#24=SPHERICAL_SURFACE('',#1203,0.5);
#25=SPHERICAL_SURFACE('',#1207,0.5);
#26=SPHERICAL_SURFACE('',#1213,0.499999999999999);
#27=SPHERICAL_SURFACE('',#1217,0.5);
#28=SPHERICAL_SURFACE('',#1221,0.5);
#29=SPHERICAL_SURFACE('',#1230,0.5);
#30=SPHERICAL_SURFACE('',#1234,0.5);
#31=SPHERICAL_SURFACE('',#1245,0.5);
#32=SPHERICAL_SURFACE('',#1255,0.499999999999998);
#33=ELLIPSE('',#1186,0.504314480290083,0.5);
#34=ELLIPSE('',#1187,0.504314480290077,0.5);
#35=ELLIPSE('',#1197,0.504314480290075,0.5);
#36=ELLIPSE('',#1198,0.504314480290069,0.5);
#37=ELLIPSE('',#1212,0.504314480290069,0.5);
#38=ELLIPSE('',#1227,0.504314480290069,0.5);
#39=ELLIPSE('',#1229,0.504314480290079,0.5);
#40=ELLIPSE('',#1279,0.504314480290079,0.5);
#41=FACE_BOUND('',#340,.T.);
#42=FACE_BOUND('',#347,.T.);
#43=PLANE('',#1164);
#44=PLANE('',#1167);
#45=PLANE('',#1181);
#46=PLANE('',#1182);
#47=PLANE('',#1286);
#48=PLANE('',#1287);
#49=PLANE('',#1288);
#50=PLANE('',#1290);
#51=PLANE('',#1291);
#52=PLANE('',#1292);
#53=PLANE('',#1293);
#54=PLANE('',#1294);
#55=PLANE('',#1295);
#56=PLANE('',#1297);
#57=PLANE('',#1299);
#58=PLANE('',#1300);
#59=LINE('',#1698,#139);
#60=LINE('',#1699,#140);
#61=LINE('',#1707,#141);
#62=LINE('',#1708,#142);
#63=LINE('',#1711,#143);
#64=LINE('',#1713,#144);
#65=LINE('',#1714,#145);
#66=LINE('',#1717,#146);
#67=LINE('',#1722,#147);
#68=LINE('',#1724,#148);
#69=LINE('',#1728,#149);
#70=LINE('',#1730,#150);
#71=LINE('',#1732,#151);
#72=LINE('',#1736,#152);
#73=LINE('',#1738,#153);
#74=LINE('',#1740,#154);
#75=LINE('',#1742,#155);
#76=LINE('',#1744,#156);
#77=LINE('',#1746,#157);
#78=LINE('',#1747,#158);
#79=LINE('',#1758,#159);
#80=LINE('',#1759,#160);
#81=LINE('',#1766,#161);
#82=LINE('',#1768,#162);
#83=LINE('',#1774,#163);
#84=LINE('',#1778,#164);
#85=LINE('',#1780,#165);
#86=LINE('',#1781,#166);
#87=LINE('',#1785,#167);
#88=LINE('',#1789,#168);
#89=LINE('',#1808,#169);
#90=LINE('',#1812,#170);
#91=LINE('',#1835,#171);
#92=LINE('',#1857,#172);
#93=LINE('',#1860,#173);
#94=LINE('',#1864,#174);
#95=LINE('',#1881,#175);
#96=LINE('',#1887,#176);
#97=LINE('',#1889,#177);
#98=LINE('',#1897,#178);
#99=LINE('',#1898,#179);
#100=LINE('',#1902,#180);
#101=LINE('',#1999,#181);
#102=LINE('',#2000,#182);
#103=LINE('',#2002,#183);
#104=LINE('',#2059,#184);
#105=LINE('',#2063,#185);
#106=LINE('',#2069,#186);
#107=LINE('',#2071,#187);
#108=LINE('',#2072,#188);
#109=LINE('',#2074,#189);
#110=LINE('',#2076,#190);
#111=LINE('',#2077,#191);
#112=LINE('',#2079,#192);
#113=LINE('',#2080,#193);
#114=LINE('',#2082,#194);
#115=LINE('',#2083,#195);
#116=LINE('',#2085,#196);
#117=LINE('',#2086,#197);
#118=LINE('',#2089,#198);
#119=LINE('',#2092,#199);
#120=LINE('',#2093,#200);
#121=LINE('',#2095,#201);
#122=LINE('',#2096,#202);
#123=LINE('',#2098,#203);
#124=LINE('',#2099,#204);
#125=LINE('',#2101,#205);
#126=LINE('',#2102,#206);
#127=LINE('',#2104,#207);
#128=LINE('',#2106,#208);
#129=LINE('',#2107,#209);
#130=LINE('',#2109,#210);
#131=LINE('',#2111,#211);
#132=LINE('',#2113,#212);
#133=LINE('',#2115,#213);
#134=LINE('',#2117,#214);
#135=LINE('',#2119,#215);
#136=LINE('',#2125,#216);
#137=LINE('',#2127,#217);
#138=LINE('',#2129,#218);
#139=VECTOR('',#1318,10.);
#140=VECTOR('',#1319,10.);
#141=VECTOR('',#1330,10.);
#142=VECTOR('',#1331,10.);
#143=VECTOR('',#1334,10.);
#144=VECTOR('',#1335,10.);
#145=VECTOR('',#1336,10.);
#146=VECTOR('',#1339,10.);
#147=VECTOR('',#1344,10.);
#148=VECTOR('',#1345,10.);
#149=VECTOR('',#1348,10.);
#150=VECTOR('',#1349,10.);
#151=VECTOR('',#1350,10.);
#152=VECTOR('',#1353,10.);
#153=VECTOR('',#1354,10.);
#154=VECTOR('',#1355,10.);
#155=VECTOR('',#1356,10.);
#156=VECTOR('',#1357,10.);
#157=VECTOR('',#1358,10.);
#158=VECTOR('',#1359,10.);
#159=VECTOR('',#1372,10.);
#160=VECTOR('',#1373,10.);
#161=VECTOR('',#1384,10.);
#162=VECTOR('',#1387,10.);
#163=VECTOR('',#1392,10.);
#164=VECTOR('',#1395,10.);
#165=VECTOR('',#1396,10.);
#166=VECTOR('',#1397,10.);
#167=VECTOR('',#1400,10.);
#168=VECTOR('',#1403,10.);
#169=VECTOR('',#1424,10.);
#170=VECTOR('',#1427,10.);
#171=VECTOR('',#1456,10.);
#172=VECTOR('',#1485,10.);
#173=VECTOR('',#1488,10.);
#174=VECTOR('',#1493,10.);
#175=VECTOR('',#1516,10.);
#176=VECTOR('',#1525,10.);
#177=VECTOR('',#1528,10.);
#178=VECTOR('',#1539,10.);
#179=VECTOR('',#1540,10.);
#180=VECTOR('',#1545,10.);
#181=VECTOR('',#1562,10.);
#182=VECTOR('',#1563,10.);
#183=VECTOR('',#1566,10.);
#184=VECTOR('',#1577,10.);
#185=VECTOR('',#1582,10.);
#186=VECTOR('',#1591,10.);
#187=VECTOR('',#1594,10.);
#188=VECTOR('',#1595,10.);
#189=VECTOR('',#1598,10.);
#190=VECTOR('',#1601,10.);
#191=VECTOR('',#1602,10.);
#192=VECTOR('',#1605,10.);
#193=VECTOR('',#1606,10.);
#194=VECTOR('',#1609,10.);
#195=VECTOR('',#1610,10.);
#196=VECTOR('',#1613,10.);
#197=VECTOR('',#1614,10.);
#198=VECTOR('',#1617,10.);
#199=VECTOR('',#1622,10.);
#200=VECTOR('',#1623,10.);
#201=VECTOR('',#1626,10.);
#202=VECTOR('',#1627,10.);
#203=VECTOR('',#1630,10.);
#204=VECTOR('',#1631,10.);
#205=VECTOR('',#1634,10.);
#206=VECTOR('',#1635,10.);
#207=VECTOR('',#1638,10.);
#208=VECTOR('',#1641,10.);
#209=VECTOR('',#1642,10.);
#210=VECTOR('',#1645,10.);
#211=VECTOR('',#1648,10.);
#212=VECTOR('',#1651,10.);
#213=VECTOR('',#1654,10.);
#214=VECTOR('',#1657,10.);
#215=VECTOR('',#1660,10.);
#216=VECTOR('',#1671,10.);
#217=VECTOR('',#1674,10.);
#218=VECTOR('',#1677,10.);
#219=CYLINDRICAL_SURFACE('',#1157,0.5);
#220=CYLINDRICAL_SURFACE('',#1163,0.5);
#221=CYLINDRICAL_SURFACE('',#1165,2.125);
#222=CYLINDRICAL_SURFACE('',#1174,0.5);
#223=CYLINDRICAL_SURFACE('',#1180,0.5);
#224=CYLINDRICAL_SURFACE('',#1185,0.5);
#225=CYLINDRICAL_SURFACE('',#1196,0.5);
#226=CYLINDRICAL_SURFACE('',#1211,0.5);
#227=CYLINDRICAL_SURFACE('',#1225,0.5);
#228=CYLINDRICAL_SURFACE('',#1226,0.5);
#229=CYLINDRICAL_SURFACE('',#1228,0.5);
#230=CYLINDRICAL_SURFACE('',#1238,0.5);
#231=CYLINDRICAL_SURFACE('',#1243,0.5);
#232=CYLINDRICAL_SURFACE('',#1244,0.5);
#233=CYLINDRICAL_SURFACE('',#1249,0.5);
#234=CYLINDRICAL_SURFACE('',#1250,0.5);
#235=CYLINDRICAL_SURFACE('',#1259,0.5);
#236=CYLINDRICAL_SURFACE('',#1260,0.5);
#237=CYLINDRICAL_SURFACE('',#1265,0.5);
#238=CYLINDRICAL_SURFACE('',#1266,0.5);
#239=CYLINDRICAL_SURFACE('',#1271,0.5);
#240=CYLINDRICAL_SURFACE('',#1272,0.5);
#241=CYLINDRICAL_SURFACE('',#1273,0.5);
#242=CYLINDRICAL_SURFACE('',#1274,0.5);
#243=CYLINDRICAL_SURFACE('',#1275,0.5);
#244=CYLINDRICAL_SURFACE('',#1276,0.5);
#245=CYLINDRICAL_SURFACE('',#1277,0.5);
#246=CYLINDRICAL_SURFACE('',#1278,0.5);
#247=CYLINDRICAL_SURFACE('',#1280,0.5);
#248=CYLINDRICAL_SURFACE('',#1281,0.5);
#249=CYLINDRICAL_SURFACE('',#1282,0.5);
#250=CYLINDRICAL_SURFACE('',#1283,0.5);
#251=CYLINDRICAL_SURFACE('',#1284,0.5);
#252=CYLINDRICAL_SURFACE('',#1285,0.5);
#253=CYLINDRICAL_SURFACE('',#1289,15.);
#254=CYLINDRICAL_SURFACE('',#1296,2.);
#255=CYLINDRICAL_SURFACE('',#1298,15.);
#256=CYLINDRICAL_SURFACE('',#1301,2.125);
#257=FACE_OUTER_BOUND('',#333,.T.);
#258=FACE_OUTER_BOUND('',#334,.T.);
#259=FACE_OUTER_BOUND('',#335,.T.);
#260=FACE_OUTER_BOUND('',#336,.T.);
#261=FACE_OUTER_BOUND('',#337,.T.);
#262=FACE_OUTER_BOUND('',#338,.T.);
#263=FACE_OUTER_BOUND('',#339,.T.);
#264=FACE_OUTER_BOUND('',#341,.T.);
#265=FACE_OUTER_BOUND('',#342,.T.);
#266=FACE_OUTER_BOUND('',#343,.T.);
#267=FACE_OUTER_BOUND('',#344,.T.);
#268=FACE_OUTER_BOUND('',#345,.T.);
#269=FACE_OUTER_BOUND('',#346,.T.);
#270=FACE_OUTER_BOUND('',#348,.T.);
#271=FACE_OUTER_BOUND('',#349,.T.);
#272=FACE_OUTER_BOUND('',#350,.T.);
#273=FACE_OUTER_BOUND('',#351,.T.);
#274=FACE_OUTER_BOUND('',#352,.T.);
#275=FACE_OUTER_BOUND('',#353,.T.);
#276=FACE_OUTER_BOUND('',#354,.T.);
#277=FACE_OUTER_BOUND('',#355,.T.);
#278=FACE_OUTER_BOUND('',#356,.T.);
#279=FACE_OUTER_BOUND('',#357,.T.);
#280=FACE_OUTER_BOUND('',#358,.T.);
#281=FACE_OUTER_BOUND('',#359,.T.);
#282=FACE_OUTER_BOUND('',#360,.T.);
#283=FACE_OUTER_BOUND('',#361,.T.);
#284=FACE_OUTER_BOUND('',#362,.T.);
#285=FACE_OUTER_BOUND('',#363,.T.);
#286=FACE_OUTER_BOUND('',#364,.T.);
#287=FACE_OUTER_BOUND('',#365,.T.);
#288=FACE_OUTER_BOUND('',#366,.T.);
#289=FACE_OUTER_BOUND('',#367,.T.);
#290=FACE_OUTER_BOUND('',#368,.T.);
#291=FACE_OUTER_BOUND('',#369,.T.);
#292=FACE_OUTER_BOUND('',#370,.T.);
#293=FACE_OUTER_BOUND('',#371,.T.);
#294=FACE_OUTER_BOUND('',#372,.T.);
#295=FACE_OUTER_BOUND('',#373,.T.);
#296=FACE_OUTER_BOUND('',#374,.T.);
#297=FACE_OUTER_BOUND('',#375,.T.);
#298=FACE_OUTER_BOUND('',#376,.T.);
#299=FACE_OUTER_BOUND('',#377,.T.);
#300=FACE_OUTER_BOUND('',#378,.T.);
#301=FACE_OUTER_BOUND('',#379,.T.);
#302=FACE_OUTER_BOUND('',#380,.T.);
#303=FACE_OUTER_BOUND('',#381,.T.);
#304=FACE_OUTER_BOUND('',#382,.T.);
#305=FACE_OUTER_BOUND('',#383,.T.);
#306=FACE_OUTER_BOUND('',#384,.T.);
#307=FACE_OUTER_BOUND('',#385,.T.);
#308=FACE_OUTER_BOUND('',#386,.T.);
#309=FACE_OUTER_BOUND('',#387,.T.);
#310=FACE_OUTER_BOUND('',#388,.T.);
#311=FACE_OUTER_BOUND('',#389,.T.);
#312=FACE_OUTER_BOUND('',#390,.T.);
#313=FACE_OUTER_BOUND('',#391,.T.);
#314=FACE_OUTER_BOUND('',#392,.T.);
#315=FACE_OUTER_BOUND('',#393,.T.);
#316=FACE_OUTER_BOUND('',#394,.T.);
#317=FACE_OUTER_BOUND('',#395,.T.);
#318=FACE_OUTER_BOUND('',#396,.T.);
#319=FACE_OUTER_BOUND('',#397,.T.);
#320=FACE_OUTER_BOUND('',#398,.T.);
#321=FACE_OUTER_BOUND('',#399,.T.);
#322=FACE_OUTER_BOUND('',#400,.T.);
#323=FACE_OUTER_BOUND('',#401,.T.);
#324=FACE_OUTER_BOUND('',#402,.T.);
#325=FACE_OUTER_BOUND('',#403,.T.);
#326=FACE_OUTER_BOUND('',#404,.T.);
#327=FACE_OUTER_BOUND('',#405,.T.);
#328=FACE_OUTER_BOUND('',#406,.T.);
#329=FACE_OUTER_BOUND('',#407,.T.);
#330=FACE_OUTER_BOUND('',#408,.T.);
#331=FACE_OUTER_BOUND('',#409,.T.);
#332=FACE_OUTER_BOUND('',#410,.T.);
#333=EDGE_LOOP('',(#725,#726,#727,#728));
#334=EDGE_LOOP('',(#729,#730,#731,#732));
#335=EDGE_LOOP('',(#733,#734,#735,#736));
#336=EDGE_LOOP('',(#737,#738,#739,#740));
#337=EDGE_LOOP('',(#741,#742,#743,#744));
#338=EDGE_LOOP('',(#745,#746,#747,#748));
#339=EDGE_LOOP('',(#749,#750,#751,#752,#753,#754,#755,#756,#757,#758,#759,
#760,#761,#762));
#340=EDGE_LOOP('',(#763,#764,#765,#766));
#341=EDGE_LOOP('',(#767,#768,#769,#770));
#342=EDGE_LOOP('',(#771,#772,#773,#774));
#343=EDGE_LOOP('',(#775,#776,#777,#778));
#344=EDGE_LOOP('',(#779,#780,#781,#782));
#345=EDGE_LOOP('',(#783,#784,#785,#786));
#346=EDGE_LOOP('',(#787,#788,#789,#790,#791,#792));
#347=EDGE_LOOP('',(#793,#794,#795,#796));
#348=EDGE_LOOP('',(#797,#798,#799,#800));
#349=EDGE_LOOP('',(#801,#802,#803));
#350=EDGE_LOOP('',(#804,#805,#806));
#351=EDGE_LOOP('',(#807,#808,#809,#810));
#352=EDGE_LOOP('',(#811,#812,#813));
#353=EDGE_LOOP('',(#814,#815,#816));
#354=EDGE_LOOP('',(#817,#818,#819));
#355=EDGE_LOOP('',(#820,#821,#822,#823));
#356=EDGE_LOOP('',(#824,#825,#826));
#357=EDGE_LOOP('',(#827,#828,#829));
#358=EDGE_LOOP('',(#830,#831,#832));
#359=EDGE_LOOP('',(#833,#834,#835,#836));
#360=EDGE_LOOP('',(#837,#838,#839,#840));
#361=EDGE_LOOP('',(#841,#842,#843,#844));
#362=EDGE_LOOP('',(#845,#846,#847));
#363=EDGE_LOOP('',(#848,#849,#850));
#364=EDGE_LOOP('',(#851,#852,#853,#854));
#365=EDGE_LOOP('',(#855,#856,#857,#858));
#366=EDGE_LOOP('',(#859,#860,#861,#862));
#367=EDGE_LOOP('',(#863,#864,#865,#866));
#368=EDGE_LOOP('',(#867,#868,#869));
#369=EDGE_LOOP('',(#870,#871,#872,#873));
#370=EDGE_LOOP('',(#874,#875,#876,#877));
#371=EDGE_LOOP('',(#878,#879,#880,#881));
#372=EDGE_LOOP('',(#882,#883,#884));
#373=EDGE_LOOP('',(#885,#886,#887));
#374=EDGE_LOOP('',(#888,#889,#890,#891));
#375=EDGE_LOOP('',(#892,#893,#894,#895));
#376=EDGE_LOOP('',(#896,#897,#898));
#377=EDGE_LOOP('',(#899,#900,#901,#902));
#378=EDGE_LOOP('',(#903,#904,#905,#906));
#379=EDGE_LOOP('',(#907,#908,#909,#910));
#380=EDGE_LOOP('',(#911,#912,#913,#914));
#381=EDGE_LOOP('',(#915,#916,#917,#918));
#382=EDGE_LOOP('',(#919,#920,#921,#922));
#383=EDGE_LOOP('',(#923,#924,#925,#926));
#384=EDGE_LOOP('',(#927,#928,#929,#930));
#385=EDGE_LOOP('',(#931,#932,#933,#934));
#386=EDGE_LOOP('',(#935,#936,#937,#938));
#387=EDGE_LOOP('',(#939,#940,#941,#942));
#388=EDGE_LOOP('',(#943,#944,#945,#946));
#389=EDGE_LOOP('',(#947,#948,#949,#950));
#390=EDGE_LOOP('',(#951,#952,#953,#954));
#391=EDGE_LOOP('',(#955,#956,#957,#958));
#392=EDGE_LOOP('',(#959,#960,#961,#962));
#393=EDGE_LOOP('',(#963,#964,#965,#966));
#394=EDGE_LOOP('',(#967,#968,#969,#970));
#395=EDGE_LOOP('',(#971,#972,#973,#974));
#396=EDGE_LOOP('',(#975,#976,#977,#978));
#397=EDGE_LOOP('',(#979,#980,#981,#982));
#398=EDGE_LOOP('',(#983,#984,#985,#986,#987));
#399=EDGE_LOOP('',(#988,#989,#990,#991));
#400=EDGE_LOOP('',(#992,#993,#994,#995));
#401=EDGE_LOOP('',(#996,#997,#998,#999));
#402=EDGE_LOOP('',(#1000,#1001,#1002,#1003));
#403=EDGE_LOOP('',(#1004,#1005,#1006,#1007));
#404=EDGE_LOOP('',(#1008,#1009,#1010,#1011,#1012,#1013,#1014,#1015));
#405=EDGE_LOOP('',(#1016,#1017,#1018,#1019));
#406=EDGE_LOOP('',(#1020,#1021,#1022,#1023,#1024,#1025,#1026,#1027));
#407=EDGE_LOOP('',(#1028,#1029,#1030,#1031,#1032));
#408=EDGE_LOOP('',(#1033,#1034,#1035,#1036));
#409=EDGE_LOOP('',(#1037,#1038,#1039,#1040));
#410=EDGE_LOOP('',(#1041,#1042,#1043,#1044));
#411=CIRCLE('',#1153,0.500000000000001);
#412=CIRCLE('',#1154,2.625);
#413=CIRCLE('',#1155,0.5);
#414=CIRCLE('',#1156,2.125);
#415=CIRCLE('',#1158,0.5);
#416=CIRCLE('',#1160,0.5);
#417=CIRCLE('',#1161,2.125);
#418=CIRCLE('',#1162,2.625);
#419=CIRCLE('',#1166,2.125);
#420=CIRCLE('',#1168,15.5);
#421=CIRCLE('',#1169,15.5);
#422=CIRCLE('',#1171,0.5);
#423=CIRCLE('',#1172,0.499999999999996);
#424=CIRCLE('',#1173,2.625);
#425=CIRCLE('',#1175,0.5);
#426=CIRCLE('',#1177,0.500000000000001);
#427=CIRCLE('',#1178,2.625);
#428=CIRCLE('',#1179,2.125);
#429=CIRCLE('',#1183,15.5);
#430=CIRCLE('',#1184,15.5);
#431=CIRCLE('',#1189,0.500000000000005);
#432=CIRCLE('',#1190,0.499999999999997);
#433=CIRCLE('',#1191,0.5);
#434=CIRCLE('',#1193,0.49999999999999);
#435=CIRCLE('',#1194,0.499999999999988);
#436=CIRCLE('',#1195,0.5);
#437=CIRCLE('',#1200,0.500000000000005);
#438=CIRCLE('',#1201,0.499999999999997);
#439=CIRCLE('',#1202,0.5);
#440=CIRCLE('',#1204,0.499999999999997);
#441=CIRCLE('',#1205,0.5);
#442=CIRCLE('',#1206,0.499999999999988);
#443=CIRCLE('',#1208,0.499999999999999);
#444=CIRCLE('',#1209,0.5);
#445=CIRCLE('',#1210,0.500000000000005);
#446=CIRCLE('',#1214,0.499999999999986);
#447=CIRCLE('',#1215,0.499999999999999);
#448=CIRCLE('',#1216,0.5);
#449=CIRCLE('',#1218,0.500000000000005);
#450=CIRCLE('',#1219,0.5);
#451=CIRCLE('',#1220,0.49999999999999);
#452=CIRCLE('',#1222,0.500000000000025);
#453=CIRCLE('',#1223,0.5);
#454=CIRCLE('',#1224,0.499999999999999);
#455=CIRCLE('',#1231,0.5);
#456=CIRCLE('',#1232,0.5);
#457=CIRCLE('',#1233,0.5);
#458=CIRCLE('',#1235,0.5);
#459=CIRCLE('',#1236,0.5);
#460=CIRCLE('',#1237,0.499999999999998);
#461=CIRCLE('',#1239,0.5);
#462=CIRCLE('',#1241,0.5);
#463=CIRCLE('',#1242,15.);
#464=CIRCLE('',#1246,0.5);
#465=CIRCLE('',#1247,0.5);
#466=CIRCLE('',#1248,0.5);
#467=CIRCLE('',#1251,0.5);
#468=CIRCLE('',#1253,0.499999999999999);
#469=CIRCLE('',#1254,15.);
#470=CIRCLE('',#1256,0.500000000000003);
#471=CIRCLE('',#1257,0.499999999999998);
#472=CIRCLE('',#1258,0.5);
#473=CIRCLE('',#1261,0.500000000000004);
#474=CIRCLE('',#1263,0.499999999999998);
#475=CIRCLE('',#1264,15.);
#476=CIRCLE('',#1267,0.5);
#477=CIRCLE('',#1269,0.5);
#478=CIRCLE('',#1270,15.);
#479=VERTEX_POINT('',#1686);
#480=VERTEX_POINT('',#1687);
#481=VERTEX_POINT('',#1689);
#482=VERTEX_POINT('',#1691);
#483=VERTEX_POINT('',#1695);
#484=VERTEX_POINT('',#1696);
#485=VERTEX_POINT('',#1701);
#486=VERTEX_POINT('',#1702);
#487=VERTEX_POINT('',#1710);
#488=VERTEX_POINT('',#1712);
#489=VERTEX_POINT('',#1716);
#490=VERTEX_POINT('',#1720);
#491=VERTEX_POINT('',#1721);
#492=VERTEX_POINT('',#1723);
#493=VERTEX_POINT('',#1725);
#494=VERTEX_POINT('',#1727);
#495=VERTEX_POINT('',#1729);
#496=VERTEX_POINT('',#1731);
#497=VERTEX_POINT('',#1733);
#498=VERTEX_POINT('',#1735);
#499=VERTEX_POINT('',#1737);
#500=VERTEX_POINT('',#1739);
#501=VERTEX_POINT('',#1741);
#502=VERTEX_POINT('',#1743);
#503=VERTEX_POINT('',#1745);
#504=VERTEX_POINT('',#1749);
#505=VERTEX_POINT('',#1751);
#506=VERTEX_POINT('',#1755);
#507=VERTEX_POINT('',#1756);
#508=VERTEX_POINT('',#1761);
#509=VERTEX_POINT('',#1770);
#510=VERTEX_POINT('',#1771);
#511=VERTEX_POINT('',#1773);
#512=VERTEX_POINT('',#1775);
#513=VERTEX_POINT('',#1777);
#514=VERTEX_POINT('',#1779);
#515=VERTEX_POINT('',#1783);
#516=VERTEX_POINT('',#1784);
#517=VERTEX_POINT('',#1786);
#518=VERTEX_POINT('',#1788);
#519=VERTEX_POINT('',#1792);
#520=VERTEX_POINT('',#1793);
#521=VERTEX_POINT('',#1795);
#522=VERTEX_POINT('',#1799);
#523=VERTEX_POINT('',#1800);
#524=VERTEX_POINT('',#1802);
#525=VERTEX_POINT('',#1806);
#526=VERTEX_POINT('',#1807);
#527=VERTEX_POINT('',#1809);
#528=VERTEX_POINT('',#1811);
#529=VERTEX_POINT('',#1815);
#530=VERTEX_POINT('',#1816);
#531=VERTEX_POINT('',#1818);
#532=VERTEX_POINT('',#1822);
#533=VERTEX_POINT('',#1823);
#534=VERTEX_POINT('',#1828);
#535=VERTEX_POINT('',#1829);
#536=VERTEX_POINT('',#1834);
#537=VERTEX_POINT('',#1838);
#538=VERTEX_POINT('',#1839);
#539=VERTEX_POINT('',#1841);
#540=VERTEX_POINT('',#1845);
#541=VERTEX_POINT('',#1846);
#542=VERTEX_POINT('',#1851);
#543=VERTEX_POINT('',#1852);
#544=VERTEX_POINT('',#1859);
#545=VERTEX_POINT('',#1863);
#546=VERTEX_POINT('',#1867);
#547=VERTEX_POINT('',#1868);
#548=VERTEX_POINT('',#1873);
#549=VERTEX_POINT('',#1874);
#550=VERTEX_POINT('',#1879);
#551=VERTEX_POINT('',#1883);
#552=VERTEX_POINT('',#1891);
#553=VERTEX_POINT('',#1893);
#554=VERTEX_POINT('',#1900);
#555=VERTEX_POINT('',#1904);
#556=VERTEX_POINT('',#1967);
#557=VERTEX_POINT('',#1993);
#558=VERTEX_POINT('',#1995);
#559=VERTEX_POINT('',#2035);
#560=VERTEX_POINT('',#2037);
#561=VERTEX_POINT('',#2055);
#562=VERTEX_POINT('',#2061);
#563=VERTEX_POINT('',#2065);
#564=VERTEX_POINT('',#2088);
#565=EDGE_CURVE('',#479,#480,#411,.T.);
#566=EDGE_CURVE('',#480,#481,#412,.T.);
#567=EDGE_CURVE('',#481,#482,#413,.T.);
#568=EDGE_CURVE('',#482,#479,#414,.T.);
#569=EDGE_CURVE('',#483,#484,#415,.T.);
#570=EDGE_CURVE('',#484,#482,#59,.T.);
#571=EDGE_CURVE('',#481,#483,#60,.T.);
#572=EDGE_CURVE('',#485,#486,#416,.T.);
#573=EDGE_CURVE('',#486,#484,#417,.T.);
#574=EDGE_CURVE('',#483,#485,#418,.T.);
#575=EDGE_CURVE('',#479,#486,#61,.T.);
#576=EDGE_CURVE('',#485,#480,#62,.T.);
#577=EDGE_CURVE('',#479,#487,#63,.T.);
#578=EDGE_CURVE('',#488,#487,#64,.T.);
#579=EDGE_CURVE('',#486,#488,#65,.T.);
#580=EDGE_CURVE('',#482,#489,#66,.T.);
#581=EDGE_CURVE('',#487,#489,#419,.T.);
#582=EDGE_CURVE('',#490,#491,#67,.T.);
#583=EDGE_CURVE('',#492,#490,#68,.T.);
#584=EDGE_CURVE('',#493,#492,#420,.T.);
#585=EDGE_CURVE('',#494,#493,#69,.T.);
#586=EDGE_CURVE('',#495,#494,#70,.T.);
#587=EDGE_CURVE('',#496,#495,#71,.T.);
#588=EDGE_CURVE('',#497,#496,#421,.T.);
#589=EDGE_CURVE('',#498,#497,#72,.T.);
#590=EDGE_CURVE('',#499,#498,#73,.T.);
#591=EDGE_CURVE('',#500,#499,#74,.T.);
#592=EDGE_CURVE('',#501,#500,#75,.T.);
#593=EDGE_CURVE('',#502,#501,#76,.T.);
#594=EDGE_CURVE('',#503,#502,#77,.T.);
#595=EDGE_CURVE('',#491,#503,#78,.T.);
#596=EDGE_CURVE('',#504,#487,#422,.T.);
#597=EDGE_CURVE('',#489,#505,#423,.T.);
#598=EDGE_CURVE('',#505,#504,#424,.T.);
#599=EDGE_CURVE('',#506,#507,#425,.T.);
#600=EDGE_CURVE('',#507,#505,#79,.T.);
#601=EDGE_CURVE('',#489,#506,#80,.T.);
#602=EDGE_CURVE('',#488,#508,#426,.T.);
#603=EDGE_CURVE('',#508,#507,#427,.T.);
#604=EDGE_CURVE('',#506,#488,#428,.T.);
#605=EDGE_CURVE('',#504,#508,#81,.T.);
#606=EDGE_CURVE('',#484,#506,#82,.T.);
#607=EDGE_CURVE('',#509,#510,#429,.T.);
#608=EDGE_CURVE('',#511,#509,#83,.T.);
#609=EDGE_CURVE('',#512,#511,#430,.T.);
#610=EDGE_CURVE('',#513,#512,#84,.T.);
#611=EDGE_CURVE('',#514,#513,#85,.T.);
#612=EDGE_CURVE('',#510,#514,#86,.T.);
#613=EDGE_CURVE('',#515,#516,#87,.T.);
#614=EDGE_CURVE('',#516,#517,#33,.T.);
#615=EDGE_CURVE('',#517,#518,#88,.T.);
#616=EDGE_CURVE('',#515,#518,#34,.T.);
#617=EDGE_CURVE('',#519,#520,#431,.F.);
#618=EDGE_CURVE('',#521,#519,#432,.F.);
#619=EDGE_CURVE('',#520,#521,#433,.F.);
#620=EDGE_CURVE('',#522,#523,#434,.F.);
#621=EDGE_CURVE('',#524,#522,#435,.F.);
#622=EDGE_CURVE('',#523,#524,#436,.F.);
#623=EDGE_CURVE('',#525,#526,#89,.T.);
#624=EDGE_CURVE('',#526,#527,#35,.T.);
#625=EDGE_CURVE('',#527,#528,#90,.T.);
#626=EDGE_CURVE('',#525,#528,#36,.T.);
#627=EDGE_CURVE('',#529,#530,#437,.F.);
#628=EDGE_CURVE('',#531,#529,#438,.F.);
#629=EDGE_CURVE('',#530,#531,#439,.F.);
#630=EDGE_CURVE('',#532,#533,#440,.F.);
#631=EDGE_CURVE('',#503,#532,#441,.F.);
#632=EDGE_CURVE('',#533,#503,#442,.F.);
#633=EDGE_CURVE('',#534,#535,#443,.F.);
#634=EDGE_CURVE('',#500,#534,#444,.F.);
#635=EDGE_CURVE('',#535,#500,#445,.F.);
#636=EDGE_CURVE('',#534,#536,#91,.T.);
#637=EDGE_CURVE('',#501,#536,#37,.T.);
#638=EDGE_CURVE('',#537,#538,#446,.F.);
#639=EDGE_CURVE('',#539,#537,#447,.F.);
#640=EDGE_CURVE('',#538,#539,#448,.F.);
#641=EDGE_CURVE('',#540,#541,#449,.F.);
#642=EDGE_CURVE('',#491,#540,#450,.F.);
#643=EDGE_CURVE('',#541,#491,#451,.F.);
#644=EDGE_CURVE('',#542,#543,#452,.F.);
#645=EDGE_CURVE('',#499,#542,#453,.F.);
#646=EDGE_CURVE('',#543,#499,#454,.F.);
#647=EDGE_CURVE('',#542,#535,#92,.T.);
#648=EDGE_CURVE('',#540,#544,#93,.T.);
#649=EDGE_CURVE('',#544,#490,#38,.T.);
#650=EDGE_CURVE('',#545,#543,#94,.T.);
#651=EDGE_CURVE('',#498,#545,#39,.T.);
#652=EDGE_CURVE('',#546,#547,#455,.F.);
#653=EDGE_CURVE('',#494,#546,#456,.F.);
#654=EDGE_CURVE('',#547,#494,#457,.F.);
#655=EDGE_CURVE('',#548,#549,#458,.F.);
#656=EDGE_CURVE('',#495,#548,#459,.F.);
#657=EDGE_CURVE('',#549,#495,#460,.F.);
#658=EDGE_CURVE('',#497,#550,#461,.T.);
#659=EDGE_CURVE('',#550,#545,#95,.T.);
#660=EDGE_CURVE('',#496,#551,#462,.T.);
#661=EDGE_CURVE('',#551,#550,#463,.T.);
#662=EDGE_CURVE('',#548,#551,#96,.T.);
#663=EDGE_CURVE('',#546,#549,#97,.T.);
#664=EDGE_CURVE('',#552,#514,#464,.F.);
#665=EDGE_CURVE('',#553,#552,#465,.F.);
#666=EDGE_CURVE('',#514,#553,#466,.F.);
#667=EDGE_CURVE('',#552,#546,#98,.T.);
#668=EDGE_CURVE('',#547,#553,#99,.T.);
#669=EDGE_CURVE('',#554,#510,#467,.T.);
#670=EDGE_CURVE('',#553,#554,#100,.T.);
#671=EDGE_CURVE('',#555,#509,#468,.T.);
#672=EDGE_CURVE('',#554,#555,#469,.T.);
#673=EDGE_CURVE('',#555,#556,#15,.T.);
#674=EDGE_CURVE('',#556,#509,#16,.T.);
#675=EDGE_CURVE('',#557,#513,#470,.F.);
#676=EDGE_CURVE('',#558,#557,#471,.F.);
#677=EDGE_CURVE('',#513,#558,#472,.F.);
#678=EDGE_CURVE('',#557,#548,#101,.T.);
#679=EDGE_CURVE('',#549,#558,#102,.T.);
#680=EDGE_CURVE('',#558,#552,#103,.T.);
#681=EDGE_CURVE('',#559,#511,#473,.T.);
#682=EDGE_CURVE('',#511,#560,#17,.T.);
#683=EDGE_CURVE('',#560,#559,#18,.T.);
#684=EDGE_CURVE('',#561,#512,#474,.T.);
#685=EDGE_CURVE('',#559,#561,#475,.T.);
#686=EDGE_CURVE('',#561,#557,#104,.T.);
#687=EDGE_CURVE('',#493,#562,#476,.T.);
#688=EDGE_CURVE('',#562,#547,#105,.T.);
#689=EDGE_CURVE('',#492,#563,#477,.T.);
#690=EDGE_CURVE('',#563,#562,#478,.T.);
#691=EDGE_CURVE('',#544,#563,#106,.T.);
#692=EDGE_CURVE('',#537,#542,#107,.T.);
#693=EDGE_CURVE('',#543,#539,#108,.T.);
#694=EDGE_CURVE('',#532,#541,#109,.T.);
#695=EDGE_CURVE('',#529,#540,#110,.T.);
#696=EDGE_CURVE('',#541,#531,#111,.T.);
#697=EDGE_CURVE('',#526,#538,#112,.T.);
#698=EDGE_CURVE('',#539,#527,#113,.T.);
#699=EDGE_CURVE('',#538,#523,#114,.T.);
#700=EDGE_CURVE('',#524,#537,#115,.T.);
#701=EDGE_CURVE('',#522,#534,#116,.T.);
#702=EDGE_CURVE('',#535,#524,#117,.T.);
#703=EDGE_CURVE('',#564,#533,#118,.T.);
#704=EDGE_CURVE('',#502,#564,#40,.T.);
#705=EDGE_CURVE('',#519,#532,#119,.T.);
#706=EDGE_CURVE('',#533,#521,#120,.T.);
#707=EDGE_CURVE('',#520,#530,#121,.T.);
#708=EDGE_CURVE('',#531,#519,#122,.T.);
#709=EDGE_CURVE('',#528,#529,#123,.T.);
#710=EDGE_CURVE('',#530,#525,#124,.T.);
#711=EDGE_CURVE('',#518,#522,#125,.T.);
#712=EDGE_CURVE('',#523,#515,#126,.T.);
#713=EDGE_CURVE('',#536,#564,#127,.T.);
#714=EDGE_CURVE('',#516,#520,#128,.T.);
#715=EDGE_CURVE('',#521,#517,#129,.T.);
#716=EDGE_CURVE('',#544,#528,#130,.T.);
#717=EDGE_CURVE('',#545,#527,#131,.T.);
#718=EDGE_CURVE('',#551,#561,#132,.T.);
#719=EDGE_CURVE('',#560,#550,#133,.T.);
#720=EDGE_CURVE('',#564,#517,#134,.T.);
#721=EDGE_CURVE('',#536,#518,#135,.T.);
#722=EDGE_CURVE('',#556,#560,#136,.T.);
#723=EDGE_CURVE('',#563,#556,#137,.T.);
#724=EDGE_CURVE('',#554,#562,#138,.T.);
#725=ORIENTED_EDGE('',*,*,#565,.T.);
#726=ORIENTED_EDGE('',*,*,#566,.T.);
#727=ORIENTED_EDGE('',*,*,#567,.T.);
#728=ORIENTED_EDGE('',*,*,#568,.T.);
#729=ORIENTED_EDGE('',*,*,#569,.T.);
#730=ORIENTED_EDGE('',*,*,#570,.T.);
#731=ORIENTED_EDGE('',*,*,#567,.F.);
#732=ORIENTED_EDGE('',*,*,#571,.T.);
#733=ORIENTED_EDGE('',*,*,#572,.T.);
#734=ORIENTED_EDGE('',*,*,#573,.T.);
#735=ORIENTED_EDGE('',*,*,#569,.F.);
#736=ORIENTED_EDGE('',*,*,#574,.T.);
#737=ORIENTED_EDGE('',*,*,#565,.F.);
#738=ORIENTED_EDGE('',*,*,#575,.T.);
#739=ORIENTED_EDGE('',*,*,#572,.F.);
#740=ORIENTED_EDGE('',*,*,#576,.T.);
#741=ORIENTED_EDGE('',*,*,#575,.F.);
#742=ORIENTED_EDGE('',*,*,#577,.T.);
#743=ORIENTED_EDGE('',*,*,#578,.F.);
#744=ORIENTED_EDGE('',*,*,#579,.F.);
#745=ORIENTED_EDGE('',*,*,#568,.F.);
#746=ORIENTED_EDGE('',*,*,#580,.T.);
#747=ORIENTED_EDGE('',*,*,#581,.F.);
#748=ORIENTED_EDGE('',*,*,#577,.F.);
#749=ORIENTED_EDGE('',*,*,#582,.F.);
#750=ORIENTED_EDGE('',*,*,#583,.F.);
#751=ORIENTED_EDGE('',*,*,#584,.F.);
#752=ORIENTED_EDGE('',*,*,#585,.F.);
#753=ORIENTED_EDGE('',*,*,#586,.F.);
#754=ORIENTED_EDGE('',*,*,#587,.F.);
#755=ORIENTED_EDGE('',*,*,#588,.F.);
#756=ORIENTED_EDGE('',*,*,#589,.F.);
#757=ORIENTED_EDGE('',*,*,#590,.F.);
#758=ORIENTED_EDGE('',*,*,#591,.F.);
#759=ORIENTED_EDGE('',*,*,#592,.F.);
#760=ORIENTED_EDGE('',*,*,#593,.F.);
#761=ORIENTED_EDGE('',*,*,#594,.F.);
#762=ORIENTED_EDGE('',*,*,#595,.F.);
#763=ORIENTED_EDGE('',*,*,#566,.F.);
#764=ORIENTED_EDGE('',*,*,#576,.F.);
#765=ORIENTED_EDGE('',*,*,#574,.F.);
#766=ORIENTED_EDGE('',*,*,#571,.F.);
#767=ORIENTED_EDGE('',*,*,#596,.T.);
#768=ORIENTED_EDGE('',*,*,#581,.T.);
#769=ORIENTED_EDGE('',*,*,#597,.T.);
#770=ORIENTED_EDGE('',*,*,#598,.T.);
#771=ORIENTED_EDGE('',*,*,#599,.T.);
#772=ORIENTED_EDGE('',*,*,#600,.T.);
#773=ORIENTED_EDGE('',*,*,#597,.F.);
#774=ORIENTED_EDGE('',*,*,#601,.T.);
#775=ORIENTED_EDGE('',*,*,#602,.T.);
#776=ORIENTED_EDGE('',*,*,#603,.T.);
#777=ORIENTED_EDGE('',*,*,#599,.F.);
#778=ORIENTED_EDGE('',*,*,#604,.T.);
#779=ORIENTED_EDGE('',*,*,#596,.F.);
#780=ORIENTED_EDGE('',*,*,#605,.T.);
#781=ORIENTED_EDGE('',*,*,#602,.F.);
#782=ORIENTED_EDGE('',*,*,#578,.T.);
#783=ORIENTED_EDGE('',*,*,#570,.F.);
#784=ORIENTED_EDGE('',*,*,#606,.T.);
#785=ORIENTED_EDGE('',*,*,#601,.F.);
#786=ORIENTED_EDGE('',*,*,#580,.F.);
#787=ORIENTED_EDGE('',*,*,#607,.F.);
#788=ORIENTED_EDGE('',*,*,#608,.F.);
#789=ORIENTED_EDGE('',*,*,#609,.F.);
#790=ORIENTED_EDGE('',*,*,#610,.F.);
#791=ORIENTED_EDGE('',*,*,#611,.F.);
#792=ORIENTED_EDGE('',*,*,#612,.F.);
#793=ORIENTED_EDGE('',*,*,#598,.F.);
#794=ORIENTED_EDGE('',*,*,#600,.F.);
#795=ORIENTED_EDGE('',*,*,#603,.F.);
#796=ORIENTED_EDGE('',*,*,#605,.F.);
#797=ORIENTED_EDGE('',*,*,#613,.T.);
#798=ORIENTED_EDGE('',*,*,#614,.T.);
#799=ORIENTED_EDGE('',*,*,#615,.T.);
#800=ORIENTED_EDGE('',*,*,#616,.F.);
#801=ORIENTED_EDGE('',*,*,#617,.F.);
#802=ORIENTED_EDGE('',*,*,#618,.F.);
#803=ORIENTED_EDGE('',*,*,#619,.F.);
#804=ORIENTED_EDGE('',*,*,#620,.F.);
#805=ORIENTED_EDGE('',*,*,#621,.F.);
#806=ORIENTED_EDGE('',*,*,#622,.F.);
#807=ORIENTED_EDGE('',*,*,#623,.T.);
#808=ORIENTED_EDGE('',*,*,#624,.T.);
#809=ORIENTED_EDGE('',*,*,#625,.T.);
#810=ORIENTED_EDGE('',*,*,#626,.F.);
#811=ORIENTED_EDGE('',*,*,#627,.F.);
#812=ORIENTED_EDGE('',*,*,#628,.F.);
#813=ORIENTED_EDGE('',*,*,#629,.F.);
#814=ORIENTED_EDGE('',*,*,#630,.F.);
#815=ORIENTED_EDGE('',*,*,#631,.F.);
#816=ORIENTED_EDGE('',*,*,#632,.F.);
#817=ORIENTED_EDGE('',*,*,#633,.F.);
#818=ORIENTED_EDGE('',*,*,#634,.F.);
#819=ORIENTED_EDGE('',*,*,#635,.F.);
#820=ORIENTED_EDGE('',*,*,#592,.T.);
#821=ORIENTED_EDGE('',*,*,#634,.T.);
#822=ORIENTED_EDGE('',*,*,#636,.T.);
#823=ORIENTED_EDGE('',*,*,#637,.F.);
#824=ORIENTED_EDGE('',*,*,#638,.F.);
#825=ORIENTED_EDGE('',*,*,#639,.F.);
#826=ORIENTED_EDGE('',*,*,#640,.F.);
#827=ORIENTED_EDGE('',*,*,#641,.F.);
#828=ORIENTED_EDGE('',*,*,#642,.F.);
#829=ORIENTED_EDGE('',*,*,#643,.F.);
#830=ORIENTED_EDGE('',*,*,#644,.F.);
#831=ORIENTED_EDGE('',*,*,#645,.F.);
#832=ORIENTED_EDGE('',*,*,#646,.F.);
#833=ORIENTED_EDGE('',*,*,#645,.T.);
#834=ORIENTED_EDGE('',*,*,#647,.T.);
#835=ORIENTED_EDGE('',*,*,#635,.T.);
#836=ORIENTED_EDGE('',*,*,#591,.T.);
#837=ORIENTED_EDGE('',*,*,#582,.T.);
#838=ORIENTED_EDGE('',*,*,#642,.T.);
#839=ORIENTED_EDGE('',*,*,#648,.T.);
#840=ORIENTED_EDGE('',*,*,#649,.T.);
#841=ORIENTED_EDGE('',*,*,#650,.T.);
#842=ORIENTED_EDGE('',*,*,#646,.T.);
#843=ORIENTED_EDGE('',*,*,#590,.T.);
#844=ORIENTED_EDGE('',*,*,#651,.T.);
#845=ORIENTED_EDGE('',*,*,#652,.F.);
#846=ORIENTED_EDGE('',*,*,#653,.F.);
#847=ORIENTED_EDGE('',*,*,#654,.F.);
#848=ORIENTED_EDGE('',*,*,#655,.F.);
#849=ORIENTED_EDGE('',*,*,#656,.F.);
#850=ORIENTED_EDGE('',*,*,#657,.F.);
#851=ORIENTED_EDGE('',*,*,#589,.T.);
#852=ORIENTED_EDGE('',*,*,#658,.T.);
#853=ORIENTED_EDGE('',*,*,#659,.T.);
#854=ORIENTED_EDGE('',*,*,#651,.F.);
#855=ORIENTED_EDGE('',*,*,#660,.T.);
#856=ORIENTED_EDGE('',*,*,#661,.T.);
#857=ORIENTED_EDGE('',*,*,#658,.F.);
#858=ORIENTED_EDGE('',*,*,#588,.T.);
#859=ORIENTED_EDGE('',*,*,#656,.T.);
#860=ORIENTED_EDGE('',*,*,#662,.T.);
#861=ORIENTED_EDGE('',*,*,#660,.F.);
#862=ORIENTED_EDGE('',*,*,#587,.T.);
#863=ORIENTED_EDGE('',*,*,#653,.T.);
#864=ORIENTED_EDGE('',*,*,#663,.T.);
#865=ORIENTED_EDGE('',*,*,#657,.T.);
#866=ORIENTED_EDGE('',*,*,#586,.T.);
#867=ORIENTED_EDGE('',*,*,#664,.F.);
#868=ORIENTED_EDGE('',*,*,#665,.F.);
#869=ORIENTED_EDGE('',*,*,#666,.F.);
#870=ORIENTED_EDGE('',*,*,#665,.T.);
#871=ORIENTED_EDGE('',*,*,#667,.T.);
#872=ORIENTED_EDGE('',*,*,#652,.T.);
#873=ORIENTED_EDGE('',*,*,#668,.T.);
#874=ORIENTED_EDGE('',*,*,#669,.T.);
#875=ORIENTED_EDGE('',*,*,#612,.T.);
#876=ORIENTED_EDGE('',*,*,#666,.T.);
#877=ORIENTED_EDGE('',*,*,#670,.T.);
#878=ORIENTED_EDGE('',*,*,#671,.T.);
#879=ORIENTED_EDGE('',*,*,#607,.T.);
#880=ORIENTED_EDGE('',*,*,#669,.F.);
#881=ORIENTED_EDGE('',*,*,#672,.T.);
#882=ORIENTED_EDGE('',*,*,#673,.T.);
#883=ORIENTED_EDGE('',*,*,#674,.T.);
#884=ORIENTED_EDGE('',*,*,#671,.F.);
#885=ORIENTED_EDGE('',*,*,#675,.F.);
#886=ORIENTED_EDGE('',*,*,#676,.F.);
#887=ORIENTED_EDGE('',*,*,#677,.F.);
#888=ORIENTED_EDGE('',*,*,#676,.T.);
#889=ORIENTED_EDGE('',*,*,#678,.T.);
#890=ORIENTED_EDGE('',*,*,#655,.T.);
#891=ORIENTED_EDGE('',*,*,#679,.T.);
#892=ORIENTED_EDGE('',*,*,#664,.T.);
#893=ORIENTED_EDGE('',*,*,#611,.T.);
#894=ORIENTED_EDGE('',*,*,#677,.T.);
#895=ORIENTED_EDGE('',*,*,#680,.T.);
#896=ORIENTED_EDGE('',*,*,#681,.T.);
#897=ORIENTED_EDGE('',*,*,#682,.T.);
#898=ORIENTED_EDGE('',*,*,#683,.T.);
#899=ORIENTED_EDGE('',*,*,#684,.T.);
#900=ORIENTED_EDGE('',*,*,#609,.T.);
#901=ORIENTED_EDGE('',*,*,#681,.F.);
#902=ORIENTED_EDGE('',*,*,#685,.T.);
#903=ORIENTED_EDGE('',*,*,#675,.T.);
#904=ORIENTED_EDGE('',*,*,#610,.T.);
#905=ORIENTED_EDGE('',*,*,#684,.F.);
#906=ORIENTED_EDGE('',*,*,#686,.T.);
#907=ORIENTED_EDGE('',*,*,#687,.T.);
#908=ORIENTED_EDGE('',*,*,#688,.T.);
#909=ORIENTED_EDGE('',*,*,#654,.T.);
#910=ORIENTED_EDGE('',*,*,#585,.T.);
#911=ORIENTED_EDGE('',*,*,#689,.T.);
#912=ORIENTED_EDGE('',*,*,#690,.T.);
#913=ORIENTED_EDGE('',*,*,#687,.F.);
#914=ORIENTED_EDGE('',*,*,#584,.T.);
#915=ORIENTED_EDGE('',*,*,#691,.T.);
#916=ORIENTED_EDGE('',*,*,#689,.F.);
#917=ORIENTED_EDGE('',*,*,#583,.T.);
#918=ORIENTED_EDGE('',*,*,#649,.F.);
#919=ORIENTED_EDGE('',*,*,#639,.T.);
#920=ORIENTED_EDGE('',*,*,#692,.T.);
#921=ORIENTED_EDGE('',*,*,#644,.T.);
#922=ORIENTED_EDGE('',*,*,#693,.T.);
#923=ORIENTED_EDGE('',*,*,#631,.T.);
#924=ORIENTED_EDGE('',*,*,#694,.T.);
#925=ORIENTED_EDGE('',*,*,#643,.T.);
#926=ORIENTED_EDGE('',*,*,#595,.T.);
#927=ORIENTED_EDGE('',*,*,#628,.T.);
#928=ORIENTED_EDGE('',*,*,#695,.T.);
#929=ORIENTED_EDGE('',*,*,#641,.T.);
#930=ORIENTED_EDGE('',*,*,#696,.T.);
#931=ORIENTED_EDGE('',*,*,#697,.T.);
#932=ORIENTED_EDGE('',*,*,#640,.T.);
#933=ORIENTED_EDGE('',*,*,#698,.T.);
#934=ORIENTED_EDGE('',*,*,#624,.F.);
#935=ORIENTED_EDGE('',*,*,#638,.T.);
#936=ORIENTED_EDGE('',*,*,#699,.T.);
#937=ORIENTED_EDGE('',*,*,#622,.T.);
#938=ORIENTED_EDGE('',*,*,#700,.T.);
#939=ORIENTED_EDGE('',*,*,#621,.T.);
#940=ORIENTED_EDGE('',*,*,#701,.T.);
#941=ORIENTED_EDGE('',*,*,#633,.T.);
#942=ORIENTED_EDGE('',*,*,#702,.T.);
#943=ORIENTED_EDGE('',*,*,#703,.T.);
#944=ORIENTED_EDGE('',*,*,#632,.T.);
#945=ORIENTED_EDGE('',*,*,#594,.T.);
#946=ORIENTED_EDGE('',*,*,#704,.T.);
#947=ORIENTED_EDGE('',*,*,#618,.T.);
#948=ORIENTED_EDGE('',*,*,#705,.T.);
#949=ORIENTED_EDGE('',*,*,#630,.T.);
#950=ORIENTED_EDGE('',*,*,#706,.T.);
#951=ORIENTED_EDGE('',*,*,#617,.T.);
#952=ORIENTED_EDGE('',*,*,#707,.T.);
#953=ORIENTED_EDGE('',*,*,#629,.T.);
#954=ORIENTED_EDGE('',*,*,#708,.T.);
#955=ORIENTED_EDGE('',*,*,#709,.T.);
#956=ORIENTED_EDGE('',*,*,#627,.T.);
#957=ORIENTED_EDGE('',*,*,#710,.T.);
#958=ORIENTED_EDGE('',*,*,#626,.T.);
#959=ORIENTED_EDGE('',*,*,#711,.T.);
#960=ORIENTED_EDGE('',*,*,#620,.T.);
#961=ORIENTED_EDGE('',*,*,#712,.T.);
#962=ORIENTED_EDGE('',*,*,#616,.T.);
#963=ORIENTED_EDGE('',*,*,#713,.T.);
#964=ORIENTED_EDGE('',*,*,#704,.F.);
#965=ORIENTED_EDGE('',*,*,#593,.T.);
#966=ORIENTED_EDGE('',*,*,#637,.T.);
#967=ORIENTED_EDGE('',*,*,#714,.T.);
#968=ORIENTED_EDGE('',*,*,#619,.T.);
#969=ORIENTED_EDGE('',*,*,#715,.T.);
#970=ORIENTED_EDGE('',*,*,#614,.F.);
#971=ORIENTED_EDGE('',*,*,#648,.F.);
#972=ORIENTED_EDGE('',*,*,#695,.F.);
#973=ORIENTED_EDGE('',*,*,#709,.F.);
#974=ORIENTED_EDGE('',*,*,#716,.F.);
#975=ORIENTED_EDGE('',*,*,#698,.F.);
#976=ORIENTED_EDGE('',*,*,#693,.F.);
#977=ORIENTED_EDGE('',*,*,#650,.F.);
#978=ORIENTED_EDGE('',*,*,#717,.T.);
#979=ORIENTED_EDGE('',*,*,#662,.F.);
#980=ORIENTED_EDGE('',*,*,#678,.F.);
#981=ORIENTED_EDGE('',*,*,#686,.F.);
#982=ORIENTED_EDGE('',*,*,#718,.F.);
#983=ORIENTED_EDGE('',*,*,#661,.F.);
#984=ORIENTED_EDGE('',*,*,#718,.T.);
#985=ORIENTED_EDGE('',*,*,#685,.F.);
#986=ORIENTED_EDGE('',*,*,#683,.F.);
#987=ORIENTED_EDGE('',*,*,#719,.T.);
#988=ORIENTED_EDGE('',*,*,#715,.F.);
#989=ORIENTED_EDGE('',*,*,#706,.F.);
#990=ORIENTED_EDGE('',*,*,#703,.F.);
#991=ORIENTED_EDGE('',*,*,#720,.T.);
#992=ORIENTED_EDGE('',*,*,#615,.F.);
#993=ORIENTED_EDGE('',*,*,#720,.F.);
#994=ORIENTED_EDGE('',*,*,#713,.F.);
#995=ORIENTED_EDGE('',*,*,#721,.T.);
#996=ORIENTED_EDGE('',*,*,#647,.F.);
#997=ORIENTED_EDGE('',*,*,#692,.F.);
#998=ORIENTED_EDGE('',*,*,#700,.F.);
#999=ORIENTED_EDGE('',*,*,#702,.F.);
#1000=ORIENTED_EDGE('',*,*,#663,.F.);
#1001=ORIENTED_EDGE('',*,*,#667,.F.);
#1002=ORIENTED_EDGE('',*,*,#680,.F.);
#1003=ORIENTED_EDGE('',*,*,#679,.F.);
#1004=ORIENTED_EDGE('',*,*,#694,.F.);
#1005=ORIENTED_EDGE('',*,*,#705,.F.);
#1006=ORIENTED_EDGE('',*,*,#708,.F.);
#1007=ORIENTED_EDGE('',*,*,#696,.F.);
#1008=ORIENTED_EDGE('',*,*,#707,.F.);
#1009=ORIENTED_EDGE('',*,*,#714,.F.);
#1010=ORIENTED_EDGE('',*,*,#613,.F.);
#1011=ORIENTED_EDGE('',*,*,#712,.F.);
#1012=ORIENTED_EDGE('',*,*,#699,.F.);
#1013=ORIENTED_EDGE('',*,*,#697,.F.);
#1014=ORIENTED_EDGE('',*,*,#623,.F.);
#1015=ORIENTED_EDGE('',*,*,#710,.F.);
#1016=ORIENTED_EDGE('',*,*,#674,.F.);
#1017=ORIENTED_EDGE('',*,*,#722,.T.);
#1018=ORIENTED_EDGE('',*,*,#682,.F.);
#1019=ORIENTED_EDGE('',*,*,#608,.T.);
#1020=ORIENTED_EDGE('',*,*,#691,.F.);
#1021=ORIENTED_EDGE('',*,*,#716,.T.);
#1022=ORIENTED_EDGE('',*,*,#625,.F.);
#1023=ORIENTED_EDGE('',*,*,#717,.F.);
#1024=ORIENTED_EDGE('',*,*,#659,.F.);
#1025=ORIENTED_EDGE('',*,*,#719,.F.);
#1026=ORIENTED_EDGE('',*,*,#722,.F.);
#1027=ORIENTED_EDGE('',*,*,#723,.F.);
#1028=ORIENTED_EDGE('',*,*,#690,.F.);
#1029=ORIENTED_EDGE('',*,*,#723,.T.);
#1030=ORIENTED_EDGE('',*,*,#673,.F.);
#1031=ORIENTED_EDGE('',*,*,#672,.F.);
#1032=ORIENTED_EDGE('',*,*,#724,.T.);
#1033=ORIENTED_EDGE('',*,*,#688,.F.);
#1034=ORIENTED_EDGE('',*,*,#724,.F.);
#1035=ORIENTED_EDGE('',*,*,#670,.F.);
#1036=ORIENTED_EDGE('',*,*,#668,.F.);
#1037=ORIENTED_EDGE('',*,*,#711,.F.);
#1038=ORIENTED_EDGE('',*,*,#721,.F.);
#1039=ORIENTED_EDGE('',*,*,#636,.F.);
#1040=ORIENTED_EDGE('',*,*,#701,.F.);
#1041=ORIENTED_EDGE('',*,*,#573,.F.);
#1042=ORIENTED_EDGE('',*,*,#579,.T.);
#1043=ORIENTED_EDGE('',*,*,#604,.F.);
#1044=ORIENTED_EDGE('',*,*,#606,.F.);
#1045=TOROIDAL_SURFACE('',#1152,2.625,0.5);
#1046=TOROIDAL_SURFACE('',#1159,2.625,0.5);
#1047=TOROIDAL_SURFACE('',#1170,2.625,0.5);
#1048=TOROIDAL_SURFACE('',#1176,2.625,0.5);
#1049=TOROIDAL_SURFACE('',#1240,15.5,0.5);
#1050=TOROIDAL_SURFACE('',#1252,15.5,0.5);
#1051=TOROIDAL_SURFACE('',#1262,15.5,0.5);
#1052=TOROIDAL_SURFACE('',#1268,15.5,0.5);
#1053=ADVANCED_FACE('',(#257),#1045,.T.);
#1054=ADVANCED_FACE('',(#258),#219,.T.);
#1055=ADVANCED_FACE('',(#259),#1046,.T.);
#1056=ADVANCED_FACE('',(#260),#220,.T.);
#1057=ADVANCED_FACE('',(#261),#43,.T.);
#1058=ADVANCED_FACE('',(#262),#221,.F.);
#1059=ADVANCED_FACE('',(#263,#41),#44,.F.);
#1060=ADVANCED_FACE('',(#264),#1047,.T.);
#1061=ADVANCED_FACE('',(#265),#222,.T.);
#1062=ADVANCED_FACE('',(#266),#1048,.T.);
#1063=ADVANCED_FACE('',(#267),#223,.T.);
#1064=ADVANCED_FACE('',(#268),#45,.T.);
#1065=ADVANCED_FACE('',(#269,#42),#46,.T.);
#1066=ADVANCED_FACE('',(#270),#224,.T.);
#1067=ADVANCED_FACE('',(#271),#21,.T.);
#1068=ADVANCED_FACE('',(#272),#22,.T.);
#1069=ADVANCED_FACE('',(#273),#225,.T.);
#1070=ADVANCED_FACE('',(#274),#23,.T.);
#1071=ADVANCED_FACE('',(#275),#24,.T.);
#1072=ADVANCED_FACE('',(#276),#25,.T.);
#1073=ADVANCED_FACE('',(#277),#226,.T.);
#1074=ADVANCED_FACE('',(#278),#26,.T.);
#1075=ADVANCED_FACE('',(#279),#27,.T.);
#1076=ADVANCED_FACE('',(#280),#28,.T.);
#1077=ADVANCED_FACE('',(#281),#227,.T.);
#1078=ADVANCED_FACE('',(#282),#228,.T.);
#1079=ADVANCED_FACE('',(#283),#229,.T.);
#1080=ADVANCED_FACE('',(#284),#29,.T.);
#1081=ADVANCED_FACE('',(#285),#30,.T.);
#1082=ADVANCED_FACE('',(#286),#230,.T.);
#1083=ADVANCED_FACE('',(#287),#1049,.T.);
#1084=ADVANCED_FACE('',(#288),#231,.T.);
#1085=ADVANCED_FACE('',(#289),#232,.T.);
#1086=ADVANCED_FACE('',(#290),#31,.T.);
#1087=ADVANCED_FACE('',(#291),#233,.T.);
#1088=ADVANCED_FACE('',(#292),#234,.T.);
#1089=ADVANCED_FACE('',(#293),#1050,.T.);
#1090=ADVANCED_FACE('',(#294),#19,.F.);
#1091=ADVANCED_FACE('',(#295),#32,.T.);
#1092=ADVANCED_FACE('',(#296),#235,.T.);
#1093=ADVANCED_FACE('',(#297),#236,.T.);
#1094=ADVANCED_FACE('',(#298),#20,.F.);
#1095=ADVANCED_FACE('',(#299),#1051,.T.);
#1096=ADVANCED_FACE('',(#300),#237,.T.);
#1097=ADVANCED_FACE('',(#301),#238,.T.);
#1098=ADVANCED_FACE('',(#302),#1052,.T.);
#1099=ADVANCED_FACE('',(#303),#239,.T.);
#1100=ADVANCED_FACE('',(#304),#240,.T.);
#1101=ADVANCED_FACE('',(#305),#241,.T.);
#1102=ADVANCED_FACE('',(#306),#242,.T.);
#1103=ADVANCED_FACE('',(#307),#243,.T.);
#1104=ADVANCED_FACE('',(#308),#244,.T.);
#1105=ADVANCED_FACE('',(#309),#245,.T.);
#1106=ADVANCED_FACE('',(#310),#246,.T.);
#1107=ADVANCED_FACE('',(#311),#247,.T.);
#1108=ADVANCED_FACE('',(#312),#248,.T.);
#1109=ADVANCED_FACE('',(#313),#249,.T.);
#1110=ADVANCED_FACE('',(#314),#250,.T.);
#1111=ADVANCED_FACE('',(#315),#251,.T.);
#1112=ADVANCED_FACE('',(#316),#252,.T.);
#1113=ADVANCED_FACE('',(#317),#47,.T.);
#1114=ADVANCED_FACE('',(#318),#48,.T.);
#1115=ADVANCED_FACE('',(#319),#49,.T.);
#1116=ADVANCED_FACE('',(#320),#253,.F.);
#1117=ADVANCED_FACE('',(#321),#50,.T.);
#1118=ADVANCED_FACE('',(#322),#51,.T.);
#1119=ADVANCED_FACE('',(#323),#52,.T.);
#1120=ADVANCED_FACE('',(#324),#53,.T.);
#1121=ADVANCED_FACE('',(#325),#54,.T.);
#1122=ADVANCED_FACE('',(#326),#55,.T.);
#1123=ADVANCED_FACE('',(#327),#254,.F.);
#1124=ADVANCED_FACE('',(#328),#56,.T.);
#1125=ADVANCED_FACE('',(#329),#255,.F.);
#1126=ADVANCED_FACE('',(#330),#57,.T.);
#1127=ADVANCED_FACE('',(#331),#58,.T.);
#1128=ADVANCED_FACE('',(#332),#256,.F.);
#1129=CLOSED_SHELL('',(#1053,#1054,#1055,#1056,#1057,#1058,#1059,#1060,
#1061,#1062,#1063,#1064,#1065,#1066,#1067,#1068,#1069,#1070,#1071,#1072,
#1073,#1074,#1075,#1076,#1077,#1078,#1079,#1080,#1081,#1082,#1083,#1084,
#1085,#1086,#1087,#1088,#1089,#1090,#1091,#1092,#1093,#1094,#1095,#1096,
#1097,#1098,#1099,#1100,#1101,#1102,#1103,#1104,#1105,#1106,#1107,#1108,
#1109,#1110,#1111,#1112,#1113,#1114,#1115,#1116,#1117,#1118,#1119,#1120,
#1121,#1122,#1123,#1124,#1125,#1126,#1127,#1128));
#1130=DERIVED_UNIT_ELEMENT(#1133,1.);
#1131=DERIVED_UNIT_ELEMENT(#2138,-3.);
#1132=DIMENSIONAL_EXPONENTS(0.,1.,0.,0.,0.,0.,0.);
#1133=(
CONVERSION_BASED_UNIT('gram',#1135)
MASS_UNIT()
NAMED_UNIT(#1132)
);
#1134=(
MASS_UNIT()
NAMED_UNIT(*)
SI_UNIT(.KILO.,.GRAM.)
);
#1135=MASS_MEASURE_WITH_UNIT(MASS_MEASURE(0.001),#1134);
#1136=DERIVED_UNIT((#1130,#1131));
#1137=MEASURE_REPRESENTATION_ITEM('density measure',
POSITIVE_RATIO_MEASURE(1.541),#1136);
#1138=PROPERTY_DEFINITION_REPRESENTATION(#1143,#1140);
#1139=PROPERTY_DEFINITION_REPRESENTATION(#1144,#1141);
#1140=REPRESENTATION('material name',(#1142),#2135);
#1141=REPRESENTATION('density',(#1137),#2135);
#1142=DESCRIPTIVE_REPRESENTATION_ITEM('PET Plastic','PET Plastic');
#1143=PROPERTY_DEFINITION('material property','material name',#2145);
#1144=PROPERTY_DEFINITION('material property','density of part',#2145);
#1145=DATE_TIME_ROLE('creation_date');
#1146=APPLIED_DATE_AND_TIME_ASSIGNMENT(#1147,#1145,(#2145));
#1147=DATE_AND_TIME(#1148,#1149);
#1148=CALENDAR_DATE(2026,25,6);
#1149=LOCAL_TIME(0,0,0.,#1150);
#1150=COORDINATED_UNIVERSAL_TIME_OFFSET(0,0,.BEHIND.);
#1151=AXIS2_PLACEMENT_3D('',#1684,#1302,#1303);
#1152=AXIS2_PLACEMENT_3D('',#1685,#1304,#1305);
#1153=AXIS2_PLACEMENT_3D('',#1688,#1306,#1307);
#1154=AXIS2_PLACEMENT_3D('',#1690,#1308,#1309);
#1155=AXIS2_PLACEMENT_3D('',#1692,#1310,#1311);
#1156=AXIS2_PLACEMENT_3D('',#1693,#1312,#1313);
#1157=AXIS2_PLACEMENT_3D('',#1694,#1314,#1315);
#1158=AXIS2_PLACEMENT_3D('',#1697,#1316,#1317);
#1159=AXIS2_PLACEMENT_3D('',#1700,#1320,#1321);
#1160=AXIS2_PLACEMENT_3D('',#1703,#1322,#1323);
#1161=AXIS2_PLACEMENT_3D('',#1704,#1324,#1325);
#1162=AXIS2_PLACEMENT_3D('',#1705,#1326,#1327);
#1163=AXIS2_PLACEMENT_3D('',#1706,#1328,#1329);
#1164=AXIS2_PLACEMENT_3D('',#1709,#1332,#1333);
#1165=AXIS2_PLACEMENT_3D('',#1715,#1337,#1338);
#1166=AXIS2_PLACEMENT_3D('',#1718,#1340,#1341);
#1167=AXIS2_PLACEMENT_3D('',#1719,#1342,#1343);
#1168=AXIS2_PLACEMENT_3D('',#1726,#1346,#1347);
#1169=AXIS2_PLACEMENT_3D('',#1734,#1351,#1352);
#1170=AXIS2_PLACEMENT_3D('',#1748,#1360,#1361);
#1171=AXIS2_PLACEMENT_3D('',#1750,#1362,#1363);
#1172=AXIS2_PLACEMENT_3D('',#1752,#1364,#1365);
#1173=AXIS2_PLACEMENT_3D('',#1753,#1366,#1367);
#1174=AXIS2_PLACEMENT_3D('',#1754,#1368,#1369);
#1175=AXIS2_PLACEMENT_3D('',#1757,#1370,#1371);
#1176=AXIS2_PLACEMENT_3D('',#1760,#1374,#1375);
#1177=AXIS2_PLACEMENT_3D('',#1762,#1376,#1377);
#1178=AXIS2_PLACEMENT_3D('',#1763,#1378,#1379);
#1179=AXIS2_PLACEMENT_3D('',#1764,#1380,#1381);
#1180=AXIS2_PLACEMENT_3D('',#1765,#1382,#1383);
#1181=AXIS2_PLACEMENT_3D('',#1767,#1385,#1386);
#1182=AXIS2_PLACEMENT_3D('',#1769,#1388,#1389);
#1183=AXIS2_PLACEMENT_3D('',#1772,#1390,#1391);
#1184=AXIS2_PLACEMENT_3D('',#1776,#1393,#1394);
#1185=AXIS2_PLACEMENT_3D('',#1782,#1398,#1399);
#1186=AXIS2_PLACEMENT_3D('',#1787,#1401,#1402);
#1187=AXIS2_PLACEMENT_3D('',#1790,#1404,#1405);
#1188=AXIS2_PLACEMENT_3D('',#1791,#1406,#1407);
#1189=AXIS2_PLACEMENT_3D('',#1794,#1408,#1409);
#1190=AXIS2_PLACEMENT_3D('',#1796,#1410,#1411);
#1191=AXIS2_PLACEMENT_3D('',#1797,#1412,#1413);
#1192=AXIS2_PLACEMENT_3D('',#1798,#1414,#1415);
#1193=AXIS2_PLACEMENT_3D('',#1801,#1416,#1417);
#1194=AXIS2_PLACEMENT_3D('',#1803,#1418,#1419);
#1195=AXIS2_PLACEMENT_3D('',#1804,#1420,#1421);
#1196=AXIS2_PLACEMENT_3D('',#1805,#1422,#1423);
#1197=AXIS2_PLACEMENT_3D('',#1810,#1425,#1426);
#1198=AXIS2_PLACEMENT_3D('',#1813,#1428,#1429);
#1199=AXIS2_PLACEMENT_3D('',#1814,#1430,#1431);
#1200=AXIS2_PLACEMENT_3D('',#1817,#1432,#1433);
#1201=AXIS2_PLACEMENT_3D('',#1819,#1434,#1435);
#1202=AXIS2_PLACEMENT_3D('',#1820,#1436,#1437);
#1203=AXIS2_PLACEMENT_3D('',#1821,#1438,#1439);
#1204=AXIS2_PLACEMENT_3D('',#1824,#1440,#1441);
#1205=AXIS2_PLACEMENT_3D('',#1825,#1442,#1443);
#1206=AXIS2_PLACEMENT_3D('',#1826,#1444,#1445);
#1207=AXIS2_PLACEMENT_3D('',#1827,#1446,#1447);
#1208=AXIS2_PLACEMENT_3D('',#1830,#1448,#1449);
#1209=AXIS2_PLACEMENT_3D('',#1831,#1450,#1451);
#1210=AXIS2_PLACEMENT_3D('',#1832,#1452,#1453);
#1211=AXIS2_PLACEMENT_3D('',#1833,#1454,#1455);
#1212=AXIS2_PLACEMENT_3D('',#1836,#1457,#1458);
#1213=AXIS2_PLACEMENT_3D('',#1837,#1459,#1460);
#1214=AXIS2_PLACEMENT_3D('',#1840,#1461,#1462);
#1215=AXIS2_PLACEMENT_3D('',#1842,#1463,#1464);
#1216=AXIS2_PLACEMENT_3D('',#1843,#1465,#1466);
#1217=AXIS2_PLACEMENT_3D('',#1844,#1467,#1468);
#1218=AXIS2_PLACEMENT_3D('',#1847,#1469,#1470);
#1219=AXIS2_PLACEMENT_3D('',#1848,#1471,#1472);
#1220=AXIS2_PLACEMENT_3D('',#1849,#1473,#1474);
#1221=AXIS2_PLACEMENT_3D('',#1850,#1475,#1476);
#1222=AXIS2_PLACEMENT_3D('',#1853,#1477,#1478);
#1223=AXIS2_PLACEMENT_3D('',#1854,#1479,#1480);
#1224=AXIS2_PLACEMENT_3D('',#1855,#1481,#1482);
#1225=AXIS2_PLACEMENT_3D('',#1856,#1483,#1484);
#1226=AXIS2_PLACEMENT_3D('',#1858,#1486,#1487);
#1227=AXIS2_PLACEMENT_3D('',#1861,#1489,#1490);
#1228=AXIS2_PLACEMENT_3D('',#1862,#1491,#1492);
#1229=AXIS2_PLACEMENT_3D('',#1865,#1494,#1495);
#1230=AXIS2_PLACEMENT_3D('',#1866,#1496,#1497);
#1231=AXIS2_PLACEMENT_3D('',#1869,#1498,#1499);
#1232=AXIS2_PLACEMENT_3D('',#1870,#1500,#1501);
#1233=AXIS2_PLACEMENT_3D('',#1871,#1502,#1503);
#1234=AXIS2_PLACEMENT_3D('',#1872,#1504,#1505);
#1235=AXIS2_PLACEMENT_3D('',#1875,#1506,#1507);
#1236=AXIS2_PLACEMENT_3D('',#1876,#1508,#1509);
#1237=AXIS2_PLACEMENT_3D('',#1877,#1510,#1511);
#1238=AXIS2_PLACEMENT_3D('',#1878,#1512,#1513);
#1239=AXIS2_PLACEMENT_3D('',#1880,#1514,#1515);
#1240=AXIS2_PLACEMENT_3D('',#1882,#1517,#1518);
#1241=AXIS2_PLACEMENT_3D('',#1884,#1519,#1520);
#1242=AXIS2_PLACEMENT_3D('',#1885,#1521,#1522);
#1243=AXIS2_PLACEMENT_3D('',#1886,#1523,#1524);
#1244=AXIS2_PLACEMENT_3D('',#1888,#1526,#1527);
#1245=AXIS2_PLACEMENT_3D('',#1890,#1529,#1530);
#1246=AXIS2_PLACEMENT_3D('',#1892,#1531,#1532);
#1247=AXIS2_PLACEMENT_3D('',#1894,#1533,#1534);
#1248=AXIS2_PLACEMENT_3D('',#1895,#1535,#1536);
#1249=AXIS2_PLACEMENT_3D('',#1896,#1537,#1538);
#1250=AXIS2_PLACEMENT_3D('',#1899,#1541,#1542);
#1251=AXIS2_PLACEMENT_3D('',#1901,#1543,#1544);
#1252=AXIS2_PLACEMENT_3D('',#1903,#1546,#1547);
#1253=AXIS2_PLACEMENT_3D('',#1905,#1548,#1549);
#1254=AXIS2_PLACEMENT_3D('',#1906,#1550,#1551);
#1255=AXIS2_PLACEMENT_3D('',#1992,#1552,#1553);
#1256=AXIS2_PLACEMENT_3D('',#1994,#1554,#1555);
#1257=AXIS2_PLACEMENT_3D('',#1996,#1556,#1557);
#1258=AXIS2_PLACEMENT_3D('',#1997,#1558,#1559);
#1259=AXIS2_PLACEMENT_3D('',#1998,#1560,#1561);
#1260=AXIS2_PLACEMENT_3D('',#2001,#1564,#1565);
#1261=AXIS2_PLACEMENT_3D('',#2036,#1567,#1568);
#1262=AXIS2_PLACEMENT_3D('',#2054,#1569,#1570);
#1263=AXIS2_PLACEMENT_3D('',#2056,#1571,#1572);
#1264=AXIS2_PLACEMENT_3D('',#2057,#1573,#1574);
#1265=AXIS2_PLACEMENT_3D('',#2058,#1575,#1576);
#1266=AXIS2_PLACEMENT_3D('',#2060,#1578,#1579);
#1267=AXIS2_PLACEMENT_3D('',#2062,#1580,#1581);
#1268=AXIS2_PLACEMENT_3D('',#2064,#1583,#1584);
#1269=AXIS2_PLACEMENT_3D('',#2066,#1585,#1586);
#1270=AXIS2_PLACEMENT_3D('',#2067,#1587,#1588);
#1271=AXIS2_PLACEMENT_3D('',#2068,#1589,#1590);
#1272=AXIS2_PLACEMENT_3D('',#2070,#1592,#1593);
#1273=AXIS2_PLACEMENT_3D('',#2073,#1596,#1597);
#1274=AXIS2_PLACEMENT_3D('',#2075,#1599,#1600);
#1275=AXIS2_PLACEMENT_3D('',#2078,#1603,#1604);
#1276=AXIS2_PLACEMENT_3D('',#2081,#1607,#1608);
#1277=AXIS2_PLACEMENT_3D('',#2084,#1611,#1612);
#1278=AXIS2_PLACEMENT_3D('',#2087,#1615,#1616);
#1279=AXIS2_PLACEMENT_3D('',#2090,#1618,#1619);
#1280=AXIS2_PLACEMENT_3D('',#2091,#1620,#1621);
#1281=AXIS2_PLACEMENT_3D('',#2094,#1624,#1625);
#1282=AXIS2_PLACEMENT_3D('',#2097,#1628,#1629);
#1283=AXIS2_PLACEMENT_3D('',#2100,#1632,#1633);
#1284=AXIS2_PLACEMENT_3D('',#2103,#1636,#1637);
#1285=AXIS2_PLACEMENT_3D('',#2105,#1639,#1640);
#1286=AXIS2_PLACEMENT_3D('',#2108,#1643,#1644);
#1287=AXIS2_PLACEMENT_3D('',#2110,#1646,#1647);
#1288=AXIS2_PLACEMENT_3D('',#2112,#1649,#1650);
#1289=AXIS2_PLACEMENT_3D('',#2114,#1652,#1653);
#1290=AXIS2_PLACEMENT_3D('',#2116,#1655,#1656);
#1291=AXIS2_PLACEMENT_3D('',#2118,#1658,#1659);
#1292=AXIS2_PLACEMENT_3D('',#2120,#1661,#1662);
#1293=AXIS2_PLACEMENT_3D('',#2121,#1663,#1664);
#1294=AXIS2_PLACEMENT_3D('',#2122,#1665,#1666);
#1295=AXIS2_PLACEMENT_3D('',#2123,#1667,#1668);
#1296=AXIS2_PLACEMENT_3D('',#2124,#1669,#1670);
#1297=AXIS2_PLACEMENT_3D('',#2126,#1672,#1673);
#1298=AXIS2_PLACEMENT_3D('',#2128,#1675,#1676);
#1299=AXIS2_PLACEMENT_3D('',#2130,#1678,#1679);
#1300=AXIS2_PLACEMENT_3D('',#2131,#1680,#1681);
#1301=AXIS2_PLACEMENT_3D('',#2132,#1682,#1683);
#1302=DIRECTION('axis',(0.,0.,1.));
#1303=DIRECTION('refdir',(1.,0.,0.));
#1304=DIRECTION('center_axis',(0.,0.,-1.));
#1305=DIRECTION('ref_axis',(-1.,0.,0.));
#1306=DIRECTION('center_axis',(0.,1.,0.));
#1307=DIRECTION('ref_axis',(1.,0.,0.));
#1308=DIRECTION('center_axis',(0.,0.,-1.));
#1309=DIRECTION('ref_axis',(0.,1.,0.));
#1310=DIRECTION('center_axis',(0.,1.,0.));
#1311=DIRECTION('ref_axis',(0.,0.,-1.));
#1312=DIRECTION('center_axis',(0.,0.,1.));
#1313=DIRECTION('ref_axis',(0.,1.,0.));
#1314=DIRECTION('center_axis',(-3.64007549057428E-17,-1.,0.));
#1315=DIRECTION('ref_axis',(-0.707106781186548,0.,-0.707106781186547));
#1316=DIRECTION('center_axis',(-1.77635683940025E-14,1.,0.));
#1317=DIRECTION('ref_axis',(0.,0.,-1.));
#1318=DIRECTION('',(3.64007549057428E-17,1.,0.));
#1319=DIRECTION('',(-3.64007549057428E-17,-1.,0.));
#1320=DIRECTION('center_axis',(0.,0.,-1.));
#1321=DIRECTION('ref_axis',(-1.,0.,0.));
#1322=DIRECTION('center_axis',(0.,-1.,0.));
#1323=DIRECTION('ref_axis',(0.,0.,-1.));
#1324=DIRECTION('center_axis',(0.,0.,1.));
#1325=DIRECTION('ref_axis',(4.17966315152999E-15,-1.,0.));
#1326=DIRECTION('center_axis',(0.,0.,-1.));
#1327=DIRECTION('ref_axis',(4.17966315152999E-15,-1.,0.));
#1328=DIRECTION('center_axis',(3.64007549057428E-17,1.,0.));
#1329=DIRECTION('ref_axis',(0.707106781186548,0.,-0.707106781186547));
#1330=DIRECTION('',(-3.64007549057428E-17,-1.,0.));
#1331=DIRECTION('',(3.64007549057428E-17,1.,0.));
#1332=DIRECTION('center_axis',(1.,-3.64007549057428E-17,0.));
#1333=DIRECTION('ref_axis',(3.64007549057428E-17,1.,0.));
#1334=DIRECTION('',(0.,0.,1.));
#1335=DIRECTION('',(3.64007549057428E-17,1.,0.));
#1336=DIRECTION('',(0.,0.,1.));
#1337=DIRECTION('center_axis',(0.,0.,1.));
#1338=DIRECTION('ref_axis',(-1.,0.,0.));
#1339=DIRECTION('',(0.,0.,1.));
#1340=DIRECTION('center_axis',(0.,0.,-1.));
#1341=DIRECTION('ref_axis',(0.,1.,0.));
#1342=DIRECTION('center_axis',(0.,0.,1.));
#1343=DIRECTION('ref_axis',(1.,0.,0.));
#1344=DIRECTION('',(-0.965925826289068,0.258819045102521,0.));
#1345=DIRECTION('',(-1.,1.53134210293125E-16,0.));
#1346=DIRECTION('center_axis',(0.,0.,-1.));
#1347=DIRECTION('ref_axis',(0.707106781186548,-0.707106781186547,0.));
#1348=DIRECTION('',(1.83697019872103E-16,-1.,0.));
#1349=DIRECTION('',(-1.,0.,0.));
#1350=DIRECTION('',(-5.9211894646675E-17,1.,0.));
#1351=DIRECTION('center_axis',(0.,0.,-1.));
#1352=DIRECTION('ref_axis',(-0.707106781186548,-0.707106781186547,0.));
#1353=DIRECTION('',(-1.,1.53134210293125E-16,0.));
#1354=DIRECTION('',(-0.965925826289068,-0.258819045102521,0.));
#1355=DIRECTION('',(-0.25881904510252,0.965925826289068,0.));
#1356=DIRECTION('',(0.965925826289068,0.258819045102521,0.));
#1357=DIRECTION('',(1.,-1.35272909462584E-16,0.));
#1358=DIRECTION('',(0.965925826289068,-0.258819045102521,0.));
#1359=DIRECTION('',(-0.258819045102521,-0.965925826289068,0.));
#1360=DIRECTION('center_axis',(0.,0.,-1.));
#1361=DIRECTION('ref_axis',(-1.,0.,0.));
#1362=DIRECTION('center_axis',(0.,1.,0.));
#1363=DIRECTION('ref_axis',(0.,0.,1.));
#1364=DIRECTION('center_axis',(0.,1.,0.));
#1365=DIRECTION('ref_axis',(-1.,0.,0.));
#1366=DIRECTION('center_axis',(0.,0.,1.));
#1367=DIRECTION('ref_axis',(0.,1.,0.));
#1368=DIRECTION('center_axis',(-3.64007549057428E-17,-1.,0.));
#1369=DIRECTION('ref_axis',(-0.707106781186548,0.,0.707106781186547));
#1370=DIRECTION('center_axis',(-1.77635683940025E-14,1.,0.));
#1371=DIRECTION('ref_axis',(-1.,-1.77635683940025E-14,0.));
#1372=DIRECTION('',(3.64007549057428E-17,1.,0.));
#1373=DIRECTION('',(-3.64007549057428E-17,-1.,0.));
#1374=DIRECTION('center_axis',(0.,0.,-1.));
#1375=DIRECTION('ref_axis',(-1.,0.,0.));
#1376=DIRECTION('center_axis',(0.,-1.,0.));
#1377=DIRECTION('ref_axis',(1.,0.,0.));
#1378=DIRECTION('center_axis',(0.,0.,1.));
#1379=DIRECTION('ref_axis',(4.17966315152999E-15,-1.,0.));
#1380=DIRECTION('center_axis',(0.,0.,-1.));
#1381=DIRECTION('ref_axis',(4.17966315152999E-15,-1.,0.));
#1382=DIRECTION('center_axis',(3.64007549057428E-17,1.,0.));
#1383=DIRECTION('ref_axis',(0.707106781186548,0.,0.707106781186547));
#1384=DIRECTION('',(-3.64007549057428E-17,-1.,0.));
#1385=DIRECTION('center_axis',(-1.,3.64007549057428E-17,0.));
#1386=DIRECTION('ref_axis',(-3.64007549057428E-17,-1.,0.));
#1387=DIRECTION('',(0.,0.,1.));
#1388=DIRECTION('center_axis',(0.,0.,1.));
#1389=DIRECTION('ref_axis',(1.,0.,0.));
#1390=DIRECTION('center_axis',(0.,0.,1.));
#1391=DIRECTION('ref_axis',(0.865704236899028,-0.500555865228918,0.));
#1392=DIRECTION('',(-1.,1.53134210293125E-16,0.));
#1393=DIRECTION('center_axis',(0.,0.,1.));
#1394=DIRECTION('ref_axis',(-0.865704236899028,-0.500555865228918,0.));
#1395=DIRECTION('',(5.9211894646675E-17,-1.,0.));
#1396=DIRECTION('',(1.,0.,0.));
#1397=DIRECTION('',(-1.83697019872103E-16,1.,0.));
#1398=DIRECTION('center_axis',(1.,-1.35272909462584E-16,0.));
#1399=DIRECTION('ref_axis',(0.,-0.70710678118654,0.707106781186555));
#1400=DIRECTION('',(-1.,1.35272909462584E-16,0.));
#1401=DIRECTION('center_axis',(0.991444861373797,-0.130526192220151,0.));
#1402=DIRECTION('ref_axis',(-0.130526192220151,-0.991444861373797,0.));
#1403=DIRECTION('',(1.,-1.35272909462584E-16,0.));
#1404=DIRECTION('center_axis',(0.991444861373811,0.130526192220045,1.7611598603896E-14));
#1405=DIRECTION('ref_axis',(0.130526192220045,-0.991444861373811,1.33773372527201E-13));
#1406=DIRECTION('center_axis',(-0.500000000000002,-0.288675134594827,-0.81649658092772));
#1407=DIRECTION('ref_axis',(-0.707106781186536,-0.408248290463866,0.577350269189638));
#1408=DIRECTION('center_axis',(-0.258819045102514,-0.96592582628907,0.));
#1409=DIRECTION('ref_axis',(-0.96592582628907,0.258819045102514,0.));
#1410=DIRECTION('center_axis',(0.,0.,1.));
#1411=DIRECTION('ref_axis',(-0.258819045102518,-0.965925826289069,0.));
#1412=DIRECTION('center_axis',(-0.965925826289065,0.258819045102535,0.));
#1413=DIRECTION('ref_axis',(0.,0.,1.));
#1414=DIRECTION('center_axis',(0.500000000000008,-0.288675134594802,-0.816496580927725));
#1415=DIRECTION('ref_axis',(0.707106781186546,-0.408248290463872,0.577350269189622));
#1416=DIRECTION('center_axis',(0.965925826289063,0.258819045102539,0.));
#1417=DIRECTION('ref_axis',(0.258819045102539,-0.965925826289063,0.));
#1418=DIRECTION('center_axis',(0.,0.,1.));
#1419=DIRECTION('ref_axis',(0.965925826289068,0.258819045102523,0.));
#1420=DIRECTION('center_axis',(0.258819045102523,-0.965925826289068,0.));
#1421=DIRECTION('ref_axis',(0.,0.,1.));
#1422=DIRECTION('center_axis',(-1.,1.53134210293125E-16,0.));
#1423=DIRECTION('ref_axis',(0.,0.70710678118654,0.707106781186555));
#1424=DIRECTION('',(1.,-1.53134210293125E-16,0.));
#1425=DIRECTION('center_axis',(-0.991444861373814,-0.130526192220028,0.));
#1426=DIRECTION('ref_axis',(0.130526192220028,-0.991444861373814,0.));
#1427=DIRECTION('',(-1.,1.53134210293125E-16,0.));
#1428=DIRECTION('center_axis',(-0.991444861373795,0.130526192220171,0.));
#1429=DIRECTION('ref_axis',(-0.130526192220171,-0.991444861373795,0.));
#1430=DIRECTION('center_axis',(-0.91287092917527,-0.316227766016856,-0.258198889747164));
#1431=DIRECTION('ref_axis',(-0.408248290463861,0.707106781186556,0.577350269189617));
#1432=DIRECTION('center_axis',(-0.96592582628907,0.258819045102514,-3.89141287669874E-14));
#1433=DIRECTION('ref_axis',(0.258819045102514,0.96592582628907,0.));
#1434=DIRECTION('center_axis',(0.,0.,1.));
#1435=DIRECTION('ref_axis',(-0.965925826289069,0.258819045102518,0.));
#1436=DIRECTION('center_axis',(0.258819045102493,0.965925826289076,0.));
#1437=DIRECTION('ref_axis',(0.,0.,1.));
#1438=DIRECTION('center_axis',(0.499999999999999,0.288675134594825,-0.816496580927722));
#1439=DIRECTION('ref_axis',(-0.707106781186527,-0.408248290463889,-0.577350269189632));
#1440=DIRECTION('center_axis',(0.,0.,-1.));
#1441=DIRECTION('ref_axis',(-0.965925826289069,0.258819045102518,0.));
#1442=DIRECTION('center_axis',(-0.258819045102506,-0.965925826289072,0.));
#1443=DIRECTION('ref_axis',(0.,0.,-1.));
#1444=DIRECTION('center_axis',(-0.965925826289068,0.258819045102523,1.71582894788192E-14));
#1445=DIRECTION('ref_axis',(-0.258819045102523,-0.965925826289068,0.));
#1446=DIRECTION('center_axis',(-0.5,0.288675134594825,-0.816496580927722));
#1447=DIRECTION('ref_axis',(0.707106781186549,-0.408248290463857,-0.577350269189628));
#1448=DIRECTION('center_axis',(0.,0.,-1.));
#1449=DIRECTION('ref_axis',(0.258819045102535,-0.965925826289065,0.));
#1450=DIRECTION('center_axis',(0.965925826289063,0.258819045102539,0.));
#1451=DIRECTION('ref_axis',(0.,0.,-1.));
#1452=DIRECTION('center_axis',(0.258819045102514,-0.96592582628907,1.71582894788193E-14));
#1453=DIRECTION('ref_axis',(0.96592582628907,0.258819045102514,0.));
#1454=DIRECTION('center_axis',(0.965925826289068,0.258819045102521,0.));
#1455=DIRECTION('ref_axis',(0.183012701892209,-0.683012701892199,-0.70710678118657));
#1456=DIRECTION('',(-0.965925826289068,-0.258819045102521,0.));
#1457=DIRECTION('center_axis',(-0.991444861373825,-0.130526192219939,3.75418081505002E-14));
#1458=DIRECTION('ref_axis',(-0.130526192219939,0.991444861373825,-2.8515834365855E-13));
#1459=DIRECTION('center_axis',(-0.912870929175267,0.316227766016855,0.258198889747174));
#1460=DIRECTION('ref_axis',(0.408248290463887,0.707106781186552,0.577350269189604));
#1461=DIRECTION('center_axis',(-0.258819045102506,0.965925826289072,-2.63533890975169E-14));
#1462=DIRECTION('ref_axis',(0.965925826289072,0.258819045102506,0.));
#1463=DIRECTION('center_axis',(0.,0.,1.));
#1464=DIRECTION('ref_axis',(-0.258819045102535,0.965925826289065,0.));
#1465=DIRECTION('center_axis',(0.965925826289045,0.25881904510261,0.));
#1466=DIRECTION('ref_axis',(0.,0.,1.));
#1467=DIRECTION('center_axis',(-0.912870929175285,-0.316227766016823,0.258198889747152));
#1468=DIRECTION('ref_axis',(-0.408248290463857,0.707106781186548,-0.577350269189629));
#1469=DIRECTION('center_axis',(0.,0.,-1.));
#1470=DIRECTION('ref_axis',(0.258819045102514,0.96592582628907,0.));
#1471=DIRECTION('center_axis',(-0.965925826289066,0.25881904510253,0.));
#1472=DIRECTION('ref_axis',(0.,0.,-1.));
#1473=DIRECTION('center_axis',(0.258819045102539,0.965925826289063,0.));
#1474=DIRECTION('ref_axis',(-0.965925826289063,0.258819045102539,0.));
#1475=DIRECTION('center_axis',(-0.912870929175285,0.316227766016823,-0.258198889747149));
#1476=DIRECTION('ref_axis',(0.408248290463834,0.707106781186558,-0.577350269189633));
#1477=DIRECTION('center_axis',(0.,0.,-1.));
#1478=DIRECTION('ref_axis',(0.965925826289068,0.258819045102521,0.));
#1479=DIRECTION('center_axis',(-0.258819045102514,0.96592582628907,0.));
#1480=DIRECTION('ref_axis',(0.,0.,-1.));
#1481=DIRECTION('center_axis',(0.965925826289065,0.258819045102535,3.89141287669877E-14));
#1482=DIRECTION('ref_axis',(-0.258819045102535,0.965925826289065,0.));
#1483=DIRECTION('center_axis',(-0.25881904510252,0.965925826289069,0.));
#1484=DIRECTION('ref_axis',(0.683012701892223,0.183012701892227,-0.707106781186542));
#1485=DIRECTION('',(0.25881904510252,-0.965925826289068,0.));
#1486=DIRECTION('center_axis',(-0.965925826289068,0.258819045102521,0.));
#1487=DIRECTION('ref_axis',(0.183012701892215,0.683012701892224,-0.707106781186544));
#1488=DIRECTION('',(0.965925826289068,-0.258819045102521,0.));
#1489=DIRECTION('center_axis',(-0.991444861373795,0.130526192220169,0.));
#1490=DIRECTION('ref_axis',(-0.130526192220169,-0.991444861373795,0.));
#1491=DIRECTION('center_axis',(-0.965925826289068,-0.258819045102521,0.));
#1492=DIRECTION('ref_axis',(-0.183012701892203,0.683012701892226,-0.707106781186545));
#1493=DIRECTION('',(0.965925826289068,0.258819045102521,0.));
#1494=DIRECTION('center_axis',(0.991444861373816,0.130526192220008,-1.76115986038961E-14));
#1495=DIRECTION('ref_axis',(-0.130526192220008,0.991444861373816,1.33773372527163E-13));
#1496=DIRECTION('center_axis',(0.408248290463865,-0.408248290463862,-0.816496580927725));
#1497=DIRECTION('ref_axis',(-0.577350269189628,0.577350269189623,-0.577350269189627));
#1498=DIRECTION('center_axis',(0.,0.,-1.));
#1499=DIRECTION('ref_axis',(0.,1.,0.));
#1500=DIRECTION('center_axis',(-1.,0.,0.));
#1501=DIRECTION('ref_axis',(0.,0.,-1.));
#1502=DIRECTION('center_axis',(0.,1.,4.44089209850063E-15));
#1503=DIRECTION('ref_axis',(-1.,0.,0.));
#1504=DIRECTION('center_axis',(-0.408248290463863,-0.408248290463861,-0.816496580927727));
#1505=DIRECTION('ref_axis',(0.577350269189629,0.577350269189623,-0.577350269189625));
#1506=DIRECTION('center_axis',(0.,0.,-1.));
#1507=DIRECTION('ref_axis',(1.,0.,0.));
#1508=DIRECTION('center_axis',(0.,1.,0.));
#1509=DIRECTION('ref_axis',(0.,0.,-1.));
#1510=DIRECTION('center_axis',(1.,0.,0.));
#1511=DIRECTION('ref_axis',(0.,1.,0.));
#1512=DIRECTION('center_axis',(-1.,1.53134210293125E-16,0.));
#1513=DIRECTION('ref_axis',(0.,0.707106781186553,-0.707106781186543));
#1514=DIRECTION('center_axis',(1.,0.,0.));
#1515=DIRECTION('ref_axis',(0.,0.,-1.));
#1516=DIRECTION('',(1.,-1.53134210293125E-16,0.));
#1517=DIRECTION('center_axis',(0.,0.,-1.));
#1518=DIRECTION('ref_axis',(-1.,0.,0.));
#1519=DIRECTION('center_axis',(0.,-1.,0.));
#1520=DIRECTION('ref_axis',(0.,0.,-1.));
#1521=DIRECTION('center_axis',(0.,0.,1.));
#1522=DIRECTION('ref_axis',(-0.707106781186548,-0.707106781186547,0.));
#1523=DIRECTION('center_axis',(-5.9211894646675E-17,1.,0.));
#1524=DIRECTION('ref_axis',(0.707106781186549,0.,-0.707106781186546));
#1525=DIRECTION('',(5.9211894646675E-17,-1.,0.));
#1526=DIRECTION('center_axis',(-1.,0.,0.));
#1527=DIRECTION('ref_axis',(0.,0.707106781186546,-0.707106781186549));
#1528=DIRECTION('',(1.,0.,0.));
#1529=DIRECTION('center_axis',(-0.408248290463864,0.408248290463863,-0.816496580927726));
#1530=DIRECTION('ref_axis',(-0.577350269189626,0.577350269189625,0.577350269189626));
#1531=DIRECTION('center_axis',(-1.,0.,0.));
#1532=DIRECTION('ref_axis',(0.,1.,0.));
#1533=DIRECTION('center_axis',(0.,0.,1.));
#1534=DIRECTION('ref_axis',(-1.,-1.38777878078144E-16,0.));
#1535=DIRECTION('center_axis',(0.,1.,0.));
#1536=DIRECTION('ref_axis',(0.,0.,1.));
#1537=DIRECTION('center_axis',(0.,0.,1.));
#1538=DIRECTION('ref_axis',(-0.707106781186548,0.707106781186547,0.));
#1539=DIRECTION('',(0.,0.,-1.));
#1540=DIRECTION('',(0.,0.,1.));
#1541=DIRECTION('center_axis',(1.83697019872103E-16,-1.,0.));
#1542=DIRECTION('ref_axis',(-0.707106781186548,0.,0.707106781186547));
#1543=DIRECTION('center_axis',(0.,1.,0.));
#1544=DIRECTION('ref_axis',(-1.,0.,0.));
#1545=DIRECTION('',(1.83697019872103E-16,-1.,0.));
#1546=DIRECTION('center_axis',(0.,0.,1.));
#1547=DIRECTION('ref_axis',(1.,0.,0.));
#1548=DIRECTION('center_axis',(0.838709677419357,0.544578806972065,4.08673411449113E-15));
#1549=DIRECTION('ref_axis',(-0.544578806972066,0.838709677419357,0.));
#1550=DIRECTION('center_axis',(0.,0.,-1.));
#1551=DIRECTION('ref_axis',(0.865704236899028,-0.500555865228918,0.));
#1552=DIRECTION('center_axis',(0.408248290463865,0.408248290463863,-0.816496580927726));
#1553=DIRECTION('ref_axis',(0.577350269189628,0.577350269189624,0.577350269189626));
#1554=DIRECTION('center_axis',(0.,1.,0.));
#1555=DIRECTION('ref_axis',(1.,0.,0.));
#1556=DIRECTION('center_axis',(0.,0.,1.));
#1557=DIRECTION('ref_axis',(0.,1.,0.));
#1558=DIRECTION('center_axis',(1.,-4.44089209850062E-15,0.));
#1559=DIRECTION('ref_axis',(0.,0.,1.));
#1560=DIRECTION('center_axis',(0.,0.,1.));
#1561=DIRECTION('ref_axis',(0.707106781186551,0.707106781186544,0.));
#1562=DIRECTION('',(0.,0.,-1.));
#1563=DIRECTION('',(0.,0.,1.));
#1564=DIRECTION('center_axis',(-1.,0.,0.));
#1565=DIRECTION('ref_axis',(0.,0.707106781186548,0.707106781186547));
#1566=DIRECTION('',(-1.,0.,0.));
#1567=DIRECTION('center_axis',(0.838709677425176,-0.544578806963103,5.89126069599874E-11));
#1568=DIRECTION('ref_axis',(0.544578806963103,0.838709677425176,-1.11022302462515E-15));
#1569=DIRECTION('center_axis',(0.,0.,1.));
#1570=DIRECTION('ref_axis',(1.,0.,0.));
#1571=DIRECTION('center_axis',(0.,-1.,0.));
#1572=DIRECTION('ref_axis',(1.,0.,0.));
#1573=DIRECTION('center_axis',(0.,0.,-1.));
#1574=DIRECTION('ref_axis',(-0.865704236899028,-0.500555865228918,0.));
#1575=DIRECTION('center_axis',(-5.9211894646675E-17,1.,0.));
#1576=DIRECTION('ref_axis',(0.70710678118655,0.,0.707106781186545));
#1577=DIRECTION('',(-5.9211894646675E-17,1.,0.));
#1578=DIRECTION('center_axis',(1.83697019872103E-16,-1.,0.));
#1579=DIRECTION('ref_axis',(-0.707106781186548,0.,-0.707106781186547));
#1580=DIRECTION('center_axis',(0.,1.,0.));
#1581=DIRECTION('ref_axis',(0.,0.,-1.));
#1582=DIRECTION('',(-1.83697019872103E-16,1.,0.));
#1583=DIRECTION('center_axis',(0.,0.,-1.));
#1584=DIRECTION('ref_axis',(-1.,0.,0.));
#1585=DIRECTION('center_axis',(1.,0.,0.));
#1586=DIRECTION('ref_axis',(0.,0.,-1.));
#1587=DIRECTION('center_axis',(0.,0.,1.));
#1588=DIRECTION('ref_axis',(0.707106781186548,-0.707106781186547,0.));
#1589=DIRECTION('center_axis',(-1.,1.53134210293125E-16,0.));
#1590=DIRECTION('ref_axis',(0.,0.707106781186553,-0.707106781186543));
#1591=DIRECTION('',(1.,-1.53134210293125E-16,0.));
#1592=DIRECTION('center_axis',(0.,0.,1.));
#1593=DIRECTION('ref_axis',(0.50000000000001,0.866025403784433,0.));
#1594=DIRECTION('',(0.,0.,-1.));
#1595=DIRECTION('',(0.,0.,1.));
#1596=DIRECTION('center_axis',(-0.258819045102521,-0.965925826289068,0.));
#1597=DIRECTION('ref_axis',(-0.683012701892209,0.18301270189223,-0.707106781186554));
#1598=DIRECTION('',(0.258819045102521,0.965925826289068,0.));
#1599=DIRECTION('center_axis',(0.,0.,1.));
#1600=DIRECTION('ref_axis',(-0.499999999999991,0.866025403784443,0.));
#1601=DIRECTION('',(0.,0.,-1.));
#1602=DIRECTION('',(0.,0.,1.));
#1603=DIRECTION('center_axis',(-0.965925826289068,-0.258819045102521,0.));
#1604=DIRECTION('ref_axis',(-0.183012701892203,0.683012701892226,0.707106781186546));
#1605=DIRECTION('',(0.965925826289068,0.258819045102521,0.));
#1606=DIRECTION('',(-0.965925826289068,-0.258819045102521,0.));
#1607=DIRECTION('center_axis',(-0.25881904510252,0.965925826289069,0.));
#1608=DIRECTION('ref_axis',(0.683012701892199,0.183012701892209,0.70710678118657));
#1609=DIRECTION('',(0.25881904510252,-0.965925826289068,0.));
#1610=DIRECTION('',(-0.25881904510252,0.965925826289068,0.));
#1611=DIRECTION('center_axis',(0.,0.,1.));
#1612=DIRECTION('ref_axis',(0.866025403784437,-0.500000000000002,0.));
#1613=DIRECTION('',(0.,0.,-1.));
#1614=DIRECTION('',(0.,0.,1.));
#1615=DIRECTION('center_axis',(0.965925826289068,-0.258819045102521,0.));
#1616=DIRECTION('ref_axis',(-0.183012701892234,-0.683012701892196,-0.707106781186567));
#1617=DIRECTION('',(-0.965925826289068,0.258819045102521,0.));
#1618=DIRECTION('center_axis',(-0.991444861373816,0.130526192220011,0.));
#1619=DIRECTION('ref_axis',(0.130526192220011,0.991444861373816,0.));
#1620=DIRECTION('center_axis',(0.,0.,1.));
#1621=DIRECTION('ref_axis',(-0.866025403784437,-0.500000000000002,0.));
#1622=DIRECTION('',(0.,0.,-1.));
#1623=DIRECTION('',(0.,0.,1.));
#1624=DIRECTION('center_axis',(-0.258819045102521,-0.965925826289068,0.));
#1625=DIRECTION('ref_axis',(-0.683012701892222,0.183012701892227,0.707106781186543));
#1626=DIRECTION('',(0.258819045102521,0.965925826289068,0.));
#1627=DIRECTION('',(-0.258819045102521,-0.965925826289068,0.));
#1628=DIRECTION('center_axis',(-0.965925826289068,0.258819045102521,0.));
#1629=DIRECTION('ref_axis',(0.183012701892227,0.683012701892222,0.707106781186543));
#1630=DIRECTION('',(-0.965925826289068,0.258819045102521,0.));
#1631=DIRECTION('',(0.965925826289068,-0.258819045102521,0.));
#1632=DIRECTION('center_axis',(0.965925826289068,0.258819045102521,0.));
#1633=DIRECTION('ref_axis',(0.183012701892203,-0.683012701892226,0.707106781186546));
#1634=DIRECTION('',(0.965925826289068,0.258819045102521,0.));
#1635=DIRECTION('',(-0.965925826289068,-0.258819045102521,0.));
#1636=DIRECTION('center_axis',(1.,-1.35272909462584E-16,0.));
#1637=DIRECTION('ref_axis',(0.,-0.70710678118654,-0.707106781186555));
#1638=DIRECTION('',(-1.,1.35272909462584E-16,0.));
#1639=DIRECTION('center_axis',(0.965925826289068,-0.258819045102521,0.));
#1640=DIRECTION('ref_axis',(-0.183012701892227,-0.683012701892222,0.707106781186543));
#1641=DIRECTION('',(-0.965925826289068,0.258819045102521,0.));
#1642=DIRECTION('',(0.965925826289068,-0.258819045102521,0.));
#1643=DIRECTION('center_axis',(0.258819045102521,0.965925826289068,0.));
#1644=DIRECTION('ref_axis',(-0.965925826289068,0.258819045102521,0.));
#1645=DIRECTION('',(0.,0.,1.));
#1646=DIRECTION('center_axis',(-0.258819045102521,0.965925826289068,0.));
#1647=DIRECTION('ref_axis',(-0.965925826289068,-0.258819045102521,0.));
#1648=DIRECTION('',(0.,0.,1.));
#1649=DIRECTION('center_axis',(1.,5.9211894646675E-17,0.));
#1650=DIRECTION('ref_axis',(-5.9211894646675E-17,1.,0.));
#1651=DIRECTION('',(0.,0.,1.));
#1652=DIRECTION('center_axis',(0.,0.,1.));
#1653=DIRECTION('ref_axis',(-0.707106781186548,-0.707106781186547,0.));
#1654=DIRECTION('',(0.,0.,-1.));
#1655=DIRECTION('center_axis',(-0.258819045102521,-0.965925826289068,0.));
#1656=DIRECTION('ref_axis',(0.965925826289068,-0.258819045102521,0.));
#1657=DIRECTION('',(0.,0.,1.));
#1658=DIRECTION('center_axis',(-1.35272909462584E-16,-1.,0.));
#1659=DIRECTION('ref_axis',(1.,-1.35272909462584E-16,0.));
#1660=DIRECTION('',(0.,0.,1.));
#1661=DIRECTION('center_axis',(0.965925826289069,0.25881904510252,0.));
#1662=DIRECTION('ref_axis',(-0.25881904510252,0.965925826289068,0.));
#1663=DIRECTION('center_axis',(0.,1.,0.));
#1664=DIRECTION('ref_axis',(-1.,0.,0.));
#1665=DIRECTION('center_axis',(-0.965925826289068,0.258819045102521,0.));
#1666=DIRECTION('ref_axis',(-0.258819045102521,-0.965925826289068,0.));
#1667=DIRECTION('center_axis',(0.,0.,1.));
#1668=DIRECTION('ref_axis',(1.,0.,0.));
#1669=DIRECTION('center_axis',(1.,-1.53134210293125E-16,0.));
#1670=DIRECTION('ref_axis',(0.,-0.707106781186546,-0.707106781186549));
#1671=DIRECTION('',(1.,-1.53134210293125E-16,0.));
#1672=DIRECTION('center_axis',(1.53134210293125E-16,1.,0.));
#1673=DIRECTION('ref_axis',(-1.,1.53134210293125E-16,0.));
#1674=DIRECTION('',(0.,0.,1.));
#1675=DIRECTION('center_axis',(0.,0.,1.));
#1676=DIRECTION('ref_axis',(0.707106781186547,-0.707106781186548,0.));
#1677=DIRECTION('',(0.,0.,-1.));
#1678=DIRECTION('center_axis',(-1.,-1.83697019872103E-16,0.));
#1679=DIRECTION('ref_axis',(1.83697019872103E-16,-1.,0.));
#1680=DIRECTION('center_axis',(0.258819045102521,-0.965925826289068,0.));
#1681=DIRECTION('ref_axis',(0.965925826289068,0.258819045102521,0.));
#1682=DIRECTION('center_axis',(0.,0.,1.));
#1683=DIRECTION('ref_axis',(1.,8.35932630306001E-15,0.));
#1684=CARTESIAN_POINT('',(0.,0.,0.));
#1685=CARTESIAN_POINT('Origin',(7.,-7.,0.5));
#1686=CARTESIAN_POINT('',(4.875,-7.,0.5));
#1687=CARTESIAN_POINT('',(4.375,-7.,0.));
#1688=CARTESIAN_POINT('Origin',(4.375,-7.,0.5));
#1689=CARTESIAN_POINT('',(9.625,-7.,0.));
#1690=CARTESIAN_POINT('Origin',(7.,-7.,0.));
#1691=CARTESIAN_POINT('',(9.125,-7.,0.5));
#1692=CARTESIAN_POINT('Origin',(9.625,-7.,0.5));
#1693=CARTESIAN_POINT('Origin',(7.,-7.,0.5));
#1694=CARTESIAN_POINT('Origin',(9.625,-22.25,0.5));
#1695=CARTESIAN_POINT('',(9.625,-68.,0.));
#1696=CARTESIAN_POINT('',(9.125,-68.,0.5));
#1697=CARTESIAN_POINT('Origin',(9.625,-68.,0.5));
#1698=CARTESIAN_POINT('',(9.125,-22.25,0.5));
#1699=CARTESIAN_POINT('',(9.625,-22.25,0.));
#1700=CARTESIAN_POINT('Origin',(7.,-68.,0.5));
#1701=CARTESIAN_POINT('',(4.375,-68.,0.));
#1702=CARTESIAN_POINT('',(4.875,-68.,0.5));
#1703=CARTESIAN_POINT('Origin',(4.375,-68.,0.5));
#1704=CARTESIAN_POINT('Origin',(7.,-68.,0.5));
#1705=CARTESIAN_POINT('Origin',(7.,-68.,0.));
#1706=CARTESIAN_POINT('Origin',(4.375,-52.75,0.5));
#1707=CARTESIAN_POINT('',(4.875,-52.75,0.5));
#1708=CARTESIAN_POINT('',(4.375,-52.75,0.));
#1709=CARTESIAN_POINT('Origin',(4.875,-68.,0.));
#1710=CARTESIAN_POINT('',(4.875,-7.,4.5));
#1711=CARTESIAN_POINT('',(4.875,-7.,0.));
#1712=CARTESIAN_POINT('',(4.875,-68.,4.5));
#1713=CARTESIAN_POINT('',(4.875,-52.75,4.5));
#1714=CARTESIAN_POINT('',(4.875,-68.,0.));
#1715=CARTESIAN_POINT('Origin',(7.,-7.,0.));
#1716=CARTESIAN_POINT('',(9.125,-7.,4.5));
#1717=CARTESIAN_POINT('',(9.125,-7.,0.));
#1718=CARTESIAN_POINT('Origin',(7.,-7.,4.5));
#1719=CARTESIAN_POINT('Origin',(7.,-37.5,0.));
#1720=CARTESIAN_POINT('',(-58.0658262487938,-75.5,0.));
#1721=CARTESIAN_POINT('',(-72.6464466094067,-71.593134549229,0.));
#1722=CARTESIAN_POINT('',(-32.4939967110541,-82.3519510736237,0.));
#1723=CARTESIAN_POINT('',(-15.,-75.5,0.));
#1724=CARTESIAN_POINT('',(39.5,-75.5,0.));
#1725=CARTESIAN_POINT('',(0.500000000000011,-60.,0.));
#1726=CARTESIAN_POINT('Origin',(-15.,-60.,0.));
#1727=CARTESIAN_POINT('',(0.5,-0.499999999999998,0.));
#1728=CARTESIAN_POINT('',(0.500000000000004,-18.75,0.));
#1729=CARTESIAN_POINT('',(13.5,-0.499999999999998,0.));
#1730=CARTESIAN_POINT('',(10.5,-0.499999999999998,0.));
#1731=CARTESIAN_POINT('',(13.5,-60.,0.));
#1732=CARTESIAN_POINT('',(13.5,-56.25,0.));
#1733=CARTESIAN_POINT('',(29.,-75.5,0.));
#1734=CARTESIAN_POINT('Origin',(29.,-60.,0.));
#1735=CARTESIAN_POINT('',(72.0658262487937,-75.5,0.));
#1736=CARTESIAN_POINT('',(39.5,-75.5,0.));
#1737=CARTESIAN_POINT('',(86.6464466094068,-71.5931345492289,0.));
#1738=CARTESIAN_POINT('',(53.9939967110541,-80.3423321303902,0.));
#1739=CARTESIAN_POINT('',(87.6817227898168,-75.4568378543852,0.));
#1740=CARTESIAN_POINT('',(80.2994975111089,-47.905998041328,0.));
#1741=CARTESIAN_POINT('',(72.5924362391433,-79.5,0.));
#1742=CARTESIAN_POINT('',(47.2113565226764,-86.3008398130573,0.));
#1743=CARTESIAN_POINT('',(-58.5924362391433,-79.5,0.));
#1744=CARTESIAN_POINT('',(-25.8291312439685,-79.5,0.));
#1745=CARTESIAN_POINT('',(-73.6817227898168,-75.4568378543852,0.));
#1746=CARTESIAN_POINT('',(-41.0292728914642,-84.2060354355465,0.));
#1747=CARTESIAN_POINT('',(-65.6524498983526,-45.4911834756053,0.));
#1748=CARTESIAN_POINT('Origin',(7.,-7.,4.5));
#1749=CARTESIAN_POINT('',(4.375,-7.,5.));
#1750=CARTESIAN_POINT('Origin',(4.375,-7.,4.5));
#1751=CARTESIAN_POINT('',(9.625,-7.,5.));
#1752=CARTESIAN_POINT('Origin',(9.625,-7.,4.5));
#1753=CARTESIAN_POINT('Origin',(7.,-7.,5.));
#1754=CARTESIAN_POINT('Origin',(9.625,-22.25,4.5));
#1755=CARTESIAN_POINT('',(9.125,-68.,4.5));
#1756=CARTESIAN_POINT('',(9.625,-68.,5.));
#1757=CARTESIAN_POINT('Origin',(9.625,-68.,4.5));
#1758=CARTESIAN_POINT('',(9.625,-22.25,5.));
#1759=CARTESIAN_POINT('',(9.125,-22.25,4.5));
#1760=CARTESIAN_POINT('Origin',(7.,-68.,4.5));
#1761=CARTESIAN_POINT('',(4.375,-68.,5.));
#1762=CARTESIAN_POINT('Origin',(4.375,-68.,4.5));
#1763=CARTESIAN_POINT('Origin',(7.,-68.,5.));
#1764=CARTESIAN_POINT('Origin',(7.,-68.,4.5));
#1765=CARTESIAN_POINT('Origin',(4.375,-52.75,4.5));
#1766=CARTESIAN_POINT('',(4.375,-52.75,5.));
#1767=CARTESIAN_POINT('Origin',(9.125,-7.,0.));
#1768=CARTESIAN_POINT('',(9.125,-68.,0.));
#1769=CARTESIAN_POINT('Origin',(7.,-37.5,5.));
#1770=CARTESIAN_POINT('',(-6.55902849193292,-73.,5.));
#1771=CARTESIAN_POINT('',(0.500000000000011,-60.,5.));
#1772=CARTESIAN_POINT('Origin',(-15.,-60.,5.));
#1773=CARTESIAN_POINT('',(20.5590284920718,-73.0000000000361,5.));
#1774=CARTESIAN_POINT('',(39.5,-73.,5.));
#1775=CARTESIAN_POINT('',(13.5,-60.,5.));
#1776=CARTESIAN_POINT('Origin',(29.,-60.,5.));
#1777=CARTESIAN_POINT('',(13.5,-0.499999999999998,5.));
#1778=CARTESIAN_POINT('',(13.5,-56.25,5.));
#1779=CARTESIAN_POINT('',(0.5,-0.5,5.));
#1780=CARTESIAN_POINT('',(10.5,-0.5,5.));
#1781=CARTESIAN_POINT('',(0.500000000000003,-18.75,5.));
#1782=CARTESIAN_POINT('Origin',(-25.8291312439685,-79.5,9.5));
#1783=CARTESIAN_POINT('',(72.5924362391432,-79.5,10.));
#1784=CARTESIAN_POINT('',(-58.5924362391433,-79.5,10.));
#1785=CARTESIAN_POINT('',(-25.8291312439685,-79.5,10.));
#1786=CARTESIAN_POINT('',(-58.658262487937,-80.,9.5));
#1787=CARTESIAN_POINT('Origin',(-58.5924362391433,-79.5,9.5));
#1788=CARTESIAN_POINT('',(72.6582624879369,-80.,9.5));
#1789=CARTESIAN_POINT('',(-25.8291312439685,-80.,9.5));
#1790=CARTESIAN_POINT('Origin',(72.5924362391432,-79.5,9.5));
#1791=CARTESIAN_POINT('Origin',(-73.6817227898168,-75.4568378543852,9.5));
#1792=CARTESIAN_POINT('',(-74.1646857029613,-75.327428331834,9.5));
#1793=CARTESIAN_POINT('',(-73.6817227898168,-75.4568378543852,10.));
#1794=CARTESIAN_POINT('Origin',(-73.6817227898168,-75.4568378543852,9.5));
#1795=CARTESIAN_POINT('',(-73.8111323123681,-75.9398007675298,9.5));
#1796=CARTESIAN_POINT('Origin',(-73.6817227898168,-75.4568378543852,9.5));
#1797=CARTESIAN_POINT('Origin',(-73.6817227898168,-75.4568378543852,9.5));
#1798=CARTESIAN_POINT('Origin',(87.6817227898168,-75.4568378543852,9.5));
#1799=CARTESIAN_POINT('',(87.8111323123681,-75.9398007675298,9.5));
#1800=CARTESIAN_POINT('',(87.6817227898169,-75.4568378543852,10.));
#1801=CARTESIAN_POINT('Origin',(87.6817227898169,-75.4568378543852,9.5));
#1802=CARTESIAN_POINT('',(88.1646857029614,-75.327428331834,9.5));
#1803=CARTESIAN_POINT('Origin',(87.6817227898168,-75.4568378543852,9.5));
#1804=CARTESIAN_POINT('Origin',(87.6817227898168,-75.4568378543852,9.5));
#1805=CARTESIAN_POINT('Origin',(39.5,-75.5,9.5));
#1806=CARTESIAN_POINT('',(-58.0658262487938,-75.5,10.));
#1807=CARTESIAN_POINT('',(72.0658262487937,-75.5,10.));
#1808=CARTESIAN_POINT('',(39.5,-75.5,10.));
#1809=CARTESIAN_POINT('',(72.,-75.,9.5));
#1810=CARTESIAN_POINT('Origin',(72.0658262487937,-75.5,9.5));
#1811=CARTESIAN_POINT('',(-58.,-75.,9.5));
#1812=CARTESIAN_POINT('',(39.5,-75.,9.5));
#1813=CARTESIAN_POINT('Origin',(-58.0658262487938,-75.5,9.5));
#1814=CARTESIAN_POINT('Origin',(-72.6464466094067,-71.593134549229,9.5));
#1815=CARTESIAN_POINT('',(-72.5170370868555,-71.1101716360844,9.5));
#1816=CARTESIAN_POINT('',(-72.6464466094067,-71.5931345492289,10.));
#1817=CARTESIAN_POINT('Origin',(-72.6464466094067,-71.593134549229,9.5));
#1818=CARTESIAN_POINT('',(-73.1294095225513,-71.4637250266777,9.5));
#1819=CARTESIAN_POINT('Origin',(-72.6464466094067,-71.593134549229,9.5));
#1820=CARTESIAN_POINT('Origin',(-72.6464466094067,-71.5931345492289,9.5));
#1821=CARTESIAN_POINT('Origin',(-73.6817227898168,-75.4568378543852,0.5));
#1822=CARTESIAN_POINT('',(-74.1646857029613,-75.327428331834,0.5));
#1823=CARTESIAN_POINT('',(-73.8111323123681,-75.9398007675298,0.5));
#1824=CARTESIAN_POINT('Origin',(-73.6817227898168,-75.4568378543852,0.5));
#1825=CARTESIAN_POINT('Origin',(-73.6817227898168,-75.4568378543852,0.5));
#1826=CARTESIAN_POINT('Origin',(-73.6817227898168,-75.4568378543852,0.5));
#1827=CARTESIAN_POINT('Origin',(87.6817227898168,-75.4568378543852,0.5));
#1828=CARTESIAN_POINT('',(87.8111323123681,-75.9398007675298,0.5));
#1829=CARTESIAN_POINT('',(88.1646857029614,-75.327428331834,0.5));
#1830=CARTESIAN_POINT('Origin',(87.6817227898168,-75.4568378543852,0.5));
#1831=CARTESIAN_POINT('Origin',(87.6817227898168,-75.4568378543852,0.5));
#1832=CARTESIAN_POINT('Origin',(87.6817227898168,-75.4568378543852,0.5));
#1833=CARTESIAN_POINT('Origin',(47.2113565226764,-86.3008398130573,0.5));
#1834=CARTESIAN_POINT('',(72.6582624879369,-80.,0.5));
#1835=CARTESIAN_POINT('',(47.3407660452277,-86.7838027262018,0.5));
#1836=CARTESIAN_POINT('Origin',(72.5924362391433,-79.5,0.5));
#1837=CARTESIAN_POINT('Origin',(86.6464466094067,-71.593134549229,9.5));
#1838=CARTESIAN_POINT('',(87.1294095225513,-71.4637250266777,9.5));
#1839=CARTESIAN_POINT('',(86.6464466094068,-71.5931345492289,10.));
#1840=CARTESIAN_POINT('Origin',(86.6464466094068,-71.5931345492289,9.5));
#1841=CARTESIAN_POINT('',(86.5170370868555,-71.1101716360844,9.5));
#1842=CARTESIAN_POINT('Origin',(86.6464466094067,-71.593134549229,9.5));
#1843=CARTESIAN_POINT('Origin',(86.6464466094068,-71.5931345492289,9.5));
#1844=CARTESIAN_POINT('Origin',(-72.6464466094067,-71.593134549229,0.5));
#1845=CARTESIAN_POINT('',(-72.5170370868555,-71.1101716360844,0.5));
#1846=CARTESIAN_POINT('',(-73.1294095225513,-71.4637250266777,0.5));
#1847=CARTESIAN_POINT('Origin',(-72.6464466094067,-71.593134549229,0.5));
#1848=CARTESIAN_POINT('Origin',(-72.6464466094067,-71.593134549229,0.5));
#1849=CARTESIAN_POINT('Origin',(-72.6464466094067,-71.593134549229,0.5));
#1850=CARTESIAN_POINT('Origin',(86.6464466094068,-71.593134549229,0.5));
#1851=CARTESIAN_POINT('',(87.1294095225513,-71.4637250266777,0.5));
#1852=CARTESIAN_POINT('',(86.5170370868555,-71.1101716360844,0.5));
#1853=CARTESIAN_POINT('Origin',(86.6464466094067,-71.593134549229,0.5));
#1854=CARTESIAN_POINT('Origin',(86.6464466094068,-71.593134549229,0.5));
#1855=CARTESIAN_POINT('Origin',(86.6464466094067,-71.593134549229,0.5));
#1856=CARTESIAN_POINT('Origin',(80.2994975111089,-47.905998041328,0.5));
#1857=CARTESIAN_POINT('',(80.7824604242535,-47.7765885187767,0.5));
#1858=CARTESIAN_POINT('Origin',(-32.4939967110541,-82.3519510736237,0.5));
#1859=CARTESIAN_POINT('',(-58.,-75.,0.5));
#1860=CARTESIAN_POINT('',(-32.3645871885029,-81.8689881604791,0.5));
#1861=CARTESIAN_POINT('Origin',(-58.0658262487938,-75.5,0.5));
#1862=CARTESIAN_POINT('Origin',(53.9939967110541,-80.3423321303902,0.5));
#1863=CARTESIAN_POINT('',(72.,-75.,0.5));
#1864=CARTESIAN_POINT('',(53.8645871885029,-79.8593692172457,0.5));
#1865=CARTESIAN_POINT('Origin',(72.0658262487937,-75.5,0.5));
#1866=CARTESIAN_POINT('Origin',(0.5,-0.499999999999998,0.5));
#1867=CARTESIAN_POINT('',(0.5,0.,0.5));
#1868=CARTESIAN_POINT('',(6.93889390390723E-17,-0.5,0.5));
#1869=CARTESIAN_POINT('Origin',(0.5,-0.5,0.5));
#1870=CARTESIAN_POINT('Origin',(0.5,-0.499999999999998,0.5));
#1871=CARTESIAN_POINT('Origin',(0.5,-0.5,0.5));
#1872=CARTESIAN_POINT('Origin',(13.5,-0.499999999999998,0.5));
#1873=CARTESIAN_POINT('',(14.,-0.499999999999998,0.5));
#1874=CARTESIAN_POINT('',(13.5,0.,0.5));
#1875=CARTESIAN_POINT('Origin',(13.5,-0.499999999999998,0.5));
#1876=CARTESIAN_POINT('Origin',(13.5,-0.499999999999998,0.5));
#1877=CARTESIAN_POINT('Origin',(13.5,-0.499999999999998,0.5));
#1878=CARTESIAN_POINT('Origin',(39.5,-75.5,0.5));
#1879=CARTESIAN_POINT('',(29.,-75.,0.5));
#1880=CARTESIAN_POINT('Origin',(29.,-75.5,0.5));
#1881=CARTESIAN_POINT('',(39.5,-75.,0.5));
#1882=CARTESIAN_POINT('Origin',(29.,-60.,0.5));
#1883=CARTESIAN_POINT('',(14.,-60.,0.5));
#1884=CARTESIAN_POINT('Origin',(13.5,-60.,0.5));
#1885=CARTESIAN_POINT('Origin',(29.,-60.,0.5));
#1886=CARTESIAN_POINT('Origin',(13.5,-56.25,0.5));
#1887=CARTESIAN_POINT('',(14.,-56.25,0.5));
#1888=CARTESIAN_POINT('Origin',(10.5,-0.499999999999998,0.5));
#1889=CARTESIAN_POINT('',(10.5,0.,0.5));
#1890=CARTESIAN_POINT('Origin',(0.5,-0.5,4.5));
#1891=CARTESIAN_POINT('',(0.5,0.,4.5));
#1892=CARTESIAN_POINT('Origin',(0.5,-0.5,4.5));
#1893=CARTESIAN_POINT('',(1.16976339287734E-16,-0.5,4.5));
#1894=CARTESIAN_POINT('Origin',(0.5,-0.5,4.5));
#1895=CARTESIAN_POINT('Origin',(0.5,-0.5,4.5));
#1896=CARTESIAN_POINT('Origin',(0.5,-0.5,0.));
#1897=CARTESIAN_POINT('',(0.5,0.,0.));
#1898=CARTESIAN_POINT('',(6.93889390390723E-17,-0.5,0.));
#1899=CARTESIAN_POINT('Origin',(0.500000000000003,-18.75,4.5));
#1900=CARTESIAN_POINT('',(1.11022302462516E-14,-60.,4.5));
#1901=CARTESIAN_POINT('Origin',(0.500000000000011,-60.,4.5));
#1902=CARTESIAN_POINT('',(3.46944695195361E-15,-18.75,4.5));
#1903=CARTESIAN_POINT('Origin',(-15.,-60.,4.5));
#1904=CARTESIAN_POINT('',(-6.83131789541895,-72.5806451612903,4.5));
#1905=CARTESIAN_POINT('Origin',(-6.55902849193292,-73.,4.5));
#1906=CARTESIAN_POINT('Origin',(-15.,-60.,4.5));
#1907=CARTESIAN_POINT('Ctrl Pts',(-6.83131789541896,-72.5806451612903,4.5));
#1908=CARTESIAN_POINT('Ctrl Pts',(-7.33232850960596,-72.9059541089512,4.5));
#1909=CARTESIAN_POINT('Ctrl Pts',(-8.3790875065179,-73.4988193260169,4.63352951510582));
#1910=CARTESIAN_POINT('Ctrl Pts',(-9.99524209074679,-74.1755485827286,5.06701813217597));
#1911=CARTESIAN_POINT('Ctrl Pts',(-11.3676334176692,-74.5729102908789,5.54552598275735));
#1912=CARTESIAN_POINT('Ctrl Pts',(-12.4799448696133,-74.7949259607111,5.97150621837026));
#1913=CARTESIAN_POINT('Ctrl Pts',(-13.3165612685687,-74.9131688246979,6.30569442190636));
#1914=CARTESIAN_POINT('Ctrl Pts',(-14.1537908231954,-74.9839323613782,6.64882538969342));
#1915=CARTESIAN_POINT('Ctrl Pts',(-14.7099779057287,-74.9997572883485,6.87964129585969));
#1916=CARTESIAN_POINT('Ctrl Pts',(-14.9914260611982,-74.9999981581886,6.99644185063436));
#1917=CARTESIAN_POINT('Ctrl Pts',(-14.9957130379259,-75.,6.99822092508371));
#1918=CARTESIAN_POINT('Ctrl Pts',(-15.,-75.,7.));
#1919=CARTESIAN_POINT('Ctrl Pts',(-6.83131789541896,-72.5806451612903,4.63089969389957));
#1920=CARTESIAN_POINT('Ctrl Pts',(-7.32407260138003,-72.9009588192552,4.62140959489288));
#1921=CARTESIAN_POINT('Ctrl Pts',(-8.36118216320757,-73.4901039513788,4.73462611537418));
#1922=CARTESIAN_POINT('Ctrl Pts',(-9.97440018555846,-74.1685985642598,5.14007608730196));
#1923=CARTESIAN_POINT('Ctrl Pts',(-11.3499438251806,-74.5688885260171,5.59717697048844));
#1924=CARTESIAN_POINT('Ctrl Pts',(-12.466715703199,-74.7928912465173,6.00682020827422));
#1925=CARTESIAN_POINT('Ctrl Pts',(-13.3073653385772,-74.9123089823487,6.32908155041032));
#1926=CARTESIAN_POINT('Ctrl Pts',(-14.1490599305919,-74.9837987907396,6.66052069867002));
#1927=CARTESIAN_POINT('Ctrl Pts',(-14.7083633849787,-74.9997597524809,6.88365200022399));
#1928=CARTESIAN_POINT('Ctrl Pts',(-14.9913784614055,-74.9999980856863,6.99656046833932));
#1929=CARTESIAN_POINT('Ctrl Pts',(-14.9956892214699,-75.,6.9982802275809));
#1930=CARTESIAN_POINT('Ctrl Pts',(-15.,-75.,7.));
#1931=CARTESIAN_POINT('Ctrl Pts',(-6.7722458763657,-72.6716223961926,4.89152714300118));
#1932=CARTESIAN_POINT('Ctrl Pts',(-7.26185365546331,-72.9698640096742,4.86391058378201));
#1933=CARTESIAN_POINT('Ctrl Pts',(-8.29932539859182,-73.529937286478,4.93704488681387));
#1934=CARTESIAN_POINT('Ctrl Pts',(-9.92295641118471,-74.1862549836084,5.28654471502913));
#1935=CARTESIAN_POINT('Ctrl Pts',(-11.311150060212,-74.5771041538761,5.70073897511764));
#1936=CARTESIAN_POINT('Ctrl Pts',(-12.4392696669386,-74.7965411761061,6.07761677856805));
#1937=CARTESIAN_POINT('Ctrl Pts',(-13.2888460381435,-74.9137517537584,6.37596781345252));
#1938=CARTESIAN_POINT('Ctrl Pts',(-14.1396977578834,-74.984013960963,6.68396972740916));
#1939=CARTESIAN_POINT('Ctrl Pts',(-14.7051453761682,-74.9997567037946,6.89167983167687));
#1940=CARTESIAN_POINT('Ctrl Pts',(-14.9912831505024,-74.9999981926172,6.99679763901242));
#1941=CARTESIAN_POINT('Ctrl Pts',(-14.9956415885578,-75.,6.99839883257526));
#1942=CARTESIAN_POINT('Ctrl Pts',(-15.,-75.,7.));
#1943=CARTESIAN_POINT('Ctrl Pts',(-6.63031369106976,-72.8902131599552,5.));
#1944=CARTESIAN_POINT('Ctrl Pts',(-7.13847634802532,-73.1641091553034,4.98490433347306));
#1945=CARTESIAN_POINT('Ctrl Pts',(-8.20531317433888,-73.6732099629238,5.0693313479442));
#1946=CARTESIAN_POINT('Ctrl Pts',(-9.85986197798984,-74.2663236195005,5.40571003313304));
#1947=CARTESIAN_POINT('Ctrl Pts',(-11.2680386612172,-74.6188161491096,5.79402877153034));
#1948=CARTESIAN_POINT('Ctrl Pts',(-12.4103545604431,-74.8166507833004,6.14488025337524));
#1949=CARTESIAN_POINT('Ctrl Pts',(-13.2698928368286,-74.9222989544002,6.42183936019099));
#1950=CARTESIAN_POINT('Ctrl Pts',(-14.1302778997628,-74.9856188512878,6.70730324768598));
#1951=CARTESIAN_POINT('Ctrl Pts',(-14.7019209645749,-74.999784021459,6.89969520965612));
#1952=CARTESIAN_POINT('Ctrl Pts',(-14.9911879040435,-74.9999983365808,6.99703493490727));
#1953=CARTESIAN_POINT('Ctrl Pts',(-14.9955939556457,-75.,6.99851743756963));
#1954=CARTESIAN_POINT('Ctrl Pts',(-15.,-75.,7.));
#1955=CARTESIAN_POINT('Ctrl Pts',(-6.55902849193292,-73.,5.));
#1956=CARTESIAN_POINT('Ctrl Pts',(-7.07673945992615,-73.2689220633997,5.));
#1957=CARTESIAN_POINT('Ctrl Pts',(-8.15839042340182,-73.759023976174,5.10682361208466));
#1958=CARTESIAN_POINT('Ctrl Pts',(-9.82841682710501,-74.3184534950556,5.45361450574078));
#1959=CARTESIAN_POINT('Ctrl Pts',(-11.2465545315915,-74.6469391737932,5.83642078620589));
#1960=CARTESIAN_POINT('Ctrl Pts',(-12.3959430319337,-74.8304721275211,6.17720497469621));
#1961=CARTESIAN_POINT('Ctrl Pts',(-13.2604466441877,-74.9282195617502,6.4445555375251));
#1962=CARTESIAN_POINT('Ctrl Pts',(-14.1255838506353,-74.9867174187392,6.71906031175474));
#1963=CARTESIAN_POINT('Ctrl Pts',(-14.7003105025863,-74.9997993583679,6.90371303668778));
#1964=CARTESIAN_POINT('Ctrl Pts',(-14.9911402632382,-74.9999984774359,6.99715348050749));
#1965=CARTESIAN_POINT('Ctrl Pts',(-14.9955701391897,-75.,6.99857674006681));
#1966=CARTESIAN_POINT('Ctrl Pts',(-15.,-75.,7.));
#1967=CARTESIAN_POINT('',(-15.,-75.,7.));
#1968=CARTESIAN_POINT('Ctrl Pts',(-6.83131789541896,-72.5806451612903,4.5));
#1969=CARTESIAN_POINT('Ctrl Pts',(-7.33232850960596,-72.9059541089512,4.5));
#1970=CARTESIAN_POINT('Ctrl Pts',(-8.3790875065179,-73.4988193260169,4.63352951510582));
#1971=CARTESIAN_POINT('Ctrl Pts',(-9.99524209074679,-74.1755485827286,5.06701813217597));
#1972=CARTESIAN_POINT('Ctrl Pts',(-11.3676334176692,-74.5729102908789,5.54552598275735));
#1973=CARTESIAN_POINT('Ctrl Pts',(-12.4799448696133,-74.7949259607111,5.97150621837026));
#1974=CARTESIAN_POINT('Ctrl Pts',(-13.3165612685687,-74.9131688246979,6.30569442190636));
#1975=CARTESIAN_POINT('Ctrl Pts',(-14.1537908231954,-74.9839323613782,6.64882538969342));
#1976=CARTESIAN_POINT('Ctrl Pts',(-14.7099779057287,-74.9997572883485,6.87964129585969));
#1977=CARTESIAN_POINT('Ctrl Pts',(-14.9914260611982,-74.9999981581886,6.99644185063436));
#1978=CARTESIAN_POINT('Ctrl Pts',(-14.9957130379259,-75.,6.99822092508371));
#1979=CARTESIAN_POINT('Ctrl Pts',(-15.,-75.,7.));
#1980=CARTESIAN_POINT('Ctrl Pts',(-15.,-75.,7.));
#1981=CARTESIAN_POINT('Ctrl Pts',(-14.9955701391897,-75.,6.99857674006681));
#1982=CARTESIAN_POINT('Ctrl Pts',(-14.9911402632382,-74.9999984774359,6.99715348050749));
#1983=CARTESIAN_POINT('Ctrl Pts',(-14.7003105025863,-74.9997993583679,6.90371303668778));
#1984=CARTESIAN_POINT('Ctrl Pts',(-14.1255838506353,-74.9867174187392,6.71906031175474));
#1985=CARTESIAN_POINT('Ctrl Pts',(-13.2604466441877,-74.9282195617502,6.4445555375251));
#1986=CARTESIAN_POINT('Ctrl Pts',(-12.3959430319337,-74.8304721275211,6.17720497469621));
#1987=CARTESIAN_POINT('Ctrl Pts',(-11.2465545315915,-74.6469391737932,5.83642078620589));
#1988=CARTESIAN_POINT('Ctrl Pts',(-9.82841682710501,-74.3184534950556,5.45361450574078));
#1989=CARTESIAN_POINT('Ctrl Pts',(-8.15839042340182,-73.759023976174,5.10682361208466));
#1990=CARTESIAN_POINT('Ctrl Pts',(-7.07673945992615,-73.2689220633997,5.));
#1991=CARTESIAN_POINT('Ctrl Pts',(-6.55902849193292,-73.,5.));
#1992=CARTESIAN_POINT('Origin',(13.5,-0.499999999999998,4.5));
#1993=CARTESIAN_POINT('',(14.,-0.499999999999998,4.5));
#1994=CARTESIAN_POINT('Origin',(13.5,-0.499999999999998,4.5));
#1995=CARTESIAN_POINT('',(13.5,0.,4.5));
#1996=CARTESIAN_POINT('Origin',(13.5,-0.499999999999998,4.5));
#1997=CARTESIAN_POINT('Origin',(13.5,-0.5,4.5));
#1998=CARTESIAN_POINT('Origin',(13.5,-0.499999999999998,0.));
#1999=CARTESIAN_POINT('',(14.,-0.499999999999998,0.));
#2000=CARTESIAN_POINT('',(13.5,0.,0.));
#2001=CARTESIAN_POINT('Origin',(10.5,-0.5,4.5));
#2002=CARTESIAN_POINT('',(10.5,0.,4.5));
#2003=CARTESIAN_POINT('Ctrl Pts',(29.,-75.,7.));
#2004=CARTESIAN_POINT('Ctrl Pts',(28.9957130379185,-75.,6.99822092508043));
#2005=CARTESIAN_POINT('Ctrl Pts',(28.9914277480175,-74.9999982421107,6.99644073054464));
#2006=CARTESIAN_POINT('Ctrl Pts',(27.323235174489,-74.9985247203318,6.30515574825237));
#2007=CARTESIAN_POINT('Ctrl Pts',(25.0690745436967,-74.6260298624885,5.35709139814167));
#2008=CARTESIAN_POINT('Ctrl Pts',(22.3807631639748,-73.499085641022,4.63294847891918));
#2009=CARTESIAN_POINT('Ctrl Pts',(21.3323285097348,-72.9059541090273,4.50000000001212));
#2010=CARTESIAN_POINT('Ctrl Pts',(20.8313178955533,-72.5806451613776,4.5));
#2011=CARTESIAN_POINT('Ctrl Pts',(29.,-75.,7.));
#2012=CARTESIAN_POINT('Ctrl Pts',(28.9956700714651,-75.000010320431,6.99834055229112));
#2013=CARTESIAN_POINT('Ctrl Pts',(28.9913279025468,-74.9999880190035,6.99667697407499));
#2014=CARTESIAN_POINT('Ctrl Pts',(27.3049903585541,-74.999391808339,6.35155584953695));
#2015=CARTESIAN_POINT('Ctrl Pts',(25.0241236290466,-74.6145983658151,5.4660014981349));
#2016=CARTESIAN_POINT('Ctrl Pts',(22.3453196291323,-73.480886916868,4.83531512324953));
#2017=CARTESIAN_POINT('Ctrl Pts',(21.3163600659635,-72.8957550748674,4.74293049073027));
#2018=CARTESIAN_POINT('Ctrl Pts',(20.831317895549,-72.5806451613748,4.76179938779411));
#2019=CARTESIAN_POINT('Ctrl Pts',(29.,-75.,7.));
#2020=CARTESIAN_POINT('Ctrl Pts',(28.995622649052,-75.00002020594,6.9984580560453));
#2021=CARTESIAN_POINT('Ctrl Pts',(28.9912325163291,-74.9999782308571,6.99691541229344));
#2022=CARTESIAN_POINT('Ctrl Pts',(27.2863172363173,-75.0005049331318,6.39780453228992));
#2023=CARTESIAN_POINT('Ctrl Pts',(24.9807409112013,-74.6324813529647,5.5764896978317));
#2024=CARTESIAN_POINT('Ctrl Pts',(22.2539436412494,-73.587320432505,5.03221866255348));
#2025=CARTESIAN_POINT('Ctrl Pts',(21.200482003747,-73.0597511824141,4.97029700208016));
#2026=CARTESIAN_POINT('Ctrl Pts',(20.7015988903404,-72.7804263199852,4.99999999999208));
#2027=CARTESIAN_POINT('Ctrl Pts',(29.,-75.,7.));
#2028=CARTESIAN_POINT('Ctrl Pts',(28.995570139182,-75.,6.99857674006417));
#2029=CARTESIAN_POINT('Ctrl Pts',(28.9911420062848,-74.9999985468115,6.99715258443572));
#2030=CARTESIAN_POINT('Ctrl Pts',(27.2673430136386,-74.998780435474,6.44412459860178));
#2031=CARTESIAN_POINT('Ctrl Pts',(24.9380436951532,-74.6908513529905,5.68567311851335));
#2032=CARTESIAN_POINT('Ctrl Pts',(22.1601219361073,-73.7592441299114,5.10635878313533));
#2033=CARTESIAN_POINT('Ctrl Pts',(21.0767394600593,-73.2689220634625,5.0000000000097));
#2034=CARTESIAN_POINT('Ctrl Pts',(20.5590284920718,-73.0000000000721,5.));
#2035=CARTESIAN_POINT('',(20.8313178955533,-72.5806451613776,4.5));
#2036=CARTESIAN_POINT('Origin',(20.5590284920718,-73.0000000000902,4.5));
#2037=CARTESIAN_POINT('',(29.,-75.,7.));
#2038=CARTESIAN_POINT('Ctrl Pts',(20.5590284920718,-73.0000000000721,5.));
#2039=CARTESIAN_POINT('Ctrl Pts',(21.0767394600593,-73.2689220634625,5.0000000000097));
#2040=CARTESIAN_POINT('Ctrl Pts',(22.1601219361073,-73.7592441299114,5.10635878313533));
#2041=CARTESIAN_POINT('Ctrl Pts',(24.9380436951532,-74.6908513529905,5.68567311851335));
#2042=CARTESIAN_POINT('Ctrl Pts',(27.2673430136386,-74.998780435474,6.44412459860178));
#2043=CARTESIAN_POINT('Ctrl Pts',(28.9911420062848,-74.9999985468115,6.99715258443572));
#2044=CARTESIAN_POINT('Ctrl Pts',(28.995570139182,-75.,6.99857674006417));
#2045=CARTESIAN_POINT('Ctrl Pts',(29.,-75.,7.));
#2046=CARTESIAN_POINT('Ctrl Pts',(29.,-75.,7.));
#2047=CARTESIAN_POINT('Ctrl Pts',(28.9957130379185,-75.,6.99822092508043));
#2048=CARTESIAN_POINT('Ctrl Pts',(28.9914277480175,-74.9999982421107,6.99644073054464));
#2049=CARTESIAN_POINT('Ctrl Pts',(27.323235174489,-74.9985247203318,6.30515574825237));
#2050=CARTESIAN_POINT('Ctrl Pts',(25.0690745436967,-74.6260298624885,5.35709139814167));
#2051=CARTESIAN_POINT('Ctrl Pts',(22.3807631639748,-73.499085641022,4.63294847891918));
#2052=CARTESIAN_POINT('Ctrl Pts',(21.3323285097348,-72.9059541090273,4.50000000001212));
#2053=CARTESIAN_POINT('Ctrl Pts',(20.8313178955533,-72.5806451613776,4.5));
#2054=CARTESIAN_POINT('Origin',(29.,-60.,4.5));
#2055=CARTESIAN_POINT('',(14.,-60.,4.5));
#2056=CARTESIAN_POINT('Origin',(13.5,-60.,4.5));
#2057=CARTESIAN_POINT('Origin',(29.,-60.,4.5));
#2058=CARTESIAN_POINT('Origin',(13.5,-56.25,4.5));
#2059=CARTESIAN_POINT('',(14.,-56.25,4.5));
#2060=CARTESIAN_POINT('Origin',(0.500000000000004,-18.75,0.5));
#2061=CARTESIAN_POINT('',(1.11022302462516E-14,-60.,0.5));
#2062=CARTESIAN_POINT('Origin',(0.500000000000011,-60.,0.5));
#2063=CARTESIAN_POINT('',(3.46944695195361E-15,-18.75,0.5));
#2064=CARTESIAN_POINT('Origin',(-15.,-60.,0.5));
#2065=CARTESIAN_POINT('',(-15.,-75.,0.5));
#2066=CARTESIAN_POINT('Origin',(-15.,-75.5,0.5));
#2067=CARTESIAN_POINT('Origin',(-15.,-60.,0.5));
#2068=CARTESIAN_POINT('Origin',(39.5,-75.5,0.5));
#2069=CARTESIAN_POINT('',(39.5,-75.,0.5));
#2070=CARTESIAN_POINT('Origin',(86.6464466094067,-71.593134549229,0.));
#2071=CARTESIAN_POINT('',(87.1294095225513,-71.4637250266777,0.));
#2072=CARTESIAN_POINT('',(86.5170370868555,-71.1101716360844,0.));
#2073=CARTESIAN_POINT('Origin',(-65.6524498983526,-45.4911834756053,0.5));
#2074=CARTESIAN_POINT('',(-66.1354128114971,-45.361773953054,0.5));
#2075=CARTESIAN_POINT('Origin',(-72.6464466094067,-71.593134549229,0.));
#2076=CARTESIAN_POINT('',(-72.5170370868555,-71.1101716360844,0.));
#2077=CARTESIAN_POINT('',(-73.1294095225513,-71.4637250266777,0.));
#2078=CARTESIAN_POINT('Origin',(49.2451990789583,-81.6147686209291,9.5));
#2079=CARTESIAN_POINT('',(49.2451990789583,-81.6147686209291,10.));
#2080=CARTESIAN_POINT('',(49.1157895564071,-81.1318057077846,9.5));
#2081=CARTESIAN_POINT('Origin',(85.0482951432048,-65.6287520791724,9.5));
#2082=CARTESIAN_POINT('',(85.0482951432048,-65.6287520791724,10.));
#2083=CARTESIAN_POINT('',(85.5312580563493,-65.4993425566211,9.5));
#2084=CARTESIAN_POINT('Origin',(87.6817227898168,-75.4568378543852,0.));
#2085=CARTESIAN_POINT('',(87.8111323123681,-75.9398007675298,0.));
#2086=CARTESIAN_POINT('',(88.1646857029614,-75.327428331834,0.));
#2087=CARTESIAN_POINT('Origin',(-41.0292728914642,-84.2060354355465,0.5));
#2088=CARTESIAN_POINT('',(-58.658262487937,-80.,0.5));
#2089=CARTESIAN_POINT('',(-41.1586824140155,-84.688998348691,0.5));
#2090=CARTESIAN_POINT('Origin',(-58.5924362391433,-79.5,0.5));
#2091=CARTESIAN_POINT('Origin',(-73.6817227898168,-75.4568378543852,0.));
#2092=CARTESIAN_POINT('',(-74.1646857029613,-75.327428331834,0.));
#2093=CARTESIAN_POINT('',(-73.8111323123681,-75.9398007675298,0.));
#2094=CARTESIAN_POINT('Origin',(-70.4012475304484,-63.2139375134497,9.5));
#2095=CARTESIAN_POINT('',(-70.4012475304484,-63.2139375134497,10.));
#2096=CARTESIAN_POINT('',(-70.8842104435929,-63.0845279908984,9.5));
#2097=CARTESIAN_POINT('Origin',(-27.7451990789583,-83.6243875641625,9.5));
#2098=CARTESIAN_POINT('',(-27.615789556407,-83.141424651018,9.5));
#2099=CARTESIAN_POINT('',(-27.7451990789583,-83.6243875641625,10.));
#2100=CARTESIAN_POINT('Origin',(42.4625588905806,-87.5732763035962,9.5));
#2101=CARTESIAN_POINT('',(42.5919684131318,-88.0562392167407,9.5));
#2102=CARTESIAN_POINT('',(42.4625588905806,-87.5732763035962,10.));
#2103=CARTESIAN_POINT('Origin',(-25.8291312439685,-79.5,0.5));
#2104=CARTESIAN_POINT('',(-25.8291312439685,-80.,0.5));
#2105=CARTESIAN_POINT('Origin',(-36.2804752593684,-85.4784719260854,9.5));
#2106=CARTESIAN_POINT('',(-36.2804752593684,-85.4784719260854,10.));
#2107=CARTESIAN_POINT('',(-36.4098847819197,-85.96143483923,9.5));
#2108=CARTESIAN_POINT('Origin',(-58.,-75.,0.));
#2109=CARTESIAN_POINT('',(-58.,-75.,0.));
#2110=CARTESIAN_POINT('Origin',(87.,-70.9807621135332,0.));
#2111=CARTESIAN_POINT('',(72.,-75.,0.));
#2112=CARTESIAN_POINT('Origin',(14.,-75.,0.));
#2113=CARTESIAN_POINT('',(14.,-60.,0.));
#2114=CARTESIAN_POINT('Origin',(29.,-60.,0.));
#2115=CARTESIAN_POINT('',(29.,-75.,0.));
#2116=CARTESIAN_POINT('Origin',(-74.2940952255126,-75.8103912449785,0.));
#2117=CARTESIAN_POINT('',(-58.658262487937,-80.,0.));
#2118=CARTESIAN_POINT('Origin',(-58.658262487937,-80.,0.));
#2119=CARTESIAN_POINT('',(72.6582624879369,-80.,0.));
#2120=CARTESIAN_POINT('Origin',(88.2940952255126,-75.8103912449785,0.));
#2121=CARTESIAN_POINT('Origin',(14.,0.,0.));
#2122=CARTESIAN_POINT('Origin',(-73.,-70.9807621135332,0.));
#2123=CARTESIAN_POINT('Origin',(7.00000000000001,-75.4903810567666,10.));
#2124=CARTESIAN_POINT('Origin',(39.5,-73.,7.));
#2125=CARTESIAN_POINT('',(39.5,-75.,7.));
#2126=CARTESIAN_POINT('Origin',(72.,-75.,0.));
#2127=CARTESIAN_POINT('',(-15.,-75.,0.));
#2128=CARTESIAN_POINT('Origin',(-15.,-60.,0.));
#2129=CARTESIAN_POINT('',(1.11022302462516E-14,-60.,0.));
#2130=CARTESIAN_POINT('Origin',(0.,0.,0.));
#2131=CARTESIAN_POINT('Origin',(72.6582624879369,-80.,0.));
#2132=CARTESIAN_POINT('Origin',(7.,-68.,0.));
#2133=UNCERTAINTY_MEASURE_WITH_UNIT(LENGTH_MEASURE(0.01),#2137,
'DISTANCE_ACCURACY_VALUE',
'Maximum model space distance between geometric entities at asserted c
onnectivities');
#2134=UNCERTAINTY_MEASURE_WITH_UNIT(LENGTH_MEASURE(0.01),#2137,
'DISTANCE_ACCURACY_VALUE',
'Maximum model space distance between geometric entities at asserted c
onnectivities');
#2135=(
GEOMETRIC_REPRESENTATION_CONTEXT(3)
GLOBAL_UNCERTAINTY_ASSIGNED_CONTEXT((#2133))
GLOBAL_UNIT_ASSIGNED_CONTEXT((#2137,#2139,#2140))
REPRESENTATION_CONTEXT('','3D')
);
#2136=(
GEOMETRIC_REPRESENTATION_CONTEXT(3)
GLOBAL_UNCERTAINTY_ASSIGNED_CONTEXT((#2134))
GLOBAL_UNIT_ASSIGNED_CONTEXT((#2137,#2139,#2140))
REPRESENTATION_CONTEXT('','3D')
);
#2137=(
LENGTH_UNIT()
NAMED_UNIT(*)
SI_UNIT(.MILLI.,.METRE.)
);
#2138=(
LENGTH_UNIT()
NAMED_UNIT(*)
SI_UNIT(.CENTI.,.METRE.)
);
#2139=(
NAMED_UNIT(*)
PLANE_ANGLE_UNIT()
SI_UNIT($,.RADIAN.)
);
#2140=(
NAMED_UNIT(*)
SI_UNIT($,.STERADIAN.)
SOLID_ANGLE_UNIT()
);
#2141=SHAPE_DEFINITION_REPRESENTATION(#2142,#2143);
#2142=PRODUCT_DEFINITION_SHAPE('',$,#2145);
#2143=SHAPE_REPRESENTATION('',(#1151),#2135);
#2144=PRODUCT_DEFINITION_CONTEXT('part definition',#2149,'design');
#2145=PRODUCT_DEFINITION('BandeV2Joint3','BandeV2Joint3',#2146,#2144);
#2146=PRODUCT_DEFINITION_FORMATION('',$,#2151);
#2147=PRODUCT_RELATED_PRODUCT_CATEGORY('BandeV2Joint3','BandeV2Joint3',
(#2151));
#2148=APPLICATION_PROTOCOL_DEFINITION('international standard',
'automotive_design',2009,#2149);
#2149=APPLICATION_CONTEXT(
'Core Data for Automotive Mechanical Design Process');
#2150=PRODUCT_CONTEXT('part definition',#2149,'mechanical');
#2151=PRODUCT('BandeV2Joint3','BandeV2Joint3',$,(#2150));
#2152=PRESENTATION_STYLE_ASSIGNMENT((#2153));
#2153=SURFACE_STYLE_USAGE(.BOTH.,#2156);
#2154=SURFACE_STYLE_RENDERING_WITH_PROPERTIES($,#2160,(#2155));
#2155=SURFACE_STYLE_TRANSPARENT(0.);
#2156=SURFACE_SIDE_STYLE('',(#2157,#2154));
#2157=SURFACE_STYLE_FILL_AREA(#2158);
#2158=FILL_AREA_STYLE('',(#2159));
#2159=FILL_AREA_STYLE_COLOUR('',#2160);
#2160=COLOUR_RGB('',0.96078431372549,0.96078431372549,0.96078431372549);
ENDSEC;
END-ISO-10303-21;
