ISO-10303-21;
HEADER;
/* Generated by software containing ST-Developer
 * from STEP Tools, Inc. (www.steptools.com) 
 */

FILE_DESCRIPTION(
/* description */ (''),
/* implementation_level */ '2;1');

FILE_NAME(
/* name */ 'BandeV2Joint2.stp',
/* time_stamp */ '2026-06-25T19:53:13+02:00',
/* author */ ('frede'),
/* organization */ (''),
/* preprocessor_version */ 'ST-DEVELOPER v20.1',
/* originating_system */ 'Autodesk Inventor 2026',
/* authorisation */ '');

FILE_SCHEMA (('AUTOMOTIVE_DESIGN { 1 0 10303 214 3 1 1 }'));
ENDSEC;

DATA;
#10=MECHANICAL_DESIGN_GEOMETRIC_PRESENTATION_REPRESENTATION('',(#13),#2303);
#11=SHAPE_REPRESENTATION_RELATIONSHIP('SRR','None',#2310,#12);
#12=ADVANCED_BREP_SHAPE_REPRESENTATION('',(#14),#2302);
#13=STYLED_ITEM('',(#2319),#14);
#14=MANIFOLD_SOLID_BREP('Solid1',#1274);
#15=ELLIPSE('',#1401,0.707106781186546,0.5);
#16=ELLIPSE('',#1403,0.707106781186549,0.5);
#17=ELLIPSE('',#1414,0.707106781186549,0.5);
#18=ELLIPSE('',#1417,0.707106781186547,0.5);
#19=ELLIPSE('',#1435,0.577350269189626,0.5);
#20=ELLIPSE('',#1436,0.577350269189626,0.5);
#21=B_SPLINE_CURVE_WITH_KNOTS('',3,(#1973,#1974,#1975,#1976,#1977,#1978,
#1979,#1980,#1981,#1982,#1983,#1984,#1985,#1986),.UNSPECIFIED.,.F.,.F.,
(4,2,2,2,2,2,4),(-0.0818420953187128,-0.0636266026660175,-0.044721995927774,
-0.0243137177267063,-0.0122091818649834,0.,0.000344507301508978),
 .UNSPECIFIED.);
#22=B_SPLINE_CURVE_WITH_KNOTS('',3,(#2005,#2006,#2007,#2008,#2009,#2010,
#2011,#2012,#2013,#2014,#2015,#2016,#2017,#2018),.UNSPECIFIED.,.F.,.F.,
(4,2,2,2,2,2,4),(-0.164028697589812,-0.163684190288521,-0.151475008452617,
-0.139370472616751,-0.118962194459308,-0.100057587761478,-0.0818420951477224),
 .UNSPECIFIED.);
#23=B_SPLINE_CURVE_WITH_KNOTS('',3,(#2079,#2080,#2081,#2082,#2083,#2084,
#2085,#2086,#2087,#2088,#2089,#2090,#2091,#2092),.UNSPECIFIED.,.F.,.F.,
(4,2,2,2,2,2,4),(0.17351169069212,0.184305179444585,0.195098668197051,0.213521128158489,
0.231943588119926,0.253670885174045,0.261728008614441),.UNSPECIFIED.);
#24=B_SPLINE_CURVE_WITH_KNOTS('',3,(#2118,#2119,#2120,#2121,#2122,#2123,
#2124,#2125,#2126,#2127),.UNSPECIFIED.,.F.,.F.,(4,2,2,2,4),(-0.0893184145292948,
-0.0634706564639272,-0.0376228983985596,-0.0188114491992798,0.),
 .UNSPECIFIED.);
#25=SPHERICAL_SURFACE('',#1326,0.5);
#26=SPHERICAL_SURFACE('',#1334,0.5);
#27=SPHERICAL_SURFACE('',#1338,0.5);
#28=SPHERICAL_SURFACE('',#1343,0.499999999999998);
#29=SPHERICAL_SURFACE('',#1354,0.5);
#30=SPHERICAL_SURFACE('',#1359,0.5);
#31=SPHERICAL_SURFACE('',#1370,0.499999999999999);
#32=SPHERICAL_SURFACE('',#1376,0.5);
#33=SPHERICAL_SURFACE('',#1381,0.499999999999999);
#34=SPHERICAL_SURFACE('',#1386,0.5);
#35=SPHERICAL_SURFACE('',#1392,0.5);
#36=SPHERICAL_SURFACE('',#1396,0.5);
#37=FACE_BOUND('',#381,.T.);
#38=FACE_BOUND('',#388,.T.);
#39=FACE_BOUND('',#446,.T.);
#40=FACE_BOUND('',#449,.T.);
#41=FACE_BOUND('',#453,.T.);
#42=PLANE('',#1309);
#43=PLANE('',#1312);
#44=PLANE('',#1324);
#45=PLANE('',#1325);
#46=PLANE('',#1423);
#47=PLANE('',#1425);
#48=PLANE('',#1428);
#49=PLANE('',#1429);
#50=PLANE('',#1430);
#51=PLANE('',#1431);
#52=PLANE('',#1432);
#53=PLANE('',#1433);
#54=PLANE('',#1437);
#55=PLANE('',#1446);
#56=PLANE('',#1450);
#57=PLANE('',#1451);
#58=PLANE('',#1452);
#59=PLANE('',#1453);
#60=PLANE('',#1454);
#61=PLANE('',#1455);
#62=PLANE('',#1456);
#63=PLANE('',#1457);
#64=PLANE('',#1458);
#65=LINE('',#1900,#160);
#66=LINE('',#1901,#161);
#67=LINE('',#1909,#162);
#68=LINE('',#1910,#163);
#69=LINE('',#1913,#164);
#70=LINE('',#1915,#165);
#71=LINE('',#1916,#166);
#72=LINE('',#1919,#167);
#73=LINE('',#1924,#168);
#74=LINE('',#1926,#169);
#75=LINE('',#1928,#170);
#76=LINE('',#1929,#171);
#77=LINE('',#1940,#172);
#78=LINE('',#1941,#173);
#79=LINE('',#1948,#174);
#80=LINE('',#1950,#175);
#81=LINE('',#1954,#176);
#82=LINE('',#1956,#177);
#83=LINE('',#1958,#178);
#84=LINE('',#1959,#179);
#85=LINE('',#2002,#180);
#86=LINE('',#2004,#181);
#87=LINE('',#2029,#182);
#88=LINE('',#2037,#183);
#89=LINE('',#2038,#184);
#90=LINE('',#2047,#185);
#91=LINE('',#2048,#186);
#92=LINE('',#2060,#187);
#93=LINE('',#2061,#188);
#94=LINE('',#2068,#189);
#95=LINE('',#2093,#190);
#96=LINE('',#2094,#191);
#97=LINE('',#2096,#192);
#98=LINE('',#2097,#193);
#99=LINE('',#2106,#194);
#100=LINE('',#2107,#195);
#101=LINE('',#2128,#196);
#102=LINE('',#2129,#197);
#103=LINE('',#2138,#198);
#104=LINE('',#2139,#199);
#105=LINE('',#2141,#200);
#106=LINE('',#2142,#201);
#107=LINE('',#2159,#202);
#108=LINE('',#2161,#203);
#109=LINE('',#2165,#204);
#110=LINE('',#2168,#205);
#111=LINE('',#2170,#206);
#112=LINE('',#2171,#207);
#113=LINE('',#2173,#208);
#114=LINE('',#2174,#209);
#115=LINE('',#2176,#210);
#116=LINE('',#2177,#211);
#117=LINE('',#2179,#212);
#118=LINE('',#2180,#213);
#119=LINE('',#2182,#214);
#120=LINE('',#2183,#215);
#121=LINE('',#2185,#216);
#122=LINE('',#2186,#217);
#123=LINE('',#2188,#218);
#124=LINE('',#2189,#219);
#125=LINE('',#2191,#220);
#126=LINE('',#2192,#221);
#127=LINE('',#2194,#222);
#128=LINE('',#2197,#223);
#129=LINE('',#2198,#224);
#130=LINE('',#2201,#225);
#131=LINE('',#2203,#226);
#132=LINE('',#2205,#227);
#133=LINE('',#2209,#228);
#134=LINE('',#2217,#229);
#135=LINE('',#2219,#230);
#136=LINE('',#2221,#231);
#137=LINE('',#2224,#232);
#138=LINE('',#2236,#233);
#139=LINE('',#2239,#234);
#140=LINE('',#2242,#235);
#141=LINE('',#2244,#236);
#142=LINE('',#2245,#237);
#143=LINE('',#2256,#238);
#144=LINE('',#2263,#239);
#145=LINE('',#2265,#240);
#146=LINE('',#2267,#241);
#147=LINE('',#2268,#242);
#148=LINE('',#2269,#243);
#149=LINE('',#2275,#244);
#150=LINE('',#2279,#245);
#151=LINE('',#2281,#246);
#152=LINE('',#2283,#247);
#153=LINE('',#2285,#248);
#154=LINE('',#2287,#249);
#155=LINE('',#2288,#250);
#156=LINE('',#2290,#251);
#157=LINE('',#2291,#252);
#158=LINE('',#2293,#253);
#159=LINE('',#2296,#254);
#160=VECTOR('',#1477,10.);
#161=VECTOR('',#1478,10.);
#162=VECTOR('',#1489,10.);
#163=VECTOR('',#1490,10.);
#164=VECTOR('',#1493,10.);
#165=VECTOR('',#1494,10.);
#166=VECTOR('',#1495,10.);
#167=VECTOR('',#1498,10.);
#168=VECTOR('',#1503,10.);
#169=VECTOR('',#1504,10.);
#170=VECTOR('',#1505,10.);
#171=VECTOR('',#1506,10.);
#172=VECTOR('',#1519,10.);
#173=VECTOR('',#1520,10.);
#174=VECTOR('',#1531,10.);
#175=VECTOR('',#1534,10.);
#176=VECTOR('',#1537,10.);
#177=VECTOR('',#1538,10.);
#178=VECTOR('',#1539,10.);
#179=VECTOR('',#1540,10.);
#180=VECTOR('',#1575,10.);
#181=VECTOR('',#1576,10.);
#182=VECTOR('',#1589,10.);
#183=VECTOR('',#1600,10.);
#184=VECTOR('',#1601,10.);
#185=VECTOR('',#1612,10.);
#186=VECTOR('',#1613,10.);
#187=VECTOR('',#1626,10.);
#188=VECTOR('',#1627,10.);
#189=VECTOR('',#1638,10.);
#190=VECTOR('',#1649,10.);
#191=VECTOR('',#1650,10.);
#192=VECTOR('',#1653,10.);
#193=VECTOR('',#1654,10.);
#194=VECTOR('',#1665,10.);
#195=VECTOR('',#1666,10.);
#196=VECTOR('',#1677,10.);
#197=VECTOR('',#1678,10.);
#198=VECTOR('',#1689,10.);
#199=VECTOR('',#1690,10.);
#200=VECTOR('',#1693,10.);
#201=VECTOR('',#1694,10.);
#202=VECTOR('',#1713,10.);
#203=VECTOR('',#1714,10.);
#204=VECTOR('',#1719,10.);
#205=VECTOR('',#1722,10.);
#206=VECTOR('',#1725,10.);
#207=VECTOR('',#1726,10.);
#208=VECTOR('',#1729,10.);
#209=VECTOR('',#1730,10.);
#210=VECTOR('',#1733,10.);
#211=VECTOR('',#1734,10.);
#212=VECTOR('',#1737,10.);
#213=VECTOR('',#1738,10.);
#214=VECTOR('',#1741,10.);
#215=VECTOR('',#1742,10.);
#216=VECTOR('',#1745,10.);
#217=VECTOR('',#1746,10.);
#218=VECTOR('',#1749,10.);
#219=VECTOR('',#1750,10.);
#220=VECTOR('',#1753,10.);
#221=VECTOR('',#1754,10.);
#222=VECTOR('',#1757,10.);
#223=VECTOR('',#1760,10.);
#224=VECTOR('',#1761,10.);
#225=VECTOR('',#1766,10.);
#226=VECTOR('',#1769,10.);
#227=VECTOR('',#1770,10.);
#228=VECTOR('',#1775,10.);
#229=VECTOR('',#1788,10.);
#230=VECTOR('',#1791,10.);
#231=VECTOR('',#1794,10.);
#232=VECTOR('',#1797,10.);
#233=VECTOR('',#1814,10.);
#234=VECTOR('',#1817,10.);
#235=VECTOR('',#1820,10.);
#236=VECTOR('',#1821,10.);
#237=VECTOR('',#1822,10.);
#238=VECTOR('',#1835,2.2);
#239=VECTOR('',#1842,10.);
#240=VECTOR('',#1843,10.);
#241=VECTOR('',#1844,10.);
#242=VECTOR('',#1845,10.);
#243=VECTOR('',#1846,10.);
#244=VECTOR('',#1855,10.);
#245=VECTOR('',#1862,10.);
#246=VECTOR('',#1863,10.);
#247=VECTOR('',#1864,10.);
#248=VECTOR('',#1865,10.);
#249=VECTOR('',#1866,10.);
#250=VECTOR('',#1867,10.);
#251=VECTOR('',#1870,10.);
#252=VECTOR('',#1871,10.);
#253=VECTOR('',#1874,10.);
#254=VECTOR('',#1879,10.);
#255=CYLINDRICAL_SURFACE('',#1302,0.5);
#256=CYLINDRICAL_SURFACE('',#1308,0.5);
#257=CYLINDRICAL_SURFACE('',#1310,2.25);
#258=CYLINDRICAL_SURFACE('',#1317,0.5);
#259=CYLINDRICAL_SURFACE('',#1323,0.5);
#260=CYLINDRICAL_SURFACE('',#1342,0.5);
#261=CYLINDRICAL_SURFACE('',#1347,0.5);
#262=CYLINDRICAL_SURFACE('',#1353,0.5);
#263=CYLINDRICAL_SURFACE('',#1358,0.5);
#264=CYLINDRICAL_SURFACE('',#1363,0.5);
#265=CYLINDRICAL_SURFACE('',#1369,0.5);
#266=CYLINDRICAL_SURFACE('',#1374,0.5);
#267=CYLINDRICAL_SURFACE('',#1375,0.5);
#268=CYLINDRICAL_SURFACE('',#1380,0.5);
#269=CYLINDRICAL_SURFACE('',#1385,0.5);
#270=CYLINDRICAL_SURFACE('',#1390,0.5);
#271=CYLINDRICAL_SURFACE('',#1391,0.5);
#272=CYLINDRICAL_SURFACE('',#1400,0.5);
#273=CYLINDRICAL_SURFACE('',#1402,0.5);
#274=CYLINDRICAL_SURFACE('',#1404,0.5);
#275=CYLINDRICAL_SURFACE('',#1405,0.5);
#276=CYLINDRICAL_SURFACE('',#1406,0.5);
#277=CYLINDRICAL_SURFACE('',#1407,0.5);
#278=CYLINDRICAL_SURFACE('',#1408,0.5);
#279=CYLINDRICAL_SURFACE('',#1409,0.5);
#280=CYLINDRICAL_SURFACE('',#1410,0.5);
#281=CYLINDRICAL_SURFACE('',#1411,0.5);
#282=CYLINDRICAL_SURFACE('',#1412,0.5);
#283=CYLINDRICAL_SURFACE('',#1413,0.5);
#284=CYLINDRICAL_SURFACE('',#1415,0.5);
#285=CYLINDRICAL_SURFACE('',#1416,0.5);
#286=CYLINDRICAL_SURFACE('',#1418,0.5);
#287=CYLINDRICAL_SURFACE('',#1426,7.);
#288=CYLINDRICAL_SURFACE('',#1434,0.5);
#289=CYLINDRICAL_SURFACE('',#1443,2.2);
#290=CYLINDRICAL_SURFACE('',#1459,2.);
#291=CYLINDRICAL_SURFACE('',#1460,2.25);
#292=FACE_OUTER_BOUND('',#374,.T.);
#293=FACE_OUTER_BOUND('',#375,.T.);
#294=FACE_OUTER_BOUND('',#376,.T.);
#295=FACE_OUTER_BOUND('',#377,.T.);
#296=FACE_OUTER_BOUND('',#378,.T.);
#297=FACE_OUTER_BOUND('',#379,.T.);
#298=FACE_OUTER_BOUND('',#380,.T.);
#299=FACE_OUTER_BOUND('',#382,.T.);
#300=FACE_OUTER_BOUND('',#383,.T.);
#301=FACE_OUTER_BOUND('',#384,.T.);
#302=FACE_OUTER_BOUND('',#385,.T.);
#303=FACE_OUTER_BOUND('',#386,.T.);
#304=FACE_OUTER_BOUND('',#387,.T.);
#305=FACE_OUTER_BOUND('',#389,.T.);
#306=FACE_OUTER_BOUND('',#390,.T.);
#307=FACE_OUTER_BOUND('',#391,.T.);
#308=FACE_OUTER_BOUND('',#392,.T.);
#309=FACE_OUTER_BOUND('',#393,.T.);
#310=FACE_OUTER_BOUND('',#394,.T.);
#311=FACE_OUTER_BOUND('',#395,.T.);
#312=FACE_OUTER_BOUND('',#396,.T.);
#313=FACE_OUTER_BOUND('',#397,.T.);
#314=FACE_OUTER_BOUND('',#398,.T.);
#315=FACE_OUTER_BOUND('',#399,.T.);
#316=FACE_OUTER_BOUND('',#400,.T.);
#317=FACE_OUTER_BOUND('',#401,.T.);
#318=FACE_OUTER_BOUND('',#402,.T.);
#319=FACE_OUTER_BOUND('',#403,.T.);
#320=FACE_OUTER_BOUND('',#404,.T.);
#321=FACE_OUTER_BOUND('',#405,.T.);
#322=FACE_OUTER_BOUND('',#406,.T.);
#323=FACE_OUTER_BOUND('',#407,.T.);
#324=FACE_OUTER_BOUND('',#408,.T.);
#325=FACE_OUTER_BOUND('',#409,.T.);
#326=FACE_OUTER_BOUND('',#410,.T.);
#327=FACE_OUTER_BOUND('',#411,.T.);
#328=FACE_OUTER_BOUND('',#412,.T.);
#329=FACE_OUTER_BOUND('',#413,.T.);
#330=FACE_OUTER_BOUND('',#414,.T.);
#331=FACE_OUTER_BOUND('',#415,.T.);
#332=FACE_OUTER_BOUND('',#416,.T.);
#333=FACE_OUTER_BOUND('',#417,.T.);
#334=FACE_OUTER_BOUND('',#418,.T.);
#335=FACE_OUTER_BOUND('',#419,.T.);
#336=FACE_OUTER_BOUND('',#420,.T.);
#337=FACE_OUTER_BOUND('',#421,.T.);
#338=FACE_OUTER_BOUND('',#422,.T.);
#339=FACE_OUTER_BOUND('',#423,.T.);
#340=FACE_OUTER_BOUND('',#424,.T.);
#341=FACE_OUTER_BOUND('',#425,.T.);
#342=FACE_OUTER_BOUND('',#426,.T.);
#343=FACE_OUTER_BOUND('',#427,.T.);
#344=FACE_OUTER_BOUND('',#428,.T.);
#345=FACE_OUTER_BOUND('',#429,.T.);
#346=FACE_OUTER_BOUND('',#430,.T.);
#347=FACE_OUTER_BOUND('',#431,.T.);
#348=FACE_OUTER_BOUND('',#432,.T.);
#349=FACE_OUTER_BOUND('',#433,.T.);
#350=FACE_OUTER_BOUND('',#434,.T.);
#351=FACE_OUTER_BOUND('',#435,.T.);
#352=FACE_OUTER_BOUND('',#436,.T.);
#353=FACE_OUTER_BOUND('',#437,.T.);
#354=FACE_OUTER_BOUND('',#438,.T.);
#355=FACE_OUTER_BOUND('',#439,.T.);
#356=FACE_OUTER_BOUND('',#440,.T.);
#357=FACE_OUTER_BOUND('',#441,.T.);
#358=FACE_OUTER_BOUND('',#442,.T.);
#359=FACE_OUTER_BOUND('',#443,.T.);
#360=FACE_OUTER_BOUND('',#444,.T.);
#361=FACE_OUTER_BOUND('',#445,.T.);
#362=FACE_OUTER_BOUND('',#447,.T.);
#363=FACE_OUTER_BOUND('',#448,.T.);
#364=FACE_OUTER_BOUND('',#450,.T.);
#365=FACE_OUTER_BOUND('',#451,.T.);
#366=FACE_OUTER_BOUND('',#452,.T.);
#367=FACE_OUTER_BOUND('',#454,.T.);
#368=FACE_OUTER_BOUND('',#455,.T.);
#369=FACE_OUTER_BOUND('',#456,.T.);
#370=FACE_OUTER_BOUND('',#457,.T.);
#371=FACE_OUTER_BOUND('',#458,.T.);
#372=FACE_OUTER_BOUND('',#459,.T.);
#373=FACE_OUTER_BOUND('',#460,.T.);
#374=EDGE_LOOP('',(#820,#821,#822,#823));
#375=EDGE_LOOP('',(#824,#825,#826,#827));
#376=EDGE_LOOP('',(#828,#829,#830,#831));
#377=EDGE_LOOP('',(#832,#833,#834,#835));
#378=EDGE_LOOP('',(#836,#837,#838,#839));
#379=EDGE_LOOP('',(#840,#841,#842,#843));
#380=EDGE_LOOP('',(#844,#845,#846,#847));
#381=EDGE_LOOP('',(#848,#849,#850,#851));
#382=EDGE_LOOP('',(#852,#853,#854,#855));
#383=EDGE_LOOP('',(#856,#857,#858,#859));
#384=EDGE_LOOP('',(#860,#861,#862,#863));
#385=EDGE_LOOP('',(#864,#865,#866,#867));
#386=EDGE_LOOP('',(#868,#869,#870,#871));
#387=EDGE_LOOP('',(#872,#873,#874,#875));
#388=EDGE_LOOP('',(#876,#877,#878,#879));
#389=EDGE_LOOP('',(#880,#881,#882));
#390=EDGE_LOOP('',(#883,#884,#885,#886));
#391=EDGE_LOOP('',(#887,#888,#889));
#392=EDGE_LOOP('',(#890,#891,#892));
#393=EDGE_LOOP('',(#893,#894,#895,#896));
#394=EDGE_LOOP('',(#897,#898,#899));
#395=EDGE_LOOP('',(#900,#901,#902,#903));
#396=EDGE_LOOP('',(#904,#905,#906,#907));
#397=EDGE_LOOP('',(#908,#909,#910,#911));
#398=EDGE_LOOP('',(#912,#913,#914));
#399=EDGE_LOOP('',(#915,#916,#917,#918));
#400=EDGE_LOOP('',(#919,#920,#921));
#401=EDGE_LOOP('',(#922,#923,#924,#925));
#402=EDGE_LOOP('',(#926,#927,#928,#929));
#403=EDGE_LOOP('',(#930,#931,#932,#933));
#404=EDGE_LOOP('',(#934,#935,#936));
#405=EDGE_LOOP('',(#937,#938,#939,#940));
#406=EDGE_LOOP('',(#941,#942,#943,#944));
#407=EDGE_LOOP('',(#945,#946,#947));
#408=EDGE_LOOP('',(#948,#949,#950,#951));
#409=EDGE_LOOP('',(#952,#953,#954));
#410=EDGE_LOOP('',(#955,#956,#957,#958));
#411=EDGE_LOOP('',(#959,#960,#961));
#412=EDGE_LOOP('',(#962,#963,#964,#965));
#413=EDGE_LOOP('',(#966,#967,#968,#969));
#414=EDGE_LOOP('',(#970,#971,#972));
#415=EDGE_LOOP('',(#973,#974,#975));
#416=EDGE_LOOP('',(#976,#977,#978,#979));
#417=EDGE_LOOP('',(#980,#981,#982,#983));
#418=EDGE_LOOP('',(#984,#985,#986,#987));
#419=EDGE_LOOP('',(#988,#989,#990,#991));
#420=EDGE_LOOP('',(#992,#993,#994,#995));
#421=EDGE_LOOP('',(#996,#997,#998,#999));
#422=EDGE_LOOP('',(#1000,#1001,#1002,#1003));
#423=EDGE_LOOP('',(#1004,#1005,#1006,#1007));
#424=EDGE_LOOP('',(#1008,#1009,#1010,#1011));
#425=EDGE_LOOP('',(#1012,#1013,#1014,#1015));
#426=EDGE_LOOP('',(#1016,#1017,#1018,#1019));
#427=EDGE_LOOP('',(#1020,#1021,#1022,#1023));
#428=EDGE_LOOP('',(#1024,#1025,#1026,#1027));
#429=EDGE_LOOP('',(#1028,#1029,#1030,#1031));
#430=EDGE_LOOP('',(#1032,#1033,#1034,#1035));
#431=EDGE_LOOP('',(#1036,#1037,#1038,#1039));
#432=EDGE_LOOP('',(#1040,#1041,#1042,#1043,#1044));
#433=EDGE_LOOP('',(#1045,#1046,#1047,#1048));
#434=EDGE_LOOP('',(#1049,#1050,#1051,#1052,#1053,#1054,#1055,#1056,#1057,
#1058));
#435=EDGE_LOOP('',(#1059,#1060,#1061,#1062));
#436=EDGE_LOOP('',(#1063,#1064,#1065,#1066,#1067,#1068,#1069,#1070,#1071));
#437=EDGE_LOOP('',(#1072,#1073,#1074,#1075,#1076,#1077,#1078,#1079,#1080));
#438=EDGE_LOOP('',(#1081,#1082,#1083,#1084));
#439=EDGE_LOOP('',(#1085,#1086,#1087,#1088));
#440=EDGE_LOOP('',(#1089,#1090,#1091,#1092,#1093,#1094,#1095,#1096));
#441=EDGE_LOOP('',(#1097,#1098,#1099,#1100));
#442=EDGE_LOOP('',(#1101,#1102,#1103,#1104));
#443=EDGE_LOOP('',(#1105,#1106,#1107,#1108,#1109));
#444=EDGE_LOOP('',(#1110,#1111,#1112,#1113,#1114,#1115));
#445=EDGE_LOOP('',(#1116,#1117,#1118,#1119,#1120,#1121));
#446=EDGE_LOOP('',(#1122));
#447=EDGE_LOOP('',(#1123,#1124,#1125,#1126,#1127));
#448=EDGE_LOOP('',(#1128,#1129,#1130,#1131));
#449=EDGE_LOOP('',(#1132));
#450=EDGE_LOOP('',(#1133,#1134,#1135,#1136,#1137));
#451=EDGE_LOOP('',(#1138,#1139,#1140,#1141));
#452=EDGE_LOOP('',(#1142,#1143,#1144,#1145));
#453=EDGE_LOOP('',(#1146,#1147,#1148,#1149,#1150,#1151));
#454=EDGE_LOOP('',(#1152,#1153,#1154,#1155));
#455=EDGE_LOOP('',(#1156,#1157,#1158,#1159));
#456=EDGE_LOOP('',(#1160,#1161,#1162,#1163,#1164));
#457=EDGE_LOOP('',(#1165,#1166,#1167,#1168,#1169));
#458=EDGE_LOOP('',(#1170,#1171,#1172,#1173));
#459=EDGE_LOOP('',(#1174,#1175,#1176,#1177));
#460=EDGE_LOOP('',(#1178,#1179,#1180,#1181));
#461=CIRCLE('',#1298,0.5);
#462=CIRCLE('',#1299,2.75);
#463=CIRCLE('',#1300,0.5);
#464=CIRCLE('',#1301,2.25);
#465=CIRCLE('',#1303,0.5);
#466=CIRCLE('',#1305,0.5);
#467=CIRCLE('',#1306,2.25);
#468=CIRCLE('',#1307,2.75);
#469=CIRCLE('',#1311,2.25);
#470=CIRCLE('',#1314,0.5);
#471=CIRCLE('',#1315,0.5);
#472=CIRCLE('',#1316,2.75);
#473=CIRCLE('',#1318,0.5);
#474=CIRCLE('',#1320,0.5);
#475=CIRCLE('',#1321,2.75);
#476=CIRCLE('',#1322,2.25);
#477=CIRCLE('',#1327,0.5);
#478=CIRCLE('',#1328,0.5);
#479=CIRCLE('',#1329,0.5);
#480=CIRCLE('',#1331,6.5);
#481=CIRCLE('',#1332,0.499999999999998);
#482=CIRCLE('',#1333,7.);
#483=CIRCLE('',#1335,0.5);
#484=CIRCLE('',#1336,0.5);
#485=CIRCLE('',#1337,0.499999999999998);
#486=CIRCLE('',#1339,0.5);
#487=CIRCLE('',#1340,0.5);
#488=CIRCLE('',#1341,0.499999999999998);
#489=CIRCLE('',#1344,0.5);
#490=CIRCLE('',#1345,0.499999999999998);
#491=CIRCLE('',#1346,0.5);
#492=CIRCLE('',#1348,0.5);
#493=CIRCLE('',#1350,0.499999999999998);
#494=CIRCLE('',#1351,2.5);
#495=CIRCLE('',#1352,2.);
#496=CIRCLE('',#1355,0.5);
#497=CIRCLE('',#1356,0.5);
#498=CIRCLE('',#1357,0.499999999999998);
#499=CIRCLE('',#1360,0.499999999999998);
#500=CIRCLE('',#1361,0.5);
#501=CIRCLE('',#1362,0.5);
#502=CIRCLE('',#1364,0.500000000000007);
#503=CIRCLE('',#1366,0.5);
#504=CIRCLE('',#1367,2.5);
#505=CIRCLE('',#1368,2.);
#506=CIRCLE('',#1371,0.5);
#507=CIRCLE('',#1372,0.499999999999999);
#508=CIRCLE('',#1373,0.499999999999998);
#509=CIRCLE('',#1377,0.5);
#510=CIRCLE('',#1378,0.5);
#511=CIRCLE('',#1379,0.499999999999998);
#512=CIRCLE('',#1382,0.499999999999999);
#513=CIRCLE('',#1383,0.499999999999999);
#514=CIRCLE('',#1384,0.499999999999998);
#515=CIRCLE('',#1387,0.5);
#516=CIRCLE('',#1388,0.5);
#517=CIRCLE('',#1389,0.499999999999998);
#518=CIRCLE('',#1393,0.5);
#519=CIRCLE('',#1394,0.5);
#520=CIRCLE('',#1395,0.499999999999998);
#521=CIRCLE('',#1397,0.5);
#522=CIRCLE('',#1398,0.5);
#523=CIRCLE('',#1399,0.499999999999998);
#524=CIRCLE('',#1419,0.5);
#525=CIRCLE('',#1421,7.);
#526=CIRCLE('',#1422,6.5);
#527=CIRCLE('',#1424,7.);
#528=CIRCLE('',#1427,7.);
#529=CIRCLE('',#1439,2.7);
#530=CIRCLE('',#1440,0.5);
#531=CIRCLE('',#1441,2.2);
#532=CIRCLE('',#1442,2.2);
#533=CIRCLE('',#1444,2.2);
#534=CIRCLE('',#1445,2.2);
#535=CIRCLE('',#1448,2.7);
#536=CIRCLE('',#1449,0.5);
#537=VERTEX_POINT('',#1888);
#538=VERTEX_POINT('',#1889);
#539=VERTEX_POINT('',#1891);
#540=VERTEX_POINT('',#1893);
#541=VERTEX_POINT('',#1897);
#542=VERTEX_POINT('',#1898);
#543=VERTEX_POINT('',#1903);
#544=VERTEX_POINT('',#1904);
#545=VERTEX_POINT('',#1912);
#546=VERTEX_POINT('',#1914);
#547=VERTEX_POINT('',#1918);
#548=VERTEX_POINT('',#1922);
#549=VERTEX_POINT('',#1923);
#550=VERTEX_POINT('',#1925);
#551=VERTEX_POINT('',#1927);
#552=VERTEX_POINT('',#1931);
#553=VERTEX_POINT('',#1933);
#554=VERTEX_POINT('',#1937);
#555=VERTEX_POINT('',#1938);
#556=VERTEX_POINT('',#1943);
#557=VERTEX_POINT('',#1952);
#558=VERTEX_POINT('',#1953);
#559=VERTEX_POINT('',#1955);
#560=VERTEX_POINT('',#1957);
#561=VERTEX_POINT('',#1961);
#562=VERTEX_POINT('',#1963);
#563=VERTEX_POINT('',#1967);
#564=VERTEX_POINT('',#1968);
#565=VERTEX_POINT('',#1971);
#566=VERTEX_POINT('',#1988);
#567=VERTEX_POINT('',#1989);
#568=VERTEX_POINT('',#1994);
#569=VERTEX_POINT('',#1995);
#570=VERTEX_POINT('',#1997);
#571=VERTEX_POINT('',#2001);
#572=VERTEX_POINT('',#2003);
#573=VERTEX_POINT('',#2020);
#574=VERTEX_POINT('',#2021);
#575=VERTEX_POINT('',#2023);
#576=VERTEX_POINT('',#2027);
#577=VERTEX_POINT('',#2031);
#578=VERTEX_POINT('',#2032);
#579=VERTEX_POINT('',#2040);
#580=VERTEX_POINT('',#2041);
#581=VERTEX_POINT('',#2043);
#582=VERTEX_POINT('',#2050);
#583=VERTEX_POINT('',#2051);
#584=VERTEX_POINT('',#2053);
#585=VERTEX_POINT('',#2057);
#586=VERTEX_POINT('',#2058);
#587=VERTEX_POINT('',#2063);
#588=VERTEX_POINT('',#2070);
#589=VERTEX_POINT('',#2071);
#590=VERTEX_POINT('',#2073);
#591=VERTEX_POINT('',#2077);
#592=VERTEX_POINT('',#2078);
#593=VERTEX_POINT('',#2099);
#594=VERTEX_POINT('',#2100);
#595=VERTEX_POINT('',#2102);
#596=VERTEX_POINT('',#2109);
#597=VERTEX_POINT('',#2110);
#598=VERTEX_POINT('',#2112);
#599=VERTEX_POINT('',#2116);
#600=VERTEX_POINT('',#2117);
#601=VERTEX_POINT('',#2131);
#602=VERTEX_POINT('',#2132);
#603=VERTEX_POINT('',#2134);
#604=VERTEX_POINT('',#2144);
#605=VERTEX_POINT('',#2145);
#606=VERTEX_POINT('',#2147);
#607=VERTEX_POINT('',#2151);
#608=VERTEX_POINT('',#2152);
#609=VERTEX_POINT('',#2154);
#610=VERTEX_POINT('',#2158);
#611=VERTEX_POINT('',#2160);
#612=VERTEX_POINT('',#2164);
#613=VERTEX_POINT('',#2166);
#614=VERTEX_POINT('',#2196);
#615=VERTEX_POINT('',#2204);
#616=VERTEX_POINT('',#2208);
#617=VERTEX_POINT('',#2215);
#618=VERTEX_POINT('',#2222);
#619=VERTEX_POINT('',#2232);
#620=VERTEX_POINT('',#2233);
#621=VERTEX_POINT('',#2235);
#622=VERTEX_POINT('',#2237);
#623=VERTEX_POINT('',#2241);
#624=VERTEX_POINT('',#2243);
#625=VERTEX_POINT('',#2247);
#626=VERTEX_POINT('',#2249);
#627=VERTEX_POINT('',#2251);
#628=VERTEX_POINT('',#2255);
#629=VERTEX_POINT('',#2257);
#630=VERTEX_POINT('',#2261);
#631=VERTEX_POINT('',#2262);
#632=VERTEX_POINT('',#2264);
#633=VERTEX_POINT('',#2266);
#634=VERTEX_POINT('',#2271);
#635=VERTEX_POINT('',#2280);
#636=VERTEX_POINT('',#2282);
#637=VERTEX_POINT('',#2284);
#638=VERTEX_POINT('',#2286);
#639=EDGE_CURVE('',#537,#538,#461,.T.);
#640=EDGE_CURVE('',#538,#539,#462,.T.);
#641=EDGE_CURVE('',#539,#540,#463,.T.);
#642=EDGE_CURVE('',#540,#537,#464,.T.);
#643=EDGE_CURVE('',#541,#542,#465,.T.);
#644=EDGE_CURVE('',#542,#540,#65,.T.);
#645=EDGE_CURVE('',#539,#541,#66,.T.);
#646=EDGE_CURVE('',#543,#544,#466,.T.);
#647=EDGE_CURVE('',#544,#542,#467,.T.);
#648=EDGE_CURVE('',#541,#543,#468,.T.);
#649=EDGE_CURVE('',#537,#544,#67,.T.);
#650=EDGE_CURVE('',#543,#538,#68,.T.);
#651=EDGE_CURVE('',#537,#545,#69,.T.);
#652=EDGE_CURVE('',#546,#545,#70,.T.);
#653=EDGE_CURVE('',#544,#546,#71,.T.);
#654=EDGE_CURVE('',#540,#547,#72,.T.);
#655=EDGE_CURVE('',#545,#547,#469,.T.);
#656=EDGE_CURVE('',#548,#549,#73,.T.);
#657=EDGE_CURVE('',#550,#548,#74,.T.);
#658=EDGE_CURVE('',#551,#550,#75,.T.);
#659=EDGE_CURVE('',#549,#551,#76,.T.);
#660=EDGE_CURVE('',#552,#545,#470,.T.);
#661=EDGE_CURVE('',#547,#553,#471,.T.);
#662=EDGE_CURVE('',#553,#552,#472,.T.);
#663=EDGE_CURVE('',#554,#555,#473,.T.);
#664=EDGE_CURVE('',#555,#553,#77,.T.);
#665=EDGE_CURVE('',#547,#554,#78,.T.);
#666=EDGE_CURVE('',#546,#556,#474,.T.);
#667=EDGE_CURVE('',#556,#555,#475,.T.);
#668=EDGE_CURVE('',#554,#546,#476,.T.);
#669=EDGE_CURVE('',#552,#556,#79,.T.);
#670=EDGE_CURVE('',#542,#554,#80,.T.);
#671=EDGE_CURVE('',#557,#558,#81,.T.);
#672=EDGE_CURVE('',#557,#559,#82,.T.);
#673=EDGE_CURVE('',#560,#559,#83,.T.);
#674=EDGE_CURVE('',#558,#560,#84,.T.);
#675=EDGE_CURVE('',#548,#561,#477,.F.);
#676=EDGE_CURVE('',#562,#548,#478,.F.);
#677=EDGE_CURVE('',#561,#562,#479,.F.);
#678=EDGE_CURVE('',#563,#564,#480,.T.);
#679=EDGE_CURVE('',#564,#558,#481,.T.);
#680=EDGE_CURVE('',#558,#565,#482,.T.);
#681=EDGE_CURVE('',#565,#563,#21,.T.);
#682=EDGE_CURVE('',#566,#567,#483,.F.);
#683=EDGE_CURVE('',#550,#566,#484,.F.);
#684=EDGE_CURVE('',#567,#550,#485,.F.);
#685=EDGE_CURVE('',#568,#569,#486,.F.);
#686=EDGE_CURVE('',#570,#568,#487,.F.);
#687=EDGE_CURVE('',#569,#570,#488,.F.);
#688=EDGE_CURVE('',#571,#570,#85,.T.);
#689=EDGE_CURVE('',#568,#572,#86,.T.);
#690=EDGE_CURVE('',#571,#572,#22,.T.);
#691=EDGE_CURVE('',#573,#574,#489,.F.);
#692=EDGE_CURVE('',#575,#573,#490,.F.);
#693=EDGE_CURVE('',#574,#575,#491,.F.);
#694=EDGE_CURVE('',#549,#576,#492,.T.);
#695=EDGE_CURVE('',#576,#562,#87,.T.);
#696=EDGE_CURVE('',#577,#578,#493,.T.);
#697=EDGE_CURVE('',#578,#576,#494,.T.);
#698=EDGE_CURVE('',#549,#577,#495,.T.);
#699=EDGE_CURVE('',#573,#578,#88,.T.);
#700=EDGE_CURVE('',#577,#575,#89,.T.);
#701=EDGE_CURVE('',#579,#580,#496,.F.);
#702=EDGE_CURVE('',#581,#579,#497,.F.);
#703=EDGE_CURVE('',#580,#581,#498,.F.);
#704=EDGE_CURVE('',#565,#581,#90,.T.);
#705=EDGE_CURVE('',#579,#563,#91,.T.);
#706=EDGE_CURVE('',#582,#583,#499,.F.);
#707=EDGE_CURVE('',#584,#582,#500,.F.);
#708=EDGE_CURVE('',#583,#584,#501,.F.);
#709=EDGE_CURVE('',#585,#586,#502,.T.);
#710=EDGE_CURVE('',#586,#584,#92,.T.);
#711=EDGE_CURVE('',#582,#585,#93,.T.);
#712=EDGE_CURVE('',#551,#587,#503,.T.);
#713=EDGE_CURVE('',#587,#586,#504,.T.);
#714=EDGE_CURVE('',#585,#551,#505,.T.);
#715=EDGE_CURVE('',#566,#587,#94,.T.);
#716=EDGE_CURVE('',#588,#589,#506,.F.);
#717=EDGE_CURVE('',#590,#588,#507,.F.);
#718=EDGE_CURVE('',#589,#590,#508,.F.);
#719=EDGE_CURVE('',#591,#592,#23,.F.);
#720=EDGE_CURVE('',#592,#590,#95,.T.);
#721=EDGE_CURVE('',#588,#591,#96,.T.);
#722=EDGE_CURVE('',#569,#589,#97,.T.);
#723=EDGE_CURVE('',#590,#568,#98,.T.);
#724=EDGE_CURVE('',#593,#594,#509,.F.);
#725=EDGE_CURVE('',#595,#593,#510,.F.);
#726=EDGE_CURVE('',#594,#595,#511,.F.);
#727=EDGE_CURVE('',#593,#573,#99,.T.);
#728=EDGE_CURVE('',#574,#595,#100,.T.);
#729=EDGE_CURVE('',#596,#597,#512,.F.);
#730=EDGE_CURVE('',#598,#596,#513,.F.);
#731=EDGE_CURVE('',#597,#598,#514,.F.);
#732=EDGE_CURVE('',#599,#600,#24,.F.);
#733=EDGE_CURVE('',#600,#598,#101,.T.);
#734=EDGE_CURVE('',#596,#599,#102,.T.);
#735=EDGE_CURVE('',#601,#602,#515,.F.);
#736=EDGE_CURVE('',#603,#601,#516,.F.);
#737=EDGE_CURVE('',#602,#603,#517,.F.);
#738=EDGE_CURVE('',#601,#583,#103,.T.);
#739=EDGE_CURVE('',#584,#603,#104,.T.);
#740=EDGE_CURVE('',#580,#602,#105,.T.);
#741=EDGE_CURVE('',#603,#579,#106,.T.);
#742=EDGE_CURVE('',#604,#605,#518,.F.);
#743=EDGE_CURVE('',#606,#604,#519,.F.);
#744=EDGE_CURVE('',#605,#606,#520,.F.);
#745=EDGE_CURVE('',#607,#608,#521,.F.);
#746=EDGE_CURVE('',#609,#607,#522,.F.);
#747=EDGE_CURVE('',#608,#609,#523,.F.);
#748=EDGE_CURVE('',#610,#606,#107,.T.);
#749=EDGE_CURVE('',#604,#611,#108,.T.);
#750=EDGE_CURVE('',#611,#610,#15,.T.);
#751=EDGE_CURVE('',#611,#612,#109,.T.);
#752=EDGE_CURVE('',#612,#613,#16,.T.);
#753=EDGE_CURVE('',#613,#610,#110,.T.);
#754=EDGE_CURVE('',#612,#609,#111,.T.);
#755=EDGE_CURVE('',#607,#613,#112,.T.);
#756=EDGE_CURVE('',#602,#608,#113,.T.);
#757=EDGE_CURVE('',#609,#601,#114,.T.);
#758=EDGE_CURVE('',#608,#597,#115,.T.);
#759=EDGE_CURVE('',#598,#607,#116,.T.);
#760=EDGE_CURVE('',#589,#605,#117,.T.);
#761=EDGE_CURVE('',#606,#588,#118,.T.);
#762=EDGE_CURVE('',#605,#594,#119,.T.);
#763=EDGE_CURVE('',#595,#604,#120,.T.);
#764=EDGE_CURVE('',#597,#580,#121,.T.);
#765=EDGE_CURVE('',#581,#596,#122,.T.);
#766=EDGE_CURVE('',#594,#569,#123,.T.);
#767=EDGE_CURVE('',#570,#593,#124,.T.);
#768=EDGE_CURVE('',#583,#574,#125,.T.);
#769=EDGE_CURVE('',#575,#582,#126,.T.);
#770=EDGE_CURVE('',#561,#567,#127,.T.);
#771=EDGE_CURVE('',#614,#566,#128,.T.);
#772=EDGE_CURVE('',#567,#557,#129,.T.);
#773=EDGE_CURVE('',#557,#614,#17,.T.);
#774=EDGE_CURVE('',#564,#614,#130,.T.);
#775=EDGE_CURVE('',#559,#561,#131,.T.);
#776=EDGE_CURVE('',#562,#615,#132,.T.);
#777=EDGE_CURVE('',#615,#559,#18,.T.);
#778=EDGE_CURVE('',#615,#616,#133,.T.);
#779=EDGE_CURVE('',#616,#560,#524,.T.);
#780=EDGE_CURVE('',#572,#560,#525,.T.);
#781=EDGE_CURVE('',#616,#571,#526,.T.);
#782=EDGE_CURVE('',#617,#600,#527,.T.);
#783=EDGE_CURVE('',#613,#617,#134,.T.);
#784=EDGE_CURVE('',#599,#565,#135,.T.);
#785=EDGE_CURVE('',#572,#592,#136,.T.);
#786=EDGE_CURVE('',#591,#618,#528,.T.);
#787=EDGE_CURVE('',#618,#617,#137,.T.);
#788=EDGE_CURVE('',#619,#620,#19,.F.);
#789=EDGE_CURVE('',#620,#621,#138,.T.);
#790=EDGE_CURVE('',#621,#622,#20,.F.);
#791=EDGE_CURVE('',#622,#619,#139,.T.);
#792=EDGE_CURVE('',#620,#623,#140,.T.);
#793=EDGE_CURVE('',#623,#624,#141,.T.);
#794=EDGE_CURVE('',#621,#624,#142,.T.);
#795=EDGE_CURVE('',#625,#625,#529,.T.);
#796=EDGE_CURVE('',#625,#626,#530,.T.);
#797=EDGE_CURVE('',#626,#627,#531,.T.);
#798=EDGE_CURVE('',#627,#626,#532,.T.);
#799=EDGE_CURVE('',#627,#628,#143,.T.);
#800=EDGE_CURVE('',#629,#628,#533,.T.);
#801=EDGE_CURVE('',#628,#629,#534,.T.);
#802=EDGE_CURVE('',#630,#631,#144,.T.);
#803=EDGE_CURVE('',#632,#630,#145,.T.);
#804=EDGE_CURVE('',#633,#632,#146,.T.);
#805=EDGE_CURVE('',#624,#633,#147,.T.);
#806=EDGE_CURVE('',#631,#623,#148,.T.);
#807=EDGE_CURVE('',#634,#634,#535,.T.);
#808=EDGE_CURVE('',#634,#629,#536,.T.);
#809=EDGE_CURVE('',#618,#610,#149,.T.);
#810=EDGE_CURVE('',#585,#577,#150,.T.);
#811=EDGE_CURVE('',#622,#635,#151,.T.);
#812=EDGE_CURVE('',#635,#636,#152,.T.);
#813=EDGE_CURVE('',#636,#637,#153,.T.);
#814=EDGE_CURVE('',#637,#638,#154,.T.);
#815=EDGE_CURVE('',#638,#619,#155,.T.);
#816=EDGE_CURVE('',#636,#632,#156,.T.);
#817=EDGE_CURVE('',#637,#630,#157,.T.);
#818=EDGE_CURVE('',#635,#633,#158,.T.);
#819=EDGE_CURVE('',#638,#631,#159,.T.);
#820=ORIENTED_EDGE('',*,*,#639,.T.);
#821=ORIENTED_EDGE('',*,*,#640,.T.);
#822=ORIENTED_EDGE('',*,*,#641,.T.);
#823=ORIENTED_EDGE('',*,*,#642,.T.);
#824=ORIENTED_EDGE('',*,*,#643,.T.);
#825=ORIENTED_EDGE('',*,*,#644,.T.);
#826=ORIENTED_EDGE('',*,*,#641,.F.);
#827=ORIENTED_EDGE('',*,*,#645,.T.);
#828=ORIENTED_EDGE('',*,*,#646,.T.);
#829=ORIENTED_EDGE('',*,*,#647,.T.);
#830=ORIENTED_EDGE('',*,*,#643,.F.);
#831=ORIENTED_EDGE('',*,*,#648,.T.);
#832=ORIENTED_EDGE('',*,*,#639,.F.);
#833=ORIENTED_EDGE('',*,*,#649,.T.);
#834=ORIENTED_EDGE('',*,*,#646,.F.);
#835=ORIENTED_EDGE('',*,*,#650,.T.);
#836=ORIENTED_EDGE('',*,*,#649,.F.);
#837=ORIENTED_EDGE('',*,*,#651,.T.);
#838=ORIENTED_EDGE('',*,*,#652,.F.);
#839=ORIENTED_EDGE('',*,*,#653,.F.);
#840=ORIENTED_EDGE('',*,*,#642,.F.);
#841=ORIENTED_EDGE('',*,*,#654,.T.);
#842=ORIENTED_EDGE('',*,*,#655,.F.);
#843=ORIENTED_EDGE('',*,*,#651,.F.);
#844=ORIENTED_EDGE('',*,*,#656,.F.);
#845=ORIENTED_EDGE('',*,*,#657,.F.);
#846=ORIENTED_EDGE('',*,*,#658,.F.);
#847=ORIENTED_EDGE('',*,*,#659,.F.);
#848=ORIENTED_EDGE('',*,*,#640,.F.);
#849=ORIENTED_EDGE('',*,*,#650,.F.);
#850=ORIENTED_EDGE('',*,*,#648,.F.);
#851=ORIENTED_EDGE('',*,*,#645,.F.);
#852=ORIENTED_EDGE('',*,*,#660,.T.);
#853=ORIENTED_EDGE('',*,*,#655,.T.);
#854=ORIENTED_EDGE('',*,*,#661,.T.);
#855=ORIENTED_EDGE('',*,*,#662,.T.);
#856=ORIENTED_EDGE('',*,*,#663,.T.);
#857=ORIENTED_EDGE('',*,*,#664,.T.);
#858=ORIENTED_EDGE('',*,*,#661,.F.);
#859=ORIENTED_EDGE('',*,*,#665,.T.);
#860=ORIENTED_EDGE('',*,*,#666,.T.);
#861=ORIENTED_EDGE('',*,*,#667,.T.);
#862=ORIENTED_EDGE('',*,*,#663,.F.);
#863=ORIENTED_EDGE('',*,*,#668,.T.);
#864=ORIENTED_EDGE('',*,*,#660,.F.);
#865=ORIENTED_EDGE('',*,*,#669,.T.);
#866=ORIENTED_EDGE('',*,*,#666,.F.);
#867=ORIENTED_EDGE('',*,*,#652,.T.);
#868=ORIENTED_EDGE('',*,*,#644,.F.);
#869=ORIENTED_EDGE('',*,*,#670,.T.);
#870=ORIENTED_EDGE('',*,*,#665,.F.);
#871=ORIENTED_EDGE('',*,*,#654,.F.);
#872=ORIENTED_EDGE('',*,*,#671,.F.);
#873=ORIENTED_EDGE('',*,*,#672,.T.);
#874=ORIENTED_EDGE('',*,*,#673,.F.);
#875=ORIENTED_EDGE('',*,*,#674,.F.);
#876=ORIENTED_EDGE('',*,*,#662,.F.);
#877=ORIENTED_EDGE('',*,*,#664,.F.);
#878=ORIENTED_EDGE('',*,*,#667,.F.);
#879=ORIENTED_EDGE('',*,*,#669,.F.);
#880=ORIENTED_EDGE('',*,*,#675,.F.);
#881=ORIENTED_EDGE('',*,*,#676,.F.);
#882=ORIENTED_EDGE('',*,*,#677,.F.);
#883=ORIENTED_EDGE('',*,*,#678,.T.);
#884=ORIENTED_EDGE('',*,*,#679,.T.);
#885=ORIENTED_EDGE('',*,*,#680,.T.);
#886=ORIENTED_EDGE('',*,*,#681,.T.);
#887=ORIENTED_EDGE('',*,*,#682,.F.);
#888=ORIENTED_EDGE('',*,*,#683,.F.);
#889=ORIENTED_EDGE('',*,*,#684,.F.);
#890=ORIENTED_EDGE('',*,*,#685,.F.);
#891=ORIENTED_EDGE('',*,*,#686,.F.);
#892=ORIENTED_EDGE('',*,*,#687,.F.);
#893=ORIENTED_EDGE('',*,*,#688,.T.);
#894=ORIENTED_EDGE('',*,*,#686,.T.);
#895=ORIENTED_EDGE('',*,*,#689,.T.);
#896=ORIENTED_EDGE('',*,*,#690,.F.);
#897=ORIENTED_EDGE('',*,*,#691,.F.);
#898=ORIENTED_EDGE('',*,*,#692,.F.);
#899=ORIENTED_EDGE('',*,*,#693,.F.);
#900=ORIENTED_EDGE('',*,*,#694,.T.);
#901=ORIENTED_EDGE('',*,*,#695,.T.);
#902=ORIENTED_EDGE('',*,*,#676,.T.);
#903=ORIENTED_EDGE('',*,*,#656,.T.);
#904=ORIENTED_EDGE('',*,*,#696,.T.);
#905=ORIENTED_EDGE('',*,*,#697,.T.);
#906=ORIENTED_EDGE('',*,*,#694,.F.);
#907=ORIENTED_EDGE('',*,*,#698,.T.);
#908=ORIENTED_EDGE('',*,*,#692,.T.);
#909=ORIENTED_EDGE('',*,*,#699,.T.);
#910=ORIENTED_EDGE('',*,*,#696,.F.);
#911=ORIENTED_EDGE('',*,*,#700,.T.);
#912=ORIENTED_EDGE('',*,*,#701,.F.);
#913=ORIENTED_EDGE('',*,*,#702,.F.);
#914=ORIENTED_EDGE('',*,*,#703,.F.);
#915=ORIENTED_EDGE('',*,*,#704,.T.);
#916=ORIENTED_EDGE('',*,*,#702,.T.);
#917=ORIENTED_EDGE('',*,*,#705,.T.);
#918=ORIENTED_EDGE('',*,*,#681,.F.);
#919=ORIENTED_EDGE('',*,*,#706,.F.);
#920=ORIENTED_EDGE('',*,*,#707,.F.);
#921=ORIENTED_EDGE('',*,*,#708,.F.);
#922=ORIENTED_EDGE('',*,*,#709,.T.);
#923=ORIENTED_EDGE('',*,*,#710,.T.);
#924=ORIENTED_EDGE('',*,*,#707,.T.);
#925=ORIENTED_EDGE('',*,*,#711,.T.);
#926=ORIENTED_EDGE('',*,*,#712,.T.);
#927=ORIENTED_EDGE('',*,*,#713,.T.);
#928=ORIENTED_EDGE('',*,*,#709,.F.);
#929=ORIENTED_EDGE('',*,*,#714,.T.);
#930=ORIENTED_EDGE('',*,*,#683,.T.);
#931=ORIENTED_EDGE('',*,*,#715,.T.);
#932=ORIENTED_EDGE('',*,*,#712,.F.);
#933=ORIENTED_EDGE('',*,*,#658,.T.);
#934=ORIENTED_EDGE('',*,*,#716,.F.);
#935=ORIENTED_EDGE('',*,*,#717,.F.);
#936=ORIENTED_EDGE('',*,*,#718,.F.);
#937=ORIENTED_EDGE('',*,*,#719,.T.);
#938=ORIENTED_EDGE('',*,*,#720,.T.);
#939=ORIENTED_EDGE('',*,*,#717,.T.);
#940=ORIENTED_EDGE('',*,*,#721,.T.);
#941=ORIENTED_EDGE('',*,*,#685,.T.);
#942=ORIENTED_EDGE('',*,*,#722,.T.);
#943=ORIENTED_EDGE('',*,*,#718,.T.);
#944=ORIENTED_EDGE('',*,*,#723,.T.);
#945=ORIENTED_EDGE('',*,*,#724,.F.);
#946=ORIENTED_EDGE('',*,*,#725,.F.);
#947=ORIENTED_EDGE('',*,*,#726,.F.);
#948=ORIENTED_EDGE('',*,*,#725,.T.);
#949=ORIENTED_EDGE('',*,*,#727,.T.);
#950=ORIENTED_EDGE('',*,*,#691,.T.);
#951=ORIENTED_EDGE('',*,*,#728,.T.);
#952=ORIENTED_EDGE('',*,*,#729,.F.);
#953=ORIENTED_EDGE('',*,*,#730,.F.);
#954=ORIENTED_EDGE('',*,*,#731,.F.);
#955=ORIENTED_EDGE('',*,*,#732,.T.);
#956=ORIENTED_EDGE('',*,*,#733,.T.);
#957=ORIENTED_EDGE('',*,*,#730,.T.);
#958=ORIENTED_EDGE('',*,*,#734,.T.);
#959=ORIENTED_EDGE('',*,*,#735,.F.);
#960=ORIENTED_EDGE('',*,*,#736,.F.);
#961=ORIENTED_EDGE('',*,*,#737,.F.);
#962=ORIENTED_EDGE('',*,*,#736,.T.);
#963=ORIENTED_EDGE('',*,*,#738,.T.);
#964=ORIENTED_EDGE('',*,*,#708,.T.);
#965=ORIENTED_EDGE('',*,*,#739,.T.);
#966=ORIENTED_EDGE('',*,*,#701,.T.);
#967=ORIENTED_EDGE('',*,*,#740,.T.);
#968=ORIENTED_EDGE('',*,*,#737,.T.);
#969=ORIENTED_EDGE('',*,*,#741,.T.);
#970=ORIENTED_EDGE('',*,*,#742,.F.);
#971=ORIENTED_EDGE('',*,*,#743,.F.);
#972=ORIENTED_EDGE('',*,*,#744,.F.);
#973=ORIENTED_EDGE('',*,*,#745,.F.);
#974=ORIENTED_EDGE('',*,*,#746,.F.);
#975=ORIENTED_EDGE('',*,*,#747,.F.);
#976=ORIENTED_EDGE('',*,*,#748,.T.);
#977=ORIENTED_EDGE('',*,*,#743,.T.);
#978=ORIENTED_EDGE('',*,*,#749,.T.);
#979=ORIENTED_EDGE('',*,*,#750,.T.);
#980=ORIENTED_EDGE('',*,*,#751,.T.);
#981=ORIENTED_EDGE('',*,*,#752,.T.);
#982=ORIENTED_EDGE('',*,*,#753,.T.);
#983=ORIENTED_EDGE('',*,*,#750,.F.);
#984=ORIENTED_EDGE('',*,*,#754,.T.);
#985=ORIENTED_EDGE('',*,*,#746,.T.);
#986=ORIENTED_EDGE('',*,*,#755,.T.);
#987=ORIENTED_EDGE('',*,*,#752,.F.);
#988=ORIENTED_EDGE('',*,*,#735,.T.);
#989=ORIENTED_EDGE('',*,*,#756,.T.);
#990=ORIENTED_EDGE('',*,*,#747,.T.);
#991=ORIENTED_EDGE('',*,*,#757,.T.);
#992=ORIENTED_EDGE('',*,*,#745,.T.);
#993=ORIENTED_EDGE('',*,*,#758,.T.);
#994=ORIENTED_EDGE('',*,*,#731,.T.);
#995=ORIENTED_EDGE('',*,*,#759,.T.);
#996=ORIENTED_EDGE('',*,*,#716,.T.);
#997=ORIENTED_EDGE('',*,*,#760,.T.);
#998=ORIENTED_EDGE('',*,*,#744,.T.);
#999=ORIENTED_EDGE('',*,*,#761,.T.);
#1000=ORIENTED_EDGE('',*,*,#742,.T.);
#1001=ORIENTED_EDGE('',*,*,#762,.T.);
#1002=ORIENTED_EDGE('',*,*,#726,.T.);
#1003=ORIENTED_EDGE('',*,*,#763,.T.);
#1004=ORIENTED_EDGE('',*,*,#729,.T.);
#1005=ORIENTED_EDGE('',*,*,#764,.T.);
#1006=ORIENTED_EDGE('',*,*,#703,.T.);
#1007=ORIENTED_EDGE('',*,*,#765,.T.);
#1008=ORIENTED_EDGE('',*,*,#724,.T.);
#1009=ORIENTED_EDGE('',*,*,#766,.T.);
#1010=ORIENTED_EDGE('',*,*,#687,.T.);
#1011=ORIENTED_EDGE('',*,*,#767,.T.);
#1012=ORIENTED_EDGE('',*,*,#706,.T.);
#1013=ORIENTED_EDGE('',*,*,#768,.T.);
#1014=ORIENTED_EDGE('',*,*,#693,.T.);
#1015=ORIENTED_EDGE('',*,*,#769,.T.);
#1016=ORIENTED_EDGE('',*,*,#675,.T.);
#1017=ORIENTED_EDGE('',*,*,#770,.T.);
#1018=ORIENTED_EDGE('',*,*,#684,.T.);
#1019=ORIENTED_EDGE('',*,*,#657,.T.);
#1020=ORIENTED_EDGE('',*,*,#771,.T.);
#1021=ORIENTED_EDGE('',*,*,#682,.T.);
#1022=ORIENTED_EDGE('',*,*,#772,.T.);
#1023=ORIENTED_EDGE('',*,*,#773,.T.);
#1024=ORIENTED_EDGE('',*,*,#671,.T.);
#1025=ORIENTED_EDGE('',*,*,#679,.F.);
#1026=ORIENTED_EDGE('',*,*,#774,.T.);
#1027=ORIENTED_EDGE('',*,*,#773,.F.);
#1028=ORIENTED_EDGE('',*,*,#775,.T.);
#1029=ORIENTED_EDGE('',*,*,#677,.T.);
#1030=ORIENTED_EDGE('',*,*,#776,.T.);
#1031=ORIENTED_EDGE('',*,*,#777,.T.);
#1032=ORIENTED_EDGE('',*,*,#778,.T.);
#1033=ORIENTED_EDGE('',*,*,#779,.T.);
#1034=ORIENTED_EDGE('',*,*,#673,.T.);
#1035=ORIENTED_EDGE('',*,*,#777,.F.);
#1036=ORIENTED_EDGE('',*,*,#780,.T.);
#1037=ORIENTED_EDGE('',*,*,#779,.F.);
#1038=ORIENTED_EDGE('',*,*,#781,.T.);
#1039=ORIENTED_EDGE('',*,*,#690,.T.);
#1040=ORIENTED_EDGE('',*,*,#755,.F.);
#1041=ORIENTED_EDGE('',*,*,#759,.F.);
#1042=ORIENTED_EDGE('',*,*,#733,.F.);
#1043=ORIENTED_EDGE('',*,*,#782,.F.);
#1044=ORIENTED_EDGE('',*,*,#783,.F.);
#1045=ORIENTED_EDGE('',*,*,#734,.F.);
#1046=ORIENTED_EDGE('',*,*,#765,.F.);
#1047=ORIENTED_EDGE('',*,*,#704,.F.);
#1048=ORIENTED_EDGE('',*,*,#784,.F.);
#1049=ORIENTED_EDGE('',*,*,#680,.F.);
#1050=ORIENTED_EDGE('',*,*,#674,.T.);
#1051=ORIENTED_EDGE('',*,*,#780,.F.);
#1052=ORIENTED_EDGE('',*,*,#785,.T.);
#1053=ORIENTED_EDGE('',*,*,#719,.F.);
#1054=ORIENTED_EDGE('',*,*,#786,.T.);
#1055=ORIENTED_EDGE('',*,*,#787,.T.);
#1056=ORIENTED_EDGE('',*,*,#782,.T.);
#1057=ORIENTED_EDGE('',*,*,#732,.F.);
#1058=ORIENTED_EDGE('',*,*,#784,.T.);
#1059=ORIENTED_EDGE('',*,*,#772,.F.);
#1060=ORIENTED_EDGE('',*,*,#770,.F.);
#1061=ORIENTED_EDGE('',*,*,#775,.F.);
#1062=ORIENTED_EDGE('',*,*,#672,.F.);
#1063=ORIENTED_EDGE('',*,*,#695,.F.);
#1064=ORIENTED_EDGE('',*,*,#697,.F.);
#1065=ORIENTED_EDGE('',*,*,#699,.F.);
#1066=ORIENTED_EDGE('',*,*,#727,.F.);
#1067=ORIENTED_EDGE('',*,*,#767,.F.);
#1068=ORIENTED_EDGE('',*,*,#688,.F.);
#1069=ORIENTED_EDGE('',*,*,#781,.F.);
#1070=ORIENTED_EDGE('',*,*,#778,.F.);
#1071=ORIENTED_EDGE('',*,*,#776,.F.);
#1072=ORIENTED_EDGE('',*,*,#710,.F.);
#1073=ORIENTED_EDGE('',*,*,#713,.F.);
#1074=ORIENTED_EDGE('',*,*,#715,.F.);
#1075=ORIENTED_EDGE('',*,*,#771,.F.);
#1076=ORIENTED_EDGE('',*,*,#774,.F.);
#1077=ORIENTED_EDGE('',*,*,#678,.F.);
#1078=ORIENTED_EDGE('',*,*,#705,.F.);
#1079=ORIENTED_EDGE('',*,*,#741,.F.);
#1080=ORIENTED_EDGE('',*,*,#739,.F.);
#1081=ORIENTED_EDGE('',*,*,#722,.F.);
#1082=ORIENTED_EDGE('',*,*,#766,.F.);
#1083=ORIENTED_EDGE('',*,*,#762,.F.);
#1084=ORIENTED_EDGE('',*,*,#760,.F.);
#1085=ORIENTED_EDGE('',*,*,#740,.F.);
#1086=ORIENTED_EDGE('',*,*,#764,.F.);
#1087=ORIENTED_EDGE('',*,*,#758,.F.);
#1088=ORIENTED_EDGE('',*,*,#756,.F.);
#1089=ORIENTED_EDGE('',*,*,#749,.F.);
#1090=ORIENTED_EDGE('',*,*,#763,.F.);
#1091=ORIENTED_EDGE('',*,*,#728,.F.);
#1092=ORIENTED_EDGE('',*,*,#768,.F.);
#1093=ORIENTED_EDGE('',*,*,#738,.F.);
#1094=ORIENTED_EDGE('',*,*,#757,.F.);
#1095=ORIENTED_EDGE('',*,*,#754,.F.);
#1096=ORIENTED_EDGE('',*,*,#751,.F.);
#1097=ORIENTED_EDGE('',*,*,#788,.T.);
#1098=ORIENTED_EDGE('',*,*,#789,.T.);
#1099=ORIENTED_EDGE('',*,*,#790,.T.);
#1100=ORIENTED_EDGE('',*,*,#791,.T.);
#1101=ORIENTED_EDGE('',*,*,#789,.F.);
#1102=ORIENTED_EDGE('',*,*,#792,.T.);
#1103=ORIENTED_EDGE('',*,*,#793,.T.);
#1104=ORIENTED_EDGE('',*,*,#794,.F.);
#1105=ORIENTED_EDGE('',*,*,#795,.T.);
#1106=ORIENTED_EDGE('',*,*,#796,.T.);
#1107=ORIENTED_EDGE('',*,*,#797,.T.);
#1108=ORIENTED_EDGE('',*,*,#798,.T.);
#1109=ORIENTED_EDGE('',*,*,#796,.F.);
#1110=ORIENTED_EDGE('',*,*,#798,.F.);
#1111=ORIENTED_EDGE('',*,*,#799,.T.);
#1112=ORIENTED_EDGE('',*,*,#800,.F.);
#1113=ORIENTED_EDGE('',*,*,#801,.F.);
#1114=ORIENTED_EDGE('',*,*,#799,.F.);
#1115=ORIENTED_EDGE('',*,*,#797,.F.);
#1116=ORIENTED_EDGE('',*,*,#802,.F.);
#1117=ORIENTED_EDGE('',*,*,#803,.F.);
#1118=ORIENTED_EDGE('',*,*,#804,.F.);
#1119=ORIENTED_EDGE('',*,*,#805,.F.);
#1120=ORIENTED_EDGE('',*,*,#793,.F.);
#1121=ORIENTED_EDGE('',*,*,#806,.F.);
#1122=ORIENTED_EDGE('',*,*,#795,.F.);
#1123=ORIENTED_EDGE('',*,*,#807,.T.);
#1124=ORIENTED_EDGE('',*,*,#808,.T.);
#1125=ORIENTED_EDGE('',*,*,#800,.T.);
#1126=ORIENTED_EDGE('',*,*,#801,.T.);
#1127=ORIENTED_EDGE('',*,*,#808,.F.);
#1128=ORIENTED_EDGE('',*,*,#753,.F.);
#1129=ORIENTED_EDGE('',*,*,#783,.T.);
#1130=ORIENTED_EDGE('',*,*,#787,.F.);
#1131=ORIENTED_EDGE('',*,*,#809,.T.);
#1132=ORIENTED_EDGE('',*,*,#807,.F.);
#1133=ORIENTED_EDGE('',*,*,#748,.F.);
#1134=ORIENTED_EDGE('',*,*,#809,.F.);
#1135=ORIENTED_EDGE('',*,*,#786,.F.);
#1136=ORIENTED_EDGE('',*,*,#721,.F.);
#1137=ORIENTED_EDGE('',*,*,#761,.F.);
#1138=ORIENTED_EDGE('',*,*,#720,.F.);
#1139=ORIENTED_EDGE('',*,*,#785,.F.);
#1140=ORIENTED_EDGE('',*,*,#689,.F.);
#1141=ORIENTED_EDGE('',*,*,#723,.F.);
#1142=ORIENTED_EDGE('',*,*,#700,.F.);
#1143=ORIENTED_EDGE('',*,*,#810,.F.);
#1144=ORIENTED_EDGE('',*,*,#711,.F.);
#1145=ORIENTED_EDGE('',*,*,#769,.F.);
#1146=ORIENTED_EDGE('',*,*,#811,.T.);
#1147=ORIENTED_EDGE('',*,*,#812,.T.);
#1148=ORIENTED_EDGE('',*,*,#813,.T.);
#1149=ORIENTED_EDGE('',*,*,#814,.T.);
#1150=ORIENTED_EDGE('',*,*,#815,.T.);
#1151=ORIENTED_EDGE('',*,*,#791,.F.);
#1152=ORIENTED_EDGE('',*,*,#813,.F.);
#1153=ORIENTED_EDGE('',*,*,#816,.T.);
#1154=ORIENTED_EDGE('',*,*,#803,.T.);
#1155=ORIENTED_EDGE('',*,*,#817,.F.);
#1156=ORIENTED_EDGE('',*,*,#812,.F.);
#1157=ORIENTED_EDGE('',*,*,#818,.T.);
#1158=ORIENTED_EDGE('',*,*,#804,.T.);
#1159=ORIENTED_EDGE('',*,*,#816,.F.);
#1160=ORIENTED_EDGE('',*,*,#811,.F.);
#1161=ORIENTED_EDGE('',*,*,#790,.F.);
#1162=ORIENTED_EDGE('',*,*,#794,.T.);
#1163=ORIENTED_EDGE('',*,*,#805,.T.);
#1164=ORIENTED_EDGE('',*,*,#818,.F.);
#1165=ORIENTED_EDGE('',*,*,#815,.F.);
#1166=ORIENTED_EDGE('',*,*,#819,.T.);
#1167=ORIENTED_EDGE('',*,*,#806,.T.);
#1168=ORIENTED_EDGE('',*,*,#792,.F.);
#1169=ORIENTED_EDGE('',*,*,#788,.F.);
#1170=ORIENTED_EDGE('',*,*,#814,.F.);
#1171=ORIENTED_EDGE('',*,*,#817,.T.);
#1172=ORIENTED_EDGE('',*,*,#802,.T.);
#1173=ORIENTED_EDGE('',*,*,#819,.F.);
#1174=ORIENTED_EDGE('',*,*,#698,.F.);
#1175=ORIENTED_EDGE('',*,*,#659,.T.);
#1176=ORIENTED_EDGE('',*,*,#714,.F.);
#1177=ORIENTED_EDGE('',*,*,#810,.T.);
#1178=ORIENTED_EDGE('',*,*,#647,.F.);
#1179=ORIENTED_EDGE('',*,*,#653,.T.);
#1180=ORIENTED_EDGE('',*,*,#668,.F.);
#1181=ORIENTED_EDGE('',*,*,#670,.F.);
#1182=TOROIDAL_SURFACE('',#1297,2.75,0.5);
#1183=TOROIDAL_SURFACE('',#1304,2.75,0.5);
#1184=TOROIDAL_SURFACE('',#1313,2.75,0.5);
#1185=TOROIDAL_SURFACE('',#1319,2.75,0.5);
#1186=TOROIDAL_SURFACE('',#1330,6.5,0.5);
#1187=TOROIDAL_SURFACE('',#1349,2.5,0.5);
#1188=TOROIDAL_SURFACE('',#1365,2.5,0.5);
#1189=TOROIDAL_SURFACE('',#1420,6.5,0.5);
#1190=TOROIDAL_SURFACE('',#1438,2.7,0.5);
#1191=TOROIDAL_SURFACE('',#1447,2.7,0.5);
#1192=ADVANCED_FACE('',(#292),#1182,.T.);
#1193=ADVANCED_FACE('',(#293),#255,.T.);
#1194=ADVANCED_FACE('',(#294),#1183,.T.);
#1195=ADVANCED_FACE('',(#295),#256,.T.);
#1196=ADVANCED_FACE('',(#296),#42,.T.);
#1197=ADVANCED_FACE('',(#297),#257,.F.);
#1198=ADVANCED_FACE('',(#298,#37),#43,.F.);
#1199=ADVANCED_FACE('',(#299),#1184,.T.);
#1200=ADVANCED_FACE('',(#300),#258,.T.);
#1201=ADVANCED_FACE('',(#301),#1185,.T.);
#1202=ADVANCED_FACE('',(#302),#259,.T.);
#1203=ADVANCED_FACE('',(#303),#44,.T.);
#1204=ADVANCED_FACE('',(#304,#38),#45,.T.);
#1205=ADVANCED_FACE('',(#305),#25,.T.);
#1206=ADVANCED_FACE('',(#306),#1186,.T.);
#1207=ADVANCED_FACE('',(#307),#26,.T.);
#1208=ADVANCED_FACE('',(#308),#27,.T.);
#1209=ADVANCED_FACE('',(#309),#260,.T.);
#1210=ADVANCED_FACE('',(#310),#28,.T.);
#1211=ADVANCED_FACE('',(#311),#261,.T.);
#1212=ADVANCED_FACE('',(#312),#1187,.T.);
#1213=ADVANCED_FACE('',(#313),#262,.T.);
#1214=ADVANCED_FACE('',(#314),#29,.T.);
#1215=ADVANCED_FACE('',(#315),#263,.T.);
#1216=ADVANCED_FACE('',(#316),#30,.T.);
#1217=ADVANCED_FACE('',(#317),#264,.T.);
#1218=ADVANCED_FACE('',(#318),#1188,.T.);
#1219=ADVANCED_FACE('',(#319),#265,.T.);
#1220=ADVANCED_FACE('',(#320),#31,.T.);
#1221=ADVANCED_FACE('',(#321),#266,.T.);
#1222=ADVANCED_FACE('',(#322),#267,.T.);
#1223=ADVANCED_FACE('',(#323),#32,.T.);
#1224=ADVANCED_FACE('',(#324),#268,.T.);
#1225=ADVANCED_FACE('',(#325),#33,.T.);
#1226=ADVANCED_FACE('',(#326),#269,.T.);
#1227=ADVANCED_FACE('',(#327),#34,.T.);
#1228=ADVANCED_FACE('',(#328),#270,.T.);
#1229=ADVANCED_FACE('',(#329),#271,.T.);
#1230=ADVANCED_FACE('',(#330),#35,.T.);
#1231=ADVANCED_FACE('',(#331),#36,.T.);
#1232=ADVANCED_FACE('',(#332),#272,.T.);
#1233=ADVANCED_FACE('',(#333),#273,.T.);
#1234=ADVANCED_FACE('',(#334),#274,.T.);
#1235=ADVANCED_FACE('',(#335),#275,.T.);
#1236=ADVANCED_FACE('',(#336),#276,.T.);
#1237=ADVANCED_FACE('',(#337),#277,.T.);
#1238=ADVANCED_FACE('',(#338),#278,.T.);
#1239=ADVANCED_FACE('',(#339),#279,.T.);
#1240=ADVANCED_FACE('',(#340),#280,.T.);
#1241=ADVANCED_FACE('',(#341),#281,.T.);
#1242=ADVANCED_FACE('',(#342),#282,.T.);
#1243=ADVANCED_FACE('',(#343),#283,.T.);
#1244=ADVANCED_FACE('',(#344),#284,.T.);
#1245=ADVANCED_FACE('',(#345),#285,.T.);
#1246=ADVANCED_FACE('',(#346),#286,.T.);
#1247=ADVANCED_FACE('',(#347),#1189,.T.);
#1248=ADVANCED_FACE('',(#348),#46,.T.);
#1249=ADVANCED_FACE('',(#349),#47,.T.);
#1250=ADVANCED_FACE('',(#350),#287,.T.);
#1251=ADVANCED_FACE('',(#351),#48,.T.);
#1252=ADVANCED_FACE('',(#352),#49,.T.);
#1253=ADVANCED_FACE('',(#353),#50,.T.);
#1254=ADVANCED_FACE('',(#354),#51,.T.);
#1255=ADVANCED_FACE('',(#355),#52,.T.);
#1256=ADVANCED_FACE('',(#356),#53,.T.);
#1257=ADVANCED_FACE('',(#357),#288,.T.);
#1258=ADVANCED_FACE('',(#358),#54,.F.);
#1259=ADVANCED_FACE('',(#359),#1190,.T.);
#1260=ADVANCED_FACE('',(#360),#289,.F.);
#1261=ADVANCED_FACE('',(#361,#39),#55,.F.);
#1262=ADVANCED_FACE('',(#362),#1191,.T.);
#1263=ADVANCED_FACE('',(#363,#40),#56,.T.);
#1264=ADVANCED_FACE('',(#364),#57,.T.);
#1265=ADVANCED_FACE('',(#365),#58,.T.);
#1266=ADVANCED_FACE('',(#366,#41),#59,.T.);
#1267=ADVANCED_FACE('',(#367),#60,.F.);
#1268=ADVANCED_FACE('',(#368),#61,.F.);
#1269=ADVANCED_FACE('',(#369),#62,.F.);
#1270=ADVANCED_FACE('',(#370),#63,.F.);
#1271=ADVANCED_FACE('',(#371),#64,.F.);
#1272=ADVANCED_FACE('',(#372),#290,.F.);
#1273=ADVANCED_FACE('',(#373),#291,.F.);
#1274=CLOSED_SHELL('',(#1192,#1193,#1194,#1195,#1196,#1197,#1198,#1199,
#1200,#1201,#1202,#1203,#1204,#1205,#1206,#1207,#1208,#1209,#1210,#1211,
#1212,#1213,#1214,#1215,#1216,#1217,#1218,#1219,#1220,#1221,#1222,#1223,
#1224,#1225,#1226,#1227,#1228,#1229,#1230,#1231,#1232,#1233,#1234,#1235,
#1236,#1237,#1238,#1239,#1240,#1241,#1242,#1243,#1244,#1245,#1246,#1247,
#1248,#1249,#1250,#1251,#1252,#1253,#1254,#1255,#1256,#1257,#1258,#1259,
#1260,#1261,#1262,#1263,#1264,#1265,#1266,#1267,#1268,#1269,#1270,#1271,
#1272,#1273));
#1275=DERIVED_UNIT_ELEMENT(#1278,1.);
#1276=DERIVED_UNIT_ELEMENT(#2305,-3.);
#1277=DIMENSIONAL_EXPONENTS(0.,1.,0.,0.,0.,0.,0.);
#1278=(
CONVERSION_BASED_UNIT('gram',#1280)
MASS_UNIT()
NAMED_UNIT(#1277)
);
#1279=(
MASS_UNIT()
NAMED_UNIT(*)
SI_UNIT(.KILO.,.GRAM.)
);
#1280=MASS_MEASURE_WITH_UNIT(MASS_MEASURE(0.001),#1279);
#1281=DERIVED_UNIT((#1275,#1276));
#1282=MEASURE_REPRESENTATION_ITEM('density measure',
POSITIVE_RATIO_MEASURE(1.541),#1281);
#1283=PROPERTY_DEFINITION_REPRESENTATION(#1288,#1285);
#1284=PROPERTY_DEFINITION_REPRESENTATION(#1289,#1286);
#1285=REPRESENTATION('material name',(#1287),#2302);
#1286=REPRESENTATION('density',(#1282),#2302);
#1287=DESCRIPTIVE_REPRESENTATION_ITEM('PET Plastic','PET Plastic');
#1288=PROPERTY_DEFINITION('material property','material name',#2312);
#1289=PROPERTY_DEFINITION('material property','density of part',#2312);
#1290=DATE_TIME_ROLE('creation_date');
#1291=APPLIED_DATE_AND_TIME_ASSIGNMENT(#1292,#1290,(#2312));
#1292=DATE_AND_TIME(#1293,#1294);
#1293=CALENDAR_DATE(2026,25,6);
#1294=LOCAL_TIME(0,0,0.,#1295);
#1295=COORDINATED_UNIVERSAL_TIME_OFFSET(0,0,.BEHIND.);
#1296=AXIS2_PLACEMENT_3D('',#1886,#1461,#1462);
#1297=AXIS2_PLACEMENT_3D('',#1887,#1463,#1464);
#1298=AXIS2_PLACEMENT_3D('',#1890,#1465,#1466);
#1299=AXIS2_PLACEMENT_3D('',#1892,#1467,#1468);
#1300=AXIS2_PLACEMENT_3D('',#1894,#1469,#1470);
#1301=AXIS2_PLACEMENT_3D('',#1895,#1471,#1472);
#1302=AXIS2_PLACEMENT_3D('',#1896,#1473,#1474);
#1303=AXIS2_PLACEMENT_3D('',#1899,#1475,#1476);
#1304=AXIS2_PLACEMENT_3D('',#1902,#1479,#1480);
#1305=AXIS2_PLACEMENT_3D('',#1905,#1481,#1482);
#1306=AXIS2_PLACEMENT_3D('',#1906,#1483,#1484);
#1307=AXIS2_PLACEMENT_3D('',#1907,#1485,#1486);
#1308=AXIS2_PLACEMENT_3D('',#1908,#1487,#1488);
#1309=AXIS2_PLACEMENT_3D('',#1911,#1491,#1492);
#1310=AXIS2_PLACEMENT_3D('',#1917,#1496,#1497);
#1311=AXIS2_PLACEMENT_3D('',#1920,#1499,#1500);
#1312=AXIS2_PLACEMENT_3D('',#1921,#1501,#1502);
#1313=AXIS2_PLACEMENT_3D('',#1930,#1507,#1508);
#1314=AXIS2_PLACEMENT_3D('',#1932,#1509,#1510);
#1315=AXIS2_PLACEMENT_3D('',#1934,#1511,#1512);
#1316=AXIS2_PLACEMENT_3D('',#1935,#1513,#1514);
#1317=AXIS2_PLACEMENT_3D('',#1936,#1515,#1516);
#1318=AXIS2_PLACEMENT_3D('',#1939,#1517,#1518);
#1319=AXIS2_PLACEMENT_3D('',#1942,#1521,#1522);
#1320=AXIS2_PLACEMENT_3D('',#1944,#1523,#1524);
#1321=AXIS2_PLACEMENT_3D('',#1945,#1525,#1526);
#1322=AXIS2_PLACEMENT_3D('',#1946,#1527,#1528);
#1323=AXIS2_PLACEMENT_3D('',#1947,#1529,#1530);
#1324=AXIS2_PLACEMENT_3D('',#1949,#1532,#1533);
#1325=AXIS2_PLACEMENT_3D('',#1951,#1535,#1536);
#1326=AXIS2_PLACEMENT_3D('',#1960,#1541,#1542);
#1327=AXIS2_PLACEMENT_3D('',#1962,#1543,#1544);
#1328=AXIS2_PLACEMENT_3D('',#1964,#1545,#1546);
#1329=AXIS2_PLACEMENT_3D('',#1965,#1547,#1548);
#1330=AXIS2_PLACEMENT_3D('',#1966,#1549,#1550);
#1331=AXIS2_PLACEMENT_3D('',#1969,#1551,#1552);
#1332=AXIS2_PLACEMENT_3D('',#1970,#1553,#1554);
#1333=AXIS2_PLACEMENT_3D('',#1972,#1555,#1556);
#1334=AXIS2_PLACEMENT_3D('',#1987,#1557,#1558);
#1335=AXIS2_PLACEMENT_3D('',#1990,#1559,#1560);
#1336=AXIS2_PLACEMENT_3D('',#1991,#1561,#1562);
#1337=AXIS2_PLACEMENT_3D('',#1992,#1563,#1564);
#1338=AXIS2_PLACEMENT_3D('',#1993,#1565,#1566);
#1339=AXIS2_PLACEMENT_3D('',#1996,#1567,#1568);
#1340=AXIS2_PLACEMENT_3D('',#1998,#1569,#1570);
#1341=AXIS2_PLACEMENT_3D('',#1999,#1571,#1572);
#1342=AXIS2_PLACEMENT_3D('',#2000,#1573,#1574);
#1343=AXIS2_PLACEMENT_3D('',#2019,#1577,#1578);
#1344=AXIS2_PLACEMENT_3D('',#2022,#1579,#1580);
#1345=AXIS2_PLACEMENT_3D('',#2024,#1581,#1582);
#1346=AXIS2_PLACEMENT_3D('',#2025,#1583,#1584);
#1347=AXIS2_PLACEMENT_3D('',#2026,#1585,#1586);
#1348=AXIS2_PLACEMENT_3D('',#2028,#1587,#1588);
#1349=AXIS2_PLACEMENT_3D('',#2030,#1590,#1591);
#1350=AXIS2_PLACEMENT_3D('',#2033,#1592,#1593);
#1351=AXIS2_PLACEMENT_3D('',#2034,#1594,#1595);
#1352=AXIS2_PLACEMENT_3D('',#2035,#1596,#1597);
#1353=AXIS2_PLACEMENT_3D('',#2036,#1598,#1599);
#1354=AXIS2_PLACEMENT_3D('',#2039,#1602,#1603);
#1355=AXIS2_PLACEMENT_3D('',#2042,#1604,#1605);
#1356=AXIS2_PLACEMENT_3D('',#2044,#1606,#1607);
#1357=AXIS2_PLACEMENT_3D('',#2045,#1608,#1609);
#1358=AXIS2_PLACEMENT_3D('',#2046,#1610,#1611);
#1359=AXIS2_PLACEMENT_3D('',#2049,#1614,#1615);
#1360=AXIS2_PLACEMENT_3D('',#2052,#1616,#1617);
#1361=AXIS2_PLACEMENT_3D('',#2054,#1618,#1619);
#1362=AXIS2_PLACEMENT_3D('',#2055,#1620,#1621);
#1363=AXIS2_PLACEMENT_3D('',#2056,#1622,#1623);
#1364=AXIS2_PLACEMENT_3D('',#2059,#1624,#1625);
#1365=AXIS2_PLACEMENT_3D('',#2062,#1628,#1629);
#1366=AXIS2_PLACEMENT_3D('',#2064,#1630,#1631);
#1367=AXIS2_PLACEMENT_3D('',#2065,#1632,#1633);
#1368=AXIS2_PLACEMENT_3D('',#2066,#1634,#1635);
#1369=AXIS2_PLACEMENT_3D('',#2067,#1636,#1637);
#1370=AXIS2_PLACEMENT_3D('',#2069,#1639,#1640);
#1371=AXIS2_PLACEMENT_3D('',#2072,#1641,#1642);
#1372=AXIS2_PLACEMENT_3D('',#2074,#1643,#1644);
#1373=AXIS2_PLACEMENT_3D('',#2075,#1645,#1646);
#1374=AXIS2_PLACEMENT_3D('',#2076,#1647,#1648);
#1375=AXIS2_PLACEMENT_3D('',#2095,#1651,#1652);
#1376=AXIS2_PLACEMENT_3D('',#2098,#1655,#1656);
#1377=AXIS2_PLACEMENT_3D('',#2101,#1657,#1658);
#1378=AXIS2_PLACEMENT_3D('',#2103,#1659,#1660);
#1379=AXIS2_PLACEMENT_3D('',#2104,#1661,#1662);
#1380=AXIS2_PLACEMENT_3D('',#2105,#1663,#1664);
#1381=AXIS2_PLACEMENT_3D('',#2108,#1667,#1668);
#1382=AXIS2_PLACEMENT_3D('',#2111,#1669,#1670);
#1383=AXIS2_PLACEMENT_3D('',#2113,#1671,#1672);
#1384=AXIS2_PLACEMENT_3D('',#2114,#1673,#1674);
#1385=AXIS2_PLACEMENT_3D('',#2115,#1675,#1676);
#1386=AXIS2_PLACEMENT_3D('',#2130,#1679,#1680);
#1387=AXIS2_PLACEMENT_3D('',#2133,#1681,#1682);
#1388=AXIS2_PLACEMENT_3D('',#2135,#1683,#1684);
#1389=AXIS2_PLACEMENT_3D('',#2136,#1685,#1686);
#1390=AXIS2_PLACEMENT_3D('',#2137,#1687,#1688);
#1391=AXIS2_PLACEMENT_3D('',#2140,#1691,#1692);
#1392=AXIS2_PLACEMENT_3D('',#2143,#1695,#1696);
#1393=AXIS2_PLACEMENT_3D('',#2146,#1697,#1698);
#1394=AXIS2_PLACEMENT_3D('',#2148,#1699,#1700);
#1395=AXIS2_PLACEMENT_3D('',#2149,#1701,#1702);
#1396=AXIS2_PLACEMENT_3D('',#2150,#1703,#1704);
#1397=AXIS2_PLACEMENT_3D('',#2153,#1705,#1706);
#1398=AXIS2_PLACEMENT_3D('',#2155,#1707,#1708);
#1399=AXIS2_PLACEMENT_3D('',#2156,#1709,#1710);
#1400=AXIS2_PLACEMENT_3D('',#2157,#1711,#1712);
#1401=AXIS2_PLACEMENT_3D('',#2162,#1715,#1716);
#1402=AXIS2_PLACEMENT_3D('',#2163,#1717,#1718);
#1403=AXIS2_PLACEMENT_3D('',#2167,#1720,#1721);
#1404=AXIS2_PLACEMENT_3D('',#2169,#1723,#1724);
#1405=AXIS2_PLACEMENT_3D('',#2172,#1727,#1728);
#1406=AXIS2_PLACEMENT_3D('',#2175,#1731,#1732);
#1407=AXIS2_PLACEMENT_3D('',#2178,#1735,#1736);
#1408=AXIS2_PLACEMENT_3D('',#2181,#1739,#1740);
#1409=AXIS2_PLACEMENT_3D('',#2184,#1743,#1744);
#1410=AXIS2_PLACEMENT_3D('',#2187,#1747,#1748);
#1411=AXIS2_PLACEMENT_3D('',#2190,#1751,#1752);
#1412=AXIS2_PLACEMENT_3D('',#2193,#1755,#1756);
#1413=AXIS2_PLACEMENT_3D('',#2195,#1758,#1759);
#1414=AXIS2_PLACEMENT_3D('',#2199,#1762,#1763);
#1415=AXIS2_PLACEMENT_3D('',#2200,#1764,#1765);
#1416=AXIS2_PLACEMENT_3D('',#2202,#1767,#1768);
#1417=AXIS2_PLACEMENT_3D('',#2206,#1771,#1772);
#1418=AXIS2_PLACEMENT_3D('',#2207,#1773,#1774);
#1419=AXIS2_PLACEMENT_3D('',#2210,#1776,#1777);
#1420=AXIS2_PLACEMENT_3D('',#2211,#1778,#1779);
#1421=AXIS2_PLACEMENT_3D('',#2212,#1780,#1781);
#1422=AXIS2_PLACEMENT_3D('',#2213,#1782,#1783);
#1423=AXIS2_PLACEMENT_3D('',#2214,#1784,#1785);
#1424=AXIS2_PLACEMENT_3D('',#2216,#1786,#1787);
#1425=AXIS2_PLACEMENT_3D('',#2218,#1789,#1790);
#1426=AXIS2_PLACEMENT_3D('',#2220,#1792,#1793);
#1427=AXIS2_PLACEMENT_3D('',#2223,#1795,#1796);
#1428=AXIS2_PLACEMENT_3D('',#2225,#1798,#1799);
#1429=AXIS2_PLACEMENT_3D('',#2226,#1800,#1801);
#1430=AXIS2_PLACEMENT_3D('',#2227,#1802,#1803);
#1431=AXIS2_PLACEMENT_3D('',#2228,#1804,#1805);
#1432=AXIS2_PLACEMENT_3D('',#2229,#1806,#1807);
#1433=AXIS2_PLACEMENT_3D('',#2230,#1808,#1809);
#1434=AXIS2_PLACEMENT_3D('',#2231,#1810,#1811);
#1435=AXIS2_PLACEMENT_3D('',#2234,#1812,#1813);
#1436=AXIS2_PLACEMENT_3D('',#2238,#1815,#1816);
#1437=AXIS2_PLACEMENT_3D('',#2240,#1818,#1819);
#1438=AXIS2_PLACEMENT_3D('',#2246,#1823,#1824);
#1439=AXIS2_PLACEMENT_3D('',#2248,#1825,#1826);
#1440=AXIS2_PLACEMENT_3D('',#2250,#1827,#1828);
#1441=AXIS2_PLACEMENT_3D('',#2252,#1829,#1830);
#1442=AXIS2_PLACEMENT_3D('',#2253,#1831,#1832);
#1443=AXIS2_PLACEMENT_3D('',#2254,#1833,#1834);
#1444=AXIS2_PLACEMENT_3D('',#2258,#1836,#1837);
#1445=AXIS2_PLACEMENT_3D('',#2259,#1838,#1839);
#1446=AXIS2_PLACEMENT_3D('',#2260,#1840,#1841);
#1447=AXIS2_PLACEMENT_3D('',#2270,#1847,#1848);
#1448=AXIS2_PLACEMENT_3D('',#2272,#1849,#1850);
#1449=AXIS2_PLACEMENT_3D('',#2273,#1851,#1852);
#1450=AXIS2_PLACEMENT_3D('',#2274,#1853,#1854);
#1451=AXIS2_PLACEMENT_3D('',#2276,#1856,#1857);
#1452=AXIS2_PLACEMENT_3D('',#2277,#1858,#1859);
#1453=AXIS2_PLACEMENT_3D('',#2278,#1860,#1861);
#1454=AXIS2_PLACEMENT_3D('',#2289,#1868,#1869);
#1455=AXIS2_PLACEMENT_3D('',#2292,#1872,#1873);
#1456=AXIS2_PLACEMENT_3D('',#2294,#1875,#1876);
#1457=AXIS2_PLACEMENT_3D('',#2295,#1877,#1878);
#1458=AXIS2_PLACEMENT_3D('',#2297,#1880,#1881);
#1459=AXIS2_PLACEMENT_3D('',#2298,#1882,#1883);
#1460=AXIS2_PLACEMENT_3D('',#2299,#1884,#1885);
#1461=DIRECTION('axis',(0.,0.,1.));
#1462=DIRECTION('refdir',(1.,0.,0.));
#1463=DIRECTION('center_axis',(0.,0.,-1.));
#1464=DIRECTION('ref_axis',(-1.,0.,0.));
#1465=DIRECTION('center_axis',(0.,1.,0.));
#1466=DIRECTION('ref_axis',(1.,0.,0.));
#1467=DIRECTION('center_axis',(0.,0.,-1.));
#1468=DIRECTION('ref_axis',(-6.12323399573672E-17,1.,0.));
#1469=DIRECTION('center_axis',(0.,1.,0.));
#1470=DIRECTION('ref_axis',(0.,0.,-1.));
#1471=DIRECTION('center_axis',(0.,0.,1.));
#1472=DIRECTION('ref_axis',(-6.12323399573672E-17,1.,0.));
#1473=DIRECTION('center_axis',(-4.58570379736478E-16,-1.,0.));
#1474=DIRECTION('ref_axis',(-0.707106781186548,0.,-0.707106781186547));
#1475=DIRECTION('center_axis',(0.,1.,0.));
#1476=DIRECTION('ref_axis',(0.,0.,-1.));
#1477=DIRECTION('',(4.58570379736478E-16,1.,0.));
#1478=DIRECTION('',(-4.58570379736478E-16,-1.,0.));
#1479=DIRECTION('center_axis',(0.,0.,-1.));
#1480=DIRECTION('ref_axis',(-1.,0.,0.));
#1481=DIRECTION('center_axis',(0.,-1.,0.));
#1482=DIRECTION('ref_axis',(0.,0.,-1.));
#1483=DIRECTION('center_axis',(0.,0.,1.));
#1484=DIRECTION('ref_axis',(1.1889094418472E-17,-1.,0.));
#1485=DIRECTION('center_axis',(0.,0.,-1.));
#1486=DIRECTION('ref_axis',(1.1889094418472E-17,-1.,0.));
#1487=DIRECTION('center_axis',(5.06840946024528E-16,1.,0.));
#1488=DIRECTION('ref_axis',(0.707106781186548,0.,-0.707106781186547));
#1489=DIRECTION('',(-5.06840946024528E-16,-1.,0.));
#1490=DIRECTION('',(5.06840946024528E-16,1.,0.));
#1491=DIRECTION('center_axis',(1.,-5.06840946024528E-16,0.));
#1492=DIRECTION('ref_axis',(5.06840946024528E-16,1.,0.));
#1493=DIRECTION('',(0.,0.,1.));
#1494=DIRECTION('',(5.06840946024528E-16,1.,0.));
#1495=DIRECTION('',(0.,0.,1.));
#1496=DIRECTION('center_axis',(0.,0.,1.));
#1497=DIRECTION('ref_axis',(-1.,0.,0.));
#1498=DIRECTION('',(0.,0.,1.));
#1499=DIRECTION('center_axis',(0.,0.,-1.));
#1500=DIRECTION('ref_axis',(-6.12323399573672E-17,1.,0.));
#1501=DIRECTION('center_axis',(0.,0.,1.));
#1502=DIRECTION('ref_axis',(1.,0.,0.));
#1503=DIRECTION('',(-1.77635683940025E-16,1.,0.));
#1504=DIRECTION('',(1.,0.,0.));
#1505=DIRECTION('',(1.77635683940025E-16,-1.,0.));
#1506=DIRECTION('',(-1.,0.,0.));
#1507=DIRECTION('center_axis',(0.,0.,-1.));
#1508=DIRECTION('ref_axis',(-1.,0.,0.));
#1509=DIRECTION('center_axis',(0.,1.,0.));
#1510=DIRECTION('ref_axis',(0.,0.,1.));
#1511=DIRECTION('center_axis',(0.,1.,0.));
#1512=DIRECTION('ref_axis',(-1.,0.,0.));
#1513=DIRECTION('center_axis',(0.,0.,1.));
#1514=DIRECTION('ref_axis',(-6.12323399573672E-17,1.,0.));
#1515=DIRECTION('center_axis',(-4.58570379736478E-16,-1.,0.));
#1516=DIRECTION('ref_axis',(-0.707106781186548,0.,0.707106781186547));
#1517=DIRECTION('center_axis',(0.,1.,0.));
#1518=DIRECTION('ref_axis',(-1.,0.,0.));
#1519=DIRECTION('',(4.58570379736478E-16,1.,0.));
#1520=DIRECTION('',(-4.58570379736478E-16,-1.,0.));
#1521=DIRECTION('center_axis',(0.,0.,-1.));
#1522=DIRECTION('ref_axis',(-1.,0.,0.));
#1523=DIRECTION('center_axis',(0.,-1.,0.));
#1524=DIRECTION('ref_axis',(1.,0.,0.));
#1525=DIRECTION('center_axis',(0.,0.,1.));
#1526=DIRECTION('ref_axis',(1.1889094418472E-17,-1.,0.));
#1527=DIRECTION('center_axis',(0.,0.,-1.));
#1528=DIRECTION('ref_axis',(1.1889094418472E-17,-1.,0.));
#1529=DIRECTION('center_axis',(5.06840946024528E-16,1.,0.));
#1530=DIRECTION('ref_axis',(0.707106781186548,0.,0.707106781186547));
#1531=DIRECTION('',(-5.06840946024528E-16,-1.,0.));
#1532=DIRECTION('center_axis',(-1.,4.58570379736478E-16,0.));
#1533=DIRECTION('ref_axis',(-4.58570379736478E-16,-1.,0.));
#1534=DIRECTION('',(0.,0.,1.));
#1535=DIRECTION('center_axis',(0.,0.,1.));
#1536=DIRECTION('ref_axis',(1.,0.,0.));
#1537=DIRECTION('',(-1.77635683940025E-16,1.,0.));
#1538=DIRECTION('',(1.,0.,0.));
#1539=DIRECTION('',(1.77635683940025E-16,-1.,0.));
#1540=DIRECTION('',(1.,0.,0.));
#1541=DIRECTION('center_axis',(-0.816496580927726,-0.408248290463865,-0.408248290463862));
#1542=DIRECTION('ref_axis',(0.577350269189626,-0.577350269189628,-0.577350269189624));
#1543=DIRECTION('center_axis',(1.,0.,0.));
#1544=DIRECTION('ref_axis',(0.,0.,-1.));
#1545=DIRECTION('center_axis',(0.,-1.,4.44089209850063E-15));
#1546=DIRECTION('ref_axis',(1.,0.,0.));
#1547=DIRECTION('center_axis',(0.,0.,-1.));
#1548=DIRECTION('ref_axis',(0.,-1.,0.));
#1549=DIRECTION('center_axis',(1.,1.77635683940025E-16,0.));
#1550=DIRECTION('ref_axis',(0.,0.,-1.));
#1551=DIRECTION('center_axis',(1.,1.77635683940025E-16,0.));
#1552=DIRECTION('ref_axis',(-6.71399776680252E-17,0.377964473009227,0.925820099772552));
#1553=DIRECTION('center_axis',(0.,1.,0.));
#1554=DIRECTION('ref_axis',(-1.,0.,0.));
#1555=DIRECTION('center_axis',(-1.,-1.77635683940025E-16,0.));
#1556=DIRECTION('ref_axis',(-6.93889390390723E-17,0.377964473009227,0.925820099772552));
#1557=DIRECTION('center_axis',(0.408248290463863,0.408248290463863,-0.816496580927726));
#1558=DIRECTION('ref_axis',(-0.577350269189626,-0.577350269189624,-0.577350269189627));
#1559=DIRECTION('center_axis',(0.,0.,-1.));
#1560=DIRECTION('ref_axis',(-1.,-1.38777878078144E-16,0.));
#1561=DIRECTION('center_axis',(0.,-1.,0.));
#1562=DIRECTION('ref_axis',(0.,0.,-1.));
#1563=DIRECTION('center_axis',(-1.,0.,0.));
#1564=DIRECTION('ref_axis',(0.,-1.,0.));
#1565=DIRECTION('center_axis',(0.408248290463863,0.40824829046386,-0.816496580927727));
#1566=DIRECTION('ref_axis',(0.577350269189627,0.577350269189623,0.577350269189627));
#1567=DIRECTION('center_axis',(1.,0.,0.));
#1568=DIRECTION('ref_axis',(0.,0.,1.));
#1569=DIRECTION('center_axis',(0.,1.,0.));
#1570=DIRECTION('ref_axis',(1.,0.,0.));
#1571=DIRECTION('center_axis',(0.,0.,1.));
#1572=DIRECTION('ref_axis',(0.,1.,0.));
#1573=DIRECTION('center_axis',(1.77635683940025E-16,-1.,0.));
#1574=DIRECTION('ref_axis',(0.707106781186548,0.,0.707106781186547));
#1575=DIRECTION('',(-1.77635683940025E-16,1.,0.));
#1576=DIRECTION('',(1.77635683940025E-16,-1.,0.));
#1577=DIRECTION('center_axis',(-0.408248290463865,0.408248290463861,-0.816496580927726));
#1578=DIRECTION('ref_axis',(0.577350269189628,-0.577350269189625,-0.577350269189625));
#1579=DIRECTION('center_axis',(0.,-1.,0.));
#1580=DIRECTION('ref_axis',(1.,0.,0.));
#1581=DIRECTION('center_axis',(0.,0.,-1.));
#1582=DIRECTION('ref_axis',(0.,-1.,0.));
#1583=DIRECTION('center_axis',(1.,-2.22044604925032E-15,0.));
#1584=DIRECTION('ref_axis',(0.,0.,-1.));
#1585=DIRECTION('center_axis',(-1.77635683940025E-16,1.,0.));
#1586=DIRECTION('ref_axis',(0.707106781186548,0.,-0.707106781186547));
#1587=DIRECTION('center_axis',(0.,-1.,0.));
#1588=DIRECTION('ref_axis',(0.,0.,-1.));
#1589=DIRECTION('',(1.77635683940025E-16,-1.,0.));
#1590=DIRECTION('center_axis',(1.,1.77635683940025E-16,0.));
#1591=DIRECTION('ref_axis',(0.,0.,-1.));
#1592=DIRECTION('center_axis',(0.,-5.5511151231258E-16,1.));
#1593=DIRECTION('ref_axis',(-2.22044604925032E-15,-1.,-5.5511151231258E-16));
#1594=DIRECTION('center_axis',(1.,1.77635683940025E-16,0.));
#1595=DIRECTION('ref_axis',(-1.25607396694702E-16,0.707106781186549,0.707106781186546));
#1596=DIRECTION('center_axis',(-1.,-1.77635683940025E-16,0.));
#1597=DIRECTION('ref_axis',(-1.38777878078144E-16,0.707106781186549,0.707106781186546));
#1598=DIRECTION('center_axis',(0.,0.,-1.));
#1599=DIRECTION('ref_axis',(0.707106781186555,-0.70710678118654,0.));
#1600=DIRECTION('',(0.,0.,1.));
#1601=DIRECTION('',(0.,0.,-1.));
#1602=DIRECTION('center_axis',(-0.408248290463861,-0.816496580927728,0.408248290463861));
#1603=DIRECTION('ref_axis',(-0.577350269189627,0.577350269189623,0.577350269189628));
#1604=DIRECTION('center_axis',(0.,0.,1.));
#1605=DIRECTION('ref_axis',(-1.,0.,0.));
#1606=DIRECTION('center_axis',(0.,1.,0.));
#1607=DIRECTION('ref_axis',(0.,0.,1.));
#1608=DIRECTION('center_axis',(-1.,0.,-2.22044604925032E-15));
#1609=DIRECTION('ref_axis',(0.,1.,0.));
#1610=DIRECTION('center_axis',(-1.77635683940025E-16,1.,0.));
#1611=DIRECTION('ref_axis',(-0.707106781186547,0.,0.707106781186548));
#1612=DIRECTION('',(-1.77635683940025E-16,1.,0.));
#1613=DIRECTION('',(1.77635683940025E-16,-1.,0.));
#1614=DIRECTION('center_axis',(-0.816496580927732,0.408248290463861,0.408248290463854));
#1615=DIRECTION('ref_axis',(-0.57735026918962,-0.577350269189638,-0.57735026918962));
#1616=DIRECTION('center_axis',(-1.,0.,0.));
#1617=DIRECTION('ref_axis',(0.,-1.,0.));
#1618=DIRECTION('center_axis',(0.,0.,-1.));
#1619=DIRECTION('ref_axis',(-1.,0.,0.));
#1620=DIRECTION('center_axis',(-1.77635683940025E-14,-1.,0.));
#1621=DIRECTION('ref_axis',(0.,0.,-1.));
#1622=DIRECTION('center_axis',(0.,0.,-1.));
#1623=DIRECTION('ref_axis',(-0.707106781186543,-0.707106781186552,0.));
#1624=DIRECTION('center_axis',(0.,0.,-1.));
#1625=DIRECTION('ref_axis',(0.,-1.,0.));
#1626=DIRECTION('',(0.,0.,-1.));
#1627=DIRECTION('',(0.,0.,1.));
#1628=DIRECTION('center_axis',(-1.,-1.77635683940025E-16,0.));
#1629=DIRECTION('ref_axis',(0.,0.,1.));
#1630=DIRECTION('center_axis',(0.,1.,0.));
#1631=DIRECTION('ref_axis',(0.,0.,-1.));
#1632=DIRECTION('center_axis',(-1.,-1.77635683940025E-16,0.));
#1633=DIRECTION('ref_axis',(-1.25607396694702E-16,0.707106781186549,0.707106781186546));
#1634=DIRECTION('center_axis',(1.,1.77635683940025E-16,0.));
#1635=DIRECTION('ref_axis',(-1.38777878078144E-16,0.707106781186549,0.707106781186546));
#1636=DIRECTION('center_axis',(1.77635683940025E-16,-1.,0.));
#1637=DIRECTION('ref_axis',(-0.707106781186548,0.,-0.707106781186547));
#1638=DIRECTION('',(-1.77635683940025E-16,1.,0.));
#1639=DIRECTION('center_axis',(-0.408248290463864,0.40824829046386,-0.816496580927727));
#1640=DIRECTION('ref_axis',(-0.577350269189628,0.577350269189624,0.577350269189626));
#1641=DIRECTION('center_axis',(0.,0.,1.));
#1642=DIRECTION('ref_axis',(-1.,0.,0.));
#1643=DIRECTION('center_axis',(0.,1.,0.));
#1644=DIRECTION('ref_axis',(0.,0.,1.));
#1645=DIRECTION('center_axis',(-1.,0.,0.));
#1646=DIRECTION('ref_axis',(0.,1.,0.));
#1647=DIRECTION('center_axis',(0.,1.,0.));
#1648=DIRECTION('ref_axis',(-0.707106781186548,0.,0.707106781186547));
#1649=DIRECTION('',(0.,1.,0.));
#1650=DIRECTION('',(0.,-1.,0.));
#1651=DIRECTION('center_axis',(1.,0.,0.));
#1652=DIRECTION('ref_axis',(0.,0.707106781186553,0.707106781186542));
#1653=DIRECTION('',(-1.,0.,0.));
#1654=DIRECTION('',(1.,0.,0.));
#1655=DIRECTION('center_axis',(0.408248290463861,-0.816496580927728,-0.408248290463861));
#1656=DIRECTION('ref_axis',(0.577350269189627,0.577350269189623,-0.577350269189627));
#1657=DIRECTION('center_axis',(0.,0.,-1.));
#1658=DIRECTION('ref_axis',(1.,0.,0.));
#1659=DIRECTION('center_axis',(0.,1.,0.));
#1660=DIRECTION('ref_axis',(0.,0.,-1.));
#1661=DIRECTION('center_axis',(1.,0.,0.));
#1662=DIRECTION('ref_axis',(0.,1.,0.));
#1663=DIRECTION('center_axis',(-1.77635683940025E-16,1.,0.));
#1664=DIRECTION('ref_axis',(0.707106781186546,0.,-0.707106781186549));
#1665=DIRECTION('',(1.77635683940025E-16,-1.,0.));
#1666=DIRECTION('',(-1.77635683940025E-16,1.,0.));
#1667=DIRECTION('center_axis',(0.408248290463864,-0.816496580927724,0.408248290463866));
#1668=DIRECTION('ref_axis',(0.577350269189626,0.577350269189624,0.577350269189628));
#1669=DIRECTION('center_axis',(1.,2.22044604925032E-15,0.));
#1670=DIRECTION('ref_axis',(0.,0.,1.));
#1671=DIRECTION('center_axis',(0.,1.,0.));
#1672=DIRECTION('ref_axis',(1.,0.,0.));
#1673=DIRECTION('center_axis',(1.11022302462516E-15,0.,1.));
#1674=DIRECTION('ref_axis',(0.,1.,0.));
#1675=DIRECTION('center_axis',(0.,-1.,0.));
#1676=DIRECTION('ref_axis',(0.707106781186547,0.,0.707106781186548));
#1677=DIRECTION('',(0.,1.,0.));
#1678=DIRECTION('',(0.,-1.,0.));
#1679=DIRECTION('center_axis',(-0.408248290463861,-0.816496580927728,-0.408248290463861));
#1680=DIRECTION('ref_axis',(-0.577350269189627,0.577350269189623,-0.577350269189627));
#1681=DIRECTION('center_axis',(-1.,2.22044604925032E-15,0.));
#1682=DIRECTION('ref_axis',(0.,0.,-1.));
#1683=DIRECTION('center_axis',(0.,1.,0.));
#1684=DIRECTION('ref_axis',(-1.,0.,0.));
#1685=DIRECTION('center_axis',(0.,0.,-1.));
#1686=DIRECTION('ref_axis',(0.,1.,0.));
#1687=DIRECTION('center_axis',(-1.77635683940025E-16,1.,0.));
#1688=DIRECTION('ref_axis',(-0.707106781186546,0.,-0.707106781186549));
#1689=DIRECTION('',(1.77635683940025E-16,-1.,0.));
#1690=DIRECTION('',(-1.77635683940025E-16,1.,0.));
#1691=DIRECTION('center_axis',(0.,0.,1.));
#1692=DIRECTION('ref_axis',(-0.707106781186543,0.707106781186552,0.));
#1693=DIRECTION('',(0.,0.,-1.));
#1694=DIRECTION('',(0.,0.,1.));
#1695=DIRECTION('center_axis',(0.408248290463862,-0.408248290463859,-0.816496580927728));
#1696=DIRECTION('ref_axis',(-0.577350269189629,0.577350269189624,-0.577350269189624));
#1697=DIRECTION('center_axis',(-1.,0.,0.));
#1698=DIRECTION('ref_axis',(0.,0.,-1.));
#1699=DIRECTION('center_axis',(0.,1.,0.));
#1700=DIRECTION('ref_axis',(-1.,0.,0.));
#1701=DIRECTION('center_axis',(4.44089209850062E-15,0.,-1.));
#1702=DIRECTION('ref_axis',(0.,1.,0.));
#1703=DIRECTION('center_axis',(0.408248290463861,-0.816496580927728,-0.408248290463861));
#1704=DIRECTION('ref_axis',(0.577350269189628,0.577350269189623,-0.577350269189626));
#1705=DIRECTION('center_axis',(0.,0.,-1.));
#1706=DIRECTION('ref_axis',(1.,0.,0.));
#1707=DIRECTION('center_axis',(0.,1.,0.));
#1708=DIRECTION('ref_axis',(0.,0.,-1.));
#1709=DIRECTION('center_axis',(1.,0.,0.));
#1710=DIRECTION('ref_axis',(0.,1.,0.));
#1711=DIRECTION('center_axis',(0.,1.,0.));
#1712=DIRECTION('ref_axis',(-0.707106781186549,0.,-0.707106781186546));
#1713=DIRECTION('',(0.,1.,0.));
#1714=DIRECTION('',(0.,-1.,0.));
#1715=DIRECTION('center_axis',(0.707106781186546,0.707106781186549,0.));
#1716=DIRECTION('ref_axis',(0.707106781186549,-0.707106781186546,0.));
#1717=DIRECTION('center_axis',(1.,0.,0.));
#1718=DIRECTION('ref_axis',(0.,0.707106781186538,-0.707106781186557));
#1719=DIRECTION('',(-1.,0.,0.));
#1720=DIRECTION('center_axis',(0.707106781186546,-0.707106781186549,0.));
#1721=DIRECTION('ref_axis',(-0.707106781186549,-0.707106781186546,0.));
#1722=DIRECTION('',(1.,0.,0.));
#1723=DIRECTION('center_axis',(0.,1.,0.));
#1724=DIRECTION('ref_axis',(0.707106781186546,0.,-0.707106781186549));
#1725=DIRECTION('',(0.,1.,0.));
#1726=DIRECTION('',(0.,-1.,0.));
#1727=DIRECTION('center_axis',(-1.,0.,0.));
#1728=DIRECTION('ref_axis',(0.,0.707106781186551,-0.707106781186544));
#1729=DIRECTION('',(1.,0.,0.));
#1730=DIRECTION('',(-1.,0.,0.));
#1731=DIRECTION('center_axis',(-6.16790569236198E-17,0.,-1.));
#1732=DIRECTION('ref_axis',(0.707106781186543,0.707106781186552,0.));
#1733=DIRECTION('',(6.16790569236198E-17,0.,1.));
#1734=DIRECTION('',(-6.16790569236198E-17,0.,-1.));
#1735=DIRECTION('center_axis',(2.46716227694479E-16,0.,1.));
#1736=DIRECTION('ref_axis',(-0.707106781186543,0.707106781186552,0.));
#1737=DIRECTION('',(-2.46716227694479E-16,0.,-1.));
#1738=DIRECTION('',(2.46716227694479E-16,0.,1.));
#1739=DIRECTION('center_axis',(-1.,0.,0.));
#1740=DIRECTION('ref_axis',(0.,0.707106781186551,-0.707106781186544));
#1741=DIRECTION('',(1.,0.,0.));
#1742=DIRECTION('',(-1.,0.,0.));
#1743=DIRECTION('center_axis',(1.,0.,0.));
#1744=DIRECTION('ref_axis',(0.,0.707106781186553,0.707106781186542));
#1745=DIRECTION('',(-1.,0.,0.));
#1746=DIRECTION('',(1.,0.,0.));
#1747=DIRECTION('center_axis',(0.,0.,-1.));
#1748=DIRECTION('ref_axis',(0.707106781186543,0.707106781186552,0.));
#1749=DIRECTION('',(0.,0.,1.));
#1750=DIRECTION('',(0.,0.,-1.));
#1751=DIRECTION('center_axis',(-1.,0.,0.));
#1752=DIRECTION('ref_axis',(0.,-0.707106781186538,-0.707106781186557));
#1753=DIRECTION('',(1.,0.,0.));
#1754=DIRECTION('',(-1.,0.,0.));
#1755=DIRECTION('center_axis',(1.,0.,0.));
#1756=DIRECTION('ref_axis',(0.,-0.707106781186546,-0.707106781186549));
#1757=DIRECTION('',(-1.,0.,0.));
#1758=DIRECTION('center_axis',(0.,0.,1.));
#1759=DIRECTION('ref_axis',(-0.707106781186549,-0.707106781186546,0.));
#1760=DIRECTION('',(0.,0.,-1.));
#1761=DIRECTION('',(0.,0.,1.));
#1762=DIRECTION('center_axis',(0.,-0.707106781186549,-0.707106781186546));
#1763=DIRECTION('ref_axis',(0.,0.707106781186546,-0.707106781186549));
#1764=DIRECTION('center_axis',(1.77635683940025E-16,-1.,0.));
#1765=DIRECTION('ref_axis',(-0.707106781186548,0.,0.707106781186547));
#1766=DIRECTION('',(1.77635683940025E-16,-1.,0.));
#1767=DIRECTION('center_axis',(0.,0.,1.));
#1768=DIRECTION('ref_axis',(0.707106781186548,-0.707106781186547,0.));
#1769=DIRECTION('',(0.,0.,-1.));
#1770=DIRECTION('',(0.,0.,1.));
#1771=DIRECTION('center_axis',(5.88784672006415E-16,-0.707106781186547,
-0.707106781186548));
#1772=DIRECTION('ref_axis',(-5.88784672006415E-16,0.707106781186548,-0.707106781186547));
#1773=DIRECTION('center_axis',(-1.77635683940025E-16,1.,0.));
#1774=DIRECTION('ref_axis',(0.707106781186548,0.,0.707106781186547));
#1775=DIRECTION('',(-1.77635683940025E-16,1.,0.));
#1776=DIRECTION('center_axis',(0.,-1.,0.));
#1777=DIRECTION('ref_axis',(1.,0.,0.));
#1778=DIRECTION('center_axis',(-1.,-1.77635683940025E-16,0.));
#1779=DIRECTION('ref_axis',(0.,0.,1.));
#1780=DIRECTION('center_axis',(1.,1.77635683940025E-16,0.));
#1781=DIRECTION('ref_axis',(-6.93889390390723E-17,0.377964473009228,0.925820099772551));
#1782=DIRECTION('center_axis',(-1.,-1.77635683940025E-16,0.));
#1783=DIRECTION('ref_axis',(-6.71399776680253E-17,0.377964473009228,0.925820099772551));
#1784=DIRECTION('center_axis',(1.,0.,-6.16790569236198E-17));
#1785=DIRECTION('ref_axis',(-6.16790569236198E-17,0.,-1.));
#1786=DIRECTION('center_axis',(1.,0.,-6.16790569236198E-17));
#1787=DIRECTION('ref_axis',(0.,0.707106781186548,0.707106781186547));
#1788=DIRECTION('',(6.16790569236198E-17,0.,1.));
#1789=DIRECTION('center_axis',(0.,0.,1.));
#1790=DIRECTION('ref_axis',(1.,0.,0.));
#1791=DIRECTION('',(-1.,0.,0.));
#1792=DIRECTION('center_axis',(-1.,0.,0.));
#1793=DIRECTION('ref_axis',(0.,0.707106781186548,0.707106781186547));
#1794=DIRECTION('',(-1.,0.,0.));
#1795=DIRECTION('center_axis',(-1.,0.,2.46716227694479E-16));
#1796=DIRECTION('ref_axis',(0.,0.707106781186548,0.707106781186547));
#1797=DIRECTION('',(-1.,0.,0.));
#1798=DIRECTION('center_axis',(0.,-1.,0.));
#1799=DIRECTION('ref_axis',(1.,0.,0.));
#1800=DIRECTION('center_axis',(1.,1.77635683940025E-16,0.));
#1801=DIRECTION('ref_axis',(-1.77635683940025E-16,1.,0.));
#1802=DIRECTION('center_axis',(-1.,-1.77635683940025E-16,0.));
#1803=DIRECTION('ref_axis',(1.77635683940025E-16,-1.,0.));
#1804=DIRECTION('center_axis',(0.,1.,0.));
#1805=DIRECTION('ref_axis',(0.,0.,1.));
#1806=DIRECTION('center_axis',(0.,1.,0.));
#1807=DIRECTION('ref_axis',(0.,0.,1.));
#1808=DIRECTION('center_axis',(0.,0.,-1.));
#1809=DIRECTION('ref_axis',(-1.,0.,0.));
#1810=DIRECTION('center_axis',(-0.500000000000001,0.,0.866025403784438));
#1811=DIRECTION('ref_axis',(0.612372435695792,-0.707106781186551,0.353553390593272));
#1812=DIRECTION('center_axis',(8.24126865592955E-16,0.,-1.));
#1813=DIRECTION('ref_axis',(1.,-6.00925839494864E-17,8.0734559858437E-16));
#1814=DIRECTION('',(-0.500000000000001,0.,0.866025403784438));
#1815=DIRECTION('center_axis',(-0.866025403784439,0.,0.5));
#1816=DIRECTION('ref_axis',(0.5,-6.00925839494864E-17,0.866025403784439));
#1817=DIRECTION('',(0.500000000000001,0.,-0.866025403784438));
#1818=DIRECTION('center_axis',(-0.866025403784438,0.,-0.500000000000001));
#1819=DIRECTION('ref_axis',(-0.500000000000001,0.,0.866025403784438));
#1820=DIRECTION('',(0.,1.,0.));
#1821=DIRECTION('',(-0.500000000000001,0.,0.866025403784438));
#1822=DIRECTION('',(0.,1.,0.));
#1823=DIRECTION('center_axis',(0.,1.,0.));
#1824=DIRECTION('ref_axis',(0.,0.,1.));
#1825=DIRECTION('center_axis',(0.,-1.,0.));
#1826=DIRECTION('ref_axis',(-1.,0.,0.));
#1827=DIRECTION('center_axis',(-1.,0.,1.22464679914735E-16));
#1828=DIRECTION('ref_axis',(-1.22464679914735E-16,0.,-1.));
#1829=DIRECTION('center_axis',(0.,1.,0.));
#1830=DIRECTION('ref_axis',(-1.,0.,0.));
#1831=DIRECTION('center_axis',(0.,1.,0.));
#1832=DIRECTION('ref_axis',(-1.,0.,0.));
#1833=DIRECTION('center_axis',(0.,1.,0.));
#1834=DIRECTION('ref_axis',(1.,0.,0.));
#1835=DIRECTION('',(0.,1.,0.));
#1836=DIRECTION('center_axis',(0.,-1.,0.));
#1837=DIRECTION('ref_axis',(1.,0.,0.));
#1838=DIRECTION('center_axis',(0.,-1.,0.));
#1839=DIRECTION('ref_axis',(1.,0.,0.));
#1840=DIRECTION('center_axis',(0.,1.,0.));
#1841=DIRECTION('ref_axis',(0.,0.,1.));
#1842=DIRECTION('',(-0.5,0.,-0.866025403784439));
#1843=DIRECTION('',(0.500000000000001,0.,-0.866025403784438));
#1844=DIRECTION('',(1.,0.,1.64825373118591E-15));
#1845=DIRECTION('',(0.5,0.,0.866025403784439));
#1846=DIRECTION('',(-1.,0.,-8.24126865592955E-16));
#1847=DIRECTION('center_axis',(0.,-1.,0.));
#1848=DIRECTION('ref_axis',(0.,0.,-1.));
#1849=DIRECTION('center_axis',(0.,1.,0.));
#1850=DIRECTION('ref_axis',(1.,0.,0.));
#1851=DIRECTION('center_axis',(-1.,0.,-1.22464679914735E-16));
#1852=DIRECTION('ref_axis',(-1.22464679914735E-16,0.,1.));
#1853=DIRECTION('center_axis',(0.,1.,0.));
#1854=DIRECTION('ref_axis',(-1.,0.,0.));
#1855=DIRECTION('',(-2.46716227694479E-16,0.,-1.));
#1856=DIRECTION('center_axis',(-1.,0.,2.46716227694479E-16));
#1857=DIRECTION('ref_axis',(2.46716227694479E-16,0.,1.));
#1858=DIRECTION('center_axis',(0.,0.,1.));
#1859=DIRECTION('ref_axis',(1.,0.,0.));
#1860=DIRECTION('center_axis',(0.,-1.,0.));
#1861=DIRECTION('ref_axis',(-1.,0.,0.));
#1862=DIRECTION('',(1.,0.,0.));
#1863=DIRECTION('',(0.5,0.,0.866025403784439));
#1864=DIRECTION('',(1.,0.,1.64825373118591E-15));
#1865=DIRECTION('',(0.500000000000001,0.,-0.866025403784438));
#1866=DIRECTION('',(-0.5,0.,-0.866025403784439));
#1867=DIRECTION('',(-1.,0.,-8.24126865592955E-16));
#1868=DIRECTION('center_axis',(0.866025403784438,0.,0.500000000000001));
#1869=DIRECTION('ref_axis',(0.500000000000001,0.,-0.866025403784438));
#1870=DIRECTION('',(0.,1.,0.));
#1871=DIRECTION('',(0.,1.,0.));
#1872=DIRECTION('center_axis',(-1.64825373118591E-15,0.,1.));
#1873=DIRECTION('ref_axis',(1.,0.,1.64825373118591E-15));
#1874=DIRECTION('',(0.,1.,0.));
#1875=DIRECTION('center_axis',(-0.866025403784439,0.,0.5));
#1876=DIRECTION('ref_axis',(0.5,0.,0.866025403784439));
#1877=DIRECTION('center_axis',(8.24126865592955E-16,0.,-1.));
#1878=DIRECTION('ref_axis',(-1.,0.,-8.24126865592955E-16));
#1879=DIRECTION('',(0.,1.,0.));
#1880=DIRECTION('center_axis',(0.866025403784439,0.,-0.5));
#1881=DIRECTION('ref_axis',(-0.5,0.,-0.866025403784439));
#1882=DIRECTION('center_axis',(1.,0.,0.));
#1883=DIRECTION('ref_axis',(0.,0.707106781186549,0.707106781186546));
#1884=DIRECTION('center_axis',(0.,0.,1.));
#1885=DIRECTION('ref_axis',(1.,-4.93432455388958E-16,0.));
#1886=CARTESIAN_POINT('',(0.,0.,0.));
#1887=CARTESIAN_POINT('Origin',(1.45562574339743E-14,32.,0.5));
#1888=CARTESIAN_POINT('',(-2.24999999999999,32.,0.5));
#1889=CARTESIAN_POINT('',(-2.74999999999999,32.,0.));
#1890=CARTESIAN_POINT('Origin',(-2.74999999999999,32.,0.5));
#1891=CARTESIAN_POINT('',(2.75000000000001,32.,0.));
#1892=CARTESIAN_POINT('Origin',(1.45562574339743E-14,32.,0.));
#1893=CARTESIAN_POINT('',(2.25000000000001,32.,0.5));
#1894=CARTESIAN_POINT('Origin',(2.75000000000001,32.,0.5));
#1895=CARTESIAN_POINT('Origin',(1.45562574339743E-14,32.,0.5));
#1896=CARTESIAN_POINT('Origin',(2.75000000000001,28.5,0.5));
#1897=CARTESIAN_POINT('',(2.75,9.,0.));
#1898=CARTESIAN_POINT('',(2.25,9.,0.5));
#1899=CARTESIAN_POINT('Origin',(2.75,9.,0.5));
#1900=CARTESIAN_POINT('',(2.25000000000001,28.5,0.5));
#1901=CARTESIAN_POINT('',(2.75000000000001,28.5,0.));
#1902=CARTESIAN_POINT('Origin',(3.33066907387547E-15,9.,0.5));
#1903=CARTESIAN_POINT('',(-2.75,9.,0.));
#1904=CARTESIAN_POINT('',(-2.25,9.,0.5));
#1905=CARTESIAN_POINT('Origin',(-2.75,9.,0.5));
#1906=CARTESIAN_POINT('Origin',(3.33066907387547E-15,9.,0.5));
#1907=CARTESIAN_POINT('Origin',(3.33066907387547E-15,9.,0.));
#1908=CARTESIAN_POINT('Origin',(-2.74999999999999,17.,0.5));
#1909=CARTESIAN_POINT('',(-2.24999999999999,17.,0.5));
#1910=CARTESIAN_POINT('',(-2.74999999999999,17.,0.));
#1911=CARTESIAN_POINT('Origin',(-2.25,9.,0.));
#1912=CARTESIAN_POINT('',(-2.24999999999999,32.,4.5));
#1913=CARTESIAN_POINT('',(-2.24999999999999,32.,0.));
#1914=CARTESIAN_POINT('',(-2.25,9.,4.5));
#1915=CARTESIAN_POINT('',(-2.24999999999999,17.,4.5));
#1916=CARTESIAN_POINT('',(-2.25,9.,0.));
#1917=CARTESIAN_POINT('Origin',(1.45562574339743E-14,32.,0.));
#1918=CARTESIAN_POINT('',(2.25000000000001,32.,4.5));
#1919=CARTESIAN_POINT('',(2.25000000000001,32.,0.));
#1920=CARTESIAN_POINT('Origin',(1.45562574339743E-14,32.,4.5));
#1921=CARTESIAN_POINT('Origin',(-4.44089209850063E-15,25.,0.));
#1922=CARTESIAN_POINT('',(8.5,0.499999999999998,0.));
#1923=CARTESIAN_POINT('',(8.49999999999999,43.,0.));
#1924=CARTESIAN_POINT('',(8.5,12.5,0.));
#1925=CARTESIAN_POINT('',(-8.5,0.499999999999998,0.));
#1926=CARTESIAN_POINT('',(-4.5,0.499999999999998,0.));
#1927=CARTESIAN_POINT('',(-8.50000000000001,43.,0.));
#1928=CARTESIAN_POINT('',(-8.50000000000001,37.5,0.));
#1929=CARTESIAN_POINT('',(4.49999999999999,43.,0.));
#1930=CARTESIAN_POINT('Origin',(1.45562574339743E-14,32.,4.5));
#1931=CARTESIAN_POINT('',(-2.74999999999999,32.,5.));
#1932=CARTESIAN_POINT('Origin',(-2.74999999999999,32.,4.5));
#1933=CARTESIAN_POINT('',(2.75000000000001,32.,5.));
#1934=CARTESIAN_POINT('Origin',(2.75000000000001,32.,4.5));
#1935=CARTESIAN_POINT('Origin',(1.45562574339743E-14,32.,5.));
#1936=CARTESIAN_POINT('Origin',(2.75000000000001,28.5,4.5));
#1937=CARTESIAN_POINT('',(2.25,9.,4.5));
#1938=CARTESIAN_POINT('',(2.75,9.,5.));
#1939=CARTESIAN_POINT('Origin',(2.75,9.,4.5));
#1940=CARTESIAN_POINT('',(2.75000000000001,28.5,5.));
#1941=CARTESIAN_POINT('',(2.25000000000001,28.5,4.5));
#1942=CARTESIAN_POINT('Origin',(3.33066907387547E-15,9.,4.5));
#1943=CARTESIAN_POINT('',(-2.75,9.,5.));
#1944=CARTESIAN_POINT('Origin',(-2.75,9.,4.5));
#1945=CARTESIAN_POINT('Origin',(3.33066907387547E-15,9.,5.));
#1946=CARTESIAN_POINT('Origin',(3.33066907387547E-15,9.,4.5));
#1947=CARTESIAN_POINT('Origin',(-2.74999999999999,17.,4.5));
#1948=CARTESIAN_POINT('',(-2.74999999999999,17.,5.));
#1949=CARTESIAN_POINT('Origin',(2.25000000000001,32.,0.));
#1950=CARTESIAN_POINT('',(2.25,9.,0.));
#1951=CARTESIAN_POINT('Origin',(-4.44089209850063E-15,25.,5.));
#1952=CARTESIAN_POINT('',(-8.5,0.,5.));
#1953=CARTESIAN_POINT('',(-8.50000000000001,43.,5.));
#1954=CARTESIAN_POINT('',(-8.50000000000001,37.5,5.));
#1955=CARTESIAN_POINT('',(8.5,0.,5.));
#1956=CARTESIAN_POINT('',(-9.,0.,5.));
#1957=CARTESIAN_POINT('',(8.49999999999999,43.,5.));
#1958=CARTESIAN_POINT('',(8.5,12.5,5.));
#1959=CARTESIAN_POINT('',(4.49999999999999,43.,5.));
#1960=CARTESIAN_POINT('Origin',(8.5,0.5,0.5));
#1961=CARTESIAN_POINT('',(8.5,0.,0.5));
#1962=CARTESIAN_POINT('Origin',(8.5,0.499999999999998,0.5));
#1963=CARTESIAN_POINT('',(9.,0.5,0.5));
#1964=CARTESIAN_POINT('Origin',(8.5,0.5,0.5));
#1965=CARTESIAN_POINT('Origin',(8.5,0.5,0.5));
#1966=CARTESIAN_POINT('Origin',(-8.50000000000001,43.,-2.));
#1967=CARTESIAN_POINT('',(-9.00000000000001,47.6904157598234,2.5));
#1968=CARTESIAN_POINT('',(-9.00000000000001,43.,4.5));
#1969=CARTESIAN_POINT('Origin',(-9.00000000000001,43.,-2.));
#1970=CARTESIAN_POINT('Origin',(-8.50000000000001,43.,4.5));
#1971=CARTESIAN_POINT('',(-8.50000000000001,47.8989794855664,3.));
#1972=CARTESIAN_POINT('Origin',(-8.50000000000001,43.,-2.));
#1973=CARTESIAN_POINT('Ctrl Pts',(-8.50000000000001,47.8989794855664,3.));
#1974=CARTESIAN_POINT('Ctrl Pts',(-8.56055016999773,47.8989794855664,3.));
#1975=CARTESIAN_POINT('Ctrl Pts',(-8.62028621445528,47.8944961902884,2.98900450232543));
#1976=CARTESIAN_POINT('Ctrl Pts',(-8.73460293565834,47.8768542387814,2.94590663522615));
#1977=CARTESIAN_POINT('Ctrl Pts',(-8.78745427864067,47.8636010890342,2.91358447458036));
#1978=CARTESIAN_POINT('Ctrl Pts',(-8.88164067474502,47.8289497901795,2.82960812379215));
#1979=CARTESIAN_POINT('Ctrl Pts',(-8.92077153013156,47.8073452378974,2.77749927300522));
#1980=CARTESIAN_POINT('Ctrl Pts',(-8.96547511723105,47.7692718851011,2.68643834778233));
#1981=CARTESIAN_POINT('Ctrl Pts',(-8.97812338287995,47.7543769187852,2.65096621652324));
#1982=CARTESIAN_POINT('Ctrl Pts',(-8.99531081696949,47.7235836919576,2.5780009484412));
#1983=CARTESIAN_POINT('Ctrl Pts',(-8.99975267176571,47.7077254784657,2.54060612574752));
#1984=CARTESIAN_POINT('Ctrl Pts',(-8.99999665246647,47.691316550355,2.50211269321394));
#1985=CARTESIAN_POINT('Ctrl Pts',(-9.00000000000001,47.6908661827601,2.50105633542035));
#1986=CARTESIAN_POINT('Ctrl Pts',(-9.00000000000001,47.6904157598234,2.5));
#1987=CARTESIAN_POINT('Origin',(-8.5,0.499999999999998,0.5));
#1988=CARTESIAN_POINT('',(-9.,0.499999999999998,0.5));
#1989=CARTESIAN_POINT('',(-8.5,0.,0.5));
#1990=CARTESIAN_POINT('Origin',(-8.5,0.499999999999998,0.5));
#1991=CARTESIAN_POINT('Origin',(-8.5,0.499999999999998,0.5));
#1992=CARTESIAN_POINT('Origin',(-8.5,0.499999999999998,0.5));
#1993=CARTESIAN_POINT('Origin',(8.49999999999999,51.5,2.5));
#1994=CARTESIAN_POINT('',(8.49999999999999,51.5,3.));
#1995=CARTESIAN_POINT('',(8.49999999999999,52.,2.5));
#1996=CARTESIAN_POINT('Origin',(8.49999999999999,51.5,2.5));
#1997=CARTESIAN_POINT('',(8.99999999999999,51.5,2.5));
#1998=CARTESIAN_POINT('Origin',(8.49999999999999,51.5,2.5));
#1999=CARTESIAN_POINT('Origin',(8.49999999999999,51.5,2.5));
#2000=CARTESIAN_POINT('Origin',(8.49999999999999,25.,2.5));
#2001=CARTESIAN_POINT('',(8.99999999999999,47.6904157598234,2.5));
#2002=CARTESIAN_POINT('',(9.,25.,2.5));
#2003=CARTESIAN_POINT('',(8.5,47.8989794855664,3.));
#2004=CARTESIAN_POINT('',(8.49999999999999,25.,3.));
#2005=CARTESIAN_POINT('Ctrl Pts',(9.,47.6904157598234,2.5));
#2006=CARTESIAN_POINT('Ctrl Pts',(9.,47.6908661827615,2.50105633542364));
#2007=CARTESIAN_POINT('Ctrl Pts',(8.99999665246648,47.6913165503548,2.50211269320907));
#2008=CARTESIAN_POINT('Ctrl Pts',(8.99975267176545,47.7077254784738,2.54060612580352));
#2009=CARTESIAN_POINT('Ctrl Pts',(8.9953108169674,47.7235836919613,2.57800094844992));
#2010=CARTESIAN_POINT('Ctrl Pts',(8.97812338287997,47.7543769187852,2.65096621652312));
#2011=CARTESIAN_POINT('Ctrl Pts',(8.96547511723106,47.7692718851011,2.68643834778226));
#2012=CARTESIAN_POINT('Ctrl Pts',(8.92077153013155,47.8073452378974,2.77749927300521));
#2013=CARTESIAN_POINT('Ctrl Pts',(8.88164067474501,47.8289497901795,2.82960812379214));
#2014=CARTESIAN_POINT('Ctrl Pts',(8.78745427864066,47.8636010890342,2.91358447458034));
#2015=CARTESIAN_POINT('Ctrl Pts',(8.73460293565833,47.8768542387814,2.94590663522614));
#2016=CARTESIAN_POINT('Ctrl Pts',(8.62028621445526,47.8944961902884,2.98900450232543));
#2017=CARTESIAN_POINT('Ctrl Pts',(8.56055016999772,47.8989794855664,3.));
#2018=CARTESIAN_POINT('Ctrl Pts',(8.5,47.8989794855664,3.));
#2019=CARTESIAN_POINT('Origin',(8.49999999999999,45.5,-14.5));
#2020=CARTESIAN_POINT('',(8.99999999999999,45.5,-14.5));
#2021=CARTESIAN_POINT('',(8.49999999999999,45.5,-15.));
#2022=CARTESIAN_POINT('Origin',(8.49999999999999,45.5,-14.5));
#2023=CARTESIAN_POINT('',(8.49999999999999,45.,-14.5));
#2024=CARTESIAN_POINT('Origin',(8.49999999999999,45.5,-14.5));
#2025=CARTESIAN_POINT('Origin',(8.49999999999999,45.5,-14.5));
#2026=CARTESIAN_POINT('Origin',(8.5,12.5,0.5));
#2027=CARTESIAN_POINT('',(8.99999999999999,43.,0.5));
#2028=CARTESIAN_POINT('Origin',(8.49999999999999,43.,0.5));
#2029=CARTESIAN_POINT('',(9.,12.5,0.5));
#2030=CARTESIAN_POINT('Origin',(8.5,43.,-2.));
#2031=CARTESIAN_POINT('',(8.5,45.,-2.));
#2032=CARTESIAN_POINT('',(8.99999999999999,45.5,-2.));
#2033=CARTESIAN_POINT('Origin',(8.5,45.5,-2.));
#2034=CARTESIAN_POINT('Origin',(8.99999999999999,43.,-2.));
#2035=CARTESIAN_POINT('Origin',(8.5,43.,-2.));
#2036=CARTESIAN_POINT('Origin',(8.49999999999999,45.5,0.));
#2037=CARTESIAN_POINT('',(8.99999999999999,45.5,0.));
#2038=CARTESIAN_POINT('',(8.49999999999999,45.,0.));
#2039=CARTESIAN_POINT('Origin',(-8.50000000000001,51.5,2.5));
#2040=CARTESIAN_POINT('',(-9.00000000000001,51.5,2.5));
#2041=CARTESIAN_POINT('',(-8.50000000000001,52.,2.5));
#2042=CARTESIAN_POINT('Origin',(-8.50000000000001,51.5,2.5));
#2043=CARTESIAN_POINT('',(-8.50000000000001,51.5,3.));
#2044=CARTESIAN_POINT('Origin',(-8.50000000000001,51.5,2.5));
#2045=CARTESIAN_POINT('Origin',(-8.50000000000001,51.5,2.5));
#2046=CARTESIAN_POINT('Origin',(-8.50000000000001,50.,2.5));
#2047=CARTESIAN_POINT('',(-8.50000000000001,50.,3.));
#2048=CARTESIAN_POINT('',(-9.00000000000001,50.,2.5));
#2049=CARTESIAN_POINT('Origin',(-8.50000000000001,45.5,-14.5));
#2050=CARTESIAN_POINT('',(-8.50000000000001,45.,-14.5));
#2051=CARTESIAN_POINT('',(-8.50000000000001,45.5,-15.));
#2052=CARTESIAN_POINT('Origin',(-8.50000000000001,45.5,-14.5));
#2053=CARTESIAN_POINT('',(-9.00000000000001,45.5,-14.5));
#2054=CARTESIAN_POINT('Origin',(-8.50000000000001,45.5,-14.5));
#2055=CARTESIAN_POINT('Origin',(-8.50000000000001,45.5,-14.5));
#2056=CARTESIAN_POINT('Origin',(-8.50000000000001,45.5,0.));
#2057=CARTESIAN_POINT('',(-8.50000000000001,45.,-2.));
#2058=CARTESIAN_POINT('',(-9.00000000000001,45.5,-2.));
#2059=CARTESIAN_POINT('Origin',(-8.50000000000001,45.5,-2.));
#2060=CARTESIAN_POINT('',(-9.00000000000001,45.5,0.));
#2061=CARTESIAN_POINT('',(-8.50000000000001,45.,0.));
#2062=CARTESIAN_POINT('Origin',(-8.50000000000001,43.,-2.));
#2063=CARTESIAN_POINT('',(-9.00000000000001,43.,0.5));
#2064=CARTESIAN_POINT('Origin',(-8.50000000000001,43.,0.5));
#2065=CARTESIAN_POINT('Origin',(-9.00000000000001,43.,-2.));
#2066=CARTESIAN_POINT('Origin',(-8.50000000000001,43.,-2.));
#2067=CARTESIAN_POINT('Origin',(-8.50000000000001,37.5,0.5));
#2068=CARTESIAN_POINT('',(-9.00000000000001,37.5,0.5));
#2069=CARTESIAN_POINT('Origin',(7.59999999999999,51.5,2.5));
#2070=CARTESIAN_POINT('',(7.09999999999999,51.5,2.5));
#2071=CARTESIAN_POINT('',(7.59999999999999,52.,2.5));
#2072=CARTESIAN_POINT('Origin',(7.59999999999999,51.5,2.5));
#2073=CARTESIAN_POINT('',(7.59999999999999,51.5,3.));
#2074=CARTESIAN_POINT('Origin',(7.59999999999999,51.5,2.5));
#2075=CARTESIAN_POINT('Origin',(7.59999999999999,51.5,2.5));
#2076=CARTESIAN_POINT('Origin',(7.59999999999999,50.,2.5));
#2077=CARTESIAN_POINT('',(7.09999999999999,48.3619026473818,2.5));
#2078=CARTESIAN_POINT('',(7.59999999999999,47.8989794855664,3.));
#2079=CARTESIAN_POINT('Ctrl Pts',(7.59999999999999,47.8989794855664,3.));
#2080=CARTESIAN_POINT('Ctrl Pts',(7.56402170415844,47.8989794855664,3.));
#2081=CARTESIAN_POINT('Ctrl Pts',(7.52527541037708,47.9032462192057,2.99583039899197));
#2082=CARTESIAN_POINT('Ctrl Pts',(7.45151294198403,47.9203968611784,2.97893960483373));
#2083=CARTESIAN_POINT('Ctrl Pts',(7.41646726130447,47.933207276815,2.96627277859765));
#2084=CARTESIAN_POINT('Ctrl Pts',(7.33548468700378,47.9714747054486,2.92804247500657));
#2085=CARTESIAN_POINT('Ctrl Pts',(7.28828950338818,48.0044179192291,2.89475674585457));
#2086=CARTESIAN_POINT('Ctrl Pts',(7.21026271638,48.0783918909578,2.81796410525608));
#2087=CARTESIAN_POINT('Ctrl Pts',(7.17935688489034,48.1193521939636,2.77446478022427));
#2088=CARTESIAN_POINT('Ctrl Pts',(7.13110692520855,48.2037433846756,2.68247993018601));
#2089=CARTESIAN_POINT('Ctrl Pts',(7.11225748001359,48.2549225948649,2.62513371528055));
#2090=CARTESIAN_POINT('Ctrl Pts',(7.10146385060042,48.3246080302406,2.54415938320966));
#2091=CARTESIAN_POINT('Ctrl Pts',(7.09999999999999,48.3434194166703,2.52202339637424));
#2092=CARTESIAN_POINT('Ctrl Pts',(7.09999999999999,48.3619026473818,2.5));
#2093=CARTESIAN_POINT('',(7.59999999999999,50.,3.));
#2094=CARTESIAN_POINT('',(7.09999999999999,50.,2.5));
#2095=CARTESIAN_POINT('Origin',(7.57499999999999,51.5,2.5));
#2096=CARTESIAN_POINT('',(7.57499999999999,52.,2.5));
#2097=CARTESIAN_POINT('',(7.57499999999999,51.5,3.));
#2098=CARTESIAN_POINT('Origin',(8.49999999999999,51.5,-14.5));
#2099=CARTESIAN_POINT('',(8.99999999999999,51.5,-14.5));
#2100=CARTESIAN_POINT('',(8.49999999999999,52.,-14.5));
#2101=CARTESIAN_POINT('Origin',(8.49999999999999,51.5,-14.5));
#2102=CARTESIAN_POINT('',(8.49999999999999,51.5,-15.));
#2103=CARTESIAN_POINT('Origin',(8.49999999999999,51.5,-14.5));
#2104=CARTESIAN_POINT('Origin',(8.49999999999999,51.5,-14.5));
#2105=CARTESIAN_POINT('Origin',(8.49999999999999,23.75,-14.5));
#2106=CARTESIAN_POINT('',(9.,23.75,-14.5));
#2107=CARTESIAN_POINT('',(8.49999999999999,23.75,-15.));
#2108=CARTESIAN_POINT('Origin',(-7.60000000000001,51.5,2.5));
#2109=CARTESIAN_POINT('',(-7.60000000000001,51.5,3.));
#2110=CARTESIAN_POINT('',(-7.60000000000001,52.,2.5));
#2111=CARTESIAN_POINT('Origin',(-7.60000000000001,51.5,2.5));
#2112=CARTESIAN_POINT('',(-7.10000000000001,51.5,2.5));
#2113=CARTESIAN_POINT('Origin',(-7.60000000000001,51.5,2.5));
#2114=CARTESIAN_POINT('Origin',(-7.60000000000001,51.5,2.5));
#2115=CARTESIAN_POINT('Origin',(-7.60000000000001,50.,2.5));
#2116=CARTESIAN_POINT('',(-7.60000000000001,47.8989794855664,3.));
#2117=CARTESIAN_POINT('',(-7.10000000000001,48.3619026473818,2.5));
#2118=CARTESIAN_POINT('Ctrl Pts',(-7.10000000000001,48.3619026473818,2.5));
#2119=CARTESIAN_POINT('Ctrl Pts',(-7.10000000000001,48.3065145943846,2.5659967439998));
#2120=CARTESIAN_POINT('Ctrl Pts',(-7.11366400460843,48.2454238436173,2.63607859601355));
#2121=CARTESIAN_POINT('Ctrl Pts',(-7.17076503140994,48.1275918267751,2.76607785353529));
#2122=CARTESIAN_POINT('Ctrl Pts',(-7.21407955664109,48.0708616731591,2.82605910021239));
#2123=CARTESIAN_POINT('Ctrl Pts',(-7.30774460191008,47.9902967522575,2.90910517489691));
#2124=CARTESIAN_POINT('Ctrl Pts',(-7.35821559660719,47.9576072182726,2.94198066775653));
#2125=CARTESIAN_POINT('Ctrl Pts',(-7.47290895289078,47.9118127289222,2.98749816579318));
#2126=CARTESIAN_POINT('Ctrl Pts',(-7.53729516933574,47.8989794855664,3.));
#2127=CARTESIAN_POINT('Ctrl Pts',(-7.60000000000001,47.8989794855664,3.));
#2128=CARTESIAN_POINT('',(-7.10000000000001,50.,2.5));
#2129=CARTESIAN_POINT('',(-7.60000000000001,50.,3.));
#2130=CARTESIAN_POINT('Origin',(-8.50000000000001,51.5,-14.5));
#2131=CARTESIAN_POINT('',(-8.50000000000001,51.5,-15.));
#2132=CARTESIAN_POINT('',(-8.50000000000001,52.,-14.5));
#2133=CARTESIAN_POINT('Origin',(-8.50000000000001,51.5,-14.5));
#2134=CARTESIAN_POINT('',(-9.00000000000001,51.5,-14.5));
#2135=CARTESIAN_POINT('Origin',(-8.50000000000001,51.5,-14.5));
#2136=CARTESIAN_POINT('Origin',(-8.50000000000001,51.5,-14.5));
#2137=CARTESIAN_POINT('Origin',(-8.50000000000001,48.75,-14.5));
#2138=CARTESIAN_POINT('',(-8.50000000000001,48.75,-15.));
#2139=CARTESIAN_POINT('',(-9.00000000000001,48.75,-14.5));
#2140=CARTESIAN_POINT('Origin',(-8.50000000000001,51.5,-3.));
#2141=CARTESIAN_POINT('',(-8.50000000000001,52.,-3.));
#2142=CARTESIAN_POINT('',(-9.00000000000001,51.5,-3.));
#2143=CARTESIAN_POINT('Origin',(7.59999999999999,51.5,-14.5));
#2144=CARTESIAN_POINT('',(7.59999999999999,51.5,-15.));
#2145=CARTESIAN_POINT('',(7.59999999999999,52.,-14.5));
#2146=CARTESIAN_POINT('Origin',(7.59999999999999,51.5,-14.5));
#2147=CARTESIAN_POINT('',(7.09999999999999,51.5,-14.5));
#2148=CARTESIAN_POINT('Origin',(7.59999999999999,51.5,-14.5));
#2149=CARTESIAN_POINT('Origin',(7.59999999999999,51.5,-14.5));
#2150=CARTESIAN_POINT('Origin',(-7.60000000000001,51.5,-14.5));
#2151=CARTESIAN_POINT('',(-7.10000000000001,51.5,-14.5));
#2152=CARTESIAN_POINT('',(-7.60000000000001,52.,-14.5));
#2153=CARTESIAN_POINT('Origin',(-7.60000000000001,51.5,-14.5));
#2154=CARTESIAN_POINT('',(-7.60000000000001,51.5,-15.));
#2155=CARTESIAN_POINT('Origin',(-7.60000000000001,51.5,-14.5));
#2156=CARTESIAN_POINT('Origin',(-7.60000000000001,51.5,-14.5));
#2157=CARTESIAN_POINT('Origin',(7.59999999999999,48.75,-14.5));
#2158=CARTESIAN_POINT('',(7.09999999999999,50.,-14.5));
#2159=CARTESIAN_POINT('',(7.09999999999999,48.75,-14.5));
#2160=CARTESIAN_POINT('',(7.59999999999999,49.5,-15.));
#2161=CARTESIAN_POINT('',(7.59999999999999,48.75,-15.));
#2162=CARTESIAN_POINT('Origin',(7.59999999999999,49.5,-14.5));
#2163=CARTESIAN_POINT('Origin',(4.49999999999999,49.5,-14.5));
#2164=CARTESIAN_POINT('',(-7.60000000000001,49.5,-15.));
#2165=CARTESIAN_POINT('',(4.49999999999999,49.5,-15.));
#2166=CARTESIAN_POINT('',(-7.10000000000001,50.,-14.5));
#2167=CARTESIAN_POINT('Origin',(-7.60000000000001,49.5,-14.5));
#2168=CARTESIAN_POINT('',(4.49999999999999,50.,-14.5));
#2169=CARTESIAN_POINT('Origin',(-7.60000000000001,48.75,-14.5));
#2170=CARTESIAN_POINT('',(-7.60000000000001,48.75,-15.));
#2171=CARTESIAN_POINT('',(-7.10000000000001,48.75,-14.5));
#2172=CARTESIAN_POINT('Origin',(-4.02500000000001,51.5,-14.5));
#2173=CARTESIAN_POINT('',(-4.02500000000001,52.,-14.5));
#2174=CARTESIAN_POINT('',(-4.02500000000001,51.5,-15.));
#2175=CARTESIAN_POINT('Origin',(-7.60000000000001,51.5,-1.5));
#2176=CARTESIAN_POINT('',(-7.60000000000001,52.,-1.5));
#2177=CARTESIAN_POINT('',(-7.10000000000001,51.5,-1.5));
#2178=CARTESIAN_POINT('Origin',(7.59999999999999,51.5,-10.5));
#2179=CARTESIAN_POINT('',(7.59999999999999,52.,-10.5));
#2180=CARTESIAN_POINT('',(7.09999999999999,51.5,-10.5));
#2181=CARTESIAN_POINT('Origin',(4.02499999999999,51.5,-14.5));
#2182=CARTESIAN_POINT('',(4.02499999999999,52.,-14.5));
#2183=CARTESIAN_POINT('',(4.02499999999999,51.5,-15.));
#2184=CARTESIAN_POINT('Origin',(-8.52500000000001,51.5,2.5));
#2185=CARTESIAN_POINT('',(-8.52500000000001,52.,2.5));
#2186=CARTESIAN_POINT('',(-8.52500000000001,51.5,3.));
#2187=CARTESIAN_POINT('Origin',(8.49999999999999,51.5,-3.));
#2188=CARTESIAN_POINT('',(8.49999999999999,52.,-3.));
#2189=CARTESIAN_POINT('',(8.99999999999999,51.5,-3.));
#2190=CARTESIAN_POINT('Origin',(4.49999999999999,45.5,-14.5));
#2191=CARTESIAN_POINT('',(4.49999999999999,45.5,-15.));
#2192=CARTESIAN_POINT('',(4.49999999999999,45.,-14.5));
#2193=CARTESIAN_POINT('Origin',(-4.5,0.499999999999998,0.5));
#2194=CARTESIAN_POINT('',(-4.5,0.,0.5));
#2195=CARTESIAN_POINT('Origin',(-8.5,0.499999999999998,0.));
#2196=CARTESIAN_POINT('',(-9.,0.499999999999998,4.5));
#2197=CARTESIAN_POINT('',(-9.,0.499999999999998,0.));
#2198=CARTESIAN_POINT('',(-8.5,0.,0.));
#2199=CARTESIAN_POINT('Origin',(-8.5,0.499999999999998,4.5));
#2200=CARTESIAN_POINT('Origin',(-8.50000000000001,37.5,4.5));
#2201=CARTESIAN_POINT('',(-9.00000000000001,37.5,4.5));
#2202=CARTESIAN_POINT('Origin',(8.5,0.5,0.));
#2203=CARTESIAN_POINT('',(8.5,0.,0.));
#2204=CARTESIAN_POINT('',(9.,0.5,4.5));
#2205=CARTESIAN_POINT('',(9.,0.5,0.));
#2206=CARTESIAN_POINT('Origin',(8.5,0.5,4.5));
#2207=CARTESIAN_POINT('Origin',(8.5,12.5,4.5));
#2208=CARTESIAN_POINT('',(8.99999999999999,43.,4.5));
#2209=CARTESIAN_POINT('',(9.,12.5,4.5));
#2210=CARTESIAN_POINT('Origin',(8.49999999999999,43.,4.5));
#2211=CARTESIAN_POINT('Origin',(8.5,43.,-2.));
#2212=CARTESIAN_POINT('Origin',(8.5,43.,-2.));
#2213=CARTESIAN_POINT('Origin',(8.99999999999999,43.,-2.));
#2214=CARTESIAN_POINT('Origin',(-7.10000000000001,50.,3.));
#2215=CARTESIAN_POINT('',(-7.10000000000001,50.,-2.));
#2216=CARTESIAN_POINT('Origin',(-7.10000000000001,43.,-2.));
#2217=CARTESIAN_POINT('',(-7.10000000000001,50.,1.5));
#2218=CARTESIAN_POINT('Origin',(-9.00000000000001,50.,3.));
#2219=CARTESIAN_POINT('',(4.49999999999999,47.8989794855664,3.));
#2220=CARTESIAN_POINT('Origin',(4.49999999999999,43.,-2.));
#2221=CARTESIAN_POINT('',(4.49999999999999,47.8989794855664,3.));
#2222=CARTESIAN_POINT('',(7.09999999999999,50.,-2.));
#2223=CARTESIAN_POINT('Origin',(7.09999999999999,43.,-2.));
#2224=CARTESIAN_POINT('',(4.49999999999999,50.,-2.));
#2225=CARTESIAN_POINT('Origin',(-9.,0.,0.));
#2226=CARTESIAN_POINT('Origin',(9.,0.,0.));
#2227=CARTESIAN_POINT('Origin',(-9.00000000000001,50.,0.));
#2228=CARTESIAN_POINT('Origin',(8.04999999999999,52.,-6.));
#2229=CARTESIAN_POINT('Origin',(-8.05000000000001,52.,-6.));
#2230=CARTESIAN_POINT('Origin',(-8.88178419700125E-15,47.5,-15.));
#2231=CARTESIAN_POINT('Origin',(-3.45771776169266,45.5,-9.511057158515));
#2232=CARTESIAN_POINT('',(-2.59807621135332,45.,-11.));
#2233=CARTESIAN_POINT('',(-2.02072594216369,45.5,-11.));
#2234=CARTESIAN_POINT('Origin',(-2.59807621135332,45.5,-11.));
#2235=CARTESIAN_POINT('',(-4.04145188432739,45.5,-7.5));
#2236=CARTESIAN_POINT('',(-3.02470505980044,45.5,-9.261057158515));
#2237=CARTESIAN_POINT('',(-4.3301270189222,45.,-8.00000000000001));
#2238=CARTESIAN_POINT('Origin',(-4.3301270189222,45.5,-8.00000000000001));
#2239=CARTESIAN_POINT('',(-3.45771776169266,45.,-9.511057158515));
#2240=CARTESIAN_POINT('Origin',(-2.02072594216369,45.,-11.));
#2241=CARTESIAN_POINT('',(-2.02072594216369,48.5,-11.));
#2242=CARTESIAN_POINT('',(-2.02072594216369,45.,-11.));
#2243=CARTESIAN_POINT('',(-4.04145188432739,48.5,-7.5));
#2244=CARTESIAN_POINT('',(-4.04145188432739,48.5,-7.5));
#2245=CARTESIAN_POINT('',(-4.04145188432739,45.,-7.5));
#2246=CARTESIAN_POINT('Origin',(-5.55111512312578E-15,49.,-7.5));
#2247=CARTESIAN_POINT('',(-5.88176975889557E-15,48.5,-10.2));
#2248=CARTESIAN_POINT('Origin',(-5.55111512312578E-15,48.5,-7.5));
#2249=CARTESIAN_POINT('',(-5.8205374189382E-15,49.,-9.7));
#2250=CARTESIAN_POINT('Origin',(-5.88176975889557E-15,49.,-10.2));
#2251=CARTESIAN_POINT('',(-2.20000000000001,49.,-7.5));
#2252=CARTESIAN_POINT('Origin',(-5.55111512312578E-15,49.,-7.5));
#2253=CARTESIAN_POINT('Origin',(-5.55111512312578E-15,49.,-7.5));
#2254=CARTESIAN_POINT('Origin',(-5.55111512312578E-15,48.5,-7.5));
#2255=CARTESIAN_POINT('',(-2.20000000000001,49.5,-7.5));
#2256=CARTESIAN_POINT('',(-2.20000000000001,48.5,-7.5));
#2257=CARTESIAN_POINT('',(-5.8205374189382E-15,49.5,-5.3));
#2258=CARTESIAN_POINT('Origin',(-5.55111512312578E-15,49.5,-7.5));
#2259=CARTESIAN_POINT('Origin',(-5.55111512312578E-15,49.5,-7.5));
#2260=CARTESIAN_POINT('Origin',(0.656407848745871,48.5,-8.11306825548516));
#2261=CARTESIAN_POINT('',(4.04145188432738,48.5,-7.5));
#2262=CARTESIAN_POINT('',(2.02072594216369,48.5,-11.));
#2263=CARTESIAN_POINT('',(2.02072594216369,48.5,-11.));
#2264=CARTESIAN_POINT('',(2.02072594216368,48.5,-4.));
#2265=CARTESIAN_POINT('',(4.04145188432738,48.5,-7.5));
#2266=CARTESIAN_POINT('',(-2.0207259421637,48.5,-4.));
#2267=CARTESIAN_POINT('',(2.02072594216368,48.5,-4.));
#2268=CARTESIAN_POINT('',(-2.0207259421637,48.5,-4.));
#2269=CARTESIAN_POINT('',(-2.02072594216369,48.5,-11.));
#2270=CARTESIAN_POINT('Origin',(-5.55111512312578E-15,49.5,-7.5));
#2271=CARTESIAN_POINT('',(-5.88176975889557E-15,50.,-4.8));
#2272=CARTESIAN_POINT('Origin',(-5.55111512312578E-15,50.,-7.5));
#2273=CARTESIAN_POINT('Origin',(-5.88176975889557E-15,49.5,-4.8));
#2274=CARTESIAN_POINT('Origin',(8.99999999999999,50.,0.));
#2275=CARTESIAN_POINT('',(7.09999999999999,50.,-7.5));
#2276=CARTESIAN_POINT('Origin',(7.09999999999999,50.,-15.));
#2277=CARTESIAN_POINT('Origin',(7.09999999999999,50.,3.));
#2278=CARTESIAN_POINT('Origin',(8.99999999999999,45.,0.));
#2279=CARTESIAN_POINT('',(4.49999999999999,45.,-2.));
#2280=CARTESIAN_POINT('',(-2.0207259421637,45.,-4.));
#2281=CARTESIAN_POINT('',(-0.787472766690646,45.,-1.86394284148502));
#2282=CARTESIAN_POINT('',(2.02072594216368,45.,-4.));
#2283=CARTESIAN_POINT('',(3.48963702891815,45.,-3.99999999999999));
#2284=CARTESIAN_POINT('',(4.04145188432738,45.,-7.5));
#2285=CARTESIAN_POINT('',(2.02710979560878,45.,-4.01105715851499));
#2286=CARTESIAN_POINT('',(2.02072594216369,45.,-11.));
#2287=CARTESIAN_POINT('',(6.28506803088228,45.,-3.61394284148501));
#2288=CARTESIAN_POINT('',(5.51036297108184,45.,-11.));
#2289=CARTESIAN_POINT('Origin',(2.02072594216368,45.,-4.));
#2290=CARTESIAN_POINT('',(2.02072594216368,45.,-4.));
#2291=CARTESIAN_POINT('',(4.04145188432738,45.,-7.5));
#2292=CARTESIAN_POINT('Origin',(-2.0207259421637,45.,-4.));
#2293=CARTESIAN_POINT('',(-2.0207259421637,45.,-4.));
#2294=CARTESIAN_POINT('Origin',(-4.04145188432739,45.,-7.5));
#2295=CARTESIAN_POINT('Origin',(2.02072594216369,45.,-11.));
#2296=CARTESIAN_POINT('',(2.02072594216369,45.,-11.));
#2297=CARTESIAN_POINT('Origin',(4.04145188432738,45.,-7.5));
#2298=CARTESIAN_POINT('Origin',(4.49999999999999,43.,-2.));
#2299=CARTESIAN_POINT('Origin',(3.33066907387547E-15,9.,0.));
#2300=UNCERTAINTY_MEASURE_WITH_UNIT(LENGTH_MEASURE(0.01),#2304,
'DISTANCE_ACCURACY_VALUE',
'Maximum model space distance between geometric entities at asserted c
onnectivities');
#2301=UNCERTAINTY_MEASURE_WITH_UNIT(LENGTH_MEASURE(0.01),#2304,
'DISTANCE_ACCURACY_VALUE',
'Maximum model space distance between geometric entities at asserted c
onnectivities');
#2302=(
GEOMETRIC_REPRESENTATION_CONTEXT(3)
GLOBAL_UNCERTAINTY_ASSIGNED_CONTEXT((#2300))
GLOBAL_UNIT_ASSIGNED_CONTEXT((#2304,#2306,#2307))
REPRESENTATION_CONTEXT('','3D')
);
#2303=(
GEOMETRIC_REPRESENTATION_CONTEXT(3)
GLOBAL_UNCERTAINTY_ASSIGNED_CONTEXT((#2301))
GLOBAL_UNIT_ASSIGNED_CONTEXT((#2304,#2306,#2307))
REPRESENTATION_CONTEXT('','3D')
);
#2304=(
LENGTH_UNIT()
NAMED_UNIT(*)
SI_UNIT(.MILLI.,.METRE.)
);
#2305=(
LENGTH_UNIT()
NAMED_UNIT(*)
SI_UNIT(.CENTI.,.METRE.)
);
#2306=(
NAMED_UNIT(*)
PLANE_ANGLE_UNIT()
SI_UNIT($,.RADIAN.)
);
#2307=(
NAMED_UNIT(*)
SI_UNIT($,.STERADIAN.)
SOLID_ANGLE_UNIT()
);
#2308=SHAPE_DEFINITION_REPRESENTATION(#2309,#2310);
#2309=PRODUCT_DEFINITION_SHAPE('',$,#2312);
#2310=SHAPE_REPRESENTATION('',(#1296),#2302);
#2311=PRODUCT_DEFINITION_CONTEXT('part definition',#2316,'design');
#2312=PRODUCT_DEFINITION('BandeV2Joint2','BandeV2Joint2',#2313,#2311);
#2313=PRODUCT_DEFINITION_FORMATION('',$,#2318);
#2314=PRODUCT_RELATED_PRODUCT_CATEGORY('BandeV2Joint2','BandeV2Joint2',
(#2318));
#2315=APPLICATION_PROTOCOL_DEFINITION('international standard',
'automotive_design',2009,#2316);
#2316=APPLICATION_CONTEXT(
'Core Data for Automotive Mechanical Design Process');
#2317=PRODUCT_CONTEXT('part definition',#2316,'mechanical');
#2318=PRODUCT('BandeV2Joint2','BandeV2Joint2',$,(#2317));
#2319=PRESENTATION_STYLE_ASSIGNMENT((#2320));
#2320=SURFACE_STYLE_USAGE(.BOTH.,#2323);
#2321=SURFACE_STYLE_RENDERING_WITH_PROPERTIES($,#2327,(#2322));
#2322=SURFACE_STYLE_TRANSPARENT(0.);
#2323=SURFACE_SIDE_STYLE('',(#2324,#2321));
#2324=SURFACE_STYLE_FILL_AREA(#2325);
#2325=FILL_AREA_STYLE('',(#2326));
#2326=FILL_AREA_STYLE_COLOUR('',#2327);
#2327=COLOUR_RGB('',0.96078431372549,0.96078431372549,0.96078431372549);
ENDSEC;
END-ISO-10303-21;
