ISO-10303-21;
HEADER;
/* Generated by software containing ST-Developer
 * from STEP Tools, Inc. (www.steptools.com) 
 */

FILE_DESCRIPTION(
/* description */ (''),
/* implementation_level */ '2;1');

FILE_NAME(
/* name */ 'BandeV2Base.stp',
/* time_stamp */ '2026-06-25T18:45:06+02:00',
/* author */ ('frede'),
/* organization */ (''),
/* preprocessor_version */ 'ST-DEVELOPER v20.1',
/* originating_system */ 'Autodesk Inventor 2026',
/* authorisation */ '');

FILE_SCHEMA (('AUTOMOTIVE_DESIGN { 1 0 10303 214 3 1 1 }'));
ENDSEC;

DATA;
#10=MECHANICAL_DESIGN_GEOMETRIC_PRESENTATION_REPRESENTATION('',(#13),#2870);
#11=SHAPE_REPRESENTATION_RELATIONSHIP('SRR','None',#2877,#12);
#12=ADVANCED_BREP_SHAPE_REPRESENTATION('',(#14),#2869);
#13=STYLED_ITEM('',(#2886),#14);
#14=MANIFOLD_SOLID_BREP('Solid1',#1618);
#15=ELLIPSE('',#1814,0.577350269189624,0.5);
#16=ELLIPSE('',#1815,0.577350269189628,0.5);
#17=ELLIPSE('',#1817,0.577350269189628,0.5);
#18=ELLIPSE('',#1819,0.577350269189623,0.5);
#19=ELLIPSE('',#1820,0.577350269189624,0.5);
#20=ELLIPSE('',#1826,0.577350269189629,0.5);
#21=ELLIPSE('',#1828,0.577350269189626,0.5);
#22=ELLIPSE('',#1835,0.577350269189629,0.5);
#23=ELLIPSE('',#1840,0.57735026918962,0.5);
#24=ELLIPSE('',#1842,0.577350269189628,0.5);
#25=SPHERICAL_SURFACE('',#1738,0.499999999999998);
#26=SPHERICAL_SURFACE('',#1742,0.500000000000003);
#27=SPHERICAL_SURFACE('',#1746,0.5);
#28=SPHERICAL_SURFACE('',#1750,0.5);
#29=SPHERICAL_SURFACE('',#1821,0.499999999999998);
#30=FACE_BOUND('',#329,.T.);
#31=FACE_BOUND('',#330,.T.);
#32=FACE_BOUND('',#331,.T.);
#33=FACE_BOUND('',#332,.T.);
#34=FACE_BOUND('',#333,.T.);
#35=FACE_BOUND('',#334,.T.);
#36=FACE_BOUND('',#335,.T.);
#37=FACE_BOUND('',#338,.T.);
#38=FACE_BOUND('',#343,.T.);
#39=FACE_BOUND('',#344,.T.);
#40=FACE_BOUND('',#345,.T.);
#41=FACE_BOUND('',#346,.T.);
#42=FACE_BOUND('',#347,.T.);
#43=CYLINDRICAL_SURFACE('',#1655,2.2);
#44=CYLINDRICAL_SURFACE('',#1675,5.5);
#45=CYLINDRICAL_SURFACE('',#1694,5.5);
#46=CYLINDRICAL_SURFACE('',#1702,0.5);
#47=CYLINDRICAL_SURFACE('',#1707,0.5);
#48=CYLINDRICAL_SURFACE('',#1712,0.5);
#49=CYLINDRICAL_SURFACE('',#1713,2.00000000000001);
#50=CYLINDRICAL_SURFACE('',#1716,2.);
#51=CYLINDRICAL_SURFACE('',#1722,0.5);
#52=CYLINDRICAL_SURFACE('',#1727,0.5);
#53=CYLINDRICAL_SURFACE('',#1732,0.5);
#54=CYLINDRICAL_SURFACE('',#1733,2.00000000000001);
#55=CYLINDRICAL_SURFACE('',#1736,2.);
#56=CYLINDRICAL_SURFACE('',#1754,0.5);
#57=CYLINDRICAL_SURFACE('',#1755,0.5);
#58=CYLINDRICAL_SURFACE('',#1760,0.5);
#59=CYLINDRICAL_SURFACE('',#1765,0.5);
#60=CYLINDRICAL_SURFACE('',#1766,0.5);
#61=CYLINDRICAL_SURFACE('',#1767,0.5);
#62=CYLINDRICAL_SURFACE('',#1768,0.5);
#63=CYLINDRICAL_SURFACE('',#1773,0.5);
#64=CYLINDRICAL_SURFACE('',#1778,0.5);
#65=CYLINDRICAL_SURFACE('',#1779,0.5);
#66=CYLINDRICAL_SURFACE('',#1780,12.5);
#67=CYLINDRICAL_SURFACE('',#1783,12.5);
#68=CYLINDRICAL_SURFACE('',#1789,0.5);
#69=CYLINDRICAL_SURFACE('',#1793,0.5);
#70=CYLINDRICAL_SURFACE('',#1797,0.5);
#71=CYLINDRICAL_SURFACE('',#1799,2.);
#72=CYLINDRICAL_SURFACE('',#1803,0.5);
#73=CYLINDRICAL_SURFACE('',#1808,0.5);
#74=CYLINDRICAL_SURFACE('',#1812,0.5);
#75=CYLINDRICAL_SURFACE('',#1813,0.5);
#76=CYLINDRICAL_SURFACE('',#1816,0.5);
#77=CYLINDRICAL_SURFACE('',#1818,0.5);
#78=CYLINDRICAL_SURFACE('',#1825,0.5);
#79=CYLINDRICAL_SURFACE('',#1827,0.5);
#80=CYLINDRICAL_SURFACE('',#1833,0.5);
#81=CYLINDRICAL_SURFACE('',#1834,0.5);
#82=CYLINDRICAL_SURFACE('',#1836,0.5);
#83=CYLINDRICAL_SURFACE('',#1837,0.5);
#84=CYLINDRICAL_SURFACE('',#1838,0.5);
#85=CYLINDRICAL_SURFACE('',#1839,0.5);
#86=CYLINDRICAL_SURFACE('',#1841,0.5);
#87=CYLINDRICAL_SURFACE('',#1843,0.5);
#88=CYLINDRICAL_SURFACE('',#1852,2.);
#89=CIRCLE('',#1652,2.7);
#90=CIRCLE('',#1653,0.5);
#91=CIRCLE('',#1654,2.2);
#92=CIRCLE('',#1656,2.2);
#93=CIRCLE('',#1658,12.);
#94=CIRCLE('',#1659,12.);
#95=CIRCLE('',#1660,6.);
#96=CIRCLE('',#1661,2.5);
#97=CIRCLE('',#1662,2.50000000000001);
#98=CIRCLE('',#1663,2.5);
#99=CIRCLE('',#1664,2.5);
#100=CIRCLE('',#1665,2.50000000000001);
#101=CIRCLE('',#1666,2.5);
#102=CIRCLE('',#1667,6.);
#103=CIRCLE('',#1669,0.5);
#104=CIRCLE('',#1670,2.7);
#105=CIRCLE('',#1673,0.5);
#106=CIRCLE('',#1674,5.5);
#107=CIRCLE('',#1676,5.5);
#108=CIRCLE('',#1678,0.5);
#109=CIRCLE('',#1679,6.);
#110=CIRCLE('',#1681,12.);
#111=CIRCLE('',#1682,12.);
#112=CIRCLE('',#1683,6.);
#113=CIRCLE('',#1684,2.5);
#114=CIRCLE('',#1685,2.50000000000001);
#115=CIRCLE('',#1686,2.5);
#116=CIRCLE('',#1687,1.);
#117=CIRCLE('',#1688,2.50000000000001);
#118=CIRCLE('',#1689,2.5);
#119=CIRCLE('',#1690,2.5);
#120=CIRCLE('',#1692,0.5);
#121=CIRCLE('',#1693,5.5);
#122=CIRCLE('',#1695,5.5);
#123=CIRCLE('',#1697,0.5);
#124=CIRCLE('',#1699,0.5);
#125=CIRCLE('',#1700,2.);
#126=CIRCLE('',#1701,0.5);
#127=CIRCLE('',#1703,0.5);
#128=CIRCLE('',#1705,0.499999999999998);
#129=CIRCLE('',#1706,2.00000000000001);
#130=CIRCLE('',#1708,0.499999999999998);
#131=CIRCLE('',#1710,0.500000000000004);
#132=CIRCLE('',#1711,2.);
#133=CIRCLE('',#1714,2.00000000000001);
#134=CIRCLE('',#1717,2.);
#135=CIRCLE('',#1719,0.5);
#136=CIRCLE('',#1720,2.);
#137=CIRCLE('',#1721,0.499999999999998);
#138=CIRCLE('',#1723,0.499999999999998);
#139=CIRCLE('',#1725,0.5);
#140=CIRCLE('',#1726,2.00000000000001);
#141=CIRCLE('',#1728,0.5);
#142=CIRCLE('',#1730,0.499999999999997);
#143=CIRCLE('',#1731,2.);
#144=CIRCLE('',#1734,2.00000000000001);
#145=CIRCLE('',#1737,2.);
#146=CIRCLE('',#1739,0.500000000000001);
#147=CIRCLE('',#1740,0.499999999999998);
#148=CIRCLE('',#1741,0.5);
#149=CIRCLE('',#1743,0.499999999999998);
#150=CIRCLE('',#1744,0.500000000000003);
#151=CIRCLE('',#1745,0.5);
#152=CIRCLE('',#1747,0.500000000000006);
#153=CIRCLE('',#1748,0.5);
#154=CIRCLE('',#1749,0.499999999999998);
#155=CIRCLE('',#1751,0.499999999999998);
#156=CIRCLE('',#1752,0.5);
#157=CIRCLE('',#1753,0.500000000000006);
#158=CIRCLE('',#1756,0.5);
#159=CIRCLE('',#1758,0.5);
#160=CIRCLE('',#1759,12.5);
#161=CIRCLE('',#1761,0.5);
#162=CIRCLE('',#1763,0.5);
#163=CIRCLE('',#1764,12.5);
#164=CIRCLE('',#1769,0.5);
#165=CIRCLE('',#1771,0.5);
#166=CIRCLE('',#1772,12.5);
#167=CIRCLE('',#1774,0.499999999999998);
#168=CIRCLE('',#1776,0.500000000000005);
#169=CIRCLE('',#1777,12.5);
#170=CIRCLE('',#1786,0.499999999999998);
#171=CIRCLE('',#1787,0.5);
#172=CIRCLE('',#1788,2.);
#173=CIRCLE('',#1790,0.5);
#174=CIRCLE('',#1792,0.5);
#175=CIRCLE('',#1794,0.5);
#176=CIRCLE('',#1796,0.5);
#177=CIRCLE('',#1801,0.499999999999998);
#178=CIRCLE('',#1802,0.5);
#179=CIRCLE('',#1804,0.5);
#180=CIRCLE('',#1806,0.5);
#181=CIRCLE('',#1807,2.);
#182=CIRCLE('',#1809,0.5);
#183=CIRCLE('',#1811,0.5);
#184=CIRCLE('',#1822,0.500000000000001);
#185=CIRCLE('',#1823,0.499999999999998);
#186=CIRCLE('',#1824,0.5);
#187=CIRCLE('',#1830,0.500000000000001);
#188=CIRCLE('',#1831,0.5);
#189=CIRCLE('',#1832,0.499999999999998);
#190=TOROIDAL_SURFACE('',#1651,2.7,0.5);
#191=TOROIDAL_SURFACE('',#1668,2.7,0.5);
#192=TOROIDAL_SURFACE('',#1672,6.,0.5);
#193=TOROIDAL_SURFACE('',#1677,6.,0.5);
#194=TOROIDAL_SURFACE('',#1691,6.,0.5);
#195=TOROIDAL_SURFACE('',#1696,6.,0.5);
#196=TOROIDAL_SURFACE('',#1698,2.5,0.5);
#197=TOROIDAL_SURFACE('',#1704,2.50000000000001,0.5);
#198=TOROIDAL_SURFACE('',#1709,2.5,0.5);
#199=TOROIDAL_SURFACE('',#1718,2.5,0.5);
#200=TOROIDAL_SURFACE('',#1724,2.50000000000001,0.5);
#201=TOROIDAL_SURFACE('',#1729,2.5,0.5);
#202=TOROIDAL_SURFACE('',#1757,12.,0.5);
#203=TOROIDAL_SURFACE('',#1762,12.,0.5);
#204=TOROIDAL_SURFACE('',#1770,12.,0.5);
#205=TOROIDAL_SURFACE('',#1775,12.,0.5);
#206=TOROIDAL_SURFACE('',#1785,2.5,0.5);
#207=TOROIDAL_SURFACE('',#1791,2.5,0.5);
#208=TOROIDAL_SURFACE('',#1795,2.50000000000001,0.5);
#209=TOROIDAL_SURFACE('',#1800,2.50000000000001,0.5);
#210=TOROIDAL_SURFACE('',#1805,2.5,0.5);
#211=TOROIDAL_SURFACE('',#1810,2.5,0.5);
#212=TOROIDAL_SURFACE('',#1829,0.999999999999996,0.499999999999998);
#213=FACE_OUTER_BOUND('',#316,.T.);
#214=FACE_OUTER_BOUND('',#317,.T.);
#215=FACE_OUTER_BOUND('',#318,.T.);
#216=FACE_OUTER_BOUND('',#319,.T.);
#217=FACE_OUTER_BOUND('',#320,.T.);
#218=FACE_OUTER_BOUND('',#321,.T.);
#219=FACE_OUTER_BOUND('',#322,.T.);
#220=FACE_OUTER_BOUND('',#323,.T.);
#221=FACE_OUTER_BOUND('',#324,.T.);
#222=FACE_OUTER_BOUND('',#325,.T.);
#223=FACE_OUTER_BOUND('',#326,.T.);
#224=FACE_OUTER_BOUND('',#327,.T.);
#225=FACE_OUTER_BOUND('',#328,.T.);
#226=FACE_OUTER_BOUND('',#336,.T.);
#227=FACE_OUTER_BOUND('',#337,.T.);
#228=FACE_OUTER_BOUND('',#339,.T.);
#229=FACE_OUTER_BOUND('',#340,.T.);
#230=FACE_OUTER_BOUND('',#341,.T.);
#231=FACE_OUTER_BOUND('',#342,.T.);
#232=FACE_OUTER_BOUND('',#348,.T.);
#233=FACE_OUTER_BOUND('',#349,.T.);
#234=FACE_OUTER_BOUND('',#350,.T.);
#235=FACE_OUTER_BOUND('',#351,.T.);
#236=FACE_OUTER_BOUND('',#352,.T.);
#237=FACE_OUTER_BOUND('',#353,.T.);
#238=FACE_OUTER_BOUND('',#354,.T.);
#239=FACE_OUTER_BOUND('',#355,.T.);
#240=FACE_OUTER_BOUND('',#356,.T.);
#241=FACE_OUTER_BOUND('',#357,.T.);
#242=FACE_OUTER_BOUND('',#358,.T.);
#243=FACE_OUTER_BOUND('',#359,.T.);
#244=FACE_OUTER_BOUND('',#360,.T.);
#245=FACE_OUTER_BOUND('',#361,.T.);
#246=FACE_OUTER_BOUND('',#362,.T.);
#247=FACE_OUTER_BOUND('',#363,.T.);
#248=FACE_OUTER_BOUND('',#364,.T.);
#249=FACE_OUTER_BOUND('',#365,.T.);
#250=FACE_OUTER_BOUND('',#366,.T.);
#251=FACE_OUTER_BOUND('',#367,.T.);
#252=FACE_OUTER_BOUND('',#368,.T.);
#253=FACE_OUTER_BOUND('',#369,.T.);
#254=FACE_OUTER_BOUND('',#370,.T.);
#255=FACE_OUTER_BOUND('',#371,.T.);
#256=FACE_OUTER_BOUND('',#372,.T.);
#257=FACE_OUTER_BOUND('',#373,.T.);
#258=FACE_OUTER_BOUND('',#374,.T.);
#259=FACE_OUTER_BOUND('',#375,.T.);
#260=FACE_OUTER_BOUND('',#376,.T.);
#261=FACE_OUTER_BOUND('',#377,.T.);
#262=FACE_OUTER_BOUND('',#378,.T.);
#263=FACE_OUTER_BOUND('',#379,.T.);
#264=FACE_OUTER_BOUND('',#380,.T.);
#265=FACE_OUTER_BOUND('',#381,.T.);
#266=FACE_OUTER_BOUND('',#382,.T.);
#267=FACE_OUTER_BOUND('',#383,.T.);
#268=FACE_OUTER_BOUND('',#384,.T.);
#269=FACE_OUTER_BOUND('',#385,.T.);
#270=FACE_OUTER_BOUND('',#386,.T.);
#271=FACE_OUTER_BOUND('',#387,.T.);
#272=FACE_OUTER_BOUND('',#388,.T.);
#273=FACE_OUTER_BOUND('',#389,.T.);
#274=FACE_OUTER_BOUND('',#390,.T.);
#275=FACE_OUTER_BOUND('',#391,.T.);
#276=FACE_OUTER_BOUND('',#392,.T.);
#277=FACE_OUTER_BOUND('',#393,.T.);
#278=FACE_OUTER_BOUND('',#394,.T.);
#279=FACE_OUTER_BOUND('',#395,.T.);
#280=FACE_OUTER_BOUND('',#396,.T.);
#281=FACE_OUTER_BOUND('',#397,.T.);
#282=FACE_OUTER_BOUND('',#398,.T.);
#283=FACE_OUTER_BOUND('',#399,.T.);
#284=FACE_OUTER_BOUND('',#400,.T.);
#285=FACE_OUTER_BOUND('',#401,.T.);
#286=FACE_OUTER_BOUND('',#402,.T.);
#287=FACE_OUTER_BOUND('',#403,.T.);
#288=FACE_OUTER_BOUND('',#404,.T.);
#289=FACE_OUTER_BOUND('',#405,.T.);
#290=FACE_OUTER_BOUND('',#406,.T.);
#291=FACE_OUTER_BOUND('',#407,.T.);
#292=FACE_OUTER_BOUND('',#408,.T.);
#293=FACE_OUTER_BOUND('',#409,.T.);
#294=FACE_OUTER_BOUND('',#410,.T.);
#295=FACE_OUTER_BOUND('',#411,.T.);
#296=FACE_OUTER_BOUND('',#412,.T.);
#297=FACE_OUTER_BOUND('',#413,.T.);
#298=FACE_OUTER_BOUND('',#414,.T.);
#299=FACE_OUTER_BOUND('',#415,.T.);
#300=FACE_OUTER_BOUND('',#416,.T.);
#301=FACE_OUTER_BOUND('',#417,.T.);
#302=FACE_OUTER_BOUND('',#418,.T.);
#303=FACE_OUTER_BOUND('',#419,.T.);
#304=FACE_OUTER_BOUND('',#420,.T.);
#305=FACE_OUTER_BOUND('',#421,.T.);
#306=FACE_OUTER_BOUND('',#422,.T.);
#307=FACE_OUTER_BOUND('',#423,.T.);
#308=FACE_OUTER_BOUND('',#424,.T.);
#309=FACE_OUTER_BOUND('',#425,.T.);
#310=FACE_OUTER_BOUND('',#426,.T.);
#311=FACE_OUTER_BOUND('',#427,.T.);
#312=FACE_OUTER_BOUND('',#428,.T.);
#313=FACE_OUTER_BOUND('',#429,.T.);
#314=FACE_OUTER_BOUND('',#430,.T.);
#315=FACE_OUTER_BOUND('',#431,.T.);
#316=EDGE_LOOP('',(#1028,#1029,#1030,#1031));
#317=EDGE_LOOP('',(#1032,#1033,#1034,#1035));
#318=EDGE_LOOP('',(#1036,#1037,#1038,#1039));
#319=EDGE_LOOP('',(#1040,#1041,#1042,#1043));
#320=EDGE_LOOP('',(#1044,#1045,#1046,#1047));
#321=EDGE_LOOP('',(#1048,#1049,#1050,#1051));
#322=EDGE_LOOP('',(#1052,#1053,#1054,#1055));
#323=EDGE_LOOP('',(#1056,#1057,#1058,#1059));
#324=EDGE_LOOP('',(#1060,#1061,#1062,#1063));
#325=EDGE_LOOP('',(#1064,#1065,#1066,#1067));
#326=EDGE_LOOP('',(#1068,#1069,#1070,#1071));
#327=EDGE_LOOP('',(#1072,#1073,#1074,#1075));
#328=EDGE_LOOP('',(#1076,#1077,#1078,#1079,#1080,#1081));
#329=EDGE_LOOP('',(#1082,#1083,#1084,#1085));
#330=EDGE_LOOP('',(#1086,#1087,#1088,#1089));
#331=EDGE_LOOP('',(#1090));
#332=EDGE_LOOP('',(#1091,#1092,#1093,#1094,#1095,#1096));
#333=EDGE_LOOP('',(#1097,#1098,#1099,#1100,#1101,#1102));
#334=EDGE_LOOP('',(#1103));
#335=EDGE_LOOP('',(#1104));
#336=EDGE_LOOP('',(#1105,#1106,#1107,#1108));
#337=EDGE_LOOP('',(#1109,#1110,#1111,#1112,#1113,#1114));
#338=EDGE_LOOP('',(#1115));
#339=EDGE_LOOP('',(#1116,#1117,#1118,#1119));
#340=EDGE_LOOP('',(#1120,#1121,#1122,#1123));
#341=EDGE_LOOP('',(#1124,#1125,#1126,#1127));
#342=EDGE_LOOP('',(#1128,#1129,#1130,#1131,#1132,#1133));
#343=EDGE_LOOP('',(#1134));
#344=EDGE_LOOP('',(#1135,#1136,#1137,#1138,#1139,#1140));
#345=EDGE_LOOP('',(#1141,#1142,#1143,#1144,#1145,#1146,#1147));
#346=EDGE_LOOP('',(#1148,#1149,#1150,#1151,#1152,#1153));
#347=EDGE_LOOP('',(#1154));
#348=EDGE_LOOP('',(#1155,#1156,#1157,#1158));
#349=EDGE_LOOP('',(#1159,#1160,#1161,#1162));
#350=EDGE_LOOP('',(#1163,#1164,#1165,#1166));
#351=EDGE_LOOP('',(#1167,#1168,#1169,#1170));
#352=EDGE_LOOP('',(#1171,#1172,#1173,#1174));
#353=EDGE_LOOP('',(#1175,#1176,#1177,#1178));
#354=EDGE_LOOP('',(#1179,#1180,#1181,#1182));
#355=EDGE_LOOP('',(#1183,#1184,#1185,#1186));
#356=EDGE_LOOP('',(#1187,#1188,#1189,#1190));
#357=EDGE_LOOP('',(#1191,#1192,#1193,#1194));
#358=EDGE_LOOP('',(#1195,#1196,#1197,#1198));
#359=EDGE_LOOP('',(#1199,#1200,#1201,#1202));
#360=EDGE_LOOP('',(#1203,#1204,#1205,#1206));
#361=EDGE_LOOP('',(#1207,#1208,#1209,#1210));
#362=EDGE_LOOP('',(#1211,#1212,#1213,#1214));
#363=EDGE_LOOP('',(#1215,#1216,#1217,#1218));
#364=EDGE_LOOP('',(#1219,#1220,#1221,#1222));
#365=EDGE_LOOP('',(#1223,#1224,#1225,#1226));
#366=EDGE_LOOP('',(#1227,#1228,#1229,#1230));
#367=EDGE_LOOP('',(#1231,#1232,#1233,#1234));
#368=EDGE_LOOP('',(#1235,#1236,#1237,#1238));
#369=EDGE_LOOP('',(#1239,#1240,#1241));
#370=EDGE_LOOP('',(#1242,#1243,#1244));
#371=EDGE_LOOP('',(#1245,#1246,#1247));
#372=EDGE_LOOP('',(#1248,#1249,#1250));
#373=EDGE_LOOP('',(#1251,#1252,#1253,#1254));
#374=EDGE_LOOP('',(#1255,#1256,#1257,#1258));
#375=EDGE_LOOP('',(#1259,#1260,#1261,#1262));
#376=EDGE_LOOP('',(#1263,#1264,#1265,#1266));
#377=EDGE_LOOP('',(#1267,#1268,#1269,#1270));
#378=EDGE_LOOP('',(#1271,#1272,#1273,#1274));
#379=EDGE_LOOP('',(#1275,#1276,#1277,#1278));
#380=EDGE_LOOP('',(#1279,#1280,#1281,#1282));
#381=EDGE_LOOP('',(#1283,#1284,#1285,#1286));
#382=EDGE_LOOP('',(#1287,#1288,#1289,#1290));
#383=EDGE_LOOP('',(#1291,#1292,#1293,#1294));
#384=EDGE_LOOP('',(#1295,#1296,#1297,#1298));
#385=EDGE_LOOP('',(#1299,#1300,#1301,#1302));
#386=EDGE_LOOP('',(#1303,#1304,#1305,#1306));
#387=EDGE_LOOP('',(#1307,#1308,#1309,#1310));
#388=EDGE_LOOP('',(#1311,#1312,#1313,#1314));
#389=EDGE_LOOP('',(#1315,#1316,#1317,#1318));
#390=EDGE_LOOP('',(#1319,#1320,#1321,#1322));
#391=EDGE_LOOP('',(#1323,#1324,#1325,#1326));
#392=EDGE_LOOP('',(#1327,#1328,#1329,#1330));
#393=EDGE_LOOP('',(#1331,#1332,#1333,#1334));
#394=EDGE_LOOP('',(#1335,#1336,#1337,#1338));
#395=EDGE_LOOP('',(#1339,#1340,#1341,#1342));
#396=EDGE_LOOP('',(#1343,#1344,#1345,#1346));
#397=EDGE_LOOP('',(#1347,#1348,#1349,#1350));
#398=EDGE_LOOP('',(#1351,#1352,#1353,#1354));
#399=EDGE_LOOP('',(#1355,#1356,#1357,#1358));
#400=EDGE_LOOP('',(#1359,#1360,#1361,#1362));
#401=EDGE_LOOP('',(#1363,#1364,#1365,#1366));
#402=EDGE_LOOP('',(#1367,#1368,#1369,#1370));
#403=EDGE_LOOP('',(#1371,#1372,#1373,#1374));
#404=EDGE_LOOP('',(#1375,#1376,#1377,#1378));
#405=EDGE_LOOP('',(#1379,#1380,#1381,#1382));
#406=EDGE_LOOP('',(#1383,#1384,#1385,#1386));
#407=EDGE_LOOP('',(#1387,#1388,#1389,#1390));
#408=EDGE_LOOP('',(#1391,#1392,#1393,#1394));
#409=EDGE_LOOP('',(#1395,#1396,#1397));
#410=EDGE_LOOP('',(#1398,#1399,#1400,#1401));
#411=EDGE_LOOP('',(#1402,#1403,#1404,#1405));
#412=EDGE_LOOP('',(#1406,#1407,#1408,#1409));
#413=EDGE_LOOP('',(#1410,#1411,#1412,#1413));
#414=EDGE_LOOP('',(#1414,#1415,#1416,#1417));
#415=EDGE_LOOP('',(#1418,#1419,#1420,#1421));
#416=EDGE_LOOP('',(#1422,#1423,#1424,#1425));
#417=EDGE_LOOP('',(#1426,#1427,#1428,#1429));
#418=EDGE_LOOP('',(#1430,#1431,#1432,#1433));
#419=EDGE_LOOP('',(#1434,#1435,#1436,#1437));
#420=EDGE_LOOP('',(#1438,#1439,#1440,#1441));
#421=EDGE_LOOP('',(#1442,#1443,#1444,#1445));
#422=EDGE_LOOP('',(#1446,#1447,#1448,#1449));
#423=EDGE_LOOP('',(#1450,#1451,#1452,#1453));
#424=EDGE_LOOP('',(#1454,#1455,#1456,#1457));
#425=EDGE_LOOP('',(#1458,#1459,#1460,#1461));
#426=EDGE_LOOP('',(#1462,#1463,#1464,#1465));
#427=EDGE_LOOP('',(#1466,#1467,#1468,#1469));
#428=EDGE_LOOP('',(#1470,#1471,#1472,#1473));
#429=EDGE_LOOP('',(#1474,#1475,#1476,#1477));
#430=EDGE_LOOP('',(#1478,#1479,#1480,#1481));
#431=EDGE_LOOP('',(#1482,#1483,#1484,#1485));
#432=LINE('',#2407,#550);
#433=LINE('',#2409,#551);
#434=LINE('',#2411,#552);
#435=LINE('',#2412,#553);
#436=LINE('',#2415,#554);
#437=LINE('',#2417,#555);
#438=LINE('',#2418,#556);
#439=LINE('',#2421,#557);
#440=LINE('',#2423,#558);
#441=LINE('',#2424,#559);
#442=LINE('',#2426,#560);
#443=LINE('',#2427,#561);
#444=LINE('',#2432,#562);
#445=LINE('',#2434,#563);
#446=LINE('',#2436,#564);
#447=LINE('',#2437,#565);
#448=LINE('',#2440,#566);
#449=LINE('',#2442,#567);
#450=LINE('',#2443,#568);
#451=LINE('',#2446,#569);
#452=LINE('',#2448,#570);
#453=LINE('',#2449,#571);
#454=LINE('',#2451,#572);
#455=LINE('',#2452,#573);
#456=LINE('',#2462,#574);
#457=LINE('',#2467,#575);
#458=LINE('',#2471,#576);
#459=LINE('',#2475,#577);
#460=LINE('',#2476,#578);
#461=LINE('',#2483,#579);
#462=LINE('',#2487,#580);
#463=LINE('',#2490,#581);
#464=LINE('',#2495,#582);
#465=LINE('',#2499,#583);
#466=LINE('',#2502,#584);
#467=LINE('',#2512,#585);
#468=LINE('',#2514,#586);
#469=LINE('',#2516,#587);
#470=LINE('',#2518,#588);
#471=LINE('',#2520,#589);
#472=LINE('',#2521,#590);
#473=LINE('',#2528,#591);
#474=LINE('',#2537,#592);
#475=LINE('',#2539,#593);
#476=LINE('',#2543,#594);
#477=LINE('',#2546,#595);
#478=LINE('',#2553,#596);
#479=LINE('',#2557,#597);
#480=LINE('',#2560,#598);
#481=LINE('',#2565,#599);
#482=LINE('',#2567,#600);
#483=LINE('',#2569,#601);
#484=LINE('',#2571,#602);
#485=LINE('',#2573,#603);
#486=LINE('',#2574,#604);
#487=LINE('',#2579,#605);
#488=LINE('',#2583,#606);
#489=LINE('',#2586,#607);
#490=LINE('',#2593,#608);
#491=LINE('',#2606,#609);
#492=LINE('',#2614,#610);
#493=LINE('',#2620,#611);
#494=LINE('',#2623,#612);
#495=LINE('',#2626,#613);
#496=LINE('',#2629,#614);
#497=LINE('',#2630,#615);
#498=LINE('',#2633,#616);
#499=LINE('',#2644,#617);
#500=LINE('',#2652,#618);
#501=LINE('',#2658,#619);
#502=LINE('',#2661,#620);
#503=LINE('',#2664,#621);
#504=LINE('',#2667,#622);
#505=LINE('',#2668,#623);
#506=LINE('',#2671,#624);
#507=LINE('',#2698,#625);
#508=LINE('',#2702,#626);
#509=LINE('',#2710,#627);
#510=LINE('',#2716,#628);
#511=LINE('',#2718,#629);
#512=LINE('',#2719,#630);
#513=LINE('',#2721,#631);
#514=LINE('',#2722,#632);
#515=LINE('',#2726,#633);
#516=LINE('',#2734,#634);
#517=LINE('',#2740,#635);
#518=LINE('',#2742,#636);
#519=LINE('',#2744,#637);
#520=LINE('',#2745,#638);
#521=LINE('',#2747,#639);
#522=LINE('',#2749,#640);
#523=LINE('',#2760,#641);
#524=LINE('',#2768,#642);
#525=LINE('',#2770,#643);
#526=LINE('',#2772,#644);
#527=LINE('',#2779,#645);
#528=LINE('',#2786,#646);
#529=LINE('',#2794,#647);
#530=LINE('',#2799,#648);
#531=LINE('',#2804,#649);
#532=LINE('',#2815,#650);
#533=LINE('',#2818,#651);
#534=LINE('',#2827,#652);
#535=LINE('',#2830,#653);
#536=LINE('',#2833,#654);
#537=LINE('',#2835,#655);
#538=LINE('',#2836,#656);
#539=LINE('',#2838,#657);
#540=LINE('',#2841,#658);
#541=LINE('',#2845,#659);
#542=LINE('',#2848,#660);
#543=LINE('',#2850,#661);
#544=LINE('',#2851,#662);
#545=LINE('',#2853,#663);
#546=LINE('',#2855,#664);
#547=LINE('',#2857,#665);
#548=LINE('',#2862,#666);
#549=LINE('',#2864,#667);
#550=VECTOR('',#1859,10.);
#551=VECTOR('',#1860,10.);
#552=VECTOR('',#1861,10.);
#553=VECTOR('',#1862,10.);
#554=VECTOR('',#1865,10.);
#555=VECTOR('',#1866,10.);
#556=VECTOR('',#1867,10.);
#557=VECTOR('',#1870,10.);
#558=VECTOR('',#1871,10.);
#559=VECTOR('',#1872,10.);
#560=VECTOR('',#1875,10.);
#561=VECTOR('',#1876,10.);
#562=VECTOR('',#1881,10.);
#563=VECTOR('',#1882,10.);
#564=VECTOR('',#1883,10.);
#565=VECTOR('',#1884,10.);
#566=VECTOR('',#1887,10.);
#567=VECTOR('',#1888,10.);
#568=VECTOR('',#1889,10.);
#569=VECTOR('',#1892,10.);
#570=VECTOR('',#1893,10.);
#571=VECTOR('',#1894,10.);
#572=VECTOR('',#1897,10.);
#573=VECTOR('',#1898,10.);
#574=VECTOR('',#1911,2.2);
#575=VECTOR('',#1916,10.);
#576=VECTOR('',#1919,10.);
#577=VECTOR('',#1922,10.);
#578=VECTOR('',#1923,10.);
#579=VECTOR('',#1928,10.);
#580=VECTOR('',#1931,10.);
#581=VECTOR('',#1934,10.);
#582=VECTOR('',#1937,10.);
#583=VECTOR('',#1940,10.);
#584=VECTOR('',#1943,10.);
#585=VECTOR('',#1954,10.);
#586=VECTOR('',#1955,10.);
#587=VECTOR('',#1956,10.);
#588=VECTOR('',#1957,10.);
#589=VECTOR('',#1958,10.);
#590=VECTOR('',#1959,10.);
#591=VECTOR('',#1968,5.5);
#592=VECTOR('',#1979,10.);
#593=VECTOR('',#1980,10.);
#594=VECTOR('',#1983,10.);
#595=VECTOR('',#1986,10.);
#596=VECTOR('',#1991,10.);
#597=VECTOR('',#1994,10.);
#598=VECTOR('',#1997,10.);
#599=VECTOR('',#2000,10.);
#600=VECTOR('',#2001,10.);
#601=VECTOR('',#2002,10.);
#602=VECTOR('',#2003,10.);
#603=VECTOR('',#2004,10.);
#604=VECTOR('',#2005,10.);
#605=VECTOR('',#2008,10.);
#606=VECTOR('',#2011,10.);
#607=VECTOR('',#2014,10.);
#608=VECTOR('',#2023,5.5);
#609=VECTOR('',#2042,10.);
#610=VECTOR('',#2053,10.);
#611=VECTOR('',#2062,10.);
#612=VECTOR('',#2065,10.);
#613=VECTOR('',#2068,10.);
#614=VECTOR('',#2071,10.);
#615=VECTOR('',#2072,10.);
#616=VECTOR('',#2075,10.);
#617=VECTOR('',#2090,10.);
#618=VECTOR('',#2101,10.);
#619=VECTOR('',#2110,10.);
#620=VECTOR('',#2113,10.);
#621=VECTOR('',#2116,10.);
#622=VECTOR('',#2119,10.);
#623=VECTOR('',#2120,10.);
#624=VECTOR('',#2123,10.);
#625=VECTOR('',#2160,10.);
#626=VECTOR('',#2165,10.);
#627=VECTOR('',#2176,10.);
#628=VECTOR('',#2185,10.);
#629=VECTOR('',#2188,10.);
#630=VECTOR('',#2189,10.);
#631=VECTOR('',#2192,10.);
#632=VECTOR('',#2193,10.);
#633=VECTOR('',#2198,10.);
#634=VECTOR('',#2209,10.);
#635=VECTOR('',#2218,10.);
#636=VECTOR('',#2221,10.);
#637=VECTOR('',#2224,10.);
#638=VECTOR('',#2225,10.);
#639=VECTOR('',#2228,10.);
#640=VECTOR('',#2231,10.);
#641=VECTOR('',#2248,10.);
#642=VECTOR('',#2263,10.);
#643=VECTOR('',#2266,10.);
#644=VECTOR('',#2269,10.);
#645=VECTOR('',#2280,10.);
#646=VECTOR('',#2291,10.);
#647=VECTOR('',#2302,10.);
#648=VECTOR('',#2309,10.);
#649=VECTOR('',#2314,10.);
#650=VECTOR('',#2329,10.);
#651=VECTOR('',#2332,10.);
#652=VECTOR('',#2345,10.);
#653=VECTOR('',#2348,10.);
#654=VECTOR('',#2353,10.);
#655=VECTOR('',#2356,10.);
#656=VECTOR('',#2357,10.);
#657=VECTOR('',#2360,10.);
#658=VECTOR('',#2363,10.);
#659=VECTOR('',#2368,10.);
#660=VECTOR('',#2373,10.);
#661=VECTOR('',#2376,10.);
#662=VECTOR('',#2377,10.);
#663=VECTOR('',#2380,10.);
#664=VECTOR('',#2383,10.);
#665=VECTOR('',#2386,10.);
#666=VECTOR('',#2395,10.);
#667=VECTOR('',#2398,10.);
#668=VERTEX_POINT('',#2405);
#669=VERTEX_POINT('',#2406);
#670=VERTEX_POINT('',#2408);
#671=VERTEX_POINT('',#2410);
#672=VERTEX_POINT('',#2414);
#673=VERTEX_POINT('',#2416);
#674=VERTEX_POINT('',#2420);
#675=VERTEX_POINT('',#2422);
#676=VERTEX_POINT('',#2430);
#677=VERTEX_POINT('',#2431);
#678=VERTEX_POINT('',#2433);
#679=VERTEX_POINT('',#2435);
#680=VERTEX_POINT('',#2439);
#681=VERTEX_POINT('',#2441);
#682=VERTEX_POINT('',#2445);
#683=VERTEX_POINT('',#2447);
#684=VERTEX_POINT('',#2455);
#685=VERTEX_POINT('',#2457);
#686=VERTEX_POINT('',#2461);
#687=VERTEX_POINT('',#2465);
#688=VERTEX_POINT('',#2466);
#689=VERTEX_POINT('',#2468);
#690=VERTEX_POINT('',#2470);
#691=VERTEX_POINT('',#2472);
#692=VERTEX_POINT('',#2474);
#693=VERTEX_POINT('',#2477);
#694=VERTEX_POINT('',#2479);
#695=VERTEX_POINT('',#2480);
#696=VERTEX_POINT('',#2482);
#697=VERTEX_POINT('',#2484);
#698=VERTEX_POINT('',#2486);
#699=VERTEX_POINT('',#2488);
#700=VERTEX_POINT('',#2491);
#701=VERTEX_POINT('',#2492);
#702=VERTEX_POINT('',#2494);
#703=VERTEX_POINT('',#2496);
#704=VERTEX_POINT('',#2498);
#705=VERTEX_POINT('',#2500);
#706=VERTEX_POINT('',#2503);
#707=VERTEX_POINT('',#2506);
#708=VERTEX_POINT('',#2510);
#709=VERTEX_POINT('',#2511);
#710=VERTEX_POINT('',#2513);
#711=VERTEX_POINT('',#2515);
#712=VERTEX_POINT('',#2517);
#713=VERTEX_POINT('',#2519);
#714=VERTEX_POINT('',#2523);
#715=VERTEX_POINT('',#2527);
#716=VERTEX_POINT('',#2531);
#717=VERTEX_POINT('',#2535);
#718=VERTEX_POINT('',#2536);
#719=VERTEX_POINT('',#2538);
#720=VERTEX_POINT('',#2540);
#721=VERTEX_POINT('',#2542);
#722=VERTEX_POINT('',#2544);
#723=VERTEX_POINT('',#2547);
#724=VERTEX_POINT('',#2549);
#725=VERTEX_POINT('',#2550);
#726=VERTEX_POINT('',#2552);
#727=VERTEX_POINT('',#2554);
#728=VERTEX_POINT('',#2556);
#729=VERTEX_POINT('',#2558);
#730=VERTEX_POINT('',#2561);
#731=VERTEX_POINT('',#2562);
#732=VERTEX_POINT('',#2564);
#733=VERTEX_POINT('',#2566);
#734=VERTEX_POINT('',#2568);
#735=VERTEX_POINT('',#2570);
#736=VERTEX_POINT('',#2572);
#737=VERTEX_POINT('',#2575);
#738=VERTEX_POINT('',#2576);
#739=VERTEX_POINT('',#2578);
#740=VERTEX_POINT('',#2580);
#741=VERTEX_POINT('',#2582);
#742=VERTEX_POINT('',#2584);
#743=VERTEX_POINT('',#2588);
#744=VERTEX_POINT('',#2592);
#745=VERTEX_POINT('',#2598);
#746=VERTEX_POINT('',#2600);
#747=VERTEX_POINT('',#2604);
#748=VERTEX_POINT('',#2608);
#749=VERTEX_POINT('',#2612);
#750=VERTEX_POINT('',#2616);
#751=VERTEX_POINT('',#2622);
#752=VERTEX_POINT('',#2624);
#753=VERTEX_POINT('',#2628);
#754=VERTEX_POINT('',#2632);
#755=VERTEX_POINT('',#2636);
#756=VERTEX_POINT('',#2638);
#757=VERTEX_POINT('',#2642);
#758=VERTEX_POINT('',#2646);
#759=VERTEX_POINT('',#2650);
#760=VERTEX_POINT('',#2654);
#761=VERTEX_POINT('',#2660);
#762=VERTEX_POINT('',#2662);
#763=VERTEX_POINT('',#2666);
#764=VERTEX_POINT('',#2670);
#765=VERTEX_POINT('',#2674);
#766=VERTEX_POINT('',#2676);
#767=VERTEX_POINT('',#2680);
#768=VERTEX_POINT('',#2682);
#769=VERTEX_POINT('',#2686);
#770=VERTEX_POINT('',#2687);
#771=VERTEX_POINT('',#2692);
#772=VERTEX_POINT('',#2693);
#773=VERTEX_POINT('',#2700);
#774=VERTEX_POINT('',#2704);
#775=VERTEX_POINT('',#2708);
#776=VERTEX_POINT('',#2712);
#777=VERTEX_POINT('',#2724);
#778=VERTEX_POINT('',#2728);
#779=VERTEX_POINT('',#2732);
#780=VERTEX_POINT('',#2736);
#781=VERTEX_POINT('',#2753);
#782=VERTEX_POINT('',#2755);
#783=VERTEX_POINT('',#2777);
#784=VERTEX_POINT('',#2781);
#785=VERTEX_POINT('',#2791);
#786=VERTEX_POINT('',#2793);
#787=VERTEX_POINT('',#2797);
#788=VERTEX_POINT('',#2801);
#789=VERTEX_POINT('',#2803);
#790=VERTEX_POINT('',#2807);
#791=VERTEX_POINT('',#2809);
#792=VERTEX_POINT('',#2813);
#793=VERTEX_POINT('',#2817);
#794=VERTEX_POINT('',#2821);
#795=VERTEX_POINT('',#2822);
#796=VERTEX_POINT('',#2829);
#797=VERTEX_POINT('',#2840);
#798=VERTEX_POINT('',#2844);
#799=EDGE_CURVE('',#668,#669,#432,.T.);
#800=EDGE_CURVE('',#668,#670,#433,.T.);
#801=EDGE_CURVE('',#671,#670,#434,.T.);
#802=EDGE_CURVE('',#669,#671,#435,.T.);
#803=EDGE_CURVE('',#669,#672,#436,.T.);
#804=EDGE_CURVE('',#673,#671,#437,.T.);
#805=EDGE_CURVE('',#672,#673,#438,.T.);
#806=EDGE_CURVE('',#672,#674,#439,.T.);
#807=EDGE_CURVE('',#675,#673,#440,.T.);
#808=EDGE_CURVE('',#674,#675,#441,.T.);
#809=EDGE_CURVE('',#674,#668,#442,.T.);
#810=EDGE_CURVE('',#670,#675,#443,.T.);
#811=EDGE_CURVE('',#676,#677,#444,.T.);
#812=EDGE_CURVE('',#676,#678,#445,.T.);
#813=EDGE_CURVE('',#679,#678,#446,.T.);
#814=EDGE_CURVE('',#677,#679,#447,.T.);
#815=EDGE_CURVE('',#677,#680,#448,.T.);
#816=EDGE_CURVE('',#681,#679,#449,.T.);
#817=EDGE_CURVE('',#680,#681,#450,.T.);
#818=EDGE_CURVE('',#680,#682,#451,.T.);
#819=EDGE_CURVE('',#683,#681,#452,.T.);
#820=EDGE_CURVE('',#682,#683,#453,.T.);
#821=EDGE_CURVE('',#682,#676,#454,.T.);
#822=EDGE_CURVE('',#678,#683,#455,.T.);
#823=EDGE_CURVE('',#684,#684,#89,.T.);
#824=EDGE_CURVE('',#684,#685,#90,.T.);
#825=EDGE_CURVE('',#685,#685,#91,.T.);
#826=EDGE_CURVE('',#685,#686,#456,.T.);
#827=EDGE_CURVE('',#686,#686,#92,.T.);
#828=EDGE_CURVE('',#687,#688,#457,.T.);
#829=EDGE_CURVE('',#689,#687,#93,.T.);
#830=EDGE_CURVE('',#690,#689,#458,.T.);
#831=EDGE_CURVE('',#691,#690,#94,.T.);
#832=EDGE_CURVE('',#692,#691,#459,.T.);
#833=EDGE_CURVE('',#688,#692,#460,.T.);
#834=EDGE_CURVE('',#693,#693,#95,.T.);
#835=EDGE_CURVE('',#694,#695,#96,.T.);
#836=EDGE_CURVE('',#696,#694,#461,.T.);
#837=EDGE_CURVE('',#697,#696,#97,.T.);
#838=EDGE_CURVE('',#698,#697,#462,.T.);
#839=EDGE_CURVE('',#699,#698,#98,.T.);
#840=EDGE_CURVE('',#695,#699,#463,.T.);
#841=EDGE_CURVE('',#700,#701,#99,.T.);
#842=EDGE_CURVE('',#702,#700,#464,.T.);
#843=EDGE_CURVE('',#703,#702,#100,.T.);
#844=EDGE_CURVE('',#704,#703,#465,.T.);
#845=EDGE_CURVE('',#705,#704,#101,.T.);
#846=EDGE_CURVE('',#701,#705,#466,.T.);
#847=EDGE_CURVE('',#706,#706,#102,.T.);
#848=EDGE_CURVE('',#686,#707,#103,.T.);
#849=EDGE_CURVE('',#707,#707,#104,.T.);
#850=EDGE_CURVE('',#708,#709,#467,.T.);
#851=EDGE_CURVE('',#710,#708,#468,.T.);
#852=EDGE_CURVE('',#711,#710,#469,.T.);
#853=EDGE_CURVE('',#712,#711,#470,.T.);
#854=EDGE_CURVE('',#713,#712,#471,.T.);
#855=EDGE_CURVE('',#709,#713,#472,.T.);
#856=EDGE_CURVE('',#693,#714,#105,.T.);
#857=EDGE_CURVE('',#714,#714,#106,.T.);
#858=EDGE_CURVE('',#714,#715,#473,.T.);
#859=EDGE_CURVE('',#715,#715,#107,.T.);
#860=EDGE_CURVE('',#715,#716,#108,.T.);
#861=EDGE_CURVE('',#716,#716,#109,.T.);
#862=EDGE_CURVE('',#717,#718,#474,.T.);
#863=EDGE_CURVE('',#719,#717,#475,.T.);
#864=EDGE_CURVE('',#720,#719,#110,.T.);
#865=EDGE_CURVE('',#721,#720,#476,.T.);
#866=EDGE_CURVE('',#722,#721,#111,.T.);
#867=EDGE_CURVE('',#718,#722,#477,.T.);
#868=EDGE_CURVE('',#723,#723,#112,.T.);
#869=EDGE_CURVE('',#724,#725,#113,.T.);
#870=EDGE_CURVE('',#726,#724,#478,.T.);
#871=EDGE_CURVE('',#727,#726,#114,.T.);
#872=EDGE_CURVE('',#728,#727,#479,.T.);
#873=EDGE_CURVE('',#729,#728,#115,.T.);
#874=EDGE_CURVE('',#725,#729,#480,.T.);
#875=EDGE_CURVE('',#730,#731,#116,.T.);
#876=EDGE_CURVE('',#732,#730,#481,.T.);
#877=EDGE_CURVE('',#733,#732,#482,.T.);
#878=EDGE_CURVE('',#734,#733,#483,.T.);
#879=EDGE_CURVE('',#735,#734,#484,.T.);
#880=EDGE_CURVE('',#736,#735,#485,.T.);
#881=EDGE_CURVE('',#731,#736,#486,.T.);
#882=EDGE_CURVE('',#737,#738,#117,.T.);
#883=EDGE_CURVE('',#739,#737,#487,.T.);
#884=EDGE_CURVE('',#740,#739,#118,.T.);
#885=EDGE_CURVE('',#741,#740,#488,.T.);
#886=EDGE_CURVE('',#742,#741,#119,.T.);
#887=EDGE_CURVE('',#738,#742,#489,.T.);
#888=EDGE_CURVE('',#706,#743,#120,.T.);
#889=EDGE_CURVE('',#743,#743,#121,.T.);
#890=EDGE_CURVE('',#743,#744,#490,.T.);
#891=EDGE_CURVE('',#744,#744,#122,.T.);
#892=EDGE_CURVE('',#744,#723,#123,.T.);
#893=EDGE_CURVE('',#695,#745,#124,.T.);
#894=EDGE_CURVE('',#745,#746,#125,.T.);
#895=EDGE_CURVE('',#746,#694,#126,.T.);
#896=EDGE_CURVE('',#747,#696,#127,.T.);
#897=EDGE_CURVE('',#746,#747,#491,.T.);
#898=EDGE_CURVE('',#748,#697,#128,.T.);
#899=EDGE_CURVE('',#747,#748,#129,.T.);
#900=EDGE_CURVE('',#749,#698,#130,.T.);
#901=EDGE_CURVE('',#748,#749,#492,.T.);
#902=EDGE_CURVE('',#750,#699,#131,.T.);
#903=EDGE_CURVE('',#749,#750,#132,.T.);
#904=EDGE_CURVE('',#750,#745,#493,.T.);
#905=EDGE_CURVE('',#751,#747,#494,.T.);
#906=EDGE_CURVE('',#752,#751,#133,.T.);
#907=EDGE_CURVE('',#752,#748,#495,.T.);
#908=EDGE_CURVE('',#753,#746,#496,.T.);
#909=EDGE_CURVE('',#751,#753,#497,.T.);
#910=EDGE_CURVE('',#754,#745,#498,.T.);
#911=EDGE_CURVE('',#753,#754,#134,.T.);
#912=EDGE_CURVE('',#701,#755,#135,.T.);
#913=EDGE_CURVE('',#755,#756,#136,.T.);
#914=EDGE_CURVE('',#756,#700,#137,.T.);
#915=EDGE_CURVE('',#757,#702,#138,.T.);
#916=EDGE_CURVE('',#756,#757,#499,.T.);
#917=EDGE_CURVE('',#758,#703,#139,.T.);
#918=EDGE_CURVE('',#757,#758,#140,.T.);
#919=EDGE_CURVE('',#759,#704,#141,.T.);
#920=EDGE_CURVE('',#758,#759,#500,.T.);
#921=EDGE_CURVE('',#760,#705,#142,.T.);
#922=EDGE_CURVE('',#759,#760,#143,.T.);
#923=EDGE_CURVE('',#760,#755,#501,.T.);
#924=EDGE_CURVE('',#761,#757,#502,.T.);
#925=EDGE_CURVE('',#762,#761,#144,.T.);
#926=EDGE_CURVE('',#762,#758,#503,.T.);
#927=EDGE_CURVE('',#763,#756,#504,.T.);
#928=EDGE_CURVE('',#761,#763,#505,.T.);
#929=EDGE_CURVE('',#764,#755,#506,.T.);
#930=EDGE_CURVE('',#763,#764,#145,.T.);
#931=EDGE_CURVE('',#765,#692,#146,.F.);
#932=EDGE_CURVE('',#766,#765,#147,.F.);
#933=EDGE_CURVE('',#692,#766,#148,.F.);
#934=EDGE_CURVE('',#767,#688,#149,.F.);
#935=EDGE_CURVE('',#768,#767,#150,.F.);
#936=EDGE_CURVE('',#688,#768,#151,.F.);
#937=EDGE_CURVE('',#769,#770,#152,.F.);
#938=EDGE_CURVE('',#717,#769,#153,.F.);
#939=EDGE_CURVE('',#770,#717,#154,.F.);
#940=EDGE_CURVE('',#771,#772,#155,.F.);
#941=EDGE_CURVE('',#718,#771,#156,.F.);
#942=EDGE_CURVE('',#772,#718,#157,.F.);
#943=EDGE_CURVE('',#771,#770,#507,.T.);
#944=EDGE_CURVE('',#722,#773,#158,.T.);
#945=EDGE_CURVE('',#773,#772,#508,.T.);
#946=EDGE_CURVE('',#721,#774,#159,.T.);
#947=EDGE_CURVE('',#774,#773,#160,.T.);
#948=EDGE_CURVE('',#720,#775,#161,.T.);
#949=EDGE_CURVE('',#775,#774,#509,.T.);
#950=EDGE_CURVE('',#719,#776,#162,.T.);
#951=EDGE_CURVE('',#776,#775,#163,.T.);
#952=EDGE_CURVE('',#769,#776,#510,.T.);
#953=EDGE_CURVE('',#767,#771,#511,.T.);
#954=EDGE_CURVE('',#772,#768,#512,.T.);
#955=EDGE_CURVE('',#765,#769,#513,.T.);
#956=EDGE_CURVE('',#770,#766,#514,.T.);
#957=EDGE_CURVE('',#777,#687,#164,.T.);
#958=EDGE_CURVE('',#768,#777,#515,.T.);
#959=EDGE_CURVE('',#778,#689,#165,.T.);
#960=EDGE_CURVE('',#777,#778,#166,.T.);
#961=EDGE_CURVE('',#779,#690,#167,.T.);
#962=EDGE_CURVE('',#778,#779,#516,.T.);
#963=EDGE_CURVE('',#780,#691,#168,.T.);
#964=EDGE_CURVE('',#779,#780,#169,.T.);
#965=EDGE_CURVE('',#780,#765,#517,.T.);
#966=EDGE_CURVE('',#766,#767,#518,.T.);
#967=EDGE_CURVE('',#775,#779,#519,.T.);
#968=EDGE_CURVE('',#776,#780,#520,.T.);
#969=EDGE_CURVE('',#773,#777,#521,.T.);
#970=EDGE_CURVE('',#774,#778,#522,.T.);
#971=EDGE_CURVE('',#781,#724,#170,.T.);
#972=EDGE_CURVE('',#725,#782,#171,.T.);
#973=EDGE_CURVE('',#782,#781,#172,.T.);
#974=EDGE_CURVE('',#729,#754,#173,.T.);
#975=EDGE_CURVE('',#754,#782,#523,.T.);
#976=EDGE_CURVE('',#728,#753,#174,.T.);
#977=EDGE_CURVE('',#727,#751,#175,.T.);
#978=EDGE_CURVE('',#726,#752,#176,.T.);
#979=EDGE_CURVE('',#781,#752,#524,.T.);
#980=EDGE_CURVE('',#781,#749,#525,.T.);
#981=EDGE_CURVE('',#782,#750,#526,.T.);
#982=EDGE_CURVE('',#761,#737,#177,.T.);
#983=EDGE_CURVE('',#738,#762,#178,.T.);
#984=EDGE_CURVE('',#742,#783,#179,.T.);
#985=EDGE_CURVE('',#783,#762,#527,.T.);
#986=EDGE_CURVE('',#741,#784,#180,.T.);
#987=EDGE_CURVE('',#784,#783,#181,.T.);
#988=EDGE_CURVE('',#740,#764,#182,.T.);
#989=EDGE_CURVE('',#764,#784,#528,.T.);
#990=EDGE_CURVE('',#739,#763,#183,.T.);
#991=EDGE_CURVE('',#709,#785,#15,.T.);
#992=EDGE_CURVE('',#785,#786,#529,.T.);
#993=EDGE_CURVE('',#708,#786,#16,.T.);
#994=EDGE_CURVE('',#713,#787,#17,.T.);
#995=EDGE_CURVE('',#787,#785,#530,.T.);
#996=EDGE_CURVE('',#733,#788,#18,.T.);
#997=EDGE_CURVE('',#788,#789,#531,.T.);
#998=EDGE_CURVE('',#734,#789,#19,.T.);
#999=EDGE_CURVE('',#790,#712,#184,.F.);
#1000=EDGE_CURVE('',#791,#790,#185,.F.);
#1001=EDGE_CURVE('',#712,#791,#186,.F.);
#1002=EDGE_CURVE('',#732,#792,#20,.T.);
#1003=EDGE_CURVE('',#792,#788,#532,.T.);
#1004=EDGE_CURVE('',#789,#793,#533,.T.);
#1005=EDGE_CURVE('',#793,#735,#21,.T.);
#1006=EDGE_CURVE('',#794,#795,#187,.F.);
#1007=EDGE_CURVE('',#730,#794,#188,.T.);
#1008=EDGE_CURVE('',#795,#731,#189,.T.);
#1009=EDGE_CURVE('',#794,#792,#534,.T.);
#1010=EDGE_CURVE('',#796,#795,#535,.T.);
#1011=EDGE_CURVE('',#736,#796,#22,.T.);
#1012=EDGE_CURVE('',#793,#796,#536,.T.);
#1013=EDGE_CURVE('',#790,#794,#537,.T.);
#1014=EDGE_CURVE('',#795,#791,#538,.T.);
#1015=EDGE_CURVE('',#791,#787,#539,.T.);
#1016=EDGE_CURVE('',#797,#790,#540,.T.);
#1017=EDGE_CURVE('',#711,#797,#23,.T.);
#1018=EDGE_CURVE('',#798,#797,#541,.T.);
#1019=EDGE_CURVE('',#710,#798,#24,.T.);
#1020=EDGE_CURVE('',#786,#798,#542,.T.);
#1021=EDGE_CURVE('',#788,#798,#543,.T.);
#1022=EDGE_CURVE('',#792,#797,#544,.T.);
#1023=EDGE_CURVE('',#789,#786,#545,.T.);
#1024=EDGE_CURVE('',#796,#787,#546,.T.);
#1025=EDGE_CURVE('',#793,#785,#547,.T.);
#1026=EDGE_CURVE('',#784,#760,#548,.T.);
#1027=EDGE_CURVE('',#783,#759,#549,.T.);
#1028=ORIENTED_EDGE('',*,*,#799,.F.);
#1029=ORIENTED_EDGE('',*,*,#800,.T.);
#1030=ORIENTED_EDGE('',*,*,#801,.F.);
#1031=ORIENTED_EDGE('',*,*,#802,.F.);
#1032=ORIENTED_EDGE('',*,*,#803,.F.);
#1033=ORIENTED_EDGE('',*,*,#802,.T.);
#1034=ORIENTED_EDGE('',*,*,#804,.F.);
#1035=ORIENTED_EDGE('',*,*,#805,.F.);
#1036=ORIENTED_EDGE('',*,*,#806,.F.);
#1037=ORIENTED_EDGE('',*,*,#805,.T.);
#1038=ORIENTED_EDGE('',*,*,#807,.F.);
#1039=ORIENTED_EDGE('',*,*,#808,.F.);
#1040=ORIENTED_EDGE('',*,*,#809,.F.);
#1041=ORIENTED_EDGE('',*,*,#808,.T.);
#1042=ORIENTED_EDGE('',*,*,#810,.F.);
#1043=ORIENTED_EDGE('',*,*,#800,.F.);
#1044=ORIENTED_EDGE('',*,*,#810,.T.);
#1045=ORIENTED_EDGE('',*,*,#807,.T.);
#1046=ORIENTED_EDGE('',*,*,#804,.T.);
#1047=ORIENTED_EDGE('',*,*,#801,.T.);
#1048=ORIENTED_EDGE('',*,*,#811,.F.);
#1049=ORIENTED_EDGE('',*,*,#812,.T.);
#1050=ORIENTED_EDGE('',*,*,#813,.F.);
#1051=ORIENTED_EDGE('',*,*,#814,.F.);
#1052=ORIENTED_EDGE('',*,*,#815,.F.);
#1053=ORIENTED_EDGE('',*,*,#814,.T.);
#1054=ORIENTED_EDGE('',*,*,#816,.F.);
#1055=ORIENTED_EDGE('',*,*,#817,.F.);
#1056=ORIENTED_EDGE('',*,*,#818,.F.);
#1057=ORIENTED_EDGE('',*,*,#817,.T.);
#1058=ORIENTED_EDGE('',*,*,#819,.F.);
#1059=ORIENTED_EDGE('',*,*,#820,.F.);
#1060=ORIENTED_EDGE('',*,*,#821,.F.);
#1061=ORIENTED_EDGE('',*,*,#820,.T.);
#1062=ORIENTED_EDGE('',*,*,#822,.F.);
#1063=ORIENTED_EDGE('',*,*,#812,.F.);
#1064=ORIENTED_EDGE('',*,*,#822,.T.);
#1065=ORIENTED_EDGE('',*,*,#819,.T.);
#1066=ORIENTED_EDGE('',*,*,#816,.T.);
#1067=ORIENTED_EDGE('',*,*,#813,.T.);
#1068=ORIENTED_EDGE('',*,*,#823,.T.);
#1069=ORIENTED_EDGE('',*,*,#824,.T.);
#1070=ORIENTED_EDGE('',*,*,#825,.T.);
#1071=ORIENTED_EDGE('',*,*,#824,.F.);
#1072=ORIENTED_EDGE('',*,*,#825,.F.);
#1073=ORIENTED_EDGE('',*,*,#826,.T.);
#1074=ORIENTED_EDGE('',*,*,#827,.F.);
#1075=ORIENTED_EDGE('',*,*,#826,.F.);
#1076=ORIENTED_EDGE('',*,*,#828,.F.);
#1077=ORIENTED_EDGE('',*,*,#829,.F.);
#1078=ORIENTED_EDGE('',*,*,#830,.F.);
#1079=ORIENTED_EDGE('',*,*,#831,.F.);
#1080=ORIENTED_EDGE('',*,*,#832,.F.);
#1081=ORIENTED_EDGE('',*,*,#833,.F.);
#1082=ORIENTED_EDGE('',*,*,#799,.T.);
#1083=ORIENTED_EDGE('',*,*,#803,.T.);
#1084=ORIENTED_EDGE('',*,*,#806,.T.);
#1085=ORIENTED_EDGE('',*,*,#809,.T.);
#1086=ORIENTED_EDGE('',*,*,#811,.T.);
#1087=ORIENTED_EDGE('',*,*,#815,.T.);
#1088=ORIENTED_EDGE('',*,*,#818,.T.);
#1089=ORIENTED_EDGE('',*,*,#821,.T.);
#1090=ORIENTED_EDGE('',*,*,#834,.F.);
#1091=ORIENTED_EDGE('',*,*,#835,.F.);
#1092=ORIENTED_EDGE('',*,*,#836,.F.);
#1093=ORIENTED_EDGE('',*,*,#837,.F.);
#1094=ORIENTED_EDGE('',*,*,#838,.F.);
#1095=ORIENTED_EDGE('',*,*,#839,.F.);
#1096=ORIENTED_EDGE('',*,*,#840,.F.);
#1097=ORIENTED_EDGE('',*,*,#841,.F.);
#1098=ORIENTED_EDGE('',*,*,#842,.F.);
#1099=ORIENTED_EDGE('',*,*,#843,.F.);
#1100=ORIENTED_EDGE('',*,*,#844,.F.);
#1101=ORIENTED_EDGE('',*,*,#845,.F.);
#1102=ORIENTED_EDGE('',*,*,#846,.F.);
#1103=ORIENTED_EDGE('',*,*,#847,.F.);
#1104=ORIENTED_EDGE('',*,*,#823,.F.);
#1105=ORIENTED_EDGE('',*,*,#827,.T.);
#1106=ORIENTED_EDGE('',*,*,#848,.T.);
#1107=ORIENTED_EDGE('',*,*,#849,.T.);
#1108=ORIENTED_EDGE('',*,*,#848,.F.);
#1109=ORIENTED_EDGE('',*,*,#850,.F.);
#1110=ORIENTED_EDGE('',*,*,#851,.F.);
#1111=ORIENTED_EDGE('',*,*,#852,.F.);
#1112=ORIENTED_EDGE('',*,*,#853,.F.);
#1113=ORIENTED_EDGE('',*,*,#854,.F.);
#1114=ORIENTED_EDGE('',*,*,#855,.F.);
#1115=ORIENTED_EDGE('',*,*,#849,.F.);
#1116=ORIENTED_EDGE('',*,*,#834,.T.);
#1117=ORIENTED_EDGE('',*,*,#856,.T.);
#1118=ORIENTED_EDGE('',*,*,#857,.T.);
#1119=ORIENTED_EDGE('',*,*,#856,.F.);
#1120=ORIENTED_EDGE('',*,*,#857,.F.);
#1121=ORIENTED_EDGE('',*,*,#858,.T.);
#1122=ORIENTED_EDGE('',*,*,#859,.F.);
#1123=ORIENTED_EDGE('',*,*,#858,.F.);
#1124=ORIENTED_EDGE('',*,*,#859,.T.);
#1125=ORIENTED_EDGE('',*,*,#860,.T.);
#1126=ORIENTED_EDGE('',*,*,#861,.T.);
#1127=ORIENTED_EDGE('',*,*,#860,.F.);
#1128=ORIENTED_EDGE('',*,*,#862,.F.);
#1129=ORIENTED_EDGE('',*,*,#863,.F.);
#1130=ORIENTED_EDGE('',*,*,#864,.F.);
#1131=ORIENTED_EDGE('',*,*,#865,.F.);
#1132=ORIENTED_EDGE('',*,*,#866,.F.);
#1133=ORIENTED_EDGE('',*,*,#867,.F.);
#1134=ORIENTED_EDGE('',*,*,#868,.F.);
#1135=ORIENTED_EDGE('',*,*,#869,.F.);
#1136=ORIENTED_EDGE('',*,*,#870,.F.);
#1137=ORIENTED_EDGE('',*,*,#871,.F.);
#1138=ORIENTED_EDGE('',*,*,#872,.F.);
#1139=ORIENTED_EDGE('',*,*,#873,.F.);
#1140=ORIENTED_EDGE('',*,*,#874,.F.);
#1141=ORIENTED_EDGE('',*,*,#875,.F.);
#1142=ORIENTED_EDGE('',*,*,#876,.F.);
#1143=ORIENTED_EDGE('',*,*,#877,.F.);
#1144=ORIENTED_EDGE('',*,*,#878,.F.);
#1145=ORIENTED_EDGE('',*,*,#879,.F.);
#1146=ORIENTED_EDGE('',*,*,#880,.F.);
#1147=ORIENTED_EDGE('',*,*,#881,.F.);
#1148=ORIENTED_EDGE('',*,*,#882,.F.);
#1149=ORIENTED_EDGE('',*,*,#883,.F.);
#1150=ORIENTED_EDGE('',*,*,#884,.F.);
#1151=ORIENTED_EDGE('',*,*,#885,.F.);
#1152=ORIENTED_EDGE('',*,*,#886,.F.);
#1153=ORIENTED_EDGE('',*,*,#887,.F.);
#1154=ORIENTED_EDGE('',*,*,#861,.F.);
#1155=ORIENTED_EDGE('',*,*,#847,.T.);
#1156=ORIENTED_EDGE('',*,*,#888,.T.);
#1157=ORIENTED_EDGE('',*,*,#889,.T.);
#1158=ORIENTED_EDGE('',*,*,#888,.F.);
#1159=ORIENTED_EDGE('',*,*,#889,.F.);
#1160=ORIENTED_EDGE('',*,*,#890,.T.);
#1161=ORIENTED_EDGE('',*,*,#891,.F.);
#1162=ORIENTED_EDGE('',*,*,#890,.F.);
#1163=ORIENTED_EDGE('',*,*,#891,.T.);
#1164=ORIENTED_EDGE('',*,*,#892,.T.);
#1165=ORIENTED_EDGE('',*,*,#868,.T.);
#1166=ORIENTED_EDGE('',*,*,#892,.F.);
#1167=ORIENTED_EDGE('',*,*,#893,.T.);
#1168=ORIENTED_EDGE('',*,*,#894,.T.);
#1169=ORIENTED_EDGE('',*,*,#895,.T.);
#1170=ORIENTED_EDGE('',*,*,#835,.T.);
#1171=ORIENTED_EDGE('',*,*,#896,.T.);
#1172=ORIENTED_EDGE('',*,*,#836,.T.);
#1173=ORIENTED_EDGE('',*,*,#895,.F.);
#1174=ORIENTED_EDGE('',*,*,#897,.T.);
#1175=ORIENTED_EDGE('',*,*,#898,.T.);
#1176=ORIENTED_EDGE('',*,*,#837,.T.);
#1177=ORIENTED_EDGE('',*,*,#896,.F.);
#1178=ORIENTED_EDGE('',*,*,#899,.T.);
#1179=ORIENTED_EDGE('',*,*,#900,.T.);
#1180=ORIENTED_EDGE('',*,*,#838,.T.);
#1181=ORIENTED_EDGE('',*,*,#898,.F.);
#1182=ORIENTED_EDGE('',*,*,#901,.T.);
#1183=ORIENTED_EDGE('',*,*,#902,.T.);
#1184=ORIENTED_EDGE('',*,*,#839,.T.);
#1185=ORIENTED_EDGE('',*,*,#900,.F.);
#1186=ORIENTED_EDGE('',*,*,#903,.T.);
#1187=ORIENTED_EDGE('',*,*,#893,.F.);
#1188=ORIENTED_EDGE('',*,*,#840,.T.);
#1189=ORIENTED_EDGE('',*,*,#902,.F.);
#1190=ORIENTED_EDGE('',*,*,#904,.T.);
#1191=ORIENTED_EDGE('',*,*,#899,.F.);
#1192=ORIENTED_EDGE('',*,*,#905,.F.);
#1193=ORIENTED_EDGE('',*,*,#906,.F.);
#1194=ORIENTED_EDGE('',*,*,#907,.T.);
#1195=ORIENTED_EDGE('',*,*,#897,.F.);
#1196=ORIENTED_EDGE('',*,*,#908,.F.);
#1197=ORIENTED_EDGE('',*,*,#909,.F.);
#1198=ORIENTED_EDGE('',*,*,#905,.T.);
#1199=ORIENTED_EDGE('',*,*,#894,.F.);
#1200=ORIENTED_EDGE('',*,*,#910,.F.);
#1201=ORIENTED_EDGE('',*,*,#911,.F.);
#1202=ORIENTED_EDGE('',*,*,#908,.T.);
#1203=ORIENTED_EDGE('',*,*,#912,.T.);
#1204=ORIENTED_EDGE('',*,*,#913,.T.);
#1205=ORIENTED_EDGE('',*,*,#914,.T.);
#1206=ORIENTED_EDGE('',*,*,#841,.T.);
#1207=ORIENTED_EDGE('',*,*,#915,.T.);
#1208=ORIENTED_EDGE('',*,*,#842,.T.);
#1209=ORIENTED_EDGE('',*,*,#914,.F.);
#1210=ORIENTED_EDGE('',*,*,#916,.T.);
#1211=ORIENTED_EDGE('',*,*,#917,.T.);
#1212=ORIENTED_EDGE('',*,*,#843,.T.);
#1213=ORIENTED_EDGE('',*,*,#915,.F.);
#1214=ORIENTED_EDGE('',*,*,#918,.T.);
#1215=ORIENTED_EDGE('',*,*,#919,.T.);
#1216=ORIENTED_EDGE('',*,*,#844,.T.);
#1217=ORIENTED_EDGE('',*,*,#917,.F.);
#1218=ORIENTED_EDGE('',*,*,#920,.T.);
#1219=ORIENTED_EDGE('',*,*,#921,.T.);
#1220=ORIENTED_EDGE('',*,*,#845,.T.);
#1221=ORIENTED_EDGE('',*,*,#919,.F.);
#1222=ORIENTED_EDGE('',*,*,#922,.T.);
#1223=ORIENTED_EDGE('',*,*,#912,.F.);
#1224=ORIENTED_EDGE('',*,*,#846,.T.);
#1225=ORIENTED_EDGE('',*,*,#921,.F.);
#1226=ORIENTED_EDGE('',*,*,#923,.T.);
#1227=ORIENTED_EDGE('',*,*,#918,.F.);
#1228=ORIENTED_EDGE('',*,*,#924,.F.);
#1229=ORIENTED_EDGE('',*,*,#925,.F.);
#1230=ORIENTED_EDGE('',*,*,#926,.T.);
#1231=ORIENTED_EDGE('',*,*,#916,.F.);
#1232=ORIENTED_EDGE('',*,*,#927,.F.);
#1233=ORIENTED_EDGE('',*,*,#928,.F.);
#1234=ORIENTED_EDGE('',*,*,#924,.T.);
#1235=ORIENTED_EDGE('',*,*,#913,.F.);
#1236=ORIENTED_EDGE('',*,*,#929,.F.);
#1237=ORIENTED_EDGE('',*,*,#930,.F.);
#1238=ORIENTED_EDGE('',*,*,#927,.T.);
#1239=ORIENTED_EDGE('',*,*,#931,.F.);
#1240=ORIENTED_EDGE('',*,*,#932,.F.);
#1241=ORIENTED_EDGE('',*,*,#933,.F.);
#1242=ORIENTED_EDGE('',*,*,#934,.F.);
#1243=ORIENTED_EDGE('',*,*,#935,.F.);
#1244=ORIENTED_EDGE('',*,*,#936,.F.);
#1245=ORIENTED_EDGE('',*,*,#937,.F.);
#1246=ORIENTED_EDGE('',*,*,#938,.F.);
#1247=ORIENTED_EDGE('',*,*,#939,.F.);
#1248=ORIENTED_EDGE('',*,*,#940,.F.);
#1249=ORIENTED_EDGE('',*,*,#941,.F.);
#1250=ORIENTED_EDGE('',*,*,#942,.F.);
#1251=ORIENTED_EDGE('',*,*,#941,.T.);
#1252=ORIENTED_EDGE('',*,*,#943,.T.);
#1253=ORIENTED_EDGE('',*,*,#939,.T.);
#1254=ORIENTED_EDGE('',*,*,#862,.T.);
#1255=ORIENTED_EDGE('',*,*,#944,.T.);
#1256=ORIENTED_EDGE('',*,*,#945,.T.);
#1257=ORIENTED_EDGE('',*,*,#942,.T.);
#1258=ORIENTED_EDGE('',*,*,#867,.T.);
#1259=ORIENTED_EDGE('',*,*,#946,.T.);
#1260=ORIENTED_EDGE('',*,*,#947,.T.);
#1261=ORIENTED_EDGE('',*,*,#944,.F.);
#1262=ORIENTED_EDGE('',*,*,#866,.T.);
#1263=ORIENTED_EDGE('',*,*,#948,.T.);
#1264=ORIENTED_EDGE('',*,*,#949,.T.);
#1265=ORIENTED_EDGE('',*,*,#946,.F.);
#1266=ORIENTED_EDGE('',*,*,#865,.T.);
#1267=ORIENTED_EDGE('',*,*,#950,.T.);
#1268=ORIENTED_EDGE('',*,*,#951,.T.);
#1269=ORIENTED_EDGE('',*,*,#948,.F.);
#1270=ORIENTED_EDGE('',*,*,#864,.T.);
#1271=ORIENTED_EDGE('',*,*,#938,.T.);
#1272=ORIENTED_EDGE('',*,*,#952,.T.);
#1273=ORIENTED_EDGE('',*,*,#950,.F.);
#1274=ORIENTED_EDGE('',*,*,#863,.T.);
#1275=ORIENTED_EDGE('',*,*,#935,.T.);
#1276=ORIENTED_EDGE('',*,*,#953,.T.);
#1277=ORIENTED_EDGE('',*,*,#940,.T.);
#1278=ORIENTED_EDGE('',*,*,#954,.T.);
#1279=ORIENTED_EDGE('',*,*,#932,.T.);
#1280=ORIENTED_EDGE('',*,*,#955,.T.);
#1281=ORIENTED_EDGE('',*,*,#937,.T.);
#1282=ORIENTED_EDGE('',*,*,#956,.T.);
#1283=ORIENTED_EDGE('',*,*,#957,.T.);
#1284=ORIENTED_EDGE('',*,*,#828,.T.);
#1285=ORIENTED_EDGE('',*,*,#936,.T.);
#1286=ORIENTED_EDGE('',*,*,#958,.T.);
#1287=ORIENTED_EDGE('',*,*,#959,.T.);
#1288=ORIENTED_EDGE('',*,*,#829,.T.);
#1289=ORIENTED_EDGE('',*,*,#957,.F.);
#1290=ORIENTED_EDGE('',*,*,#960,.T.);
#1291=ORIENTED_EDGE('',*,*,#961,.T.);
#1292=ORIENTED_EDGE('',*,*,#830,.T.);
#1293=ORIENTED_EDGE('',*,*,#959,.F.);
#1294=ORIENTED_EDGE('',*,*,#962,.T.);
#1295=ORIENTED_EDGE('',*,*,#963,.T.);
#1296=ORIENTED_EDGE('',*,*,#831,.T.);
#1297=ORIENTED_EDGE('',*,*,#961,.F.);
#1298=ORIENTED_EDGE('',*,*,#964,.T.);
#1299=ORIENTED_EDGE('',*,*,#931,.T.);
#1300=ORIENTED_EDGE('',*,*,#832,.T.);
#1301=ORIENTED_EDGE('',*,*,#963,.F.);
#1302=ORIENTED_EDGE('',*,*,#965,.T.);
#1303=ORIENTED_EDGE('',*,*,#934,.T.);
#1304=ORIENTED_EDGE('',*,*,#833,.T.);
#1305=ORIENTED_EDGE('',*,*,#933,.T.);
#1306=ORIENTED_EDGE('',*,*,#966,.T.);
#1307=ORIENTED_EDGE('',*,*,#964,.F.);
#1308=ORIENTED_EDGE('',*,*,#967,.F.);
#1309=ORIENTED_EDGE('',*,*,#951,.F.);
#1310=ORIENTED_EDGE('',*,*,#968,.T.);
#1311=ORIENTED_EDGE('',*,*,#958,.F.);
#1312=ORIENTED_EDGE('',*,*,#954,.F.);
#1313=ORIENTED_EDGE('',*,*,#945,.F.);
#1314=ORIENTED_EDGE('',*,*,#969,.T.);
#1315=ORIENTED_EDGE('',*,*,#962,.F.);
#1316=ORIENTED_EDGE('',*,*,#970,.F.);
#1317=ORIENTED_EDGE('',*,*,#949,.F.);
#1318=ORIENTED_EDGE('',*,*,#967,.T.);
#1319=ORIENTED_EDGE('',*,*,#960,.F.);
#1320=ORIENTED_EDGE('',*,*,#969,.F.);
#1321=ORIENTED_EDGE('',*,*,#947,.F.);
#1322=ORIENTED_EDGE('',*,*,#970,.T.);
#1323=ORIENTED_EDGE('',*,*,#943,.F.);
#1324=ORIENTED_EDGE('',*,*,#953,.F.);
#1325=ORIENTED_EDGE('',*,*,#966,.F.);
#1326=ORIENTED_EDGE('',*,*,#956,.F.);
#1327=ORIENTED_EDGE('',*,*,#971,.T.);
#1328=ORIENTED_EDGE('',*,*,#869,.T.);
#1329=ORIENTED_EDGE('',*,*,#972,.T.);
#1330=ORIENTED_EDGE('',*,*,#973,.T.);
#1331=ORIENTED_EDGE('',*,*,#974,.T.);
#1332=ORIENTED_EDGE('',*,*,#975,.T.);
#1333=ORIENTED_EDGE('',*,*,#972,.F.);
#1334=ORIENTED_EDGE('',*,*,#874,.T.);
#1335=ORIENTED_EDGE('',*,*,#976,.T.);
#1336=ORIENTED_EDGE('',*,*,#911,.T.);
#1337=ORIENTED_EDGE('',*,*,#974,.F.);
#1338=ORIENTED_EDGE('',*,*,#873,.T.);
#1339=ORIENTED_EDGE('',*,*,#977,.T.);
#1340=ORIENTED_EDGE('',*,*,#909,.T.);
#1341=ORIENTED_EDGE('',*,*,#976,.F.);
#1342=ORIENTED_EDGE('',*,*,#872,.T.);
#1343=ORIENTED_EDGE('',*,*,#978,.T.);
#1344=ORIENTED_EDGE('',*,*,#906,.T.);
#1345=ORIENTED_EDGE('',*,*,#977,.F.);
#1346=ORIENTED_EDGE('',*,*,#871,.T.);
#1347=ORIENTED_EDGE('',*,*,#971,.F.);
#1348=ORIENTED_EDGE('',*,*,#979,.T.);
#1349=ORIENTED_EDGE('',*,*,#978,.F.);
#1350=ORIENTED_EDGE('',*,*,#870,.T.);
#1351=ORIENTED_EDGE('',*,*,#901,.F.);
#1352=ORIENTED_EDGE('',*,*,#907,.F.);
#1353=ORIENTED_EDGE('',*,*,#979,.F.);
#1354=ORIENTED_EDGE('',*,*,#980,.T.);
#1355=ORIENTED_EDGE('',*,*,#903,.F.);
#1356=ORIENTED_EDGE('',*,*,#980,.F.);
#1357=ORIENTED_EDGE('',*,*,#973,.F.);
#1358=ORIENTED_EDGE('',*,*,#981,.T.);
#1359=ORIENTED_EDGE('',*,*,#982,.T.);
#1360=ORIENTED_EDGE('',*,*,#882,.T.);
#1361=ORIENTED_EDGE('',*,*,#983,.T.);
#1362=ORIENTED_EDGE('',*,*,#925,.T.);
#1363=ORIENTED_EDGE('',*,*,#984,.T.);
#1364=ORIENTED_EDGE('',*,*,#985,.T.);
#1365=ORIENTED_EDGE('',*,*,#983,.F.);
#1366=ORIENTED_EDGE('',*,*,#887,.T.);
#1367=ORIENTED_EDGE('',*,*,#986,.T.);
#1368=ORIENTED_EDGE('',*,*,#987,.T.);
#1369=ORIENTED_EDGE('',*,*,#984,.F.);
#1370=ORIENTED_EDGE('',*,*,#886,.T.);
#1371=ORIENTED_EDGE('',*,*,#988,.T.);
#1372=ORIENTED_EDGE('',*,*,#989,.T.);
#1373=ORIENTED_EDGE('',*,*,#986,.F.);
#1374=ORIENTED_EDGE('',*,*,#885,.T.);
#1375=ORIENTED_EDGE('',*,*,#990,.T.);
#1376=ORIENTED_EDGE('',*,*,#930,.T.);
#1377=ORIENTED_EDGE('',*,*,#988,.F.);
#1378=ORIENTED_EDGE('',*,*,#884,.T.);
#1379=ORIENTED_EDGE('',*,*,#982,.F.);
#1380=ORIENTED_EDGE('',*,*,#928,.T.);
#1381=ORIENTED_EDGE('',*,*,#990,.F.);
#1382=ORIENTED_EDGE('',*,*,#883,.T.);
#1383=ORIENTED_EDGE('',*,*,#850,.T.);
#1384=ORIENTED_EDGE('',*,*,#991,.T.);
#1385=ORIENTED_EDGE('',*,*,#992,.T.);
#1386=ORIENTED_EDGE('',*,*,#993,.F.);
#1387=ORIENTED_EDGE('',*,*,#855,.T.);
#1388=ORIENTED_EDGE('',*,*,#994,.T.);
#1389=ORIENTED_EDGE('',*,*,#995,.T.);
#1390=ORIENTED_EDGE('',*,*,#991,.F.);
#1391=ORIENTED_EDGE('',*,*,#878,.T.);
#1392=ORIENTED_EDGE('',*,*,#996,.T.);
#1393=ORIENTED_EDGE('',*,*,#997,.T.);
#1394=ORIENTED_EDGE('',*,*,#998,.F.);
#1395=ORIENTED_EDGE('',*,*,#999,.F.);
#1396=ORIENTED_EDGE('',*,*,#1000,.F.);
#1397=ORIENTED_EDGE('',*,*,#1001,.F.);
#1398=ORIENTED_EDGE('',*,*,#877,.T.);
#1399=ORIENTED_EDGE('',*,*,#1002,.T.);
#1400=ORIENTED_EDGE('',*,*,#1003,.T.);
#1401=ORIENTED_EDGE('',*,*,#996,.F.);
#1402=ORIENTED_EDGE('',*,*,#1004,.T.);
#1403=ORIENTED_EDGE('',*,*,#1005,.T.);
#1404=ORIENTED_EDGE('',*,*,#879,.T.);
#1405=ORIENTED_EDGE('',*,*,#998,.T.);
#1406=ORIENTED_EDGE('',*,*,#1006,.F.);
#1407=ORIENTED_EDGE('',*,*,#1007,.F.);
#1408=ORIENTED_EDGE('',*,*,#875,.T.);
#1409=ORIENTED_EDGE('',*,*,#1008,.F.);
#1410=ORIENTED_EDGE('',*,*,#876,.T.);
#1411=ORIENTED_EDGE('',*,*,#1007,.T.);
#1412=ORIENTED_EDGE('',*,*,#1009,.T.);
#1413=ORIENTED_EDGE('',*,*,#1002,.F.);
#1414=ORIENTED_EDGE('',*,*,#1010,.T.);
#1415=ORIENTED_EDGE('',*,*,#1008,.T.);
#1416=ORIENTED_EDGE('',*,*,#881,.T.);
#1417=ORIENTED_EDGE('',*,*,#1011,.T.);
#1418=ORIENTED_EDGE('',*,*,#1012,.T.);
#1419=ORIENTED_EDGE('',*,*,#1011,.F.);
#1420=ORIENTED_EDGE('',*,*,#880,.T.);
#1421=ORIENTED_EDGE('',*,*,#1005,.F.);
#1422=ORIENTED_EDGE('',*,*,#1000,.T.);
#1423=ORIENTED_EDGE('',*,*,#1013,.T.);
#1424=ORIENTED_EDGE('',*,*,#1006,.T.);
#1425=ORIENTED_EDGE('',*,*,#1014,.T.);
#1426=ORIENTED_EDGE('',*,*,#854,.T.);
#1427=ORIENTED_EDGE('',*,*,#1001,.T.);
#1428=ORIENTED_EDGE('',*,*,#1015,.T.);
#1429=ORIENTED_EDGE('',*,*,#994,.F.);
#1430=ORIENTED_EDGE('',*,*,#1016,.T.);
#1431=ORIENTED_EDGE('',*,*,#999,.T.);
#1432=ORIENTED_EDGE('',*,*,#853,.T.);
#1433=ORIENTED_EDGE('',*,*,#1017,.T.);
#1434=ORIENTED_EDGE('',*,*,#1018,.T.);
#1435=ORIENTED_EDGE('',*,*,#1017,.F.);
#1436=ORIENTED_EDGE('',*,*,#852,.T.);
#1437=ORIENTED_EDGE('',*,*,#1019,.T.);
#1438=ORIENTED_EDGE('',*,*,#1020,.T.);
#1439=ORIENTED_EDGE('',*,*,#1019,.F.);
#1440=ORIENTED_EDGE('',*,*,#851,.T.);
#1441=ORIENTED_EDGE('',*,*,#993,.T.);
#1442=ORIENTED_EDGE('',*,*,#1018,.F.);
#1443=ORIENTED_EDGE('',*,*,#1021,.F.);
#1444=ORIENTED_EDGE('',*,*,#1003,.F.);
#1445=ORIENTED_EDGE('',*,*,#1022,.T.);
#1446=ORIENTED_EDGE('',*,*,#1020,.F.);
#1447=ORIENTED_EDGE('',*,*,#1023,.F.);
#1448=ORIENTED_EDGE('',*,*,#997,.F.);
#1449=ORIENTED_EDGE('',*,*,#1021,.T.);
#1450=ORIENTED_EDGE('',*,*,#1015,.F.);
#1451=ORIENTED_EDGE('',*,*,#1014,.F.);
#1452=ORIENTED_EDGE('',*,*,#1010,.F.);
#1453=ORIENTED_EDGE('',*,*,#1024,.T.);
#1454=ORIENTED_EDGE('',*,*,#992,.F.);
#1455=ORIENTED_EDGE('',*,*,#1025,.F.);
#1456=ORIENTED_EDGE('',*,*,#1004,.F.);
#1457=ORIENTED_EDGE('',*,*,#1023,.T.);
#1458=ORIENTED_EDGE('',*,*,#995,.F.);
#1459=ORIENTED_EDGE('',*,*,#1024,.F.);
#1460=ORIENTED_EDGE('',*,*,#1012,.F.);
#1461=ORIENTED_EDGE('',*,*,#1025,.T.);
#1462=ORIENTED_EDGE('',*,*,#1016,.F.);
#1463=ORIENTED_EDGE('',*,*,#1022,.F.);
#1464=ORIENTED_EDGE('',*,*,#1009,.F.);
#1465=ORIENTED_EDGE('',*,*,#1013,.F.);
#1466=ORIENTED_EDGE('',*,*,#904,.F.);
#1467=ORIENTED_EDGE('',*,*,#981,.F.);
#1468=ORIENTED_EDGE('',*,*,#975,.F.);
#1469=ORIENTED_EDGE('',*,*,#910,.T.);
#1470=ORIENTED_EDGE('',*,*,#923,.F.);
#1471=ORIENTED_EDGE('',*,*,#1026,.F.);
#1472=ORIENTED_EDGE('',*,*,#989,.F.);
#1473=ORIENTED_EDGE('',*,*,#929,.T.);
#1474=ORIENTED_EDGE('',*,*,#922,.F.);
#1475=ORIENTED_EDGE('',*,*,#1027,.F.);
#1476=ORIENTED_EDGE('',*,*,#987,.F.);
#1477=ORIENTED_EDGE('',*,*,#1026,.T.);
#1478=ORIENTED_EDGE('',*,*,#920,.F.);
#1479=ORIENTED_EDGE('',*,*,#926,.F.);
#1480=ORIENTED_EDGE('',*,*,#985,.F.);
#1481=ORIENTED_EDGE('',*,*,#1027,.T.);
#1482=ORIENTED_EDGE('',*,*,#965,.F.);
#1483=ORIENTED_EDGE('',*,*,#968,.F.);
#1484=ORIENTED_EDGE('',*,*,#952,.F.);
#1485=ORIENTED_EDGE('',*,*,#955,.F.);
#1486=PLANE('',#1641);
#1487=PLANE('',#1642);
#1488=PLANE('',#1643);
#1489=PLANE('',#1644);
#1490=PLANE('',#1645);
#1491=PLANE('',#1646);
#1492=PLANE('',#1647);
#1493=PLANE('',#1648);
#1494=PLANE('',#1649);
#1495=PLANE('',#1650);
#1496=PLANE('',#1657);
#1497=PLANE('',#1671);
#1498=PLANE('',#1680);
#1499=PLANE('',#1715);
#1500=PLANE('',#1735);
#1501=PLANE('',#1781);
#1502=PLANE('',#1782);
#1503=PLANE('',#1784);
#1504=PLANE('',#1798);
#1505=PLANE('',#1844);
#1506=PLANE('',#1845);
#1507=PLANE('',#1846);
#1508=PLANE('',#1847);
#1509=PLANE('',#1848);
#1510=PLANE('',#1849);
#1511=PLANE('',#1850);
#1512=PLANE('',#1851);
#1513=PLANE('',#1853);
#1514=PLANE('',#1854);
#1515=ADVANCED_FACE('',(#213),#1486,.T.);
#1516=ADVANCED_FACE('',(#214),#1487,.T.);
#1517=ADVANCED_FACE('',(#215),#1488,.T.);
#1518=ADVANCED_FACE('',(#216),#1489,.T.);
#1519=ADVANCED_FACE('',(#217),#1490,.T.);
#1520=ADVANCED_FACE('',(#218),#1491,.T.);
#1521=ADVANCED_FACE('',(#219),#1492,.T.);
#1522=ADVANCED_FACE('',(#220),#1493,.T.);
#1523=ADVANCED_FACE('',(#221),#1494,.T.);
#1524=ADVANCED_FACE('',(#222),#1495,.T.);
#1525=ADVANCED_FACE('',(#223),#190,.T.);
#1526=ADVANCED_FACE('',(#224),#43,.F.);
#1527=ADVANCED_FACE('',(#225,#30,#31,#32,#33,#34,#35,#36),#1496,.T.);
#1528=ADVANCED_FACE('',(#226),#191,.T.);
#1529=ADVANCED_FACE('',(#227,#37),#1497,.T.);
#1530=ADVANCED_FACE('',(#228),#192,.T.);
#1531=ADVANCED_FACE('',(#229),#44,.F.);
#1532=ADVANCED_FACE('',(#230),#193,.T.);
#1533=ADVANCED_FACE('',(#231,#38,#39,#40,#41,#42),#1498,.F.);
#1534=ADVANCED_FACE('',(#232),#194,.T.);
#1535=ADVANCED_FACE('',(#233),#45,.F.);
#1536=ADVANCED_FACE('',(#234),#195,.T.);
#1537=ADVANCED_FACE('',(#235),#196,.T.);
#1538=ADVANCED_FACE('',(#236),#46,.T.);
#1539=ADVANCED_FACE('',(#237),#197,.T.);
#1540=ADVANCED_FACE('',(#238),#47,.T.);
#1541=ADVANCED_FACE('',(#239),#198,.T.);
#1542=ADVANCED_FACE('',(#240),#48,.T.);
#1543=ADVANCED_FACE('',(#241),#49,.F.);
#1544=ADVANCED_FACE('',(#242),#1499,.T.);
#1545=ADVANCED_FACE('',(#243),#50,.F.);
#1546=ADVANCED_FACE('',(#244),#199,.T.);
#1547=ADVANCED_FACE('',(#245),#51,.T.);
#1548=ADVANCED_FACE('',(#246),#200,.T.);
#1549=ADVANCED_FACE('',(#247),#52,.T.);
#1550=ADVANCED_FACE('',(#248),#201,.T.);
#1551=ADVANCED_FACE('',(#249),#53,.T.);
#1552=ADVANCED_FACE('',(#250),#54,.F.);
#1553=ADVANCED_FACE('',(#251),#1500,.T.);
#1554=ADVANCED_FACE('',(#252),#55,.F.);
#1555=ADVANCED_FACE('',(#253),#25,.T.);
#1556=ADVANCED_FACE('',(#254),#26,.T.);
#1557=ADVANCED_FACE('',(#255),#27,.T.);
#1558=ADVANCED_FACE('',(#256),#28,.T.);
#1559=ADVANCED_FACE('',(#257),#56,.T.);
#1560=ADVANCED_FACE('',(#258),#57,.T.);
#1561=ADVANCED_FACE('',(#259),#202,.T.);
#1562=ADVANCED_FACE('',(#260),#58,.T.);
#1563=ADVANCED_FACE('',(#261),#203,.T.);
#1564=ADVANCED_FACE('',(#262),#59,.T.);
#1565=ADVANCED_FACE('',(#263),#60,.T.);
#1566=ADVANCED_FACE('',(#264),#61,.T.);
#1567=ADVANCED_FACE('',(#265),#62,.T.);
#1568=ADVANCED_FACE('',(#266),#204,.T.);
#1569=ADVANCED_FACE('',(#267),#63,.T.);
#1570=ADVANCED_FACE('',(#268),#205,.T.);
#1571=ADVANCED_FACE('',(#269),#64,.T.);
#1572=ADVANCED_FACE('',(#270),#65,.T.);
#1573=ADVANCED_FACE('',(#271),#66,.T.);
#1574=ADVANCED_FACE('',(#272),#1501,.T.);
#1575=ADVANCED_FACE('',(#273),#1502,.T.);
#1576=ADVANCED_FACE('',(#274),#67,.T.);
#1577=ADVANCED_FACE('',(#275),#1503,.T.);
#1578=ADVANCED_FACE('',(#276),#206,.T.);
#1579=ADVANCED_FACE('',(#277),#68,.T.);
#1580=ADVANCED_FACE('',(#278),#207,.T.);
#1581=ADVANCED_FACE('',(#279),#69,.T.);
#1582=ADVANCED_FACE('',(#280),#208,.T.);
#1583=ADVANCED_FACE('',(#281),#70,.T.);
#1584=ADVANCED_FACE('',(#282),#1504,.T.);
#1585=ADVANCED_FACE('',(#283),#71,.F.);
#1586=ADVANCED_FACE('',(#284),#209,.T.);
#1587=ADVANCED_FACE('',(#285),#72,.T.);
#1588=ADVANCED_FACE('',(#286),#210,.T.);
#1589=ADVANCED_FACE('',(#287),#73,.T.);
#1590=ADVANCED_FACE('',(#288),#211,.T.);
#1591=ADVANCED_FACE('',(#289),#74,.T.);
#1592=ADVANCED_FACE('',(#290),#75,.F.);
#1593=ADVANCED_FACE('',(#291),#76,.F.);
#1594=ADVANCED_FACE('',(#292),#77,.T.);
#1595=ADVANCED_FACE('',(#293),#29,.F.);
#1596=ADVANCED_FACE('',(#294),#78,.T.);
#1597=ADVANCED_FACE('',(#295),#79,.T.);
#1598=ADVANCED_FACE('',(#296),#212,.T.);
#1599=ADVANCED_FACE('',(#297),#80,.T.);
#1600=ADVANCED_FACE('',(#298),#81,.T.);
#1601=ADVANCED_FACE('',(#299),#82,.T.);
#1602=ADVANCED_FACE('',(#300),#83,.F.);
#1603=ADVANCED_FACE('',(#301),#84,.F.);
#1604=ADVANCED_FACE('',(#302),#85,.F.);
#1605=ADVANCED_FACE('',(#303),#86,.F.);
#1606=ADVANCED_FACE('',(#304),#87,.F.);
#1607=ADVANCED_FACE('',(#305),#1505,.F.);
#1608=ADVANCED_FACE('',(#306),#1506,.F.);
#1609=ADVANCED_FACE('',(#307),#1507,.F.);
#1610=ADVANCED_FACE('',(#308),#1508,.F.);
#1611=ADVANCED_FACE('',(#309),#1509,.F.);
#1612=ADVANCED_FACE('',(#310),#1510,.F.);
#1613=ADVANCED_FACE('',(#311),#1511,.T.);
#1614=ADVANCED_FACE('',(#312),#1512,.T.);
#1615=ADVANCED_FACE('',(#313),#88,.F.);
#1616=ADVANCED_FACE('',(#314),#1513,.T.);
#1617=ADVANCED_FACE('',(#315),#1514,.T.);
#1618=CLOSED_SHELL('',(#1515,#1516,#1517,#1518,#1519,#1520,#1521,#1522,
#1523,#1524,#1525,#1526,#1527,#1528,#1529,#1530,#1531,#1532,#1533,#1534,
#1535,#1536,#1537,#1538,#1539,#1540,#1541,#1542,#1543,#1544,#1545,#1546,
#1547,#1548,#1549,#1550,#1551,#1552,#1553,#1554,#1555,#1556,#1557,#1558,
#1559,#1560,#1561,#1562,#1563,#1564,#1565,#1566,#1567,#1568,#1569,#1570,
#1571,#1572,#1573,#1574,#1575,#1576,#1577,#1578,#1579,#1580,#1581,#1582,
#1583,#1584,#1585,#1586,#1587,#1588,#1589,#1590,#1591,#1592,#1593,#1594,
#1595,#1596,#1597,#1598,#1599,#1600,#1601,#1602,#1603,#1604,#1605,#1606,
#1607,#1608,#1609,#1610,#1611,#1612,#1613,#1614,#1615,#1616,#1617));
#1619=DERIVED_UNIT_ELEMENT(#1622,1.);
#1620=DERIVED_UNIT_ELEMENT(#2872,-3.);
#1621=DIMENSIONAL_EXPONENTS(0.,1.,0.,0.,0.,0.,0.);
#1622=(
CONVERSION_BASED_UNIT('gram',#1624)
MASS_UNIT()
NAMED_UNIT(#1621)
);
#1623=(
MASS_UNIT()
NAMED_UNIT(*)
SI_UNIT(.KILO.,.GRAM.)
);
#1624=MASS_MEASURE_WITH_UNIT(MASS_MEASURE(0.001),#1623);
#1625=DERIVED_UNIT((#1619,#1620));
#1626=MEASURE_REPRESENTATION_ITEM('density measure',
POSITIVE_RATIO_MEASURE(1.),#1625);
#1627=PROPERTY_DEFINITION_REPRESENTATION(#1632,#1629);
#1628=PROPERTY_DEFINITION_REPRESENTATION(#1633,#1630);
#1629=REPRESENTATION('material name',(#1631),#2869);
#1630=REPRESENTATION('density',(#1626),#2869);
#1631=DESCRIPTIVE_REPRESENTATION_ITEM('Generic','Generic');
#1632=PROPERTY_DEFINITION('material property','material name',#2879);
#1633=PROPERTY_DEFINITION('material property','density of part',#2879);
#1634=DATE_TIME_ROLE('creation_date');
#1635=APPLIED_DATE_AND_TIME_ASSIGNMENT(#1636,#1634,(#2879));
#1636=DATE_AND_TIME(#1637,#1638);
#1637=CALENDAR_DATE(2026,25,6);
#1638=LOCAL_TIME(0,0,0.,#1639);
#1639=COORDINATED_UNIVERSAL_TIME_OFFSET(0,0,.BEHIND.);
#1640=AXIS2_PLACEMENT_3D('',#2403,#1855,#1856);
#1641=AXIS2_PLACEMENT_3D('',#2404,#1857,#1858);
#1642=AXIS2_PLACEMENT_3D('',#2413,#1863,#1864);
#1643=AXIS2_PLACEMENT_3D('',#2419,#1868,#1869);
#1644=AXIS2_PLACEMENT_3D('',#2425,#1873,#1874);
#1645=AXIS2_PLACEMENT_3D('',#2428,#1877,#1878);
#1646=AXIS2_PLACEMENT_3D('',#2429,#1879,#1880);
#1647=AXIS2_PLACEMENT_3D('',#2438,#1885,#1886);
#1648=AXIS2_PLACEMENT_3D('',#2444,#1890,#1891);
#1649=AXIS2_PLACEMENT_3D('',#2450,#1895,#1896);
#1650=AXIS2_PLACEMENT_3D('',#2453,#1899,#1900);
#1651=AXIS2_PLACEMENT_3D('',#2454,#1901,#1902);
#1652=AXIS2_PLACEMENT_3D('',#2456,#1903,#1904);
#1653=AXIS2_PLACEMENT_3D('',#2458,#1905,#1906);
#1654=AXIS2_PLACEMENT_3D('',#2459,#1907,#1908);
#1655=AXIS2_PLACEMENT_3D('',#2460,#1909,#1910);
#1656=AXIS2_PLACEMENT_3D('',#2463,#1912,#1913);
#1657=AXIS2_PLACEMENT_3D('',#2464,#1914,#1915);
#1658=AXIS2_PLACEMENT_3D('',#2469,#1917,#1918);
#1659=AXIS2_PLACEMENT_3D('',#2473,#1920,#1921);
#1660=AXIS2_PLACEMENT_3D('',#2478,#1924,#1925);
#1661=AXIS2_PLACEMENT_3D('',#2481,#1926,#1927);
#1662=AXIS2_PLACEMENT_3D('',#2485,#1929,#1930);
#1663=AXIS2_PLACEMENT_3D('',#2489,#1932,#1933);
#1664=AXIS2_PLACEMENT_3D('',#2493,#1935,#1936);
#1665=AXIS2_PLACEMENT_3D('',#2497,#1938,#1939);
#1666=AXIS2_PLACEMENT_3D('',#2501,#1941,#1942);
#1667=AXIS2_PLACEMENT_3D('',#2504,#1944,#1945);
#1668=AXIS2_PLACEMENT_3D('',#2505,#1946,#1947);
#1669=AXIS2_PLACEMENT_3D('',#2507,#1948,#1949);
#1670=AXIS2_PLACEMENT_3D('',#2508,#1950,#1951);
#1671=AXIS2_PLACEMENT_3D('',#2509,#1952,#1953);
#1672=AXIS2_PLACEMENT_3D('',#2522,#1960,#1961);
#1673=AXIS2_PLACEMENT_3D('',#2524,#1962,#1963);
#1674=AXIS2_PLACEMENT_3D('',#2525,#1964,#1965);
#1675=AXIS2_PLACEMENT_3D('',#2526,#1966,#1967);
#1676=AXIS2_PLACEMENT_3D('',#2529,#1969,#1970);
#1677=AXIS2_PLACEMENT_3D('',#2530,#1971,#1972);
#1678=AXIS2_PLACEMENT_3D('',#2532,#1973,#1974);
#1679=AXIS2_PLACEMENT_3D('',#2533,#1975,#1976);
#1680=AXIS2_PLACEMENT_3D('',#2534,#1977,#1978);
#1681=AXIS2_PLACEMENT_3D('',#2541,#1981,#1982);
#1682=AXIS2_PLACEMENT_3D('',#2545,#1984,#1985);
#1683=AXIS2_PLACEMENT_3D('',#2548,#1987,#1988);
#1684=AXIS2_PLACEMENT_3D('',#2551,#1989,#1990);
#1685=AXIS2_PLACEMENT_3D('',#2555,#1992,#1993);
#1686=AXIS2_PLACEMENT_3D('',#2559,#1995,#1996);
#1687=AXIS2_PLACEMENT_3D('',#2563,#1998,#1999);
#1688=AXIS2_PLACEMENT_3D('',#2577,#2006,#2007);
#1689=AXIS2_PLACEMENT_3D('',#2581,#2009,#2010);
#1690=AXIS2_PLACEMENT_3D('',#2585,#2012,#2013);
#1691=AXIS2_PLACEMENT_3D('',#2587,#2015,#2016);
#1692=AXIS2_PLACEMENT_3D('',#2589,#2017,#2018);
#1693=AXIS2_PLACEMENT_3D('',#2590,#2019,#2020);
#1694=AXIS2_PLACEMENT_3D('',#2591,#2021,#2022);
#1695=AXIS2_PLACEMENT_3D('',#2594,#2024,#2025);
#1696=AXIS2_PLACEMENT_3D('',#2595,#2026,#2027);
#1697=AXIS2_PLACEMENT_3D('',#2596,#2028,#2029);
#1698=AXIS2_PLACEMENT_3D('',#2597,#2030,#2031);
#1699=AXIS2_PLACEMENT_3D('',#2599,#2032,#2033);
#1700=AXIS2_PLACEMENT_3D('',#2601,#2034,#2035);
#1701=AXIS2_PLACEMENT_3D('',#2602,#2036,#2037);
#1702=AXIS2_PLACEMENT_3D('',#2603,#2038,#2039);
#1703=AXIS2_PLACEMENT_3D('',#2605,#2040,#2041);
#1704=AXIS2_PLACEMENT_3D('',#2607,#2043,#2044);
#1705=AXIS2_PLACEMENT_3D('',#2609,#2045,#2046);
#1706=AXIS2_PLACEMENT_3D('',#2610,#2047,#2048);
#1707=AXIS2_PLACEMENT_3D('',#2611,#2049,#2050);
#1708=AXIS2_PLACEMENT_3D('',#2613,#2051,#2052);
#1709=AXIS2_PLACEMENT_3D('',#2615,#2054,#2055);
#1710=AXIS2_PLACEMENT_3D('',#2617,#2056,#2057);
#1711=AXIS2_PLACEMENT_3D('',#2618,#2058,#2059);
#1712=AXIS2_PLACEMENT_3D('',#2619,#2060,#2061);
#1713=AXIS2_PLACEMENT_3D('',#2621,#2063,#2064);
#1714=AXIS2_PLACEMENT_3D('',#2625,#2066,#2067);
#1715=AXIS2_PLACEMENT_3D('',#2627,#2069,#2070);
#1716=AXIS2_PLACEMENT_3D('',#2631,#2073,#2074);
#1717=AXIS2_PLACEMENT_3D('',#2634,#2076,#2077);
#1718=AXIS2_PLACEMENT_3D('',#2635,#2078,#2079);
#1719=AXIS2_PLACEMENT_3D('',#2637,#2080,#2081);
#1720=AXIS2_PLACEMENT_3D('',#2639,#2082,#2083);
#1721=AXIS2_PLACEMENT_3D('',#2640,#2084,#2085);
#1722=AXIS2_PLACEMENT_3D('',#2641,#2086,#2087);
#1723=AXIS2_PLACEMENT_3D('',#2643,#2088,#2089);
#1724=AXIS2_PLACEMENT_3D('',#2645,#2091,#2092);
#1725=AXIS2_PLACEMENT_3D('',#2647,#2093,#2094);
#1726=AXIS2_PLACEMENT_3D('',#2648,#2095,#2096);
#1727=AXIS2_PLACEMENT_3D('',#2649,#2097,#2098);
#1728=AXIS2_PLACEMENT_3D('',#2651,#2099,#2100);
#1729=AXIS2_PLACEMENT_3D('',#2653,#2102,#2103);
#1730=AXIS2_PLACEMENT_3D('',#2655,#2104,#2105);
#1731=AXIS2_PLACEMENT_3D('',#2656,#2106,#2107);
#1732=AXIS2_PLACEMENT_3D('',#2657,#2108,#2109);
#1733=AXIS2_PLACEMENT_3D('',#2659,#2111,#2112);
#1734=AXIS2_PLACEMENT_3D('',#2663,#2114,#2115);
#1735=AXIS2_PLACEMENT_3D('',#2665,#2117,#2118);
#1736=AXIS2_PLACEMENT_3D('',#2669,#2121,#2122);
#1737=AXIS2_PLACEMENT_3D('',#2672,#2124,#2125);
#1738=AXIS2_PLACEMENT_3D('',#2673,#2126,#2127);
#1739=AXIS2_PLACEMENT_3D('',#2675,#2128,#2129);
#1740=AXIS2_PLACEMENT_3D('',#2677,#2130,#2131);
#1741=AXIS2_PLACEMENT_3D('',#2678,#2132,#2133);
#1742=AXIS2_PLACEMENT_3D('',#2679,#2134,#2135);
#1743=AXIS2_PLACEMENT_3D('',#2681,#2136,#2137);
#1744=AXIS2_PLACEMENT_3D('',#2683,#2138,#2139);
#1745=AXIS2_PLACEMENT_3D('',#2684,#2140,#2141);
#1746=AXIS2_PLACEMENT_3D('',#2685,#2142,#2143);
#1747=AXIS2_PLACEMENT_3D('',#2688,#2144,#2145);
#1748=AXIS2_PLACEMENT_3D('',#2689,#2146,#2147);
#1749=AXIS2_PLACEMENT_3D('',#2690,#2148,#2149);
#1750=AXIS2_PLACEMENT_3D('',#2691,#2150,#2151);
#1751=AXIS2_PLACEMENT_3D('',#2694,#2152,#2153);
#1752=AXIS2_PLACEMENT_3D('',#2695,#2154,#2155);
#1753=AXIS2_PLACEMENT_3D('',#2696,#2156,#2157);
#1754=AXIS2_PLACEMENT_3D('',#2697,#2158,#2159);
#1755=AXIS2_PLACEMENT_3D('',#2699,#2161,#2162);
#1756=AXIS2_PLACEMENT_3D('',#2701,#2163,#2164);
#1757=AXIS2_PLACEMENT_3D('',#2703,#2166,#2167);
#1758=AXIS2_PLACEMENT_3D('',#2705,#2168,#2169);
#1759=AXIS2_PLACEMENT_3D('',#2706,#2170,#2171);
#1760=AXIS2_PLACEMENT_3D('',#2707,#2172,#2173);
#1761=AXIS2_PLACEMENT_3D('',#2709,#2174,#2175);
#1762=AXIS2_PLACEMENT_3D('',#2711,#2177,#2178);
#1763=AXIS2_PLACEMENT_3D('',#2713,#2179,#2180);
#1764=AXIS2_PLACEMENT_3D('',#2714,#2181,#2182);
#1765=AXIS2_PLACEMENT_3D('',#2715,#2183,#2184);
#1766=AXIS2_PLACEMENT_3D('',#2717,#2186,#2187);
#1767=AXIS2_PLACEMENT_3D('',#2720,#2190,#2191);
#1768=AXIS2_PLACEMENT_3D('',#2723,#2194,#2195);
#1769=AXIS2_PLACEMENT_3D('',#2725,#2196,#2197);
#1770=AXIS2_PLACEMENT_3D('',#2727,#2199,#2200);
#1771=AXIS2_PLACEMENT_3D('',#2729,#2201,#2202);
#1772=AXIS2_PLACEMENT_3D('',#2730,#2203,#2204);
#1773=AXIS2_PLACEMENT_3D('',#2731,#2205,#2206);
#1774=AXIS2_PLACEMENT_3D('',#2733,#2207,#2208);
#1775=AXIS2_PLACEMENT_3D('',#2735,#2210,#2211);
#1776=AXIS2_PLACEMENT_3D('',#2737,#2212,#2213);
#1777=AXIS2_PLACEMENT_3D('',#2738,#2214,#2215);
#1778=AXIS2_PLACEMENT_3D('',#2739,#2216,#2217);
#1779=AXIS2_PLACEMENT_3D('',#2741,#2219,#2220);
#1780=AXIS2_PLACEMENT_3D('',#2743,#2222,#2223);
#1781=AXIS2_PLACEMENT_3D('',#2746,#2226,#2227);
#1782=AXIS2_PLACEMENT_3D('',#2748,#2229,#2230);
#1783=AXIS2_PLACEMENT_3D('',#2750,#2232,#2233);
#1784=AXIS2_PLACEMENT_3D('',#2751,#2234,#2235);
#1785=AXIS2_PLACEMENT_3D('',#2752,#2236,#2237);
#1786=AXIS2_PLACEMENT_3D('',#2754,#2238,#2239);
#1787=AXIS2_PLACEMENT_3D('',#2756,#2240,#2241);
#1788=AXIS2_PLACEMENT_3D('',#2757,#2242,#2243);
#1789=AXIS2_PLACEMENT_3D('',#2758,#2244,#2245);
#1790=AXIS2_PLACEMENT_3D('',#2759,#2246,#2247);
#1791=AXIS2_PLACEMENT_3D('',#2761,#2249,#2250);
#1792=AXIS2_PLACEMENT_3D('',#2762,#2251,#2252);
#1793=AXIS2_PLACEMENT_3D('',#2763,#2253,#2254);
#1794=AXIS2_PLACEMENT_3D('',#2764,#2255,#2256);
#1795=AXIS2_PLACEMENT_3D('',#2765,#2257,#2258);
#1796=AXIS2_PLACEMENT_3D('',#2766,#2259,#2260);
#1797=AXIS2_PLACEMENT_3D('',#2767,#2261,#2262);
#1798=AXIS2_PLACEMENT_3D('',#2769,#2264,#2265);
#1799=AXIS2_PLACEMENT_3D('',#2771,#2267,#2268);
#1800=AXIS2_PLACEMENT_3D('',#2773,#2270,#2271);
#1801=AXIS2_PLACEMENT_3D('',#2774,#2272,#2273);
#1802=AXIS2_PLACEMENT_3D('',#2775,#2274,#2275);
#1803=AXIS2_PLACEMENT_3D('',#2776,#2276,#2277);
#1804=AXIS2_PLACEMENT_3D('',#2778,#2278,#2279);
#1805=AXIS2_PLACEMENT_3D('',#2780,#2281,#2282);
#1806=AXIS2_PLACEMENT_3D('',#2782,#2283,#2284);
#1807=AXIS2_PLACEMENT_3D('',#2783,#2285,#2286);
#1808=AXIS2_PLACEMENT_3D('',#2784,#2287,#2288);
#1809=AXIS2_PLACEMENT_3D('',#2785,#2289,#2290);
#1810=AXIS2_PLACEMENT_3D('',#2787,#2292,#2293);
#1811=AXIS2_PLACEMENT_3D('',#2788,#2294,#2295);
#1812=AXIS2_PLACEMENT_3D('',#2789,#2296,#2297);
#1813=AXIS2_PLACEMENT_3D('',#2790,#2298,#2299);
#1814=AXIS2_PLACEMENT_3D('',#2792,#2300,#2301);
#1815=AXIS2_PLACEMENT_3D('',#2795,#2303,#2304);
#1816=AXIS2_PLACEMENT_3D('',#2796,#2305,#2306);
#1817=AXIS2_PLACEMENT_3D('',#2798,#2307,#2308);
#1818=AXIS2_PLACEMENT_3D('',#2800,#2310,#2311);
#1819=AXIS2_PLACEMENT_3D('',#2802,#2312,#2313);
#1820=AXIS2_PLACEMENT_3D('',#2805,#2315,#2316);
#1821=AXIS2_PLACEMENT_3D('',#2806,#2317,#2318);
#1822=AXIS2_PLACEMENT_3D('',#2808,#2319,#2320);
#1823=AXIS2_PLACEMENT_3D('',#2810,#2321,#2322);
#1824=AXIS2_PLACEMENT_3D('',#2811,#2323,#2324);
#1825=AXIS2_PLACEMENT_3D('',#2812,#2325,#2326);
#1826=AXIS2_PLACEMENT_3D('',#2814,#2327,#2328);
#1827=AXIS2_PLACEMENT_3D('',#2816,#2330,#2331);
#1828=AXIS2_PLACEMENT_3D('',#2819,#2333,#2334);
#1829=AXIS2_PLACEMENT_3D('',#2820,#2335,#2336);
#1830=AXIS2_PLACEMENT_3D('',#2823,#2337,#2338);
#1831=AXIS2_PLACEMENT_3D('',#2824,#2339,#2340);
#1832=AXIS2_PLACEMENT_3D('',#2825,#2341,#2342);
#1833=AXIS2_PLACEMENT_3D('',#2826,#2343,#2344);
#1834=AXIS2_PLACEMENT_3D('',#2828,#2346,#2347);
#1835=AXIS2_PLACEMENT_3D('',#2831,#2349,#2350);
#1836=AXIS2_PLACEMENT_3D('',#2832,#2351,#2352);
#1837=AXIS2_PLACEMENT_3D('',#2834,#2354,#2355);
#1838=AXIS2_PLACEMENT_3D('',#2837,#2358,#2359);
#1839=AXIS2_PLACEMENT_3D('',#2839,#2361,#2362);
#1840=AXIS2_PLACEMENT_3D('',#2842,#2364,#2365);
#1841=AXIS2_PLACEMENT_3D('',#2843,#2366,#2367);
#1842=AXIS2_PLACEMENT_3D('',#2846,#2369,#2370);
#1843=AXIS2_PLACEMENT_3D('',#2847,#2371,#2372);
#1844=AXIS2_PLACEMENT_3D('',#2849,#2374,#2375);
#1845=AXIS2_PLACEMENT_3D('',#2852,#2378,#2379);
#1846=AXIS2_PLACEMENT_3D('',#2854,#2381,#2382);
#1847=AXIS2_PLACEMENT_3D('',#2856,#2384,#2385);
#1848=AXIS2_PLACEMENT_3D('',#2858,#2387,#2388);
#1849=AXIS2_PLACEMENT_3D('',#2859,#2389,#2390);
#1850=AXIS2_PLACEMENT_3D('',#2860,#2391,#2392);
#1851=AXIS2_PLACEMENT_3D('',#2861,#2393,#2394);
#1852=AXIS2_PLACEMENT_3D('',#2863,#2396,#2397);
#1853=AXIS2_PLACEMENT_3D('',#2865,#2399,#2400);
#1854=AXIS2_PLACEMENT_3D('',#2866,#2401,#2402);
#1855=DIRECTION('axis',(0.,0.,1.));
#1856=DIRECTION('refdir',(1.,0.,0.));
#1857=DIRECTION('center_axis',(1.11022302462516E-15,-1.,0.));
#1858=DIRECTION('ref_axis',(1.,1.11022302462516E-15,0.));
#1859=DIRECTION('',(-1.,-1.11022302462516E-15,0.));
#1860=DIRECTION('',(0.,0.,1.));
#1861=DIRECTION('',(1.,1.11022302462516E-15,0.));
#1862=DIRECTION('',(0.,0.,1.));
#1863=DIRECTION('center_axis',(-1.,-3.22973970800046E-16,0.));
#1864=DIRECTION('ref_axis',(3.22973970800046E-16,-1.,0.));
#1865=DIRECTION('',(-3.22973970800046E-16,1.,0.));
#1866=DIRECTION('',(3.22973970800046E-16,-1.,0.));
#1867=DIRECTION('',(0.,0.,1.));
#1868=DIRECTION('center_axis',(0.,1.,0.));
#1869=DIRECTION('ref_axis',(-1.,0.,0.));
#1870=DIRECTION('',(1.,0.,0.));
#1871=DIRECTION('',(-1.,0.,0.));
#1872=DIRECTION('',(0.,0.,1.));
#1873=DIRECTION('center_axis',(1.,1.61486985400023E-16,0.));
#1874=DIRECTION('ref_axis',(-1.61486985400023E-16,1.,0.));
#1875=DIRECTION('',(1.61486985400023E-16,-1.,0.));
#1876=DIRECTION('',(-1.61486985400023E-16,1.,0.));
#1877=DIRECTION('center_axis',(0.,0.,1.));
#1878=DIRECTION('ref_axis',(1.,0.,0.));
#1879=DIRECTION('center_axis',(2.22044604925032E-15,-1.,0.));
#1880=DIRECTION('ref_axis',(1.,2.22044604925032E-15,0.));
#1881=DIRECTION('',(-1.,-2.22044604925032E-15,0.));
#1882=DIRECTION('',(0.,0.,1.));
#1883=DIRECTION('',(1.,2.22044604925032E-15,0.));
#1884=DIRECTION('',(0.,0.,1.));
#1885=DIRECTION('center_axis',(-1.,-3.22973970800046E-16,0.));
#1886=DIRECTION('ref_axis',(3.22973970800046E-16,-1.,0.));
#1887=DIRECTION('',(-3.22973970800046E-16,1.,0.));
#1888=DIRECTION('',(3.22973970800046E-16,-1.,0.));
#1889=DIRECTION('',(0.,0.,1.));
#1890=DIRECTION('center_axis',(0.,1.,0.));
#1891=DIRECTION('ref_axis',(-1.,0.,0.));
#1892=DIRECTION('',(1.,0.,0.));
#1893=DIRECTION('',(-1.,0.,0.));
#1894=DIRECTION('',(0.,0.,1.));
#1895=DIRECTION('center_axis',(1.,1.61486985400023E-16,0.));
#1896=DIRECTION('ref_axis',(-1.61486985400023E-16,1.,0.));
#1897=DIRECTION('',(1.61486985400023E-16,-1.,0.));
#1898=DIRECTION('',(-1.61486985400023E-16,1.,0.));
#1899=DIRECTION('center_axis',(0.,0.,1.));
#1900=DIRECTION('ref_axis',(1.,0.,0.));
#1901=DIRECTION('center_axis',(0.,0.,-1.));
#1902=DIRECTION('ref_axis',(-1.,0.,0.));
#1903=DIRECTION('center_axis',(0.,0.,1.));
#1904=DIRECTION('ref_axis',(-1.,0.,0.));
#1905=DIRECTION('center_axis',(0.,-1.,0.));
#1906=DIRECTION('ref_axis',(1.,0.,0.));
#1907=DIRECTION('center_axis',(0.,0.,-1.));
#1908=DIRECTION('ref_axis',(-1.,0.,0.));
#1909=DIRECTION('center_axis',(0.,0.,1.));
#1910=DIRECTION('ref_axis',(-1.,0.,0.));
#1911=DIRECTION('',(0.,0.,-1.));
#1912=DIRECTION('center_axis',(0.,0.,1.));
#1913=DIRECTION('ref_axis',(1.,0.,0.));
#1914=DIRECTION('center_axis',(0.,0.,1.));
#1915=DIRECTION('ref_axis',(1.,0.,0.));
#1916=DIRECTION('',(0.635889894354067,0.771779788708135,0.));
#1917=DIRECTION('center_axis',(0.,0.,-1.));
#1918=DIRECTION('ref_axis',(-0.904403088880745,-0.426679098179143,0.));
#1919=DIRECTION('',(-1.,0.,0.));
#1920=DIRECTION('center_axis',(0.,0.,-1.));
#1921=DIRECTION('ref_axis',(0.904403088880745,-0.426679098179143,0.));
#1922=DIRECTION('',(0.635889894354067,-0.771779788708135,0.));
#1923=DIRECTION('',(1.,0.,0.));
#1924=DIRECTION('center_axis',(0.,0.,1.));
#1925=DIRECTION('ref_axis',(-1.,0.,0.));
#1926=DIRECTION('center_axis',(0.,0.,1.));
#1927=DIRECTION('ref_axis',(0.904403088880745,-0.426679098179143,0.));
#1928=DIRECTION('',(1.,3.60408508304848E-16,0.));
#1929=DIRECTION('center_axis',(0.,0.,1.));
#1930=DIRECTION('ref_axis',(-0.707106781186547,-0.707106781186548,0.));
#1931=DIRECTION('',(0.,-1.,0.));
#1932=DIRECTION('center_axis',(0.,0.,1.));
#1933=DIRECTION('ref_axis',(-0.337801873360602,0.941217240786668,0.));
#1934=DIRECTION('',(-0.635889894354067,0.771779788708135,0.));
#1935=DIRECTION('center_axis',(0.,0.,1.));
#1936=DIRECTION('ref_axis',(0.337801873360602,0.941217240786668,0.));
#1937=DIRECTION('',(0.,1.,0.));
#1938=DIRECTION('center_axis',(0.,0.,1.));
#1939=DIRECTION('ref_axis',(0.707106781186547,-0.707106781186547,0.));
#1940=DIRECTION('',(1.,-3.60408508304848E-16,0.));
#1941=DIRECTION('center_axis',(0.,0.,1.));
#1942=DIRECTION('ref_axis',(-0.904403088880745,-0.426679098179143,0.));
#1943=DIRECTION('',(-0.635889894354067,-0.771779788708135,0.));
#1944=DIRECTION('center_axis',(0.,0.,1.));
#1945=DIRECTION('ref_axis',(-1.,0.,0.));
#1946=DIRECTION('center_axis',(0.,0.,-1.));
#1947=DIRECTION('ref_axis',(-1.,0.,0.));
#1948=DIRECTION('center_axis',(0.,-1.,0.));
#1949=DIRECTION('ref_axis',(1.,0.,0.));
#1950=DIRECTION('center_axis',(0.,0.,-1.));
#1951=DIRECTION('ref_axis',(1.,0.,0.));
#1952=DIRECTION('center_axis',(0.,0.,-1.));
#1953=DIRECTION('ref_axis',(-1.,0.,0.));
#1954=DIRECTION('',(-0.866025403784438,0.500000000000001,0.));
#1955=DIRECTION('',(0.,1.,0.));
#1956=DIRECTION('',(0.866025403784438,0.500000000000002,0.));
#1957=DIRECTION('',(0.866025403784439,-0.499999999999999,0.));
#1958=DIRECTION('',(2.13662520709285E-15,-1.,0.));
#1959=DIRECTION('',(-0.866025403784439,-0.5,0.));
#1960=DIRECTION('center_axis',(0.,0.,-1.));
#1961=DIRECTION('ref_axis',(-1.,0.,0.));
#1962=DIRECTION('center_axis',(-1.22464679914735E-16,-1.,0.));
#1963=DIRECTION('ref_axis',(1.,-1.22464679914735E-16,0.));
#1964=DIRECTION('center_axis',(0.,0.,-1.));
#1965=DIRECTION('ref_axis',(-1.,0.,0.));
#1966=DIRECTION('center_axis',(0.,0.,1.));
#1967=DIRECTION('ref_axis',(-1.,0.,0.));
#1968=DIRECTION('',(0.,0.,-1.));
#1969=DIRECTION('center_axis',(0.,0.,1.));
#1970=DIRECTION('ref_axis',(-1.,0.,0.));
#1971=DIRECTION('center_axis',(0.,0.,-1.));
#1972=DIRECTION('ref_axis',(-1.,0.,0.));
#1973=DIRECTION('center_axis',(-1.22464679914735E-16,-1.,0.));
#1974=DIRECTION('ref_axis',(1.,-1.22464679914735E-16,0.));
#1975=DIRECTION('center_axis',(0.,0.,-1.));
#1976=DIRECTION('ref_axis',(-1.,0.,0.));
#1977=DIRECTION('center_axis',(0.,0.,1.));
#1978=DIRECTION('ref_axis',(1.,0.,0.));
#1979=DIRECTION('',(-1.,0.,0.));
#1980=DIRECTION('',(-0.635889894354067,0.771779788708135,0.));
#1981=DIRECTION('center_axis',(0.,0.,1.));
#1982=DIRECTION('ref_axis',(0.904403088880745,-0.426679098179143,0.));
#1983=DIRECTION('',(1.,0.,0.));
#1984=DIRECTION('center_axis',(0.,0.,1.));
#1985=DIRECTION('ref_axis',(-0.904403088880745,-0.426679098179143,0.));
#1986=DIRECTION('',(-0.635889894354067,-0.771779788708135,0.));
#1987=DIRECTION('center_axis',(0.,0.,-1.));
#1988=DIRECTION('ref_axis',(-1.,0.,0.));
#1989=DIRECTION('center_axis',(0.,0.,-1.));
#1990=DIRECTION('ref_axis',(-0.337801873360602,0.941217240786668,0.));
#1991=DIRECTION('',(0.,1.,0.));
#1992=DIRECTION('center_axis',(0.,0.,-1.));
#1993=DIRECTION('ref_axis',(-0.707106781186547,-0.707106781186548,0.));
#1994=DIRECTION('',(-1.,-3.60408508304848E-16,0.));
#1995=DIRECTION('center_axis',(0.,0.,-1.));
#1996=DIRECTION('ref_axis',(0.904403088880745,-0.426679098179143,0.));
#1997=DIRECTION('',(0.635889894354067,-0.771779788708135,0.));
#1998=DIRECTION('center_axis',(0.,0.,-1.));
#1999=DIRECTION('ref_axis',(-0.866025403784438,-0.500000000000001,0.));
#2000=DIRECTION('',(-0.866025403784439,0.499999999999999,0.));
#2001=DIRECTION('',(-0.866025403784438,-0.500000000000002,0.));
#2002=DIRECTION('',(0.,-1.,0.));
#2003=DIRECTION('',(0.866025403784438,-0.500000000000001,0.));
#2004=DIRECTION('',(0.866025403784439,0.5,0.));
#2005=DIRECTION('',(-2.13662520709285E-15,1.,0.));
#2006=DIRECTION('center_axis',(0.,0.,-1.));
#2007=DIRECTION('ref_axis',(0.707106781186547,-0.707106781186547,0.));
#2008=DIRECTION('',(0.,-1.,0.));
#2009=DIRECTION('center_axis',(0.,0.,-1.));
#2010=DIRECTION('ref_axis',(0.337801873360602,0.941217240786668,0.));
#2011=DIRECTION('',(0.635889894354067,0.771779788708135,0.));
#2012=DIRECTION('center_axis',(0.,0.,-1.));
#2013=DIRECTION('ref_axis',(-0.904403088880745,-0.426679098179143,0.));
#2014=DIRECTION('',(-1.,3.60408508304848E-16,0.));
#2015=DIRECTION('center_axis',(0.,0.,-1.));
#2016=DIRECTION('ref_axis',(-1.,0.,0.));
#2017=DIRECTION('center_axis',(-1.22464679914735E-16,-1.,0.));
#2018=DIRECTION('ref_axis',(1.,-1.22464679914735E-16,0.));
#2019=DIRECTION('center_axis',(0.,0.,-1.));
#2020=DIRECTION('ref_axis',(-1.,0.,0.));
#2021=DIRECTION('center_axis',(0.,0.,1.));
#2022=DIRECTION('ref_axis',(-1.,0.,0.));
#2023=DIRECTION('',(0.,0.,-1.));
#2024=DIRECTION('center_axis',(0.,0.,1.));
#2025=DIRECTION('ref_axis',(-1.,0.,0.));
#2026=DIRECTION('center_axis',(0.,0.,-1.));
#2027=DIRECTION('ref_axis',(-1.,0.,0.));
#2028=DIRECTION('center_axis',(-1.22464679914735E-16,-1.,0.));
#2029=DIRECTION('ref_axis',(1.,-1.22464679914735E-16,0.));
#2030=DIRECTION('center_axis',(0.,0.,-1.));
#2031=DIRECTION('ref_axis',(0.904403088880746,-0.426679098179142,0.));
#2032=DIRECTION('center_axis',(0.635889894354069,-0.771779788708134,0.));
#2033=DIRECTION('ref_axis',(0.,0.,1.));
#2034=DIRECTION('center_axis',(0.,0.,-1.));
#2035=DIRECTION('ref_axis',(0.904403088880745,-0.426679098179143,0.));
#2036=DIRECTION('center_axis',(1.,0.,0.));
#2037=DIRECTION('ref_axis',(0.,1.,0.));
#2038=DIRECTION('center_axis',(-1.,-3.60408508304848E-16,0.));
#2039=DIRECTION('ref_axis',(0.,0.70710678118655,0.707106781186545));
#2040=DIRECTION('center_axis',(1.,0.,0.));
#2041=DIRECTION('ref_axis',(0.,1.,0.));
#2042=DIRECTION('',(-1.,-3.60408508304848E-16,0.));
#2043=DIRECTION('center_axis',(0.,0.,-1.));
#2044=DIRECTION('ref_axis',(-1.,0.,0.));
#2045=DIRECTION('center_axis',(4.44089209850064E-15,-1.,0.));
#2046=DIRECTION('ref_axis',(1.,4.44089209850064E-15,0.));
#2047=DIRECTION('center_axis',(0.,0.,-1.));
#2048=DIRECTION('ref_axis',(-0.707106781186547,-0.707106781186548,0.));
#2049=DIRECTION('center_axis',(0.,1.,0.));
#2050=DIRECTION('ref_axis',(0.707106781186553,0.,0.707106781186542));
#2051=DIRECTION('center_axis',(0.,-1.,0.));
#2052=DIRECTION('ref_axis',(1.,0.,0.));
#2053=DIRECTION('',(0.,1.,0.));
#2054=DIRECTION('center_axis',(0.,0.,-1.));
#2055=DIRECTION('ref_axis',(-1.,0.,0.));
#2056=DIRECTION('center_axis',(-0.635889894354062,0.771779788708139,0.));
#2057=DIRECTION('ref_axis',(-0.771779788708139,-0.635889894354062,0.));
#2058=DIRECTION('center_axis',(0.,0.,-1.));
#2059=DIRECTION('ref_axis',(-0.337801873360602,0.941217240786668,0.));
#2060=DIRECTION('center_axis',(0.635889894354067,-0.771779788708135,0.));
#2061=DIRECTION('ref_axis',(-0.545730722178232,-0.449642056385758,0.707106781186556));
#2062=DIRECTION('',(0.635889894354067,-0.771779788708135,0.));
#2063=DIRECTION('center_axis',(0.,0.,1.));
#2064=DIRECTION('ref_axis',(1.,4.4408920985006E-15,0.));
#2065=DIRECTION('',(0.,0.,1.));
#2066=DIRECTION('center_axis',(0.,0.,1.));
#2067=DIRECTION('ref_axis',(-0.707106781186547,-0.707106781186548,0.));
#2068=DIRECTION('',(0.,0.,1.));
#2069=DIRECTION('center_axis',(-3.60408508304848E-16,1.,0.));
#2070=DIRECTION('ref_axis',(-1.,-3.60408508304848E-16,0.));
#2071=DIRECTION('',(0.,0.,1.));
#2072=DIRECTION('',(1.,3.60408508304848E-16,0.));
#2073=DIRECTION('center_axis',(0.,0.,1.));
#2074=DIRECTION('ref_axis',(0.,1.,0.));
#2075=DIRECTION('',(0.,0.,1.));
#2076=DIRECTION('center_axis',(0.,0.,1.));
#2077=DIRECTION('ref_axis',(0.904403088880745,-0.426679098179143,0.));
#2078=DIRECTION('center_axis',(0.,0.,-1.));
#2079=DIRECTION('ref_axis',(-1.,0.,0.));
#2080=DIRECTION('center_axis',(0.635889894354067,0.771779788708135,0.));
#2081=DIRECTION('ref_axis',(0.,0.,1.));
#2082=DIRECTION('center_axis',(0.,0.,-1.));
#2083=DIRECTION('ref_axis',(0.337801873360602,0.941217240786668,0.));
#2084=DIRECTION('center_axis',(0.,1.,0.));
#2085=DIRECTION('ref_axis',(-1.,0.,0.));
#2086=DIRECTION('center_axis',(0.,-1.,0.));
#2087=DIRECTION('ref_axis',(-0.707106781186547,0.,0.707106781186548));
#2088=DIRECTION('center_axis',(0.,1.,0.));
#2089=DIRECTION('ref_axis',(-1.,0.,0.));
#2090=DIRECTION('',(0.,-1.,0.));
#2091=DIRECTION('center_axis',(0.,0.,-1.));
#2092=DIRECTION('ref_axis',(-1.,0.,0.));
#2093=DIRECTION('center_axis',(1.,0.,0.));
#2094=DIRECTION('ref_axis',(0.,1.,0.));
#2095=DIRECTION('center_axis',(0.,0.,-1.));
#2096=DIRECTION('ref_axis',(0.707106781186548,-0.707106781186548,0.));
#2097=DIRECTION('center_axis',(-1.,3.60408508304848E-16,0.));
#2098=DIRECTION('ref_axis',(0.,0.707106781186547,0.707106781186548));
#2099=DIRECTION('center_axis',(1.,0.,0.));
#2100=DIRECTION('ref_axis',(0.,1.,0.));
#2101=DIRECTION('',(-1.,3.60408508304848E-16,0.));
#2102=DIRECTION('center_axis',(0.,0.,-1.));
#2103=DIRECTION('ref_axis',(-1.,0.,0.));
#2104=DIRECTION('center_axis',(-0.635889894354066,-0.771779788708136,0.));
#2105=DIRECTION('ref_axis',(0.771779788708136,-0.635889894354066,0.));
#2106=DIRECTION('center_axis',(0.,0.,-1.));
#2107=DIRECTION('ref_axis',(-0.904403088880745,-0.426679098179143,0.));
#2108=DIRECTION('center_axis',(0.635889894354067,0.771779788708135,0.));
#2109=DIRECTION('ref_axis',(0.545730722178245,-0.449642056385753,0.707106781186549));
#2110=DIRECTION('',(0.635889894354067,0.771779788708135,0.));
#2111=DIRECTION('center_axis',(0.,0.,1.));
#2112=DIRECTION('ref_axis',(-4.4408920985006E-15,1.,0.));
#2113=DIRECTION('',(0.,0.,1.));
#2114=DIRECTION('center_axis',(0.,0.,1.));
#2115=DIRECTION('ref_axis',(0.707106781186548,-0.707106781186548,0.));
#2116=DIRECTION('',(0.,0.,1.));
#2117=DIRECTION('center_axis',(-1.,0.,0.));
#2118=DIRECTION('ref_axis',(0.,-1.,0.));
#2119=DIRECTION('',(0.,0.,1.));
#2120=DIRECTION('',(0.,1.,0.));
#2121=DIRECTION('center_axis',(0.,0.,1.));
#2122=DIRECTION('ref_axis',(-1.,0.,0.));
#2123=DIRECTION('',(0.,0.,1.));
#2124=DIRECTION('center_axis',(0.,0.,1.));
#2125=DIRECTION('ref_axis',(0.337801873360602,0.941217240786668,0.));
#2126=DIRECTION('center_axis',(-0.927665363796486,0.318601101111926,0.194757056823629));
#2127=DIRECTION('ref_axis',(0.373412603981607,0.791497670987839,0.483833095197613));
#2128=DIRECTION('center_axis',(-0.635889894354057,0.771779788708143,0.));
#2129=DIRECTION('ref_axis',(0.771779788708143,0.635889894354057,0.));
#2130=DIRECTION('center_axis',(0.,0.,1.));
#2131=DIRECTION('ref_axis',(0.,1.,0.));
#2132=DIRECTION('center_axis',(1.,0.,0.));
#2133=DIRECTION('ref_axis',(0.,0.,1.));
#2134=DIRECTION('center_axis',(-0.927665363796486,-0.318601101111921,-0.194757056823633));
#2135=DIRECTION('ref_axis',(-0.373412603981618,0.791497670987832,0.483833095197616));
#2136=DIRECTION('center_axis',(-1.,0.,0.));
#2137=DIRECTION('ref_axis',(0.,1.,0.));
#2138=DIRECTION('center_axis',(0.,0.,1.));
#2139=DIRECTION('ref_axis',(-0.771779788708131,0.635889894354072,0.));
#2140=DIRECTION('center_axis',(0.635889894354072,0.771779788708131,0.));
#2141=DIRECTION('ref_axis',(0.,0.,1.));
#2142=DIRECTION('center_axis',(-0.927665363796493,0.318601101111909,-0.194757056823623));
#2143=DIRECTION('ref_axis',(0.373412603981605,0.791497670987836,-0.483833095197619));
#2144=DIRECTION('center_axis',(0.,0.,-1.));
#2145=DIRECTION('ref_axis',(0.771779788708135,0.635889894354068,0.));
#2146=DIRECTION('center_axis',(-0.635889894354085,0.77177978870812,0.));
#2147=DIRECTION('ref_axis',(0.,0.,-1.));
#2148=DIRECTION('center_axis',(1.,0.,1.77635683940025E-14));
#2149=DIRECTION('ref_axis',(0.,1.,0.));
#2150=DIRECTION('center_axis',(-0.927665363796485,-0.318601101111923,0.194757056823637));
#2151=DIRECTION('ref_axis',(-0.373412603981629,0.791497670987826,-0.483833095197616));
#2152=DIRECTION('center_axis',(-1.79815382714857E-16,0.,-1.));
#2153=DIRECTION('ref_axis',(0.,1.,0.));
#2154=DIRECTION('center_axis',(-1.,-8.88178419700128E-15,0.));
#2155=DIRECTION('ref_axis',(0.,0.,-1.));
#2156=DIRECTION('center_axis',(0.635889894354068,0.771779788708135,0.));
#2157=DIRECTION('ref_axis',(-0.771779788708135,0.635889894354068,0.));
#2158=DIRECTION('center_axis',(-1.,0.,0.));
#2159=DIRECTION('ref_axis',(0.,0.70710678118654,-0.707106781186555));
#2160=DIRECTION('',(1.,0.,0.));
#2161=DIRECTION('center_axis',(-0.635889894354067,-0.771779788708135,0.));
#2162=DIRECTION('ref_axis',(-0.545730722178243,0.449642056385771,-0.707106781186539));
#2163=DIRECTION('center_axis',(0.635889894354067,0.771779788708135,0.));
#2164=DIRECTION('ref_axis',(0.,0.,-1.));
#2165=DIRECTION('',(0.635889894354067,0.771779788708135,0.));
#2166=DIRECTION('center_axis',(0.,0.,1.));
#2167=DIRECTION('ref_axis',(-0.904403088880745,-0.426679098179143,0.));
#2168=DIRECTION('center_axis',(-1.,-3.33066907387547E-15,0.));
#2169=DIRECTION('ref_axis',(0.,0.,-1.));
#2170=DIRECTION('center_axis',(0.,0.,-1.));
#2171=DIRECTION('ref_axis',(-0.904403088880745,-0.426679098179143,0.));
#2172=DIRECTION('center_axis',(1.,0.,0.));
#2173=DIRECTION('ref_axis',(0.,-0.707106781186546,-0.707106781186549));
#2174=DIRECTION('center_axis',(-1.,0.,0.));
#2175=DIRECTION('ref_axis',(0.,0.,-1.));
#2176=DIRECTION('',(-1.,0.,0.));
#2177=DIRECTION('center_axis',(0.,0.,1.));
#2178=DIRECTION('ref_axis',(1.,0.,0.));
#2179=DIRECTION('center_axis',(0.635889894354065,-0.771779788708137,0.));
#2180=DIRECTION('ref_axis',(0.,0.,-1.));
#2181=DIRECTION('center_axis',(0.,0.,-1.));
#2182=DIRECTION('ref_axis',(0.904403088880745,-0.426679098179143,0.));
#2183=DIRECTION('center_axis',(-0.635889894354068,0.771779788708135,0.));
#2184=DIRECTION('ref_axis',(0.545730722178229,0.449642056385768,-0.707106781186553));
#2185=DIRECTION('',(0.635889894354067,-0.771779788708135,0.));
#2186=DIRECTION('center_axis',(0.,0.,1.));
#2187=DIRECTION('ref_axis',(-0.426679098179138,0.904403088880748,0.));
#2188=DIRECTION('',(0.,0.,-1.));
#2189=DIRECTION('',(0.,0.,1.));
#2190=DIRECTION('center_axis',(0.,0.,1.));
#2191=DIRECTION('ref_axis',(0.426679098179146,0.904403088880744,0.));
#2192=DIRECTION('',(0.,0.,-1.));
#2193=DIRECTION('',(0.,0.,1.));
#2194=DIRECTION('center_axis',(-0.635889894354067,-0.771779788708135,0.));
#2195=DIRECTION('ref_axis',(-0.545730722178244,0.449642056385772,0.707106781186538));
#2196=DIRECTION('center_axis',(0.635889894354067,0.771779788708135,0.));
#2197=DIRECTION('ref_axis',(-0.771779788708135,0.635889894354067,0.));
#2198=DIRECTION('',(-0.635889894354067,-0.771779788708135,0.));
#2199=DIRECTION('center_axis',(0.,0.,1.));
#2200=DIRECTION('ref_axis',(-0.904403088880745,-0.426679098179143,0.));
#2201=DIRECTION('center_axis',(-1.,-3.33066907387547E-15,0.));
#2202=DIRECTION('ref_axis',(3.33066907387547E-15,-1.,0.));
#2203=DIRECTION('center_axis',(0.,0.,1.));
#2204=DIRECTION('ref_axis',(-0.904403088880745,-0.426679098179143,0.));
#2205=DIRECTION('center_axis',(1.,0.,0.));
#2206=DIRECTION('ref_axis',(0.,-0.707106781186547,0.707106781186548));
#2207=DIRECTION('center_axis',(-1.,0.,0.));
#2208=DIRECTION('ref_axis',(0.,-1.,0.));
#2209=DIRECTION('',(1.,0.,0.));
#2210=DIRECTION('center_axis',(0.,0.,1.));
#2211=DIRECTION('ref_axis',(1.,0.,0.));
#2212=DIRECTION('center_axis',(0.635889894354065,-0.771779788708137,0.));
#2213=DIRECTION('ref_axis',(0.771779788708137,0.635889894354065,0.));
#2214=DIRECTION('center_axis',(0.,0.,1.));
#2215=DIRECTION('ref_axis',(0.904403088880745,-0.426679098179143,0.));
#2216=DIRECTION('center_axis',(-0.635889894354068,0.771779788708135,0.));
#2217=DIRECTION('ref_axis',(0.545730722178229,0.449642056385768,0.707106781186552));
#2218=DIRECTION('',(-0.635889894354067,0.771779788708135,0.));
#2219=DIRECTION('center_axis',(-1.,0.,0.));
#2220=DIRECTION('ref_axis',(0.,0.70710678118654,0.707106781186555));
#2221=DIRECTION('',(-1.,0.,0.));
#2222=DIRECTION('center_axis',(0.,0.,1.));
#2223=DIRECTION('ref_axis',(0.,-1.,0.));
#2224=DIRECTION('',(0.,0.,1.));
#2225=DIRECTION('',(0.,0.,1.));
#2226=DIRECTION('center_axis',(-0.771779788708135,0.635889894354067,0.));
#2227=DIRECTION('ref_axis',(-0.635889894354067,-0.771779788708135,0.));
#2228=DIRECTION('',(0.,0.,1.));
#2229=DIRECTION('center_axis',(0.,-1.,0.));
#2230=DIRECTION('ref_axis',(1.,0.,0.));
#2231=DIRECTION('',(0.,0.,1.));
#2232=DIRECTION('center_axis',(0.,0.,1.));
#2233=DIRECTION('ref_axis',(-0.771779788708135,0.635889894354067,0.));
#2234=DIRECTION('center_axis',(0.,1.,0.));
#2235=DIRECTION('ref_axis',(-1.,0.,0.));
#2236=DIRECTION('center_axis',(0.,0.,-1.));
#2237=DIRECTION('ref_axis',(-1.,0.,0.));
#2238=DIRECTION('center_axis',(0.,1.,0.));
#2239=DIRECTION('ref_axis',(1.,0.,0.));
#2240=DIRECTION('center_axis',(-0.635889894354062,0.771779788708139,0.));
#2241=DIRECTION('ref_axis',(0.,0.,-1.));
#2242=DIRECTION('center_axis',(0.,0.,1.));
#2243=DIRECTION('ref_axis',(-0.337801873360602,0.941217240786668,0.));
#2244=DIRECTION('center_axis',(0.635889894354067,-0.771779788708135,0.));
#2245=DIRECTION('ref_axis',(-0.545730722178232,-0.449642056385758,-0.707106781186557));
#2246=DIRECTION('center_axis',(-0.635889894354054,0.771779788708145,0.));
#2247=DIRECTION('ref_axis',(0.,0.,-1.));
#2248=DIRECTION('',(-0.635889894354067,0.771779788708135,0.));
#2249=DIRECTION('center_axis',(0.,0.,-1.));
#2250=DIRECTION('ref_axis',(0.904403088880746,-0.426679098179142,0.));
#2251=DIRECTION('center_axis',(1.,0.,0.));
#2252=DIRECTION('ref_axis',(0.,0.,-1.));
#2253=DIRECTION('center_axis',(-1.,-3.60408508304848E-16,0.));
#2254=DIRECTION('ref_axis',(0.,0.707106781186549,-0.707106781186546));
#2255=DIRECTION('center_axis',(1.,0.,0.));
#2256=DIRECTION('ref_axis',(0.,0.,-1.));
#2257=DIRECTION('center_axis',(0.,0.,-1.));
#2258=DIRECTION('ref_axis',(-1.,0.,0.));
#2259=DIRECTION('center_axis',(4.44089209850064E-15,-1.,0.));
#2260=DIRECTION('ref_axis',(0.,0.,-1.));
#2261=DIRECTION('center_axis',(0.,1.,0.));
#2262=DIRECTION('ref_axis',(0.707106781186553,0.,-0.707106781186543));
#2263=DIRECTION('',(0.,-1.,0.));
#2264=DIRECTION('center_axis',(1.,0.,0.));
#2265=DIRECTION('ref_axis',(0.,1.,0.));
#2266=DIRECTION('',(0.,0.,1.));
#2267=DIRECTION('center_axis',(0.,0.,1.));
#2268=DIRECTION('ref_axis',(-0.771779788708135,-0.635889894354067,0.));
#2269=DIRECTION('',(0.,0.,1.));
#2270=DIRECTION('center_axis',(0.,0.,-1.));
#2271=DIRECTION('ref_axis',(-1.,0.,0.));
#2272=DIRECTION('center_axis',(-4.44089209850064E-15,-1.,0.));
#2273=DIRECTION('ref_axis',(-1.,4.44089209850064E-15,0.));
#2274=DIRECTION('center_axis',(1.,0.,0.));
#2275=DIRECTION('ref_axis',(0.,0.,-1.));
#2276=DIRECTION('center_axis',(-1.,3.60408508304848E-16,0.));
#2277=DIRECTION('ref_axis',(0.,0.707106781186546,-0.707106781186549));
#2278=DIRECTION('center_axis',(1.,0.,0.));
#2279=DIRECTION('ref_axis',(0.,0.,-1.));
#2280=DIRECTION('',(1.,-3.60408508304848E-16,0.));
#2281=DIRECTION('center_axis',(0.,0.,-1.));
#2282=DIRECTION('ref_axis',(-1.,0.,0.));
#2283=DIRECTION('center_axis',(-0.635889894354066,-0.771779788708136,0.));
#2284=DIRECTION('ref_axis',(0.,0.,-1.));
#2285=DIRECTION('center_axis',(0.,0.,1.));
#2286=DIRECTION('ref_axis',(-0.904403088880745,-0.426679098179143,0.));
#2287=DIRECTION('center_axis',(0.635889894354067,0.771779788708135,0.));
#2288=DIRECTION('ref_axis',(0.545730722178245,-0.449642056385753,-0.707106781186549));
#2289=DIRECTION('center_axis',(-0.635889894354072,-0.771779788708131,0.));
#2290=DIRECTION('ref_axis',(0.,0.,-1.));
#2291=DIRECTION('',(-0.635889894354067,-0.771779788708135,0.));
#2292=DIRECTION('center_axis',(0.,0.,-1.));
#2293=DIRECTION('ref_axis',(-1.,0.,0.));
#2294=DIRECTION('center_axis',(0.,1.,0.));
#2295=DIRECTION('ref_axis',(0.,0.,-1.));
#2296=DIRECTION('center_axis',(0.,-1.,0.));
#2297=DIRECTION('ref_axis',(-0.707106781186546,0.,-0.707106781186549));
#2298=DIRECTION('center_axis',(-0.866025403784438,0.500000000000001,0.));
#2299=DIRECTION('ref_axis',(0.353553390593268,0.612372435695794,0.707106781186551));
#2300=DIRECTION('center_axis',(-1.,7.69185074553424E-15,0.));
#2301=DIRECTION('ref_axis',(-7.69185074553424E-15,-1.,0.));
#2302=DIRECTION('',(0.866025403784438,-0.500000000000001,0.));
#2303=DIRECTION('center_axis',(-0.500000000000005,0.866025403784436,0.));
#2304=DIRECTION('ref_axis',(-0.866025403784436,-0.500000000000005,0.));
#2305=DIRECTION('center_axis',(-0.866025403784439,-0.5,0.));
#2306=DIRECTION('ref_axis',(-0.353553390593265,0.612372435695802,0.707106781186546));
#2307=DIRECTION('center_axis',(-0.499999999999996,-0.866025403784441,0.));
#2308=DIRECTION('ref_axis',(0.866025403784441,-0.499999999999996,0.));
#2309=DIRECTION('',(0.866025403784439,0.5,0.));
#2310=DIRECTION('center_axis',(0.,1.,0.));
#2311=DIRECTION('ref_axis',(-0.70710678118654,0.,-0.707106781186555));
#2312=DIRECTION('center_axis',(0.499999999999994,0.866025403784442,-7.69185074553429E-15));
#2313=DIRECTION('ref_axis',(0.866025403784442,-0.499999999999994,-1.33226762955022E-14));
#2314=DIRECTION('',(0.,1.,0.));
#2315=DIRECTION('center_axis',(-0.500000000000005,0.866025403784436,0.));
#2316=DIRECTION('ref_axis',(0.866025403784436,0.500000000000005,0.));
#2317=DIRECTION('center_axis',(-0.433012701892224,-0.25,-0.866025403784436));
#2318=DIRECTION('ref_axis',(-0.750000000000001,-0.433012701892218,0.499999999999999));
#2319=DIRECTION('center_axis',(0.86602540378444,-0.499999999999997,0.));
#2320=DIRECTION('ref_axis',(-0.499999999999997,-0.86602540378444,0.));
#2321=DIRECTION('center_axis',(0.,0.,-1.));
#2322=DIRECTION('ref_axis',(-1.,0.,0.));
#2323=DIRECTION('center_axis',(0.,1.,0.));
#2324=DIRECTION('ref_axis',(0.,0.,1.));
#2325=DIRECTION('center_axis',(0.866025403784438,0.500000000000002,0.));
#2326=DIRECTION('ref_axis',(-0.353553390593279,0.612372435695791,-0.707106781186548));
#2327=DIRECTION('center_axis',(1.,-7.69185074553424E-15,0.));
#2328=DIRECTION('ref_axis',(-7.69185074553424E-15,-1.,0.));
#2329=DIRECTION('',(0.866025403784438,0.500000000000002,0.));
#2330=DIRECTION('center_axis',(-0.866025403784438,0.500000000000001,0.));
#2331=DIRECTION('ref_axis',(-0.353553390593276,-0.612372435695799,-0.707106781186542));
#2332=DIRECTION('',(-0.866025403784438,0.500000000000001,0.));
#2333=DIRECTION('center_axis',(1.,0.,0.));
#2334=DIRECTION('ref_axis',(0.,-1.,0.));
#2335=DIRECTION('center_axis',(0.,0.,1.));
#2336=DIRECTION('ref_axis',(1.,0.,0.));
#2337=DIRECTION('center_axis',(0.,0.,1.));
#2338=DIRECTION('ref_axis',(-0.499999999999997,-0.86602540378444,0.));
#2339=DIRECTION('center_axis',(0.86602540378444,-0.499999999999997,0.));
#2340=DIRECTION('ref_axis',(0.,0.,-1.));
#2341=DIRECTION('center_axis',(0.,1.,0.));
#2342=DIRECTION('ref_axis',(1.,0.,0.));
#2343=DIRECTION('center_axis',(0.866025403784439,-0.499999999999999,0.));
#2344=DIRECTION('ref_axis',(0.353553390593268,0.612372435695794,-0.707106781186551));
#2345=DIRECTION('',(0.866025403784439,-0.499999999999999,0.));
#2346=DIRECTION('center_axis',(2.13662520709285E-15,-1.,0.));
#2347=DIRECTION('ref_axis',(0.707106781186546,0.,-0.707106781186549));
#2348=DIRECTION('',(2.13662520709285E-15,-1.,0.));
#2349=DIRECTION('center_axis',(-0.500000000000005,-0.866025403784436,0.));
#2350=DIRECTION('ref_axis',(-0.866025403784436,0.500000000000005,0.));
#2351=DIRECTION('center_axis',(-0.866025403784439,-0.5,0.));
#2352=DIRECTION('ref_axis',(0.353553390593279,-0.612372435695791,-0.707106781186548));
#2353=DIRECTION('',(-0.866025403784439,-0.5,0.));
#2354=DIRECTION('center_axis',(0.,0.,1.));
#2355=DIRECTION('ref_axis',(-0.86602540378444,-0.499999999999997,0.));
#2356=DIRECTION('',(0.,0.,-1.));
#2357=DIRECTION('',(0.,0.,1.));
#2358=DIRECTION('center_axis',(2.13662520709285E-15,-1.,0.));
#2359=DIRECTION('ref_axis',(-0.707106781186546,0.,0.707106781186549));
#2360=DIRECTION('',(-2.13662520709285E-15,1.,0.));
#2361=DIRECTION('center_axis',(0.866025403784439,-0.499999999999999,0.));
#2362=DIRECTION('ref_axis',(-0.353553390593265,-0.612372435695802,0.707106781186546));
#2363=DIRECTION('',(-0.866025403784439,0.499999999999999,0.));
#2364=DIRECTION('center_axis',(1.,-1.53837014910686E-14,0.));
#2365=DIRECTION('ref_axis',(1.53837014910686E-14,1.,0.));
#2366=DIRECTION('center_axis',(0.866025403784438,0.500000000000002,0.));
#2367=DIRECTION('ref_axis',(0.353553390593281,-0.612372435695783,0.707106781186553));
#2368=DIRECTION('',(-0.866025403784438,-0.500000000000002,0.));
#2369=DIRECTION('center_axis',(0.499999999999994,0.866025403784442,0.));
#2370=DIRECTION('ref_axis',(-0.866025403784442,0.499999999999994,0.));
#2371=DIRECTION('center_axis',(0.,1.,0.));
#2372=DIRECTION('ref_axis',(0.70710678118654,0.,0.707106781186555));
#2373=DIRECTION('',(0.,-1.,0.));
#2374=DIRECTION('center_axis',(0.500000000000002,-0.866025403784438,0.));
#2375=DIRECTION('ref_axis',(0.866025403784438,0.500000000000002,0.));
#2376=DIRECTION('',(0.,0.,1.));
#2377=DIRECTION('',(0.,0.,1.));
#2378=DIRECTION('center_axis',(1.,0.,0.));
#2379=DIRECTION('ref_axis',(0.,1.,0.));
#2380=DIRECTION('',(0.,0.,1.));
#2381=DIRECTION('center_axis',(-1.,-2.13662520709285E-15,0.));
#2382=DIRECTION('ref_axis',(2.13662520709285E-15,-1.,0.));
#2383=DIRECTION('',(0.,0.,1.));
#2384=DIRECTION('center_axis',(0.500000000000001,0.866025403784438,0.));
#2385=DIRECTION('ref_axis',(-0.866025403784438,0.500000000000001,0.));
#2386=DIRECTION('',(0.,0.,1.));
#2387=DIRECTION('center_axis',(-0.5,0.866025403784439,0.));
#2388=DIRECTION('ref_axis',(-0.866025403784439,-0.5,0.));
#2389=DIRECTION('center_axis',(-0.499999999999999,-0.866025403784439,0.));
#2390=DIRECTION('ref_axis',(0.866025403784439,-0.499999999999999,0.));
#2391=DIRECTION('center_axis',(-0.771779788708135,-0.635889894354067,0.));
#2392=DIRECTION('ref_axis',(0.635889894354067,-0.771779788708135,0.));
#2393=DIRECTION('center_axis',(0.771779788708135,-0.635889894354067,0.));
#2394=DIRECTION('ref_axis',(0.635889894354067,0.771779788708135,0.));
#2395=DIRECTION('',(0.,0.,1.));
#2396=DIRECTION('center_axis',(0.,0.,1.));
#2397=DIRECTION('ref_axis',(0.771779788708135,-0.635889894354067,0.));
#2398=DIRECTION('',(0.,0.,1.));
#2399=DIRECTION('center_axis',(3.60408508304848E-16,1.,0.));
#2400=DIRECTION('ref_axis',(-1.,3.60408508304848E-16,0.));
#2401=DIRECTION('center_axis',(0.771779788708135,0.635889894354068,0.));
#2402=DIRECTION('ref_axis',(-0.635889894354067,0.771779788708135,0.));
#2403=CARTESIAN_POINT('',(0.,0.,0.));
#2404=CARTESIAN_POINT('Origin',(26.4,-6.99999999999999,5.));
#2405=CARTESIAN_POINT('',(28.4,-6.99999999999998,5.));
#2406=CARTESIAN_POINT('',(26.4,-6.99999999999999,5.));
#2407=CARTESIAN_POINT('',(31.95,-6.99999999999998,5.));
#2408=CARTESIAN_POINT('',(28.4,-6.99999999999998,7.));
#2409=CARTESIAN_POINT('',(28.4,-6.99999999999998,5.));
#2410=CARTESIAN_POINT('',(26.4,-6.99999999999999,7.));
#2411=CARTESIAN_POINT('',(26.4,-6.99999999999999,7.));
#2412=CARTESIAN_POINT('',(26.4,-6.99999999999999,5.));
#2413=CARTESIAN_POINT('Origin',(26.4,48.,5.));
#2414=CARTESIAN_POINT('',(26.4,48.,5.));
#2415=CARTESIAN_POINT('',(26.4,33.375,5.));
#2416=CARTESIAN_POINT('',(26.4,48.,7.));
#2417=CARTESIAN_POINT('',(26.4,48.,7.));
#2418=CARTESIAN_POINT('',(26.4,48.,5.));
#2419=CARTESIAN_POINT('Origin',(28.4,48.,5.));
#2420=CARTESIAN_POINT('',(28.4,48.,5.));
#2421=CARTESIAN_POINT('',(32.95,48.,5.));
#2422=CARTESIAN_POINT('',(28.4,48.,7.));
#2423=CARTESIAN_POINT('',(28.4,48.,7.));
#2424=CARTESIAN_POINT('',(28.4,48.,5.));
#2425=CARTESIAN_POINT('Origin',(28.4,-6.99999999999998,5.));
#2426=CARTESIAN_POINT('',(28.4,5.87500000000001,5.));
#2427=CARTESIAN_POINT('',(28.4,-6.99999999999998,7.));
#2428=CARTESIAN_POINT('Origin',(27.4,20.5,7.));
#2429=CARTESIAN_POINT('Origin',(46.6,-6.99999999999999,5.));
#2430=CARTESIAN_POINT('',(48.6,-6.99999999999998,5.));
#2431=CARTESIAN_POINT('',(46.6,-6.99999999999999,5.));
#2432=CARTESIAN_POINT('',(42.05,-7.,5.));
#2433=CARTESIAN_POINT('',(48.6,-6.99999999999998,7.));
#2434=CARTESIAN_POINT('',(48.6,-6.99999999999998,5.));
#2435=CARTESIAN_POINT('',(46.6,-6.99999999999999,7.));
#2436=CARTESIAN_POINT('',(46.6,-6.99999999999999,7.));
#2437=CARTESIAN_POINT('',(46.6,-6.99999999999999,5.));
#2438=CARTESIAN_POINT('Origin',(46.6,48.,5.));
#2439=CARTESIAN_POINT('',(46.6,48.,5.));
#2440=CARTESIAN_POINT('',(46.6,33.375,5.));
#2441=CARTESIAN_POINT('',(46.6,48.,7.));
#2442=CARTESIAN_POINT('',(46.6,48.,7.));
#2443=CARTESIAN_POINT('',(46.6,48.,5.));
#2444=CARTESIAN_POINT('Origin',(48.6,48.,5.));
#2445=CARTESIAN_POINT('',(48.6,48.,5.));
#2446=CARTESIAN_POINT('',(43.05,48.,5.));
#2447=CARTESIAN_POINT('',(48.6,48.,7.));
#2448=CARTESIAN_POINT('',(48.6,48.,7.));
#2449=CARTESIAN_POINT('',(48.6,48.,5.));
#2450=CARTESIAN_POINT('Origin',(48.6,-6.99999999999998,5.));
#2451=CARTESIAN_POINT('',(48.6,5.87500000000001,5.));
#2452=CARTESIAN_POINT('',(48.6,-6.99999999999998,7.));
#2453=CARTESIAN_POINT('Origin',(47.6,20.5,7.));
#2454=CARTESIAN_POINT('Origin',(37.5,30.0000000000001,4.5));
#2455=CARTESIAN_POINT('',(40.2,30.0000000000001,5.));
#2456=CARTESIAN_POINT('Origin',(37.5,30.0000000000001,5.));
#2457=CARTESIAN_POINT('',(39.7,30.0000000000001,4.5));
#2458=CARTESIAN_POINT('Origin',(40.2,30.0000000000001,4.5));
#2459=CARTESIAN_POINT('Origin',(37.5,30.0000000000001,4.5));
#2460=CARTESIAN_POINT('Origin',(37.5,30.0000000000001,0.));
#2461=CARTESIAN_POINT('',(39.7,30.0000000000001,3.75));
#2462=CARTESIAN_POINT('',(39.7,30.0000000000001,0.));
#2463=CARTESIAN_POINT('Origin',(37.5,30.0000000000001,3.75));
#2464=CARTESIAN_POINT('Origin',(37.5,18.75,5.));
#2465=CARTESIAN_POINT('',(-9.26135746449762,7.6306787322488,5.));
#2466=CARTESIAN_POINT('',(25.2358898943541,49.5,5.));
#2467=CARTESIAN_POINT('',(20.2448807504545,43.4424104444498,5.));
#2468=CARTESIAN_POINT('',(-1.66533453693773E-15,-12.,5.));
#2469=CARTESIAN_POINT('Origin',(0.,0.,5.));
#2470=CARTESIAN_POINT('',(75.,-12.,5.));
#2471=CARTESIAN_POINT('',(18.75,-12.,5.));
#2472=CARTESIAN_POINT('',(84.2613574644976,7.63067873224879,5.));
#2473=CARTESIAN_POINT('Origin',(75.,0.,5.));
#2474=CARTESIAN_POINT('',(49.7641101056459,49.5,5.));
#2475=CARTESIAN_POINT('',(72.0787429289713,22.4167222841627,5.));
#2476=CARTESIAN_POINT('',(43.75,49.5,5.));
#2477=CARTESIAN_POINT('',(81.,7.34788079488412E-16,5.));
#2478=CARTESIAN_POINT('Origin',(75.,0.,5.));
#2479=CARTESIAN_POINT('',(70.4827438705096,10.0592921857503,5.));
#2480=CARTESIAN_POINT('',(72.4121933422799,14.1490169216355,5.));
#2481=CARTESIAN_POINT('Origin',(70.4827438705096,12.5592921857503,5.));
#2482=CARTESIAN_POINT('',(52.,10.0592921857503,5.));
#2483=CARTESIAN_POINT('',(53.9913719352548,10.0592921857503,5.));
#2484=CARTESIAN_POINT('',(49.5,12.5592921857503,5.));
#2485=CARTESIAN_POINT('Origin',(52.,12.5592921857503,5.));
#2486=CARTESIAN_POINT('',(49.5,34.9918049301436,5.));
#2487=CARTESIAN_POINT('',(49.5,15.6546460928752,5.));
#2488=CARTESIAN_POINT('',(53.9294494717703,36.5815296660287,5.));
#2489=CARTESIAN_POINT('Origin',(52.,34.9918049301436,5.));
#2490=CARTESIAN_POINT('',(54.9833394608373,35.3024230151675,5.));
#2491=CARTESIAN_POINT('',(25.5,34.9918049301436,5.));
#2492=CARTESIAN_POINT('',(21.0705505282296,36.5815296660287,5.));
#2493=CARTESIAN_POINT('Origin',(23.,34.9918049301436,5.));
#2494=CARTESIAN_POINT('',(25.5,12.5592921857503,5.));
#2495=CARTESIAN_POINT('',(25.5,26.8709024650718,5.));
#2496=CARTESIAN_POINT('',(23.,10.0592921857503,5.));
#2497=CARTESIAN_POINT('Origin',(23.,12.5592921857503,5.));
#2498=CARTESIAN_POINT('',(4.51725612949034,10.0592921857503,5.));
#2499=CARTESIAN_POINT('',(30.25,10.0592921857503,5.));
#2500=CARTESIAN_POINT('',(2.58780665772001,14.1490169216355,5.));
#2501=CARTESIAN_POINT('Origin',(4.51725612949034,12.5592921857503,5.));
#2502=CARTESIAN_POINT('',(10.7752886039078,24.0861666429709,5.));
#2503=CARTESIAN_POINT('',(6.,7.34788079488412E-16,5.));
#2504=CARTESIAN_POINT('Origin',(0.,0.,5.));
#2505=CARTESIAN_POINT('Origin',(37.5,30.0000000000001,3.75));
#2506=CARTESIAN_POINT('',(40.2,30.0000000000001,3.25));
#2507=CARTESIAN_POINT('Origin',(40.2,30.0000000000001,3.75));
#2508=CARTESIAN_POINT('Origin',(37.5,30.0000000000001,3.25));
#2509=CARTESIAN_POINT('Origin',(37.5,30.0000000000001,3.25));
#2510=CARTESIAN_POINT('',(40.6,31.7897858344879,3.25));
#2511=CARTESIAN_POINT('',(37.5,33.5795716689758,3.25));
#2512=CARTESIAN_POINT('',(39.95,32.1650635094612,3.25));
#2513=CARTESIAN_POINT('',(40.6,28.2102141655123,3.25));
#2514=CARTESIAN_POINT('',(40.6,28.9607695154588,3.25));
#2515=CARTESIAN_POINT('',(37.5,26.4204283310244,3.25));
#2516=CARTESIAN_POINT('',(38.15,26.7957060059977,3.25));
#2517=CARTESIAN_POINT('',(34.4,28.2102141655123,3.25));
#2518=CARTESIAN_POINT('',(35.05,27.834936490539,3.25));
#2519=CARTESIAN_POINT('',(34.4,31.7897858344879,3.25));
#2520=CARTESIAN_POINT('',(34.4,31.0392304845414,3.25));
#2521=CARTESIAN_POINT('',(36.85,33.2042939940025,3.25));
#2522=CARTESIAN_POINT('Origin',(75.,0.,4.5));
#2523=CARTESIAN_POINT('',(80.5,-6.73555739531044E-16,4.5));
#2524=CARTESIAN_POINT('Origin',(81.,-7.34788079488412E-16,4.5));
#2525=CARTESIAN_POINT('Origin',(75.,0.,4.5));
#2526=CARTESIAN_POINT('Origin',(75.,0.,0.));
#2527=CARTESIAN_POINT('',(80.5,6.73555739531044E-16,0.5));
#2528=CARTESIAN_POINT('',(80.5,6.73555739531044E-16,0.));
#2529=CARTESIAN_POINT('Origin',(75.,0.,0.5));
#2530=CARTESIAN_POINT('Origin',(75.,0.,0.5));
#2531=CARTESIAN_POINT('',(81.,-7.34788079488412E-16,0.));
#2532=CARTESIAN_POINT('Origin',(81.,-7.34788079488412E-16,0.5));
#2533=CARTESIAN_POINT('Origin',(75.,0.,0.));
#2534=CARTESIAN_POINT('Origin',(37.5,18.75,0.));
#2535=CARTESIAN_POINT('',(49.7641101056459,49.5,0.));
#2536=CARTESIAN_POINT('',(25.2358898943541,49.5,0.));
#2537=CARTESIAN_POINT('',(43.75,49.5,0.));
#2538=CARTESIAN_POINT('',(84.2613574644976,7.63067873224879,0.));
#2539=CARTESIAN_POINT('',(72.0787429289713,22.4167222841627,0.));
#2540=CARTESIAN_POINT('',(75.,-12.,0.));
#2541=CARTESIAN_POINT('Origin',(75.,0.,0.));
#2542=CARTESIAN_POINT('',(-1.66533453693773E-15,-12.,0.));
#2543=CARTESIAN_POINT('',(18.75,-12.,0.));
#2544=CARTESIAN_POINT('',(-9.26135746449762,7.6306787322488,0.));
#2545=CARTESIAN_POINT('Origin',(0.,0.,0.));
#2546=CARTESIAN_POINT('',(20.2448807504545,43.4424104444498,0.));
#2547=CARTESIAN_POINT('',(6.,-7.34788079488412E-16,0.));
#2548=CARTESIAN_POINT('Origin',(0.,0.,0.));
#2549=CARTESIAN_POINT('',(49.5,34.9918049301436,0.));
#2550=CARTESIAN_POINT('',(53.9294494717703,36.5815296660287,0.));
#2551=CARTESIAN_POINT('Origin',(52.,34.9918049301436,0.));
#2552=CARTESIAN_POINT('',(49.5,12.5592921857503,0.));
#2553=CARTESIAN_POINT('',(49.5,15.6546460928752,0.));
#2554=CARTESIAN_POINT('',(52.,10.0592921857503,0.));
#2555=CARTESIAN_POINT('Origin',(52.,12.5592921857503,0.));
#2556=CARTESIAN_POINT('',(70.4827438705096,10.0592921857503,0.));
#2557=CARTESIAN_POINT('',(53.9913719352548,10.0592921857503,0.));
#2558=CARTESIAN_POINT('',(72.41219334228,14.1490169216355,0.));
#2559=CARTESIAN_POINT('Origin',(70.4827438705096,12.5592921857503,0.));
#2560=CARTESIAN_POINT('',(54.9833394608373,35.3024230151675,0.));
#2561=CARTESIAN_POINT('',(33.9,27.3441887617278,0.));
#2562=CARTESIAN_POINT('',(33.4,28.2102141655123,0.));
#2563=CARTESIAN_POINT('Origin',(34.4,28.2102141655123,0.));
#2564=CARTESIAN_POINT('',(37.5,25.2657277926452,0.));
#2565=CARTESIAN_POINT('',(36.9856964481437,25.5626610867545,0.));
#2566=CARTESIAN_POINT('',(41.6,27.6328638963226,0.));
#2567=CARTESIAN_POINT('',(36.2143035518562,24.5234306022132,0.));
#2568=CARTESIAN_POINT('',(41.6,32.3671361036776,0.));
#2569=CARTESIAN_POINT('',(41.6,23.3357695154587,0.));
#2570=CARTESIAN_POINT('',(37.5,34.734272207355,0.));
#2571=CARTESIAN_POINT('',(42.8856964481437,31.6248389132456,0.));
#2572=CARTESIAN_POINT('',(33.4,32.3671361036776,0.));
#2573=CARTESIAN_POINT('',(33.9143035518562,32.664069397787,0.));
#2574=CARTESIAN_POINT('',(33.4,25.4142304845414,0.));
#2575=CARTESIAN_POINT('',(25.5,12.5592921857503,0.));
#2576=CARTESIAN_POINT('',(23.,10.0592921857503,0.));
#2577=CARTESIAN_POINT('Origin',(23.,12.5592921857503,0.));
#2578=CARTESIAN_POINT('',(25.5,34.9918049301436,0.));
#2579=CARTESIAN_POINT('',(25.5,26.8709024650718,0.));
#2580=CARTESIAN_POINT('',(21.0705505282296,36.5815296660287,0.));
#2581=CARTESIAN_POINT('Origin',(23.,34.9918049301436,0.));
#2582=CARTESIAN_POINT('',(2.58780665772001,14.1490169216355,0.));
#2583=CARTESIAN_POINT('',(10.7752886039078,24.0861666429709,0.));
#2584=CARTESIAN_POINT('',(4.51725612949034,10.0592921857503,0.));
#2585=CARTESIAN_POINT('Origin',(4.51725612949034,12.5592921857503,0.));
#2586=CARTESIAN_POINT('',(30.25,10.0592921857503,0.));
#2587=CARTESIAN_POINT('Origin',(0.,0.,4.5));
#2588=CARTESIAN_POINT('',(5.5,-6.73555739531044E-16,4.5));
#2589=CARTESIAN_POINT('Origin',(6.,-7.34788079488412E-16,4.5));
#2590=CARTESIAN_POINT('Origin',(0.,0.,4.5));
#2591=CARTESIAN_POINT('Origin',(0.,0.,0.));
#2592=CARTESIAN_POINT('',(5.5,6.73555739531044E-16,0.5));
#2593=CARTESIAN_POINT('',(5.5,6.73555739531044E-16,0.));
#2594=CARTESIAN_POINT('Origin',(0.,0.,0.5));
#2595=CARTESIAN_POINT('Origin',(0.,0.,0.5));
#2596=CARTESIAN_POINT('Origin',(6.,-7.34788079488412E-16,0.5));
#2597=CARTESIAN_POINT('Origin',(70.4827438705096,12.5592921857503,4.5));
#2598=CARTESIAN_POINT('',(72.0263034479259,13.8310719744584,4.5));
#2599=CARTESIAN_POINT('Origin',(72.4121933422799,14.1490169216355,4.5));
#2600=CARTESIAN_POINT('',(70.4827438705096,10.5592921857503,4.5));
#2601=CARTESIAN_POINT('Origin',(70.4827438705096,12.5592921857503,4.5));
#2602=CARTESIAN_POINT('Origin',(70.4827438705096,10.0592921857503,4.5));
#2603=CARTESIAN_POINT('Origin',(53.9913719352548,10.0592921857503,4.5));
#2604=CARTESIAN_POINT('',(52.,10.5592921857503,4.5));
#2605=CARTESIAN_POINT('Origin',(52.,10.0592921857503,4.5));
#2606=CARTESIAN_POINT('',(53.9913719352548,10.5592921857503,4.5));
#2607=CARTESIAN_POINT('Origin',(52.,12.5592921857503,4.5));
#2608=CARTESIAN_POINT('',(50.,12.5592921857503,4.5));
#2609=CARTESIAN_POINT('Origin',(49.5,12.5592921857503,4.5));
#2610=CARTESIAN_POINT('Origin',(52.,12.5592921857503,4.5));
#2611=CARTESIAN_POINT('Origin',(49.5,15.6546460928752,4.5));
#2612=CARTESIAN_POINT('',(50.,34.9918049301436,4.5));
#2613=CARTESIAN_POINT('Origin',(49.5,34.9918049301436,4.5));
#2614=CARTESIAN_POINT('',(50.,15.6546460928752,4.5));
#2615=CARTESIAN_POINT('Origin',(52.,34.9918049301436,4.5));
#2616=CARTESIAN_POINT('',(53.5435595774163,36.2635847188517,4.5));
#2617=CARTESIAN_POINT('Origin',(53.9294494717703,36.5815296660287,4.5));
#2618=CARTESIAN_POINT('Origin',(52.,34.9918049301436,4.5));
#2619=CARTESIAN_POINT('Origin',(54.9833394608373,35.3024230151675,4.5));
#2620=CARTESIAN_POINT('',(54.5974495664833,34.9844780679905,4.5));
#2621=CARTESIAN_POINT('Origin',(52.,12.5592921857503,0.));
#2622=CARTESIAN_POINT('',(52.,10.5592921857503,0.5));
#2623=CARTESIAN_POINT('',(52.,10.5592921857503,0.));
#2624=CARTESIAN_POINT('',(50.,12.5592921857503,0.5));
#2625=CARTESIAN_POINT('Origin',(52.,12.5592921857503,0.5));
#2626=CARTESIAN_POINT('',(50.,12.5592921857503,0.));
#2627=CARTESIAN_POINT('Origin',(70.4827438705096,10.5592921857503,0.));
#2628=CARTESIAN_POINT('',(70.4827438705096,10.5592921857503,0.5));
#2629=CARTESIAN_POINT('',(70.4827438705096,10.5592921857503,0.));
#2630=CARTESIAN_POINT('',(53.9913719352548,10.5592921857503,0.5));
#2631=CARTESIAN_POINT('Origin',(70.4827438705096,12.5592921857503,0.));
#2632=CARTESIAN_POINT('',(72.0263034479259,13.8310719744584,0.5));
#2633=CARTESIAN_POINT('',(72.0263034479259,13.8310719744584,0.));
#2634=CARTESIAN_POINT('Origin',(70.4827438705096,12.5592921857503,0.5));
#2635=CARTESIAN_POINT('Origin',(23.,34.9918049301436,4.5));
#2636=CARTESIAN_POINT('',(21.4564404225837,36.2635847188517,4.5));
#2637=CARTESIAN_POINT('Origin',(21.0705505282296,36.5815296660287,4.5));
#2638=CARTESIAN_POINT('',(25.,34.9918049301436,4.5));
#2639=CARTESIAN_POINT('Origin',(23.,34.9918049301436,4.5));
#2640=CARTESIAN_POINT('Origin',(25.5,34.9918049301436,4.5));
#2641=CARTESIAN_POINT('Origin',(25.5,26.8709024650718,4.5));
#2642=CARTESIAN_POINT('',(25.,12.5592921857503,4.5));
#2643=CARTESIAN_POINT('Origin',(25.5,12.5592921857503,4.5));
#2644=CARTESIAN_POINT('',(25.,26.8709024650718,4.5));
#2645=CARTESIAN_POINT('Origin',(23.,12.5592921857503,4.5));
#2646=CARTESIAN_POINT('',(23.,10.5592921857503,4.5));
#2647=CARTESIAN_POINT('Origin',(23.,10.0592921857503,4.5));
#2648=CARTESIAN_POINT('Origin',(23.,12.5592921857503,4.5));
#2649=CARTESIAN_POINT('Origin',(30.25,10.0592921857503,4.5));
#2650=CARTESIAN_POINT('',(4.51725612949034,10.5592921857503,4.5));
#2651=CARTESIAN_POINT('Origin',(4.51725612949034,10.0592921857503,4.5));
#2652=CARTESIAN_POINT('',(30.25,10.5592921857503,4.5));
#2653=CARTESIAN_POINT('Origin',(4.51725612949034,12.5592921857503,4.5));
#2654=CARTESIAN_POINT('',(2.97369655207407,13.8310719744584,4.5));
#2655=CARTESIAN_POINT('Origin',(2.58780665772001,14.1490169216355,4.5));
#2656=CARTESIAN_POINT('Origin',(4.51725612949034,12.5592921857503,4.5));
#2657=CARTESIAN_POINT('Origin',(10.7752886039078,24.0861666429709,4.5));
#2658=CARTESIAN_POINT('',(11.1611784982619,23.7682216957938,4.5));
#2659=CARTESIAN_POINT('Origin',(23.,12.5592921857503,0.));
#2660=CARTESIAN_POINT('',(25.,12.5592921857503,0.5));
#2661=CARTESIAN_POINT('',(25.,12.5592921857503,0.));
#2662=CARTESIAN_POINT('',(23.,10.5592921857503,0.5));
#2663=CARTESIAN_POINT('Origin',(23.,12.5592921857503,0.5));
#2664=CARTESIAN_POINT('',(23.,10.5592921857503,0.));
#2665=CARTESIAN_POINT('Origin',(25.,34.9918049301436,0.));
#2666=CARTESIAN_POINT('',(25.,34.9918049301436,0.5));
#2667=CARTESIAN_POINT('',(25.,34.9918049301436,0.));
#2668=CARTESIAN_POINT('',(25.,26.8709024650718,0.5));
#2669=CARTESIAN_POINT('Origin',(23.,34.9918049301436,0.));
#2670=CARTESIAN_POINT('',(21.4564404225837,36.2635847188517,0.5));
#2671=CARTESIAN_POINT('',(21.4564404225837,36.2635847188517,0.));
#2672=CARTESIAN_POINT('Origin',(23.,34.9918049301436,0.5));
#2673=CARTESIAN_POINT('Origin',(49.7641101056459,49.5,4.5));
#2674=CARTESIAN_POINT('',(50.15,49.8179449471771,4.5));
#2675=CARTESIAN_POINT('Origin',(49.7641101056459,49.5,4.5));
#2676=CARTESIAN_POINT('',(49.7641101056459,50.,4.5));
#2677=CARTESIAN_POINT('Origin',(49.7641101056459,49.5,4.5));
#2678=CARTESIAN_POINT('Origin',(49.7641101056459,49.5,4.5));
#2679=CARTESIAN_POINT('Origin',(25.2358898943541,49.5,4.5));
#2680=CARTESIAN_POINT('',(25.2358898943541,50.,4.5));
#2681=CARTESIAN_POINT('Origin',(25.2358898943541,49.5,4.5));
#2682=CARTESIAN_POINT('',(24.85,49.8179449471771,4.5));
#2683=CARTESIAN_POINT('Origin',(25.2358898943541,49.5,4.5));
#2684=CARTESIAN_POINT('Origin',(25.2358898943541,49.5,4.5));
#2685=CARTESIAN_POINT('Origin',(49.7641101056459,49.5,0.5));
#2686=CARTESIAN_POINT('',(50.15,49.8179449471771,0.5));
#2687=CARTESIAN_POINT('',(49.7641101056459,50.,0.5));
#2688=CARTESIAN_POINT('Origin',(49.7641101056459,49.5,0.5));
#2689=CARTESIAN_POINT('Origin',(49.7641101056459,49.5,0.5));
#2690=CARTESIAN_POINT('Origin',(49.7641101056459,49.5,0.5));
#2691=CARTESIAN_POINT('Origin',(25.2358898943541,49.5,0.5));
#2692=CARTESIAN_POINT('',(25.2358898943541,50.,0.5));
#2693=CARTESIAN_POINT('',(24.85,49.8179449471771,0.5));
#2694=CARTESIAN_POINT('Origin',(25.2358898943541,49.5,0.5));
#2695=CARTESIAN_POINT('Origin',(25.2358898943541,49.5,0.5));
#2696=CARTESIAN_POINT('Origin',(25.2358898943541,49.5,0.5));
#2697=CARTESIAN_POINT('Origin',(43.75,49.5,0.5));
#2698=CARTESIAN_POINT('',(43.75,50.,0.5));
#2699=CARTESIAN_POINT('Origin',(20.2448807504545,43.4424104444498,0.5));
#2700=CARTESIAN_POINT('',(-9.64724735885169,7.94862367942583,0.5));
#2701=CARTESIAN_POINT('Origin',(-9.26135746449762,7.6306787322488,0.5));
#2702=CARTESIAN_POINT('',(19.8589908561005,43.7603553916268,0.5));
#2703=CARTESIAN_POINT('Origin',(0.,0.,0.5));
#2704=CARTESIAN_POINT('',(0.,-12.5,0.5));
#2705=CARTESIAN_POINT('Origin',(-1.66533453693773E-15,-12.,0.5));
#2706=CARTESIAN_POINT('Origin',(0.,0.,0.5));
#2707=CARTESIAN_POINT('Origin',(18.75,-12.,0.5));
#2708=CARTESIAN_POINT('',(75.,-12.5,0.5));
#2709=CARTESIAN_POINT('Origin',(75.,-12.,0.5));
#2710=CARTESIAN_POINT('',(18.75,-12.5,0.5));
#2711=CARTESIAN_POINT('Origin',(75.,0.,0.5));
#2712=CARTESIAN_POINT('',(84.6472473588517,7.94862367942583,0.5));
#2713=CARTESIAN_POINT('Origin',(84.2613574644976,7.63067873224879,0.5));
#2714=CARTESIAN_POINT('Origin',(75.,0.,0.5));
#2715=CARTESIAN_POINT('Origin',(72.0787429289713,22.4167222841627,0.5));
#2716=CARTESIAN_POINT('',(72.4646328233254,22.7346672313397,0.5));
#2717=CARTESIAN_POINT('Origin',(25.2358898943541,49.5,0.));
#2718=CARTESIAN_POINT('',(25.2358898943541,50.,0.));
#2719=CARTESIAN_POINT('',(24.85,49.8179449471771,0.));
#2720=CARTESIAN_POINT('Origin',(49.7641101056459,49.5,0.));
#2721=CARTESIAN_POINT('',(50.15,49.8179449471771,0.));
#2722=CARTESIAN_POINT('',(49.7641101056459,50.,0.));
#2723=CARTESIAN_POINT('Origin',(20.2448807504545,43.4424104444498,4.5));
#2724=CARTESIAN_POINT('',(-9.64724735885169,7.94862367942583,4.5));
#2725=CARTESIAN_POINT('Origin',(-9.26135746449762,7.6306787322488,4.5));
#2726=CARTESIAN_POINT('',(19.8589908561005,43.7603553916268,4.5));
#2727=CARTESIAN_POINT('Origin',(0.,0.,4.5));
#2728=CARTESIAN_POINT('',(0.,-12.5,4.5));
#2729=CARTESIAN_POINT('Origin',(-1.66533453693773E-15,-12.,4.5));
#2730=CARTESIAN_POINT('Origin',(0.,0.,4.5));
#2731=CARTESIAN_POINT('Origin',(18.75,-12.,4.5));
#2732=CARTESIAN_POINT('',(75.,-12.5,4.5));
#2733=CARTESIAN_POINT('Origin',(75.,-12.,4.5));
#2734=CARTESIAN_POINT('',(18.75,-12.5,4.5));
#2735=CARTESIAN_POINT('Origin',(75.,0.,4.5));
#2736=CARTESIAN_POINT('',(84.6472473588517,7.94862367942583,4.5));
#2737=CARTESIAN_POINT('Origin',(84.2613574644976,7.63067873224879,4.5));
#2738=CARTESIAN_POINT('Origin',(75.,0.,4.5));
#2739=CARTESIAN_POINT('Origin',(72.0787429289713,22.4167222841627,4.5));
#2740=CARTESIAN_POINT('',(72.4646328233254,22.7346672313397,4.5));
#2741=CARTESIAN_POINT('Origin',(43.75,49.5,4.5));
#2742=CARTESIAN_POINT('',(43.75,50.,4.5));
#2743=CARTESIAN_POINT('Origin',(75.,0.,0.));
#2744=CARTESIAN_POINT('',(75.,-12.5,0.));
#2745=CARTESIAN_POINT('',(84.6472473588517,7.94862367942583,0.));
#2746=CARTESIAN_POINT('Origin',(25.,50.,0.));
#2747=CARTESIAN_POINT('',(-9.64724735885169,7.94862367942583,0.));
#2748=CARTESIAN_POINT('Origin',(0.,-12.5,0.));
#2749=CARTESIAN_POINT('',(0.,-12.5,0.));
#2750=CARTESIAN_POINT('Origin',(0.,0.,0.));
#2751=CARTESIAN_POINT('Origin',(50.,50.,0.));
#2752=CARTESIAN_POINT('Origin',(52.,34.9918049301436,0.5));
#2753=CARTESIAN_POINT('',(50.,34.9918049301436,0.5));
#2754=CARTESIAN_POINT('Origin',(49.5,34.9918049301436,0.5));
#2755=CARTESIAN_POINT('',(53.5435595774163,36.2635847188517,0.5));
#2756=CARTESIAN_POINT('Origin',(53.9294494717703,36.5815296660287,0.5));
#2757=CARTESIAN_POINT('Origin',(52.,34.9918049301436,0.5));
#2758=CARTESIAN_POINT('Origin',(54.9833394608373,35.3024230151675,0.5));
#2759=CARTESIAN_POINT('Origin',(72.41219334228,14.1490169216355,0.5));
#2760=CARTESIAN_POINT('',(54.5974495664833,34.9844780679905,0.5));
#2761=CARTESIAN_POINT('Origin',(70.4827438705096,12.5592921857503,0.5));
#2762=CARTESIAN_POINT('Origin',(70.4827438705096,10.0592921857503,0.5));
#2763=CARTESIAN_POINT('Origin',(53.9913719352548,10.0592921857503,0.5));
#2764=CARTESIAN_POINT('Origin',(52.,10.0592921857503,0.5));
#2765=CARTESIAN_POINT('Origin',(52.,12.5592921857503,0.5));
#2766=CARTESIAN_POINT('Origin',(49.5,12.5592921857503,0.5));
#2767=CARTESIAN_POINT('Origin',(49.5,15.6546460928752,0.5));
#2768=CARTESIAN_POINT('',(50.,15.6546460928752,0.5));
#2769=CARTESIAN_POINT('Origin',(50.,12.5592921857503,0.));
#2770=CARTESIAN_POINT('',(50.,34.9918049301436,0.));
#2771=CARTESIAN_POINT('Origin',(52.,34.9918049301436,0.));
#2772=CARTESIAN_POINT('',(53.5435595774163,36.2635847188517,0.));
#2773=CARTESIAN_POINT('Origin',(23.,12.5592921857503,0.5));
#2774=CARTESIAN_POINT('Origin',(25.5,12.5592921857503,0.5));
#2775=CARTESIAN_POINT('Origin',(23.,10.0592921857503,0.5));
#2776=CARTESIAN_POINT('Origin',(30.25,10.0592921857503,0.5));
#2777=CARTESIAN_POINT('',(4.51725612949034,10.5592921857503,0.5));
#2778=CARTESIAN_POINT('Origin',(4.51725612949034,10.0592921857503,0.5));
#2779=CARTESIAN_POINT('',(30.25,10.5592921857503,0.5));
#2780=CARTESIAN_POINT('Origin',(4.51725612949034,12.5592921857503,0.5));
#2781=CARTESIAN_POINT('',(2.97369655207407,13.8310719744584,0.5));
#2782=CARTESIAN_POINT('Origin',(2.58780665772001,14.1490169216355,0.5));
#2783=CARTESIAN_POINT('Origin',(4.51725612949034,12.5592921857503,0.5));
#2784=CARTESIAN_POINT('Origin',(10.7752886039078,24.0861666429709,0.5));
#2785=CARTESIAN_POINT('Origin',(21.0705505282296,36.5815296660287,0.5));
#2786=CARTESIAN_POINT('',(11.1611784982619,23.7682216957938,0.5));
#2787=CARTESIAN_POINT('Origin',(23.,34.9918049301436,0.5));
#2788=CARTESIAN_POINT('Origin',(25.5,34.9918049301436,0.5));
#2789=CARTESIAN_POINT('Origin',(25.5,26.8709024650718,0.5));
#2790=CARTESIAN_POINT('Origin',(39.95,32.1650635094612,2.75));
#2791=CARTESIAN_POINT('',(37.5,34.1569219381654,2.75));
#2792=CARTESIAN_POINT('Origin',(37.5,33.5795716689758,2.75));
#2793=CARTESIAN_POINT('',(41.1,32.0784609690828,2.75));
#2794=CARTESIAN_POINT('',(40.2,32.5980762113534,2.75));
#2795=CARTESIAN_POINT('Origin',(40.6,31.7897858344879,2.75));
#2796=CARTESIAN_POINT('Origin',(36.85,33.2042939940025,2.75));
#2797=CARTESIAN_POINT('',(33.9,32.0784609690828,2.75));
#2798=CARTESIAN_POINT('Origin',(34.4,31.7897858344879,2.75));
#2799=CARTESIAN_POINT('',(36.6,33.6373066958948,2.75));
#2800=CARTESIAN_POINT('Origin',(41.6,23.3357695154587,0.5));
#2801=CARTESIAN_POINT('',(41.1,27.9215390309175,0.5));
#2802=CARTESIAN_POINT('Origin',(41.6,27.6328638963226,0.5));
#2803=CARTESIAN_POINT('',(41.1,32.0784609690828,0.5));
#2804=CARTESIAN_POINT('',(41.1,23.3357695154587,0.5));
#2805=CARTESIAN_POINT('Origin',(41.6,32.3671361036776,0.5));
#2806=CARTESIAN_POINT('Origin',(34.4,28.2102141655123,2.75));
#2807=CARTESIAN_POINT('',(34.15,27.77720146362,2.75));
#2808=CARTESIAN_POINT('Origin',(34.4,28.2102141655123,2.75));
#2809=CARTESIAN_POINT('',(33.9,28.2102141655123,2.75));
#2810=CARTESIAN_POINT('Origin',(34.4,28.2102141655123,2.75));
#2811=CARTESIAN_POINT('Origin',(34.4,28.2102141655123,2.75));
#2812=CARTESIAN_POINT('Origin',(36.2143035518562,24.5234306022132,0.5));
#2813=CARTESIAN_POINT('',(37.5,25.8430780618348,0.5));
#2814=CARTESIAN_POINT('Origin',(37.5,25.2657277926452,0.5));
#2815=CARTESIAN_POINT('',(35.9643035518562,24.9564433041054,0.5));
#2816=CARTESIAN_POINT('Origin',(42.8856964481437,31.6248389132456,0.5));
#2817=CARTESIAN_POINT('',(37.5,34.1569219381654,0.5));
#2818=CARTESIAN_POINT('',(42.6356964481437,31.1918262113534,0.5));
#2819=CARTESIAN_POINT('Origin',(37.5,34.734272207355,0.5));
#2820=CARTESIAN_POINT('Origin',(34.4,28.2102141655123,0.5));
#2821=CARTESIAN_POINT('',(34.15,27.77720146362,0.5));
#2822=CARTESIAN_POINT('',(33.9,28.2102141655123,0.5));
#2823=CARTESIAN_POINT('Origin',(34.4,28.2102141655123,0.5));
#2824=CARTESIAN_POINT('Origin',(33.9,27.3441887617278,0.5));
#2825=CARTESIAN_POINT('Origin',(33.4,28.2102141655123,0.5));
#2826=CARTESIAN_POINT('Origin',(36.9856964481437,25.5626610867545,0.5));
#2827=CARTESIAN_POINT('',(37.2356964481437,25.9956737886468,0.5));
#2828=CARTESIAN_POINT('Origin',(33.4,25.4142304845414,0.5));
#2829=CARTESIAN_POINT('',(33.9,32.0784609690828,0.5));
#2830=CARTESIAN_POINT('',(33.9,25.4142304845414,0.5));
#2831=CARTESIAN_POINT('Origin',(33.4,32.3671361036776,0.5));
#2832=CARTESIAN_POINT('Origin',(33.9143035518562,32.664069397787,0.5));
#2833=CARTESIAN_POINT('',(34.1643035518562,32.2310566958947,0.5));
#2834=CARTESIAN_POINT('Origin',(34.4,28.2102141655123,0.));
#2835=CARTESIAN_POINT('',(34.15,27.77720146362,0.));
#2836=CARTESIAN_POINT('',(33.9,28.2102141655123,0.));
#2837=CARTESIAN_POINT('Origin',(34.4,31.0392304845414,2.75));
#2838=CARTESIAN_POINT('',(33.9,31.0392304845414,2.75));
#2839=CARTESIAN_POINT('Origin',(35.05,27.834936490539,2.75));
#2840=CARTESIAN_POINT('',(37.5,25.8430780618348,2.75));
#2841=CARTESIAN_POINT('',(34.8,27.4019237886468,2.75));
#2842=CARTESIAN_POINT('Origin',(37.5,26.4204283310244,2.75));
#2843=CARTESIAN_POINT('Origin',(38.15,26.7957060059977,2.75));
#2844=CARTESIAN_POINT('',(41.1,27.9215390309175,2.75));
#2845=CARTESIAN_POINT('',(38.4,26.3626933041055,2.75));
#2846=CARTESIAN_POINT('Origin',(40.6,28.2102141655123,2.75));
#2847=CARTESIAN_POINT('Origin',(40.6,28.9607695154588,2.75));
#2848=CARTESIAN_POINT('',(41.1,28.9607695154588,2.75));
#2849=CARTESIAN_POINT('Origin',(37.5,25.8430780618348,0.));
#2850=CARTESIAN_POINT('',(41.1,27.9215390309175,0.));
#2851=CARTESIAN_POINT('',(37.5,25.8430780618348,0.));
#2852=CARTESIAN_POINT('Origin',(41.1,27.9215390309175,0.));
#2853=CARTESIAN_POINT('',(41.1,32.0784609690828,0.));
#2854=CARTESIAN_POINT('Origin',(33.9,32.0784609690828,0.));
#2855=CARTESIAN_POINT('',(33.9,32.0784609690828,0.));
#2856=CARTESIAN_POINT('Origin',(41.1,32.0784609690828,0.));
#2857=CARTESIAN_POINT('',(37.5,34.1569219381654,0.));
#2858=CARTESIAN_POINT('Origin',(37.5,34.1569219381654,0.));
#2859=CARTESIAN_POINT('Origin',(33.9,27.9215390309174,0.));
#2860=CARTESIAN_POINT('Origin',(53.5435595774163,36.2635847188517,0.));
#2861=CARTESIAN_POINT('Origin',(2.97369655207407,13.8310719744584,0.));
#2862=CARTESIAN_POINT('',(2.97369655207407,13.8310719744584,0.));
#2863=CARTESIAN_POINT('Origin',(4.51725612949034,12.5592921857503,0.));
#2864=CARTESIAN_POINT('',(4.51725612949034,10.5592921857503,0.));
#2865=CARTESIAN_POINT('Origin',(23.,10.5592921857503,0.));
#2866=CARTESIAN_POINT('Origin',(84.6472473588517,7.94862367942583,0.));
#2867=UNCERTAINTY_MEASURE_WITH_UNIT(LENGTH_MEASURE(0.01),#2871,
'DISTANCE_ACCURACY_VALUE',
'Maximum model space distance between geometric entities at asserted c
onnectivities');
#2868=UNCERTAINTY_MEASURE_WITH_UNIT(LENGTH_MEASURE(0.01),#2871,
'DISTANCE_ACCURACY_VALUE',
'Maximum model space distance between geometric entities at asserted c
onnectivities');
#2869=(
GEOMETRIC_REPRESENTATION_CONTEXT(3)
GLOBAL_UNCERTAINTY_ASSIGNED_CONTEXT((#2867))
GLOBAL_UNIT_ASSIGNED_CONTEXT((#2871,#2873,#2874))
REPRESENTATION_CONTEXT('','3D')
);
#2870=(
GEOMETRIC_REPRESENTATION_CONTEXT(3)
GLOBAL_UNCERTAINTY_ASSIGNED_CONTEXT((#2868))
GLOBAL_UNIT_ASSIGNED_CONTEXT((#2871,#2873,#2874))
REPRESENTATION_CONTEXT('','3D')
);
#2871=(
LENGTH_UNIT()
NAMED_UNIT(*)
SI_UNIT(.MILLI.,.METRE.)
);
#2872=(
LENGTH_UNIT()
NAMED_UNIT(*)
SI_UNIT(.CENTI.,.METRE.)
);
#2873=(
NAMED_UNIT(*)
PLANE_ANGLE_UNIT()
SI_UNIT($,.RADIAN.)
);
#2874=(
NAMED_UNIT(*)
SI_UNIT($,.STERADIAN.)
SOLID_ANGLE_UNIT()
);
#2875=SHAPE_DEFINITION_REPRESENTATION(#2876,#2877);
#2876=PRODUCT_DEFINITION_SHAPE('',$,#2879);
#2877=SHAPE_REPRESENTATION('',(#1640),#2869);
#2878=PRODUCT_DEFINITION_CONTEXT('part definition',#2883,'design');
#2879=PRODUCT_DEFINITION('BandeV2Base','BandeV2Base',#2880,#2878);
#2880=PRODUCT_DEFINITION_FORMATION('',$,#2885);
#2881=PRODUCT_RELATED_PRODUCT_CATEGORY('BandeV2Base','BandeV2Base',(#2885));
#2882=APPLICATION_PROTOCOL_DEFINITION('international standard',
'automotive_design',2009,#2883);
#2883=APPLICATION_CONTEXT(
'Core Data for Automotive Mechanical Design Process');
#2884=PRODUCT_CONTEXT('part definition',#2883,'mechanical');
#2885=PRODUCT('BandeV2Base','BandeV2Base',$,(#2884));
#2886=PRESENTATION_STYLE_ASSIGNMENT((#2887));
#2887=SURFACE_STYLE_USAGE(.BOTH.,#2890);
#2888=SURFACE_STYLE_RENDERING_WITH_PROPERTIES($,#2894,(#2889));
#2889=SURFACE_STYLE_TRANSPARENT(0.);
#2890=SURFACE_SIDE_STYLE('',(#2891,#2888));
#2891=SURFACE_STYLE_FILL_AREA(#2892);
#2892=FILL_AREA_STYLE('',(#2893));
#2893=FILL_AREA_STYLE_COLOUR('',#2894);
#2894=COLOUR_RGB('',0.749019607843137,0.749019607843137,0.749019607843137);
ENDSEC;
END-ISO-10303-21;
