ISO-10303-21;
HEADER;
/* Generated by software containing ST-Developer
 * from STEP Tools, Inc. (www.steptools.com) 
 */

FILE_DESCRIPTION(
/* description */ (''),
/* implementation_level */ '2;1');

FILE_NAME(
/* name */ 'CapTurnerV1.stp',
/* time_stamp */ '2026-05-10T03:10:12+02:00',
/* author */ ('sniel'),
/* organization */ (''),
/* preprocessor_version */ 'ST-DEVELOPER v20.1',
/* originating_system */ 'Autodesk Inventor 2026',
/* authorisation */ '');

FILE_SCHEMA (('AUTOMOTIVE_DESIGN { 1 0 10303 214 3 1 1 }'));
ENDSEC;

DATA;
#10=MECHANICAL_DESIGN_GEOMETRIC_PRESENTATION_REPRESENTATION('',(#13),#2476);
#11=SHAPE_REPRESENTATION_RELATIONSHIP('SRR','None',#2483,#12);
#12=ADVANCED_BREP_SHAPE_REPRESENTATION('',(#14),#2475);
#13=STYLED_ITEM('',(#2492),#14);
#14=MANIFOLD_SOLID_BREP('Solid1',#1504);
#15=SPHERICAL_SURFACE('',#1582,2.5);
#16=CYLINDRICAL_SURFACE('',#1552,8.80445170531299);
#17=CYLINDRICAL_SURFACE('',#1554,6.69273816439181);
#18=CYLINDRICAL_SURFACE('',#1567,7.);
#19=CYLINDRICAL_SURFACE('',#1570,2.);
#20=CYLINDRICAL_SURFACE('',#1575,26.25);
#21=CYLINDRICAL_SURFACE('',#1586,2.5);
#22=CYLINDRICAL_SURFACE('',#1588,2.5);
#23=CYLINDRICAL_SURFACE('',#1589,2.5);
#24=CYLINDRICAL_SURFACE('',#1593,7.93976689675382);
#25=CYLINDRICAL_SURFACE('',#1600,10.);
#26=CYLINDRICAL_SURFACE('',#1604,10.);
#27=CYLINDRICAL_SURFACE('',#1629,3.);
#28=CYLINDRICAL_SURFACE('',#1631,5.);
#29=CYLINDRICAL_SURFACE('',#1634,5.);
#30=CYLINDRICAL_SURFACE('',#1636,3.);
#31=CIRCLE('',#1540,3.);
#32=CIRCLE('',#1541,8.80445170531299);
#33=CIRCLE('',#1542,5.);
#34=CIRCLE('',#1543,5.);
#35=CIRCLE('',#1544,6.69273816439181);
#36=CIRCLE('',#1545,3.);
#37=CIRCLE('',#1547,6.69273816439181);
#38=CIRCLE('',#1548,5.);
#39=CIRCLE('',#1549,3.);
#40=CIRCLE('',#1553,8.80445170531299);
#41=CIRCLE('',#1568,7.);
#42=CIRCLE('',#1569,7.);
#43=CIRCLE('',#1571,2.);
#44=CIRCLE('',#1574,7.93976689675382);
#45=CIRCLE('',#1580,2.5);
#46=CIRCLE('',#1583,2.5);
#47=CIRCLE('',#1584,2.5);
#48=CIRCLE('',#1585,2.49999999999999);
#49=CIRCLE('',#1587,2.5);
#50=CIRCLE('',#1602,10.);
#51=CIRCLE('',#1607,10.);
#52=CIRCLE('',#1613,5.);
#53=CIRCLE('',#1618,5.);
#54=CIRCLE('',#1625,5.);
#55=CIRCLE('',#1626,3.);
#56=ELLIPSE('',#1535,2.75844479740623,2.5);
#57=ELLIPSE('',#1557,2.06155281280883,2.);
#58=ELLIPSE('',#1558,27.0578806681159,26.25);
#59=ELLIPSE('',#1562,7.21543484483091,7.);
#60=ELLIPSE('',#1563,8.18412438952464,7.93976689675382);
#61=ELLIPSE('',#1565,28.8617393793237,7.);
#62=ELLIPSE('',#1572,2.06155281280883,2.);
#63=ELLIPSE('',#1576,27.0578806681159,26.25);
#64=ELLIPSE('',#1601,10.0035867802748,9.99999999999999);
#65=ELLIPSE('',#1603,108.748253551933,9.99999999999999);
#66=ELLIPSE('',#1605,10.0035867802748,9.99999999999999);
#67=ELLIPSE('',#1606,108.748253551933,9.99999999999999);
#68=FACE_BOUND('',#148,.T.);
#69=FACE_BOUND('',#154,.T.);
#70=FACE_BOUND('',#197,.T.);
#71=FACE_OUTER_BOUND('',#145,.T.);
#72=FACE_OUTER_BOUND('',#146,.T.);
#73=FACE_OUTER_BOUND('',#147,.T.);
#74=FACE_OUTER_BOUND('',#149,.T.);
#75=FACE_OUTER_BOUND('',#150,.T.);
#76=FACE_OUTER_BOUND('',#151,.T.);
#77=FACE_OUTER_BOUND('',#152,.T.);
#78=FACE_OUTER_BOUND('',#153,.T.);
#79=FACE_OUTER_BOUND('',#155,.T.);
#80=FACE_OUTER_BOUND('',#156,.T.);
#81=FACE_OUTER_BOUND('',#157,.T.);
#82=FACE_OUTER_BOUND('',#158,.T.);
#83=FACE_OUTER_BOUND('',#159,.T.);
#84=FACE_OUTER_BOUND('',#160,.T.);
#85=FACE_OUTER_BOUND('',#161,.T.);
#86=FACE_OUTER_BOUND('',#162,.T.);
#87=FACE_OUTER_BOUND('',#163,.T.);
#88=FACE_OUTER_BOUND('',#164,.T.);
#89=FACE_OUTER_BOUND('',#165,.T.);
#90=FACE_OUTER_BOUND('',#166,.T.);
#91=FACE_OUTER_BOUND('',#167,.T.);
#92=FACE_OUTER_BOUND('',#168,.T.);
#93=FACE_OUTER_BOUND('',#169,.T.);
#94=FACE_OUTER_BOUND('',#170,.T.);
#95=FACE_OUTER_BOUND('',#171,.T.);
#96=FACE_OUTER_BOUND('',#172,.T.);
#97=FACE_OUTER_BOUND('',#173,.T.);
#98=FACE_OUTER_BOUND('',#174,.T.);
#99=FACE_OUTER_BOUND('',#175,.T.);
#100=FACE_OUTER_BOUND('',#176,.T.);
#101=FACE_OUTER_BOUND('',#177,.T.);
#102=FACE_OUTER_BOUND('',#178,.T.);
#103=FACE_OUTER_BOUND('',#179,.T.);
#104=FACE_OUTER_BOUND('',#180,.T.);
#105=FACE_OUTER_BOUND('',#181,.T.);
#106=FACE_OUTER_BOUND('',#182,.T.);
#107=FACE_OUTER_BOUND('',#183,.T.);
#108=FACE_OUTER_BOUND('',#184,.T.);
#109=FACE_OUTER_BOUND('',#185,.T.);
#110=FACE_OUTER_BOUND('',#186,.T.);
#111=FACE_OUTER_BOUND('',#187,.T.);
#112=FACE_OUTER_BOUND('',#188,.T.);
#113=FACE_OUTER_BOUND('',#189,.T.);
#114=FACE_OUTER_BOUND('',#190,.T.);
#115=FACE_OUTER_BOUND('',#191,.T.);
#116=FACE_OUTER_BOUND('',#192,.T.);
#117=FACE_OUTER_BOUND('',#193,.T.);
#118=FACE_OUTER_BOUND('',#194,.T.);
#119=FACE_OUTER_BOUND('',#195,.T.);
#120=FACE_OUTER_BOUND('',#196,.T.);
#121=FACE_OUTER_BOUND('',#198,.T.);
#122=FACE_OUTER_BOUND('',#199,.T.);
#123=FACE_OUTER_BOUND('',#200,.T.);
#124=FACE_OUTER_BOUND('',#201,.T.);
#125=FACE_OUTER_BOUND('',#202,.T.);
#126=FACE_OUTER_BOUND('',#203,.T.);
#127=FACE_OUTER_BOUND('',#204,.T.);
#128=FACE_OUTER_BOUND('',#205,.T.);
#129=FACE_OUTER_BOUND('',#206,.T.);
#130=FACE_OUTER_BOUND('',#207,.T.);
#131=FACE_OUTER_BOUND('',#208,.T.);
#132=FACE_OUTER_BOUND('',#209,.T.);
#133=FACE_OUTER_BOUND('',#210,.T.);
#134=FACE_OUTER_BOUND('',#211,.T.);
#135=FACE_OUTER_BOUND('',#212,.T.);
#136=FACE_OUTER_BOUND('',#213,.T.);
#137=FACE_OUTER_BOUND('',#214,.T.);
#138=FACE_OUTER_BOUND('',#215,.T.);
#139=FACE_OUTER_BOUND('',#216,.T.);
#140=FACE_OUTER_BOUND('',#217,.T.);
#141=FACE_OUTER_BOUND('',#218,.T.);
#142=FACE_OUTER_BOUND('',#219,.T.);
#143=FACE_OUTER_BOUND('',#220,.T.);
#144=FACE_OUTER_BOUND('',#221,.T.);
#145=EDGE_LOOP('',(#938,#939,#940,#941,#942));
#146=EDGE_LOOP('',(#943,#944,#945,#946,#947));
#147=EDGE_LOOP('',(#948,#949,#950,#951));
#148=EDGE_LOOP('',(#952,#953,#954,#955));
#149=EDGE_LOOP('',(#956,#957,#958,#959,#960,#961));
#150=EDGE_LOOP('',(#962,#963,#964,#965,#966,#967,#968,#969));
#151=EDGE_LOOP('',(#970,#971,#972,#973));
#152=EDGE_LOOP('',(#974,#975,#976,#977));
#153=EDGE_LOOP('',(#978,#979,#980,#981,#982,#983,#984));
#154=EDGE_LOOP('',(#985,#986,#987,#988,#989));
#155=EDGE_LOOP('',(#990,#991,#992,#993,#994,#995));
#156=EDGE_LOOP('',(#996,#997,#998,#999,#1000,#1001,#1002));
#157=EDGE_LOOP('',(#1003,#1004,#1005,#1006,#1007,#1008,#1009,#1010,#1011,
#1012,#1013,#1014,#1015,#1016,#1017,#1018,#1019));
#158=EDGE_LOOP('',(#1020,#1021,#1022,#1023,#1024,#1025,#1026,#1027,#1028,
#1029,#1030,#1031,#1032,#1033,#1034,#1035,#1036,#1037));
#159=EDGE_LOOP('',(#1038,#1039,#1040,#1041,#1042,#1043,#1044,#1045,#1046,
#1047,#1048));
#160=EDGE_LOOP('',(#1049,#1050,#1051,#1052));
#161=EDGE_LOOP('',(#1053,#1054,#1055,#1056,#1057,#1058,#1059,#1060,#1061));
#162=EDGE_LOOP('',(#1062,#1063,#1064,#1065));
#163=EDGE_LOOP('',(#1066,#1067,#1068,#1069));
#164=EDGE_LOOP('',(#1070,#1071,#1072,#1073,#1074,#1075,#1076,#1077,#1078));
#165=EDGE_LOOP('',(#1079,#1080,#1081,#1082,#1083,#1084,#1085,#1086));
#166=EDGE_LOOP('',(#1087,#1088,#1089,#1090,#1091,#1092));
#167=EDGE_LOOP('',(#1093,#1094,#1095,#1096));
#168=EDGE_LOOP('',(#1097,#1098,#1099,#1100,#1101,#1102));
#169=EDGE_LOOP('',(#1103,#1104,#1105,#1106,#1107));
#170=EDGE_LOOP('',(#1108,#1109,#1110,#1111));
#171=EDGE_LOOP('',(#1112,#1113,#1114,#1115,#1116,#1117));
#172=EDGE_LOOP('',(#1118,#1119,#1120,#1121,#1122));
#173=EDGE_LOOP('',(#1123,#1124,#1125,#1126,#1127,#1128));
#174=EDGE_LOOP('',(#1129,#1130,#1131,#1132));
#175=EDGE_LOOP('',(#1133,#1134,#1135,#1136));
#176=EDGE_LOOP('',(#1137,#1138,#1139,#1140));
#177=EDGE_LOOP('',(#1141,#1142,#1143,#1144,#1145));
#178=EDGE_LOOP('',(#1146,#1147,#1148,#1149));
#179=EDGE_LOOP('',(#1150,#1151,#1152));
#180=EDGE_LOOP('',(#1153,#1154,#1155,#1156));
#181=EDGE_LOOP('',(#1157,#1158,#1159,#1160));
#182=EDGE_LOOP('',(#1161,#1162,#1163,#1164));
#183=EDGE_LOOP('',(#1165,#1166,#1167,#1168));
#184=EDGE_LOOP('',(#1169,#1170,#1171,#1172,#1173));
#185=EDGE_LOOP('',(#1174,#1175,#1176,#1177));
#186=EDGE_LOOP('',(#1178,#1179,#1180,#1181));
#187=EDGE_LOOP('',(#1182,#1183,#1184,#1185,#1186,#1187,#1188));
#188=EDGE_LOOP('',(#1189,#1190,#1191,#1192));
#189=EDGE_LOOP('',(#1193,#1194,#1195,#1196));
#190=EDGE_LOOP('',(#1197,#1198,#1199,#1200,#1201,#1202));
#191=EDGE_LOOP('',(#1203,#1204,#1205,#1206));
#192=EDGE_LOOP('',(#1207,#1208,#1209,#1210));
#193=EDGE_LOOP('',(#1211,#1212,#1213,#1214));
#194=EDGE_LOOP('',(#1215,#1216,#1217,#1218));
#195=EDGE_LOOP('',(#1219,#1220,#1221,#1222,#1223,#1224));
#196=EDGE_LOOP('',(#1225,#1226,#1227,#1228,#1229,#1230,#1231,#1232,#1233,
#1234,#1235,#1236,#1237,#1238));
#197=EDGE_LOOP('',(#1239,#1240,#1241,#1242));
#198=EDGE_LOOP('',(#1243,#1244,#1245));
#199=EDGE_LOOP('',(#1246,#1247,#1248,#1249,#1250));
#200=EDGE_LOOP('',(#1251,#1252,#1253));
#201=EDGE_LOOP('',(#1254,#1255,#1256,#1257,#1258));
#202=EDGE_LOOP('',(#1259,#1260,#1261,#1262,#1263,#1264));
#203=EDGE_LOOP('',(#1265,#1266,#1267,#1268,#1269,#1270,#1271,#1272,#1273,
#1274));
#204=EDGE_LOOP('',(#1275,#1276,#1277));
#205=EDGE_LOOP('',(#1278,#1279,#1280,#1281,#1282,#1283,#1284,#1285));
#206=EDGE_LOOP('',(#1286,#1287,#1288,#1289));
#207=EDGE_LOOP('',(#1290,#1291,#1292,#1293));
#208=EDGE_LOOP('',(#1294,#1295,#1296,#1297,#1298));
#209=EDGE_LOOP('',(#1299,#1300,#1301,#1302,#1303,#1304,#1305,#1306,#1307));
#210=EDGE_LOOP('',(#1308,#1309,#1310,#1311,#1312,#1313,#1314,#1315,#1316,
#1317,#1318));
#211=EDGE_LOOP('',(#1319,#1320,#1321,#1322,#1323));
#212=EDGE_LOOP('',(#1324,#1325,#1326,#1327,#1328,#1329,#1330,#1331));
#213=EDGE_LOOP('',(#1332,#1333,#1334,#1335));
#214=EDGE_LOOP('',(#1336,#1337,#1338,#1339));
#215=EDGE_LOOP('',(#1340,#1341,#1342,#1343,#1344));
#216=EDGE_LOOP('',(#1345,#1346,#1347,#1348,#1349,#1350));
#217=EDGE_LOOP('',(#1351,#1352,#1353,#1354));
#218=EDGE_LOOP('',(#1355,#1356,#1357,#1358,#1359));
#219=EDGE_LOOP('',(#1360,#1361,#1362,#1363));
#220=EDGE_LOOP('',(#1364,#1365,#1366,#1367));
#221=EDGE_LOOP('',(#1368,#1369,#1370,#1371));
#222=LINE('',#2046,#402);
#223=LINE('',#2048,#403);
#224=LINE('',#2050,#404);
#225=LINE('',#2052,#405);
#226=LINE('',#2053,#406);
#227=LINE('',#2057,#407);
#228=LINE('',#2059,#408);
#229=LINE('',#2061,#409);
#230=LINE('',#2063,#410);
#231=LINE('',#2064,#411);
#232=LINE('',#2066,#412);
#233=LINE('',#2067,#413);
#234=LINE('',#2070,#414);
#235=LINE('',#2072,#415);
#236=LINE('',#2074,#416);
#237=LINE('',#2075,#417);
#238=LINE('',#2078,#418);
#239=LINE('',#2080,#419);
#240=LINE('',#2081,#420);
#241=LINE('',#2084,#421);
#242=LINE('',#2086,#422);
#243=LINE('',#2088,#423);
#244=LINE('',#2090,#424);
#245=LINE('',#2092,#425);
#246=LINE('',#2093,#426);
#247=LINE('',#2096,#427);
#248=LINE('',#2098,#428);
#249=LINE('',#2099,#429);
#250=LINE('',#2102,#430);
#251=LINE('',#2104,#431);
#252=LINE('',#2105,#432);
#253=LINE('',#2108,#433);
#254=LINE('',#2110,#434);
#255=LINE('',#2112,#435);
#256=LINE('',#2114,#436);
#257=LINE('',#2116,#437);
#258=LINE('',#2117,#438);
#259=LINE('',#2122,#439);
#260=LINE('',#2124,#440);
#261=LINE('',#2126,#441);
#262=LINE('',#2127,#442);
#263=LINE('',#2130,#443);
#264=LINE('',#2131,#444);
#265=LINE('',#2134,#445);
#266=LINE('',#2136,#446);
#267=LINE('',#2138,#447);
#268=LINE('',#2140,#448);
#269=LINE('',#2141,#449);
#270=LINE('',#2143,#450);
#271=LINE('',#2145,#451);
#272=LINE('',#2147,#452);
#273=LINE('',#2149,#453);
#274=LINE('',#2151,#454);
#275=LINE('',#2153,#455);
#276=LINE('',#2154,#456);
#277=LINE('',#2156,#457);
#278=LINE('',#2158,#458);
#279=LINE('',#2160,#459);
#280=LINE('',#2162,#460);
#281=LINE('',#2164,#461);
#282=LINE('',#2165,#462);
#283=LINE('',#2169,#463);
#284=LINE('',#2171,#464);
#285=LINE('',#2173,#465);
#286=LINE('',#2177,#466);
#287=LINE('',#2179,#467);
#288=LINE('',#2181,#468);
#289=LINE('',#2187,#469);
#290=LINE('',#2189,#470);
#291=LINE('',#2191,#471);
#292=LINE('',#2197,#472);
#293=LINE('',#2199,#473);
#294=LINE('',#2201,#474);
#295=LINE('',#2206,#475);
#296=LINE('',#2208,#476);
#297=LINE('',#2214,#477);
#298=LINE('',#2216,#478);
#299=LINE('',#2218,#479);
#300=LINE('',#2220,#480);
#301=LINE('',#2224,#481);
#302=LINE('',#2225,#482);
#303=LINE('',#2227,#483);
#304=LINE('',#2228,#484);
#305=LINE('',#2230,#485);
#306=LINE('',#2231,#486);
#307=LINE('',#2232,#487);
#308=LINE('',#2234,#488);
#309=LINE('',#2236,#489);
#310=LINE('',#2237,#490);
#311=LINE('',#2240,#491);
#312=LINE('',#2243,#492);
#313=LINE('',#2245,#493);
#314=LINE('',#2246,#494);
#315=LINE('',#2248,#495);
#316=LINE('',#2250,#496);
#317=LINE('',#2252,#497);
#318=LINE('',#2254,#498);
#319=LINE('',#2255,#499);
#320=LINE('',#2259,#500);
#321=LINE('',#2261,#501);
#322=LINE('',#2263,#502);
#323=LINE('',#2264,#503);
#324=LINE('',#2266,#504);
#325=LINE('',#2271,#505);
#326=LINE('',#2273,#506);
#327=LINE('',#2276,#507);
#328=LINE('',#2278,#508);
#329=LINE('',#2283,#509);
#330=LINE('',#2290,#510);
#331=LINE('',#2293,#511);
#332=LINE('',#2298,#512);
#333=LINE('',#2301,#513);
#334=LINE('',#2304,#514);
#335=LINE('',#2308,#515);
#336=LINE('',#2311,#516);
#337=LINE('',#2312,#517);
#338=LINE('',#2313,#518);
#339=LINE('',#2315,#519);
#340=LINE('',#2318,#520);
#341=LINE('',#2322,#521);
#342=LINE('',#2323,#522);
#343=LINE('',#2326,#523);
#344=LINE('',#2327,#524);
#345=LINE('',#2338,#525);
#346=LINE('',#2339,#526);
#347=LINE('',#2341,#527);
#348=LINE('',#2343,#528);
#349=LINE('',#2345,#529);
#350=LINE('',#2347,#530);
#351=LINE('',#2352,#531);
#352=LINE('',#2353,#532);
#353=LINE('',#2356,#533);
#354=LINE('',#2359,#534);
#355=LINE('',#2361,#535);
#356=LINE('',#2362,#536);
#357=LINE('',#2366,#537);
#358=LINE('',#2368,#538);
#359=LINE('',#2370,#539);
#360=LINE('',#2371,#540);
#361=LINE('',#2375,#541);
#362=LINE('',#2377,#542);
#363=LINE('',#2379,#543);
#364=LINE('',#2380,#544);
#365=LINE('',#2393,#545);
#366=LINE('',#2394,#546);
#367=LINE('',#2396,#547);
#368=LINE('',#2398,#548);
#369=LINE('',#2399,#549);
#370=LINE('',#2400,#550);
#371=LINE('',#2401,#551);
#372=LINE('',#2408,#552);
#373=LINE('',#2409,#553);
#374=LINE('',#2411,#554);
#375=LINE('',#2413,#555);
#376=LINE('',#2415,#556);
#377=LINE('',#2417,#557);
#378=LINE('',#2419,#558);
#379=LINE('',#2420,#559);
#380=LINE('',#2426,#560);
#381=LINE('',#2427,#561);
#382=LINE('',#2429,#562);
#383=LINE('',#2431,#563);
#384=LINE('',#2433,#564);
#385=LINE('',#2434,#565);
#386=LINE('',#2437,#566);
#387=LINE('',#2438,#567);
#388=LINE('',#2441,#568);
#389=LINE('',#2442,#569);
#390=LINE('',#2444,#570);
#391=LINE('',#2446,#571);
#392=LINE('',#2447,#572);
#393=LINE('',#2448,#573);
#394=LINE('',#2452,#574);
#395=LINE('',#2455,#575);
#396=LINE('',#2458,#576);
#397=LINE('',#2460,#577);
#398=LINE('',#2461,#578);
#399=LINE('',#2464,#579);
#400=LINE('',#2466,#580);
#401=LINE('',#2470,#581);
#402=VECTOR('',#1642,10.);
#403=VECTOR('',#1643,10.);
#404=VECTOR('',#1644,10.);
#405=VECTOR('',#1645,10.);
#406=VECTOR('',#1646,10.);
#407=VECTOR('',#1649,10.);
#408=VECTOR('',#1650,10.);
#409=VECTOR('',#1651,10.);
#410=VECTOR('',#1652,10.);
#411=VECTOR('',#1653,10.);
#412=VECTOR('',#1656,10.);
#413=VECTOR('',#1657,10.);
#414=VECTOR('',#1658,10.);
#415=VECTOR('',#1659,10.);
#416=VECTOR('',#1660,10.);
#417=VECTOR('',#1661,10.);
#418=VECTOR('',#1664,10.);
#419=VECTOR('',#1665,10.);
#420=VECTOR('',#1666,10.);
#421=VECTOR('',#1669,10.);
#422=VECTOR('',#1670,10.);
#423=VECTOR('',#1671,10.);
#424=VECTOR('',#1672,10.);
#425=VECTOR('',#1673,10.);
#426=VECTOR('',#1674,10.);
#427=VECTOR('',#1677,10.);
#428=VECTOR('',#1678,10.);
#429=VECTOR('',#1679,10.);
#430=VECTOR('',#1682,10.);
#431=VECTOR('',#1683,10.);
#432=VECTOR('',#1684,10.);
#433=VECTOR('',#1687,10.);
#434=VECTOR('',#1688,10.);
#435=VECTOR('',#1689,10.);
#436=VECTOR('',#1690,10.);
#437=VECTOR('',#1691,10.);
#438=VECTOR('',#1692,10.);
#439=VECTOR('',#1695,10.);
#440=VECTOR('',#1696,10.);
#441=VECTOR('',#1697,10.);
#442=VECTOR('',#1698,10.);
#443=VECTOR('',#1701,10.);
#444=VECTOR('',#1702,10.);
#445=VECTOR('',#1705,10.);
#446=VECTOR('',#1706,10.);
#447=VECTOR('',#1707,10.);
#448=VECTOR('',#1708,10.);
#449=VECTOR('',#1709,10.);
#450=VECTOR('',#1712,10.);
#451=VECTOR('',#1713,10.);
#452=VECTOR('',#1714,10.);
#453=VECTOR('',#1715,10.);
#454=VECTOR('',#1716,10.);
#455=VECTOR('',#1717,10.);
#456=VECTOR('',#1718,10.);
#457=VECTOR('',#1719,10.);
#458=VECTOR('',#1720,10.);
#459=VECTOR('',#1721,10.);
#460=VECTOR('',#1722,10.);
#461=VECTOR('',#1723,10.);
#462=VECTOR('',#1724,10.);
#463=VECTOR('',#1727,10.);
#464=VECTOR('',#1728,10.);
#465=VECTOR('',#1729,10.);
#466=VECTOR('',#1732,10.);
#467=VECTOR('',#1733,10.);
#468=VECTOR('',#1734,10.);
#469=VECTOR('',#1739,10.);
#470=VECTOR('',#1740,10.);
#471=VECTOR('',#1741,10.);
#472=VECTOR('',#1746,10.);
#473=VECTOR('',#1747,10.);
#474=VECTOR('',#1748,10.);
#475=VECTOR('',#1753,10.);
#476=VECTOR('',#1754,10.);
#477=VECTOR('',#1759,10.);
#478=VECTOR('',#1760,10.);
#479=VECTOR('',#1761,10.);
#480=VECTOR('',#1762,10.);
#481=VECTOR('',#1765,10.);
#482=VECTOR('',#1766,10.);
#483=VECTOR('',#1769,10.);
#484=VECTOR('',#1770,10.);
#485=VECTOR('',#1773,10.);
#486=VECTOR('',#1774,10.);
#487=VECTOR('',#1775,10.);
#488=VECTOR('',#1776,10.);
#489=VECTOR('',#1777,10.);
#490=VECTOR('',#1778,10.);
#491=VECTOR('',#1781,10.);
#492=VECTOR('',#1784,10.);
#493=VECTOR('',#1787,10.);
#494=VECTOR('',#1788,10.);
#495=VECTOR('',#1791,10.);
#496=VECTOR('',#1792,10.);
#497=VECTOR('',#1793,10.);
#498=VECTOR('',#1794,10.);
#499=VECTOR('',#1795,10.);
#500=VECTOR('',#1798,10.);
#501=VECTOR('',#1799,10.);
#502=VECTOR('',#1800,10.);
#503=VECTOR('',#1801,10.);
#504=VECTOR('',#1802,10.);
#505=VECTOR('',#1809,10.);
#506=VECTOR('',#1812,10.);
#507=VECTOR('',#1815,10.);
#508=VECTOR('',#1816,10.);
#509=VECTOR('',#1823,10.);
#510=VECTOR('',#1832,10.);
#511=VECTOR('',#1835,10.);
#512=VECTOR('',#1840,10.);
#513=VECTOR('',#1843,10.);
#514=VECTOR('',#1848,10.);
#515=VECTOR('',#1853,26.25);
#516=VECTOR('',#1856,10.);
#517=VECTOR('',#1857,10.);
#518=VECTOR('',#1858,10.);
#519=VECTOR('',#1861,10.);
#520=VECTOR('',#1864,10.);
#521=VECTOR('',#1867,10.);
#522=VECTOR('',#1868,10.);
#523=VECTOR('',#1871,10.);
#524=VECTOR('',#1872,10.);
#525=VECTOR('',#1885,10.);
#526=VECTOR('',#1886,10.);
#527=VECTOR('',#1889,10.);
#528=VECTOR('',#1892,10.);
#529=VECTOR('',#1895,10.);
#530=VECTOR('',#1898,10.);
#531=VECTOR('',#1905,10.);
#532=VECTOR('',#1906,10.);
#533=VECTOR('',#1911,10.);
#534=VECTOR('',#1914,10.);
#535=VECTOR('',#1915,10.);
#536=VECTOR('',#1916,10.);
#537=VECTOR('',#1919,10.);
#538=VECTOR('',#1920,10.);
#539=VECTOR('',#1921,10.);
#540=VECTOR('',#1922,10.);
#541=VECTOR('',#1925,10.);
#542=VECTOR('',#1926,10.);
#543=VECTOR('',#1927,10.);
#544=VECTOR('',#1928,10.);
#545=VECTOR('',#1947,10.);
#546=VECTOR('',#1948,10.);
#547=VECTOR('',#1951,10.);
#548=VECTOR('',#1952,10.);
#549=VECTOR('',#1953,10.);
#550=VECTOR('',#1954,10.);
#551=VECTOR('',#1955,10.);
#552=VECTOR('',#1966,10.);
#553=VECTOR('',#1967,10.);
#554=VECTOR('',#1970,10.);
#555=VECTOR('',#1973,10.);
#556=VECTOR('',#1974,10.);
#557=VECTOR('',#1975,10.);
#558=VECTOR('',#1976,10.);
#559=VECTOR('',#1977,10.);
#560=VECTOR('',#1982,10.);
#561=VECTOR('',#1983,10.);
#562=VECTOR('',#1986,10.);
#563=VECTOR('',#1987,10.);
#564=VECTOR('',#1988,10.);
#565=VECTOR('',#1989,10.);
#566=VECTOR('',#1992,10.);
#567=VECTOR('',#1993,10.);
#568=VECTOR('',#1996,10.);
#569=VECTOR('',#1997,10.);
#570=VECTOR('',#2000,10.);
#571=VECTOR('',#2003,10.);
#572=VECTOR('',#2004,10.);
#573=VECTOR('',#2005,10.);
#574=VECTOR('',#2010,10.);
#575=VECTOR('',#2013,10.);
#576=VECTOR('',#2018,10.);
#577=VECTOR('',#2021,10.);
#578=VECTOR('',#2022,10.);
#579=VECTOR('',#2027,10.);
#580=VECTOR('',#2030,10.);
#581=VECTOR('',#2037,10.);
#582=VERTEX_POINT('',#2044);
#583=VERTEX_POINT('',#2045);
#584=VERTEX_POINT('',#2047);
#585=VERTEX_POINT('',#2049);
#586=VERTEX_POINT('',#2051);
#587=VERTEX_POINT('',#2055);
#588=VERTEX_POINT('',#2056);
#589=VERTEX_POINT('',#2058);
#590=VERTEX_POINT('',#2060);
#591=VERTEX_POINT('',#2062);
#592=VERTEX_POINT('',#2068);
#593=VERTEX_POINT('',#2069);
#594=VERTEX_POINT('',#2071);
#595=VERTEX_POINT('',#2073);
#596=VERTEX_POINT('',#2077);
#597=VERTEX_POINT('',#2079);
#598=VERTEX_POINT('',#2083);
#599=VERTEX_POINT('',#2085);
#600=VERTEX_POINT('',#2087);
#601=VERTEX_POINT('',#2089);
#602=VERTEX_POINT('',#2091);
#603=VERTEX_POINT('',#2095);
#604=VERTEX_POINT('',#2097);
#605=VERTEX_POINT('',#2101);
#606=VERTEX_POINT('',#2103);
#607=VERTEX_POINT('',#2107);
#608=VERTEX_POINT('',#2109);
#609=VERTEX_POINT('',#2111);
#610=VERTEX_POINT('',#2113);
#611=VERTEX_POINT('',#2115);
#612=VERTEX_POINT('',#2118);
#613=VERTEX_POINT('',#2119);
#614=VERTEX_POINT('',#2121);
#615=VERTEX_POINT('',#2123);
#616=VERTEX_POINT('',#2125);
#617=VERTEX_POINT('',#2129);
#618=VERTEX_POINT('',#2133);
#619=VERTEX_POINT('',#2135);
#620=VERTEX_POINT('',#2137);
#621=VERTEX_POINT('',#2139);
#622=VERTEX_POINT('',#2144);
#623=VERTEX_POINT('',#2146);
#624=VERTEX_POINT('',#2148);
#625=VERTEX_POINT('',#2150);
#626=VERTEX_POINT('',#2152);
#627=VERTEX_POINT('',#2155);
#628=VERTEX_POINT('',#2157);
#629=VERTEX_POINT('',#2159);
#630=VERTEX_POINT('',#2161);
#631=VERTEX_POINT('',#2163);
#632=VERTEX_POINT('',#2167);
#633=VERTEX_POINT('',#2168);
#634=VERTEX_POINT('',#2170);
#635=VERTEX_POINT('',#2172);
#636=VERTEX_POINT('',#2174);
#637=VERTEX_POINT('',#2176);
#638=VERTEX_POINT('',#2178);
#639=VERTEX_POINT('',#2180);
#640=VERTEX_POINT('',#2182);
#641=VERTEX_POINT('',#2184);
#642=VERTEX_POINT('',#2186);
#643=VERTEX_POINT('',#2188);
#644=VERTEX_POINT('',#2190);
#645=VERTEX_POINT('',#2192);
#646=VERTEX_POINT('',#2194);
#647=VERTEX_POINT('',#2196);
#648=VERTEX_POINT('',#2198);
#649=VERTEX_POINT('',#2200);
#650=VERTEX_POINT('',#2204);
#651=VERTEX_POINT('',#2205);
#652=VERTEX_POINT('',#2207);
#653=VERTEX_POINT('',#2209);
#654=VERTEX_POINT('',#2211);
#655=VERTEX_POINT('',#2213);
#656=VERTEX_POINT('',#2215);
#657=VERTEX_POINT('',#2217);
#658=VERTEX_POINT('',#2219);
#659=VERTEX_POINT('',#2221);
#660=VERTEX_POINT('',#2223);
#661=VERTEX_POINT('',#2233);
#662=VERTEX_POINT('',#2235);
#663=VERTEX_POINT('',#2239);
#664=VERTEX_POINT('',#2241);
#665=VERTEX_POINT('',#2249);
#666=VERTEX_POINT('',#2251);
#667=VERTEX_POINT('',#2253);
#668=VERTEX_POINT('',#2257);
#669=VERTEX_POINT('',#2258);
#670=VERTEX_POINT('',#2260);
#671=VERTEX_POINT('',#2262);
#672=VERTEX_POINT('',#2265);
#673=VERTEX_POINT('',#2267);
#674=VERTEX_POINT('',#2275);
#675=VERTEX_POINT('',#2277);
#676=VERTEX_POINT('',#2279);
#677=VERTEX_POINT('',#2287);
#678=VERTEX_POINT('',#2289);
#679=VERTEX_POINT('',#2291);
#680=VERTEX_POINT('',#2295);
#681=VERTEX_POINT('',#2297);
#682=VERTEX_POINT('',#2299);
#683=VERTEX_POINT('',#2306);
#684=VERTEX_POINT('',#2310);
#685=VERTEX_POINT('',#2317);
#686=VERTEX_POINT('',#2319);
#687=VERTEX_POINT('',#2321);
#688=VERTEX_POINT('',#2325);
#689=VERTEX_POINT('',#2329);
#690=VERTEX_POINT('',#2331);
#691=VERTEX_POINT('',#2335);
#692=VERTEX_POINT('',#2336);
#693=VERTEX_POINT('',#2351);
#694=VERTEX_POINT('',#2358);
#695=VERTEX_POINT('',#2360);
#696=VERTEX_POINT('',#2364);
#697=VERTEX_POINT('',#2365);
#698=VERTEX_POINT('',#2367);
#699=VERTEX_POINT('',#2369);
#700=VERTEX_POINT('',#2373);
#701=VERTEX_POINT('',#2374);
#702=VERTEX_POINT('',#2376);
#703=VERTEX_POINT('',#2378);
#704=VERTEX_POINT('',#2382);
#705=VERTEX_POINT('',#2384);
#706=VERTEX_POINT('',#2388);
#707=VERTEX_POINT('',#2397);
#708=VERTEX_POINT('',#2407);
#709=VERTEX_POINT('',#2414);
#710=VERTEX_POINT('',#2416);
#711=VERTEX_POINT('',#2418);
#712=VERTEX_POINT('',#2422);
#713=VERTEX_POINT('',#2423);
#714=VERTEX_POINT('',#2425);
#715=VERTEX_POINT('',#2430);
#716=VERTEX_POINT('',#2432);
#717=VERTEX_POINT('',#2436);
#718=VERTEX_POINT('',#2440);
#719=VERTEX_POINT('',#2451);
#720=VERTEX_POINT('',#2453);
#721=EDGE_CURVE('',#582,#583,#222,.T.);
#722=EDGE_CURVE('',#584,#582,#223,.T.);
#723=EDGE_CURVE('',#585,#584,#224,.T.);
#724=EDGE_CURVE('',#586,#585,#225,.T.);
#725=EDGE_CURVE('',#583,#586,#226,.T.);
#726=EDGE_CURVE('',#587,#588,#227,.T.);
#727=EDGE_CURVE('',#589,#587,#228,.T.);
#728=EDGE_CURVE('',#590,#589,#229,.T.);
#729=EDGE_CURVE('',#591,#590,#230,.T.);
#730=EDGE_CURVE('',#588,#591,#231,.T.);
#731=EDGE_CURVE('',#589,#586,#232,.T.);
#732=EDGE_CURVE('',#587,#583,#233,.T.);
#733=EDGE_CURVE('',#592,#593,#234,.T.);
#734=EDGE_CURVE('',#593,#594,#235,.T.);
#735=EDGE_CURVE('',#595,#594,#236,.T.);
#736=EDGE_CURVE('',#592,#595,#237,.T.);
#737=EDGE_CURVE('',#596,#585,#238,.T.);
#738=EDGE_CURVE('',#597,#596,#239,.T.);
#739=EDGE_CURVE('',#590,#597,#240,.T.);
#740=EDGE_CURVE('',#597,#598,#241,.T.);
#741=EDGE_CURVE('',#598,#599,#242,.T.);
#742=EDGE_CURVE('',#599,#600,#243,.T.);
#743=EDGE_CURVE('',#600,#601,#244,.T.);
#744=EDGE_CURVE('',#601,#602,#245,.T.);
#745=EDGE_CURVE('',#602,#591,#246,.T.);
#746=EDGE_CURVE('',#592,#603,#247,.T.);
#747=EDGE_CURVE('',#604,#595,#248,.T.);
#748=EDGE_CURVE('',#603,#604,#249,.T.);
#749=EDGE_CURVE('',#605,#593,#250,.T.);
#750=EDGE_CURVE('',#606,#605,#251,.T.);
#751=EDGE_CURVE('',#594,#606,#252,.T.);
#752=EDGE_CURVE('',#607,#604,#253,.T.);
#753=EDGE_CURVE('',#607,#608,#254,.T.);
#754=EDGE_CURVE('',#608,#609,#255,.T.);
#755=EDGE_CURVE('',#610,#609,#256,.T.);
#756=EDGE_CURVE('',#611,#610,#257,.T.);
#757=EDGE_CURVE('',#603,#611,#258,.T.);
#758=EDGE_CURVE('',#612,#613,#56,.T.);
#759=EDGE_CURVE('',#614,#612,#259,.T.);
#760=EDGE_CURVE('',#615,#614,#260,.T.);
#761=EDGE_CURVE('',#616,#615,#261,.T.);
#762=EDGE_CURVE('',#613,#616,#262,.T.);
#763=EDGE_CURVE('',#606,#617,#263,.T.);
#764=EDGE_CURVE('',#607,#617,#264,.T.);
#765=EDGE_CURVE('',#584,#618,#265,.T.);
#766=EDGE_CURVE('',#619,#618,#266,.T.);
#767=EDGE_CURVE('',#620,#619,#267,.T.);
#768=EDGE_CURVE('',#620,#621,#268,.T.);
#769=EDGE_CURVE('',#596,#621,#269,.T.);
#770=EDGE_CURVE('',#582,#588,#270,.T.);
#771=EDGE_CURVE('',#622,#602,#271,.T.);
#772=EDGE_CURVE('',#622,#623,#272,.T.);
#773=EDGE_CURVE('',#624,#623,#273,.T.);
#774=EDGE_CURVE('',#625,#624,#274,.T.);
#775=EDGE_CURVE('',#625,#626,#275,.T.);
#776=EDGE_CURVE('',#625,#626,#276,.T.);
#777=EDGE_CURVE('',#627,#625,#277,.T.);
#778=EDGE_CURVE('',#628,#627,#278,.T.);
#779=EDGE_CURVE('',#628,#629,#279,.T.);
#780=EDGE_CURVE('',#630,#629,#280,.T.);
#781=EDGE_CURVE('',#631,#630,#281,.T.);
#782=EDGE_CURVE('',#618,#631,#282,.T.);
#783=EDGE_CURVE('',#632,#633,#283,.T.);
#784=EDGE_CURVE('',#634,#632,#284,.T.);
#785=EDGE_CURVE('',#635,#634,#285,.T.);
#786=EDGE_CURVE('',#636,#635,#31,.T.);
#787=EDGE_CURVE('',#637,#636,#286,.T.);
#788=EDGE_CURVE('',#638,#637,#287,.T.);
#789=EDGE_CURVE('',#639,#638,#288,.T.);
#790=EDGE_CURVE('',#639,#640,#32,.T.);
#791=EDGE_CURVE('',#641,#640,#33,.T.);
#792=EDGE_CURVE('',#642,#641,#289,.T.);
#793=EDGE_CURVE('',#643,#642,#290,.T.);
#794=EDGE_CURVE('',#644,#643,#291,.T.);
#795=EDGE_CURVE('',#645,#644,#34,.T.);
#796=EDGE_CURVE('',#645,#646,#35,.T.);
#797=EDGE_CURVE('',#647,#646,#292,.T.);
#798=EDGE_CURVE('',#647,#648,#293,.T.);
#799=EDGE_CURVE('',#649,#648,#294,.T.);
#800=EDGE_CURVE('',#633,#649,#36,.T.);
#801=EDGE_CURVE('',#650,#651,#295,.T.);
#802=EDGE_CURVE('',#652,#650,#296,.T.);
#803=EDGE_CURVE('',#652,#653,#37,.T.);
#804=EDGE_CURVE('',#653,#654,#38,.T.);
#805=EDGE_CURVE('',#654,#655,#297,.T.);
#806=EDGE_CURVE('',#656,#655,#298,.T.);
#807=EDGE_CURVE('',#657,#656,#299,.T.);
#808=EDGE_CURVE('',#657,#658,#300,.T.);
#809=EDGE_CURVE('',#658,#659,#39,.T.);
#810=EDGE_CURVE('',#659,#660,#301,.T.);
#811=EDGE_CURVE('',#660,#651,#302,.T.);
#812=EDGE_CURVE('',#650,#630,#303,.T.);
#813=EDGE_CURVE('',#631,#651,#304,.T.);
#814=EDGE_CURVE('',#632,#657,#305,.T.);
#815=EDGE_CURVE('',#656,#628,#306,.T.);
#816=EDGE_CURVE('',#627,#625,#307,.T.);
#817=EDGE_CURVE('',#625,#661,#308,.T.);
#818=EDGE_CURVE('',#662,#661,#309,.T.);
#819=EDGE_CURVE('',#634,#662,#310,.T.);
#820=EDGE_CURVE('',#639,#663,#311,.T.);
#821=EDGE_CURVE('',#664,#663,#40,.T.);
#822=EDGE_CURVE('',#640,#664,#312,.T.);
#823=EDGE_CURVE('',#653,#645,#313,.T.);
#824=EDGE_CURVE('',#652,#646,#314,.T.);
#825=EDGE_CURVE('',#629,#655,#315,.T.);
#826=EDGE_CURVE('',#654,#665,#316,.T.);
#827=EDGE_CURVE('',#665,#666,#317,.T.);
#828=EDGE_CURVE('',#666,#667,#318,.T.);
#829=EDGE_CURVE('',#667,#652,#319,.T.);
#830=EDGE_CURVE('',#668,#669,#320,.T.);
#831=EDGE_CURVE('',#669,#670,#321,.T.);
#832=EDGE_CURVE('',#670,#671,#322,.T.);
#833=EDGE_CURVE('',#611,#671,#323,.T.);
#834=EDGE_CURVE('',#672,#610,#324,.T.);
#835=EDGE_CURVE('',#673,#672,#57,.T.);
#836=EDGE_CURVE('',#673,#668,#58,.F.);
#837=EDGE_CURVE('',#671,#605,#325,.T.);
#838=EDGE_CURVE('',#598,#621,#326,.T.);
#839=EDGE_CURVE('',#674,#617,#327,.T.);
#840=EDGE_CURVE('',#675,#674,#328,.T.);
#841=EDGE_CURVE('',#676,#675,#59,.T.);
#842=EDGE_CURVE('',#608,#676,#60,.T.);
#843=EDGE_CURVE('',#627,#674,#329,.T.);
#844=EDGE_CURVE('',#675,#626,#61,.T.);
#845=EDGE_CURVE('',#677,#626,#41,.T.);
#846=EDGE_CURVE('',#677,#678,#330,.T.);
#847=EDGE_CURVE('',#678,#679,#42,.T.);
#848=EDGE_CURVE('',#679,#676,#331,.T.);
#849=EDGE_CURVE('',#672,#680,#43,.T.);
#850=EDGE_CURVE('',#680,#681,#332,.T.);
#851=EDGE_CURVE('',#681,#682,#62,.F.);
#852=EDGE_CURVE('',#682,#673,#333,.T.);
#853=EDGE_CURVE('',#609,#679,#44,.T.);
#854=EDGE_CURVE('',#678,#680,#334,.T.);
#855=EDGE_CURVE('',#683,#682,#63,.T.);
#856=EDGE_CURVE('',#683,#668,#335,.T.);
#857=EDGE_CURVE('',#669,#684,#336,.T.);
#858=EDGE_CURVE('',#600,#684,#337,.T.);
#859=EDGE_CURVE('',#599,#669,#338,.T.);
#860=EDGE_CURVE('',#684,#683,#339,.T.);
#861=EDGE_CURVE('',#614,#685,#340,.T.);
#862=EDGE_CURVE('',#686,#685,#45,.T.);
#863=EDGE_CURVE('',#686,#687,#341,.T.);
#864=EDGE_CURVE('',#687,#615,#342,.T.);
#865=EDGE_CURVE('',#688,#612,#343,.T.);
#866=EDGE_CURVE('',#685,#688,#344,.T.);
#867=EDGE_CURVE('',#689,#688,#46,.F.);
#868=EDGE_CURVE('',#690,#689,#47,.F.);
#869=EDGE_CURVE('',#688,#690,#48,.F.);
#870=EDGE_CURVE('',#691,#692,#49,.T.);
#871=EDGE_CURVE('',#692,#690,#345,.T.);
#872=EDGE_CURVE('',#689,#691,#346,.T.);
#873=EDGE_CURVE('',#690,#686,#347,.T.);
#874=EDGE_CURVE('',#613,#689,#348,.T.);
#875=EDGE_CURVE('',#616,#691,#349,.T.);
#876=EDGE_CURVE('',#692,#687,#350,.T.);
#877=EDGE_CURVE('',#693,#620,#351,.T.);
#878=EDGE_CURVE('',#693,#670,#352,.T.);
#879=EDGE_CURVE('',#633,#658,#353,.T.);
#880=EDGE_CURVE('',#627,#694,#354,.T.);
#881=EDGE_CURVE('',#695,#694,#355,.T.);
#882=EDGE_CURVE('',#677,#695,#356,.T.);
#883=EDGE_CURVE('',#696,#697,#357,.T.);
#884=EDGE_CURVE('',#698,#697,#358,.T.);
#885=EDGE_CURVE('',#699,#698,#359,.T.);
#886=EDGE_CURVE('',#696,#699,#360,.T.);
#887=EDGE_CURVE('',#700,#701,#361,.T.);
#888=EDGE_CURVE('',#702,#701,#362,.T.);
#889=EDGE_CURVE('',#702,#703,#363,.T.);
#890=EDGE_CURVE('',#700,#703,#364,.T.);
#891=EDGE_CURVE('',#703,#704,#64,.T.);
#892=EDGE_CURVE('',#705,#702,#50,.T.);
#893=EDGE_CURVE('',#704,#705,#65,.T.);
#894=EDGE_CURVE('',#706,#698,#66,.T.);
#895=EDGE_CURVE('',#705,#706,#67,.T.);
#896=EDGE_CURVE('',#699,#705,#51,.T.);
#897=EDGE_CURVE('',#706,#704,#365,.T.);
#898=EDGE_CURVE('',#697,#700,#366,.T.);
#899=EDGE_CURVE('',#693,#666,#367,.T.);
#900=EDGE_CURVE('',#707,#665,#368,.T.);
#901=EDGE_CURVE('',#644,#707,#369,.T.);
#902=EDGE_CURVE('',#643,#694,#370,.T.);
#903=EDGE_CURVE('',#696,#701,#371,.T.);
#904=EDGE_CURVE('',#654,#707,#52,.T.);
#905=EDGE_CURVE('',#708,#667,#372,.T.);
#906=EDGE_CURVE('',#647,#708,#373,.T.);
#907=EDGE_CURVE('',#708,#619,#374,.T.);
#908=EDGE_CURVE('',#681,#695,#375,.T.);
#909=EDGE_CURVE('',#695,#709,#376,.T.);
#910=EDGE_CURVE('',#710,#709,#377,.T.);
#911=EDGE_CURVE('',#711,#710,#378,.T.);
#912=EDGE_CURVE('',#601,#711,#379,.T.);
#913=EDGE_CURVE('',#712,#713,#53,.T.);
#914=EDGE_CURVE('',#714,#713,#380,.T.);
#915=EDGE_CURVE('',#712,#714,#381,.T.);
#916=EDGE_CURVE('',#711,#638,#382,.T.);
#917=EDGE_CURVE('',#637,#715,#383,.T.);
#918=EDGE_CURVE('',#716,#715,#384,.T.);
#919=EDGE_CURVE('',#716,#622,#385,.T.);
#920=EDGE_CURVE('',#716,#717,#386,.T.);
#921=EDGE_CURVE('',#623,#717,#387,.T.);
#922=EDGE_CURVE('',#718,#624,#388,.T.);
#923=EDGE_CURVE('',#661,#718,#389,.T.);
#924=EDGE_CURVE('',#663,#710,#390,.T.);
#925=EDGE_CURVE('',#717,#663,#391,.T.);
#926=EDGE_CURVE('',#709,#714,#392,.T.);
#927=EDGE_CURVE('',#718,#713,#393,.T.);
#928=EDGE_CURVE('',#713,#664,#54,.T.);
#929=EDGE_CURVE('',#715,#719,#394,.T.);
#930=EDGE_CURVE('',#719,#720,#55,.T.);
#931=EDGE_CURVE('',#720,#662,#395,.T.);
#932=EDGE_CURVE('',#648,#660,#396,.T.);
#933=EDGE_CURVE('',#635,#720,#397,.T.);
#934=EDGE_CURVE('',#636,#719,#398,.T.);
#935=EDGE_CURVE('',#641,#712,#399,.T.);
#936=EDGE_CURVE('',#642,#695,#400,.T.);
#937=EDGE_CURVE('',#649,#659,#401,.T.);
#938=ORIENTED_EDGE('',*,*,#721,.F.);
#939=ORIENTED_EDGE('',*,*,#722,.F.);
#940=ORIENTED_EDGE('',*,*,#723,.F.);
#941=ORIENTED_EDGE('',*,*,#724,.F.);
#942=ORIENTED_EDGE('',*,*,#725,.F.);
#943=ORIENTED_EDGE('',*,*,#726,.F.);
#944=ORIENTED_EDGE('',*,*,#727,.F.);
#945=ORIENTED_EDGE('',*,*,#728,.F.);
#946=ORIENTED_EDGE('',*,*,#729,.F.);
#947=ORIENTED_EDGE('',*,*,#730,.F.);
#948=ORIENTED_EDGE('',*,*,#725,.T.);
#949=ORIENTED_EDGE('',*,*,#731,.F.);
#950=ORIENTED_EDGE('',*,*,#727,.T.);
#951=ORIENTED_EDGE('',*,*,#732,.T.);
#952=ORIENTED_EDGE('',*,*,#733,.T.);
#953=ORIENTED_EDGE('',*,*,#734,.T.);
#954=ORIENTED_EDGE('',*,*,#735,.F.);
#955=ORIENTED_EDGE('',*,*,#736,.F.);
#956=ORIENTED_EDGE('',*,*,#724,.T.);
#957=ORIENTED_EDGE('',*,*,#737,.F.);
#958=ORIENTED_EDGE('',*,*,#738,.F.);
#959=ORIENTED_EDGE('',*,*,#739,.F.);
#960=ORIENTED_EDGE('',*,*,#728,.T.);
#961=ORIENTED_EDGE('',*,*,#731,.T.);
#962=ORIENTED_EDGE('',*,*,#729,.T.);
#963=ORIENTED_EDGE('',*,*,#739,.T.);
#964=ORIENTED_EDGE('',*,*,#740,.T.);
#965=ORIENTED_EDGE('',*,*,#741,.T.);
#966=ORIENTED_EDGE('',*,*,#742,.T.);
#967=ORIENTED_EDGE('',*,*,#743,.T.);
#968=ORIENTED_EDGE('',*,*,#744,.T.);
#969=ORIENTED_EDGE('',*,*,#745,.T.);
#970=ORIENTED_EDGE('',*,*,#746,.F.);
#971=ORIENTED_EDGE('',*,*,#736,.T.);
#972=ORIENTED_EDGE('',*,*,#747,.F.);
#973=ORIENTED_EDGE('',*,*,#748,.F.);
#974=ORIENTED_EDGE('',*,*,#749,.F.);
#975=ORIENTED_EDGE('',*,*,#750,.F.);
#976=ORIENTED_EDGE('',*,*,#751,.F.);
#977=ORIENTED_EDGE('',*,*,#734,.F.);
#978=ORIENTED_EDGE('',*,*,#748,.T.);
#979=ORIENTED_EDGE('',*,*,#752,.F.);
#980=ORIENTED_EDGE('',*,*,#753,.T.);
#981=ORIENTED_EDGE('',*,*,#754,.T.);
#982=ORIENTED_EDGE('',*,*,#755,.F.);
#983=ORIENTED_EDGE('',*,*,#756,.F.);
#984=ORIENTED_EDGE('',*,*,#757,.F.);
#985=ORIENTED_EDGE('',*,*,#758,.F.);
#986=ORIENTED_EDGE('',*,*,#759,.F.);
#987=ORIENTED_EDGE('',*,*,#760,.F.);
#988=ORIENTED_EDGE('',*,*,#761,.F.);
#989=ORIENTED_EDGE('',*,*,#762,.F.);
#990=ORIENTED_EDGE('',*,*,#747,.T.);
#991=ORIENTED_EDGE('',*,*,#735,.T.);
#992=ORIENTED_EDGE('',*,*,#751,.T.);
#993=ORIENTED_EDGE('',*,*,#763,.T.);
#994=ORIENTED_EDGE('',*,*,#764,.F.);
#995=ORIENTED_EDGE('',*,*,#752,.T.);
#996=ORIENTED_EDGE('',*,*,#723,.T.);
#997=ORIENTED_EDGE('',*,*,#765,.T.);
#998=ORIENTED_EDGE('',*,*,#766,.F.);
#999=ORIENTED_EDGE('',*,*,#767,.F.);
#1000=ORIENTED_EDGE('',*,*,#768,.T.);
#1001=ORIENTED_EDGE('',*,*,#769,.F.);
#1002=ORIENTED_EDGE('',*,*,#737,.T.);
#1003=ORIENTED_EDGE('',*,*,#722,.T.);
#1004=ORIENTED_EDGE('',*,*,#770,.T.);
#1005=ORIENTED_EDGE('',*,*,#730,.T.);
#1006=ORIENTED_EDGE('',*,*,#745,.F.);
#1007=ORIENTED_EDGE('',*,*,#771,.F.);
#1008=ORIENTED_EDGE('',*,*,#772,.T.);
#1009=ORIENTED_EDGE('',*,*,#773,.F.);
#1010=ORIENTED_EDGE('',*,*,#774,.F.);
#1011=ORIENTED_EDGE('',*,*,#775,.T.);
#1012=ORIENTED_EDGE('',*,*,#776,.F.);
#1013=ORIENTED_EDGE('',*,*,#777,.F.);
#1014=ORIENTED_EDGE('',*,*,#778,.F.);
#1015=ORIENTED_EDGE('',*,*,#779,.T.);
#1016=ORIENTED_EDGE('',*,*,#780,.F.);
#1017=ORIENTED_EDGE('',*,*,#781,.F.);
#1018=ORIENTED_EDGE('',*,*,#782,.F.);
#1019=ORIENTED_EDGE('',*,*,#765,.F.);
#1020=ORIENTED_EDGE('',*,*,#783,.F.);
#1021=ORIENTED_EDGE('',*,*,#784,.F.);
#1022=ORIENTED_EDGE('',*,*,#785,.F.);
#1023=ORIENTED_EDGE('',*,*,#786,.F.);
#1024=ORIENTED_EDGE('',*,*,#787,.F.);
#1025=ORIENTED_EDGE('',*,*,#788,.F.);
#1026=ORIENTED_EDGE('',*,*,#789,.F.);
#1027=ORIENTED_EDGE('',*,*,#790,.T.);
#1028=ORIENTED_EDGE('',*,*,#791,.F.);
#1029=ORIENTED_EDGE('',*,*,#792,.F.);
#1030=ORIENTED_EDGE('',*,*,#793,.F.);
#1031=ORIENTED_EDGE('',*,*,#794,.F.);
#1032=ORIENTED_EDGE('',*,*,#795,.F.);
#1033=ORIENTED_EDGE('',*,*,#796,.T.);
#1034=ORIENTED_EDGE('',*,*,#797,.F.);
#1035=ORIENTED_EDGE('',*,*,#798,.T.);
#1036=ORIENTED_EDGE('',*,*,#799,.F.);
#1037=ORIENTED_EDGE('',*,*,#800,.F.);
#1038=ORIENTED_EDGE('',*,*,#801,.F.);
#1039=ORIENTED_EDGE('',*,*,#802,.F.);
#1040=ORIENTED_EDGE('',*,*,#803,.T.);
#1041=ORIENTED_EDGE('',*,*,#804,.T.);
#1042=ORIENTED_EDGE('',*,*,#805,.T.);
#1043=ORIENTED_EDGE('',*,*,#806,.F.);
#1044=ORIENTED_EDGE('',*,*,#807,.F.);
#1045=ORIENTED_EDGE('',*,*,#808,.T.);
#1046=ORIENTED_EDGE('',*,*,#809,.T.);
#1047=ORIENTED_EDGE('',*,*,#810,.T.);
#1048=ORIENTED_EDGE('',*,*,#811,.T.);
#1049=ORIENTED_EDGE('',*,*,#781,.T.);
#1050=ORIENTED_EDGE('',*,*,#812,.F.);
#1051=ORIENTED_EDGE('',*,*,#801,.T.);
#1052=ORIENTED_EDGE('',*,*,#813,.F.);
#1053=ORIENTED_EDGE('',*,*,#814,.T.);
#1054=ORIENTED_EDGE('',*,*,#807,.T.);
#1055=ORIENTED_EDGE('',*,*,#815,.T.);
#1056=ORIENTED_EDGE('',*,*,#778,.T.);
#1057=ORIENTED_EDGE('',*,*,#816,.T.);
#1058=ORIENTED_EDGE('',*,*,#817,.T.);
#1059=ORIENTED_EDGE('',*,*,#818,.F.);
#1060=ORIENTED_EDGE('',*,*,#819,.F.);
#1061=ORIENTED_EDGE('',*,*,#784,.T.);
#1062=ORIENTED_EDGE('',*,*,#790,.F.);
#1063=ORIENTED_EDGE('',*,*,#820,.T.);
#1064=ORIENTED_EDGE('',*,*,#821,.F.);
#1065=ORIENTED_EDGE('',*,*,#822,.F.);
#1066=ORIENTED_EDGE('',*,*,#796,.F.);
#1067=ORIENTED_EDGE('',*,*,#823,.F.);
#1068=ORIENTED_EDGE('',*,*,#803,.F.);
#1069=ORIENTED_EDGE('',*,*,#824,.T.);
#1070=ORIENTED_EDGE('',*,*,#802,.T.);
#1071=ORIENTED_EDGE('',*,*,#812,.T.);
#1072=ORIENTED_EDGE('',*,*,#780,.T.);
#1073=ORIENTED_EDGE('',*,*,#825,.T.);
#1074=ORIENTED_EDGE('',*,*,#805,.F.);
#1075=ORIENTED_EDGE('',*,*,#826,.T.);
#1076=ORIENTED_EDGE('',*,*,#827,.T.);
#1077=ORIENTED_EDGE('',*,*,#828,.T.);
#1078=ORIENTED_EDGE('',*,*,#829,.T.);
#1079=ORIENTED_EDGE('',*,*,#830,.T.);
#1080=ORIENTED_EDGE('',*,*,#831,.T.);
#1081=ORIENTED_EDGE('',*,*,#832,.T.);
#1082=ORIENTED_EDGE('',*,*,#833,.F.);
#1083=ORIENTED_EDGE('',*,*,#756,.T.);
#1084=ORIENTED_EDGE('',*,*,#834,.F.);
#1085=ORIENTED_EDGE('',*,*,#835,.F.);
#1086=ORIENTED_EDGE('',*,*,#836,.T.);
#1087=ORIENTED_EDGE('',*,*,#746,.T.);
#1088=ORIENTED_EDGE('',*,*,#757,.T.);
#1089=ORIENTED_EDGE('',*,*,#833,.T.);
#1090=ORIENTED_EDGE('',*,*,#837,.T.);
#1091=ORIENTED_EDGE('',*,*,#749,.T.);
#1092=ORIENTED_EDGE('',*,*,#733,.F.);
#1093=ORIENTED_EDGE('',*,*,#769,.T.);
#1094=ORIENTED_EDGE('',*,*,#838,.F.);
#1095=ORIENTED_EDGE('',*,*,#740,.F.);
#1096=ORIENTED_EDGE('',*,*,#738,.T.);
#1097=ORIENTED_EDGE('',*,*,#839,.F.);
#1098=ORIENTED_EDGE('',*,*,#840,.F.);
#1099=ORIENTED_EDGE('',*,*,#841,.F.);
#1100=ORIENTED_EDGE('',*,*,#842,.F.);
#1101=ORIENTED_EDGE('',*,*,#753,.F.);
#1102=ORIENTED_EDGE('',*,*,#764,.T.);
#1103=ORIENTED_EDGE('',*,*,#843,.F.);
#1104=ORIENTED_EDGE('',*,*,#777,.T.);
#1105=ORIENTED_EDGE('',*,*,#776,.T.);
#1106=ORIENTED_EDGE('',*,*,#844,.F.);
#1107=ORIENTED_EDGE('',*,*,#840,.T.);
#1108=ORIENTED_EDGE('',*,*,#721,.T.);
#1109=ORIENTED_EDGE('',*,*,#732,.F.);
#1110=ORIENTED_EDGE('',*,*,#726,.T.);
#1111=ORIENTED_EDGE('',*,*,#770,.F.);
#1112=ORIENTED_EDGE('',*,*,#841,.T.);
#1113=ORIENTED_EDGE('',*,*,#844,.T.);
#1114=ORIENTED_EDGE('',*,*,#845,.F.);
#1115=ORIENTED_EDGE('',*,*,#846,.T.);
#1116=ORIENTED_EDGE('',*,*,#847,.T.);
#1117=ORIENTED_EDGE('',*,*,#848,.T.);
#1118=ORIENTED_EDGE('',*,*,#849,.T.);
#1119=ORIENTED_EDGE('',*,*,#850,.T.);
#1120=ORIENTED_EDGE('',*,*,#851,.T.);
#1121=ORIENTED_EDGE('',*,*,#852,.T.);
#1122=ORIENTED_EDGE('',*,*,#835,.T.);
#1123=ORIENTED_EDGE('',*,*,#849,.F.);
#1124=ORIENTED_EDGE('',*,*,#834,.T.);
#1125=ORIENTED_EDGE('',*,*,#755,.T.);
#1126=ORIENTED_EDGE('',*,*,#853,.T.);
#1127=ORIENTED_EDGE('',*,*,#847,.F.);
#1128=ORIENTED_EDGE('',*,*,#854,.T.);
#1129=ORIENTED_EDGE('',*,*,#852,.F.);
#1130=ORIENTED_EDGE('',*,*,#855,.F.);
#1131=ORIENTED_EDGE('',*,*,#856,.T.);
#1132=ORIENTED_EDGE('',*,*,#836,.F.);
#1133=ORIENTED_EDGE('',*,*,#857,.T.);
#1134=ORIENTED_EDGE('',*,*,#858,.F.);
#1135=ORIENTED_EDGE('',*,*,#742,.F.);
#1136=ORIENTED_EDGE('',*,*,#859,.T.);
#1137=ORIENTED_EDGE('',*,*,#856,.F.);
#1138=ORIENTED_EDGE('',*,*,#860,.F.);
#1139=ORIENTED_EDGE('',*,*,#857,.F.);
#1140=ORIENTED_EDGE('',*,*,#830,.F.);
#1141=ORIENTED_EDGE('',*,*,#760,.T.);
#1142=ORIENTED_EDGE('',*,*,#861,.T.);
#1143=ORIENTED_EDGE('',*,*,#862,.F.);
#1144=ORIENTED_EDGE('',*,*,#863,.T.);
#1145=ORIENTED_EDGE('',*,*,#864,.T.);
#1146=ORIENTED_EDGE('',*,*,#759,.T.);
#1147=ORIENTED_EDGE('',*,*,#865,.F.);
#1148=ORIENTED_EDGE('',*,*,#866,.F.);
#1149=ORIENTED_EDGE('',*,*,#861,.F.);
#1150=ORIENTED_EDGE('',*,*,#867,.F.);
#1151=ORIENTED_EDGE('',*,*,#868,.F.);
#1152=ORIENTED_EDGE('',*,*,#869,.F.);
#1153=ORIENTED_EDGE('',*,*,#870,.T.);
#1154=ORIENTED_EDGE('',*,*,#871,.T.);
#1155=ORIENTED_EDGE('',*,*,#868,.T.);
#1156=ORIENTED_EDGE('',*,*,#872,.T.);
#1157=ORIENTED_EDGE('',*,*,#862,.T.);
#1158=ORIENTED_EDGE('',*,*,#866,.T.);
#1159=ORIENTED_EDGE('',*,*,#869,.T.);
#1160=ORIENTED_EDGE('',*,*,#873,.T.);
#1161=ORIENTED_EDGE('',*,*,#758,.T.);
#1162=ORIENTED_EDGE('',*,*,#874,.T.);
#1163=ORIENTED_EDGE('',*,*,#867,.T.);
#1164=ORIENTED_EDGE('',*,*,#865,.T.);
#1165=ORIENTED_EDGE('',*,*,#762,.T.);
#1166=ORIENTED_EDGE('',*,*,#875,.T.);
#1167=ORIENTED_EDGE('',*,*,#872,.F.);
#1168=ORIENTED_EDGE('',*,*,#874,.F.);
#1169=ORIENTED_EDGE('',*,*,#761,.T.);
#1170=ORIENTED_EDGE('',*,*,#864,.F.);
#1171=ORIENTED_EDGE('',*,*,#876,.F.);
#1172=ORIENTED_EDGE('',*,*,#870,.F.);
#1173=ORIENTED_EDGE('',*,*,#875,.F.);
#1174=ORIENTED_EDGE('',*,*,#871,.F.);
#1175=ORIENTED_EDGE('',*,*,#876,.T.);
#1176=ORIENTED_EDGE('',*,*,#863,.F.);
#1177=ORIENTED_EDGE('',*,*,#873,.F.);
#1178=ORIENTED_EDGE('',*,*,#842,.T.);
#1179=ORIENTED_EDGE('',*,*,#848,.F.);
#1180=ORIENTED_EDGE('',*,*,#853,.F.);
#1181=ORIENTED_EDGE('',*,*,#754,.F.);
#1182=ORIENTED_EDGE('',*,*,#877,.F.);
#1183=ORIENTED_EDGE('',*,*,#878,.T.);
#1184=ORIENTED_EDGE('',*,*,#831,.F.);
#1185=ORIENTED_EDGE('',*,*,#859,.F.);
#1186=ORIENTED_EDGE('',*,*,#741,.F.);
#1187=ORIENTED_EDGE('',*,*,#838,.T.);
#1188=ORIENTED_EDGE('',*,*,#768,.F.);
#1189=ORIENTED_EDGE('',*,*,#806,.T.);
#1190=ORIENTED_EDGE('',*,*,#825,.F.);
#1191=ORIENTED_EDGE('',*,*,#779,.F.);
#1192=ORIENTED_EDGE('',*,*,#815,.F.);
#1193=ORIENTED_EDGE('',*,*,#783,.T.);
#1194=ORIENTED_EDGE('',*,*,#879,.T.);
#1195=ORIENTED_EDGE('',*,*,#808,.F.);
#1196=ORIENTED_EDGE('',*,*,#814,.F.);
#1197=ORIENTED_EDGE('',*,*,#880,.T.);
#1198=ORIENTED_EDGE('',*,*,#881,.F.);
#1199=ORIENTED_EDGE('',*,*,#882,.F.);
#1200=ORIENTED_EDGE('',*,*,#845,.T.);
#1201=ORIENTED_EDGE('',*,*,#775,.F.);
#1202=ORIENTED_EDGE('',*,*,#816,.F.);
#1203=ORIENTED_EDGE('',*,*,#883,.T.);
#1204=ORIENTED_EDGE('',*,*,#884,.F.);
#1205=ORIENTED_EDGE('',*,*,#885,.F.);
#1206=ORIENTED_EDGE('',*,*,#886,.F.);
#1207=ORIENTED_EDGE('',*,*,#887,.T.);
#1208=ORIENTED_EDGE('',*,*,#888,.F.);
#1209=ORIENTED_EDGE('',*,*,#889,.T.);
#1210=ORIENTED_EDGE('',*,*,#890,.F.);
#1211=ORIENTED_EDGE('',*,*,#891,.F.);
#1212=ORIENTED_EDGE('',*,*,#889,.F.);
#1213=ORIENTED_EDGE('',*,*,#892,.F.);
#1214=ORIENTED_EDGE('',*,*,#893,.F.);
#1215=ORIENTED_EDGE('',*,*,#894,.F.);
#1216=ORIENTED_EDGE('',*,*,#895,.F.);
#1217=ORIENTED_EDGE('',*,*,#896,.F.);
#1218=ORIENTED_EDGE('',*,*,#885,.T.);
#1219=ORIENTED_EDGE('',*,*,#890,.T.);
#1220=ORIENTED_EDGE('',*,*,#891,.T.);
#1221=ORIENTED_EDGE('',*,*,#897,.F.);
#1222=ORIENTED_EDGE('',*,*,#894,.T.);
#1223=ORIENTED_EDGE('',*,*,#884,.T.);
#1224=ORIENTED_EDGE('',*,*,#898,.T.);
#1225=ORIENTED_EDGE('',*,*,#750,.T.);
#1226=ORIENTED_EDGE('',*,*,#837,.F.);
#1227=ORIENTED_EDGE('',*,*,#832,.F.);
#1228=ORIENTED_EDGE('',*,*,#878,.F.);
#1229=ORIENTED_EDGE('',*,*,#899,.T.);
#1230=ORIENTED_EDGE('',*,*,#827,.F.);
#1231=ORIENTED_EDGE('',*,*,#900,.F.);
#1232=ORIENTED_EDGE('',*,*,#901,.F.);
#1233=ORIENTED_EDGE('',*,*,#794,.T.);
#1234=ORIENTED_EDGE('',*,*,#902,.T.);
#1235=ORIENTED_EDGE('',*,*,#880,.F.);
#1236=ORIENTED_EDGE('',*,*,#843,.T.);
#1237=ORIENTED_EDGE('',*,*,#839,.T.);
#1238=ORIENTED_EDGE('',*,*,#763,.F.);
#1239=ORIENTED_EDGE('',*,*,#887,.F.);
#1240=ORIENTED_EDGE('',*,*,#898,.F.);
#1241=ORIENTED_EDGE('',*,*,#883,.F.);
#1242=ORIENTED_EDGE('',*,*,#903,.T.);
#1243=ORIENTED_EDGE('',*,*,#895,.T.);
#1244=ORIENTED_EDGE('',*,*,#897,.T.);
#1245=ORIENTED_EDGE('',*,*,#893,.T.);
#1246=ORIENTED_EDGE('',*,*,#888,.T.);
#1247=ORIENTED_EDGE('',*,*,#903,.F.);
#1248=ORIENTED_EDGE('',*,*,#886,.T.);
#1249=ORIENTED_EDGE('',*,*,#896,.T.);
#1250=ORIENTED_EDGE('',*,*,#892,.T.);
#1251=ORIENTED_EDGE('',*,*,#904,.T.);
#1252=ORIENTED_EDGE('',*,*,#900,.T.);
#1253=ORIENTED_EDGE('',*,*,#826,.F.);
#1254=ORIENTED_EDGE('',*,*,#797,.T.);
#1255=ORIENTED_EDGE('',*,*,#824,.F.);
#1256=ORIENTED_EDGE('',*,*,#829,.F.);
#1257=ORIENTED_EDGE('',*,*,#905,.F.);
#1258=ORIENTED_EDGE('',*,*,#906,.F.);
#1259=ORIENTED_EDGE('',*,*,#767,.T.);
#1260=ORIENTED_EDGE('',*,*,#907,.F.);
#1261=ORIENTED_EDGE('',*,*,#905,.T.);
#1262=ORIENTED_EDGE('',*,*,#828,.F.);
#1263=ORIENTED_EDGE('',*,*,#899,.F.);
#1264=ORIENTED_EDGE('',*,*,#877,.T.);
#1265=ORIENTED_EDGE('',*,*,#855,.T.);
#1266=ORIENTED_EDGE('',*,*,#851,.F.);
#1267=ORIENTED_EDGE('',*,*,#908,.T.);
#1268=ORIENTED_EDGE('',*,*,#909,.T.);
#1269=ORIENTED_EDGE('',*,*,#910,.F.);
#1270=ORIENTED_EDGE('',*,*,#911,.F.);
#1271=ORIENTED_EDGE('',*,*,#912,.F.);
#1272=ORIENTED_EDGE('',*,*,#743,.F.);
#1273=ORIENTED_EDGE('',*,*,#858,.T.);
#1274=ORIENTED_EDGE('',*,*,#860,.T.);
#1275=ORIENTED_EDGE('',*,*,#913,.T.);
#1276=ORIENTED_EDGE('',*,*,#914,.F.);
#1277=ORIENTED_EDGE('',*,*,#915,.F.);
#1278=ORIENTED_EDGE('',*,*,#744,.F.);
#1279=ORIENTED_EDGE('',*,*,#912,.T.);
#1280=ORIENTED_EDGE('',*,*,#916,.T.);
#1281=ORIENTED_EDGE('',*,*,#788,.T.);
#1282=ORIENTED_EDGE('',*,*,#917,.T.);
#1283=ORIENTED_EDGE('',*,*,#918,.F.);
#1284=ORIENTED_EDGE('',*,*,#919,.T.);
#1285=ORIENTED_EDGE('',*,*,#771,.T.);
#1286=ORIENTED_EDGE('',*,*,#920,.T.);
#1287=ORIENTED_EDGE('',*,*,#921,.F.);
#1288=ORIENTED_EDGE('',*,*,#772,.F.);
#1289=ORIENTED_EDGE('',*,*,#919,.F.);
#1290=ORIENTED_EDGE('',*,*,#774,.T.);
#1291=ORIENTED_EDGE('',*,*,#922,.F.);
#1292=ORIENTED_EDGE('',*,*,#923,.F.);
#1293=ORIENTED_EDGE('',*,*,#817,.F.);
#1294=ORIENTED_EDGE('',*,*,#911,.T.);
#1295=ORIENTED_EDGE('',*,*,#924,.F.);
#1296=ORIENTED_EDGE('',*,*,#820,.F.);
#1297=ORIENTED_EDGE('',*,*,#789,.T.);
#1298=ORIENTED_EDGE('',*,*,#916,.F.);
#1299=ORIENTED_EDGE('',*,*,#925,.T.);
#1300=ORIENTED_EDGE('',*,*,#924,.T.);
#1301=ORIENTED_EDGE('',*,*,#910,.T.);
#1302=ORIENTED_EDGE('',*,*,#926,.T.);
#1303=ORIENTED_EDGE('',*,*,#914,.T.);
#1304=ORIENTED_EDGE('',*,*,#927,.F.);
#1305=ORIENTED_EDGE('',*,*,#922,.T.);
#1306=ORIENTED_EDGE('',*,*,#773,.T.);
#1307=ORIENTED_EDGE('',*,*,#921,.T.);
#1308=ORIENTED_EDGE('',*,*,#923,.T.);
#1309=ORIENTED_EDGE('',*,*,#927,.T.);
#1310=ORIENTED_EDGE('',*,*,#928,.T.);
#1311=ORIENTED_EDGE('',*,*,#821,.T.);
#1312=ORIENTED_EDGE('',*,*,#925,.F.);
#1313=ORIENTED_EDGE('',*,*,#920,.F.);
#1314=ORIENTED_EDGE('',*,*,#918,.T.);
#1315=ORIENTED_EDGE('',*,*,#929,.T.);
#1316=ORIENTED_EDGE('',*,*,#930,.T.);
#1317=ORIENTED_EDGE('',*,*,#931,.T.);
#1318=ORIENTED_EDGE('',*,*,#818,.T.);
#1319=ORIENTED_EDGE('',*,*,#850,.F.);
#1320=ORIENTED_EDGE('',*,*,#854,.F.);
#1321=ORIENTED_EDGE('',*,*,#846,.F.);
#1322=ORIENTED_EDGE('',*,*,#882,.T.);
#1323=ORIENTED_EDGE('',*,*,#908,.F.);
#1324=ORIENTED_EDGE('',*,*,#906,.T.);
#1325=ORIENTED_EDGE('',*,*,#907,.T.);
#1326=ORIENTED_EDGE('',*,*,#766,.T.);
#1327=ORIENTED_EDGE('',*,*,#782,.T.);
#1328=ORIENTED_EDGE('',*,*,#813,.T.);
#1329=ORIENTED_EDGE('',*,*,#811,.F.);
#1330=ORIENTED_EDGE('',*,*,#932,.F.);
#1331=ORIENTED_EDGE('',*,*,#798,.F.);
#1332=ORIENTED_EDGE('',*,*,#786,.T.);
#1333=ORIENTED_EDGE('',*,*,#933,.T.);
#1334=ORIENTED_EDGE('',*,*,#930,.F.);
#1335=ORIENTED_EDGE('',*,*,#934,.F.);
#1336=ORIENTED_EDGE('',*,*,#787,.T.);
#1337=ORIENTED_EDGE('',*,*,#934,.T.);
#1338=ORIENTED_EDGE('',*,*,#929,.F.);
#1339=ORIENTED_EDGE('',*,*,#917,.F.);
#1340=ORIENTED_EDGE('',*,*,#822,.T.);
#1341=ORIENTED_EDGE('',*,*,#928,.F.);
#1342=ORIENTED_EDGE('',*,*,#913,.F.);
#1343=ORIENTED_EDGE('',*,*,#935,.F.);
#1344=ORIENTED_EDGE('',*,*,#791,.T.);
#1345=ORIENTED_EDGE('',*,*,#792,.T.);
#1346=ORIENTED_EDGE('',*,*,#935,.T.);
#1347=ORIENTED_EDGE('',*,*,#915,.T.);
#1348=ORIENTED_EDGE('',*,*,#926,.F.);
#1349=ORIENTED_EDGE('',*,*,#909,.F.);
#1350=ORIENTED_EDGE('',*,*,#936,.F.);
#1351=ORIENTED_EDGE('',*,*,#793,.T.);
#1352=ORIENTED_EDGE('',*,*,#936,.T.);
#1353=ORIENTED_EDGE('',*,*,#881,.T.);
#1354=ORIENTED_EDGE('',*,*,#902,.F.);
#1355=ORIENTED_EDGE('',*,*,#823,.T.);
#1356=ORIENTED_EDGE('',*,*,#795,.T.);
#1357=ORIENTED_EDGE('',*,*,#901,.T.);
#1358=ORIENTED_EDGE('',*,*,#904,.F.);
#1359=ORIENTED_EDGE('',*,*,#804,.F.);
#1360=ORIENTED_EDGE('',*,*,#799,.T.);
#1361=ORIENTED_EDGE('',*,*,#932,.T.);
#1362=ORIENTED_EDGE('',*,*,#810,.F.);
#1363=ORIENTED_EDGE('',*,*,#937,.F.);
#1364=ORIENTED_EDGE('',*,*,#800,.T.);
#1365=ORIENTED_EDGE('',*,*,#937,.T.);
#1366=ORIENTED_EDGE('',*,*,#809,.F.);
#1367=ORIENTED_EDGE('',*,*,#879,.F.);
#1368=ORIENTED_EDGE('',*,*,#785,.T.);
#1369=ORIENTED_EDGE('',*,*,#819,.T.);
#1370=ORIENTED_EDGE('',*,*,#931,.F.);
#1371=ORIENTED_EDGE('',*,*,#933,.F.);
#1372=PLANE('',#1527);
#1373=PLANE('',#1528);
#1374=PLANE('',#1529);
#1375=PLANE('',#1530);
#1376=PLANE('',#1531);
#1377=PLANE('',#1532);
#1378=PLANE('',#1533);
#1379=PLANE('',#1534);
#1380=PLANE('',#1536);
#1381=PLANE('',#1537);
#1382=PLANE('',#1538);
#1383=PLANE('',#1539);
#1384=PLANE('',#1546);
#1385=PLANE('',#1550);
#1386=PLANE('',#1551);
#1387=PLANE('',#1555);
#1388=PLANE('',#1556);
#1389=PLANE('',#1559);
#1390=PLANE('',#1560);
#1391=PLANE('',#1561);
#1392=PLANE('',#1564);
#1393=PLANE('',#1566);
#1394=PLANE('',#1573);
#1395=PLANE('',#1577);
#1396=PLANE('',#1578);
#1397=PLANE('',#1579);
#1398=PLANE('',#1581);
#1399=PLANE('',#1590);
#1400=PLANE('',#1591);
#1401=PLANE('',#1592);
#1402=PLANE('',#1594);
#1403=PLANE('',#1595);
#1404=PLANE('',#1596);
#1405=PLANE('',#1597);
#1406=PLANE('',#1598);
#1407=PLANE('',#1599);
#1408=PLANE('',#1608);
#1409=PLANE('',#1609);
#1410=PLANE('',#1610);
#1411=PLANE('',#1611);
#1412=PLANE('',#1612);
#1413=PLANE('',#1614);
#1414=PLANE('',#1615);
#1415=PLANE('',#1616);
#1416=PLANE('',#1617);
#1417=PLANE('',#1619);
#1418=PLANE('',#1620);
#1419=PLANE('',#1621);
#1420=PLANE('',#1622);
#1421=PLANE('',#1623);
#1422=PLANE('',#1624);
#1423=PLANE('',#1627);
#1424=PLANE('',#1628);
#1425=PLANE('',#1630);
#1426=PLANE('',#1632);
#1427=PLANE('',#1633);
#1428=PLANE('',#1635);
#1429=PLANE('',#1637);
#1430=ADVANCED_FACE('',(#71),#1372,.F.);
#1431=ADVANCED_FACE('',(#72),#1373,.F.);
#1432=ADVANCED_FACE('',(#73,#68),#1374,.T.);
#1433=ADVANCED_FACE('',(#74),#1375,.T.);
#1434=ADVANCED_FACE('',(#75),#1376,.T.);
#1435=ADVANCED_FACE('',(#76),#1377,.T.);
#1436=ADVANCED_FACE('',(#77),#1378,.T.);
#1437=ADVANCED_FACE('',(#78,#69),#1379,.T.);
#1438=ADVANCED_FACE('',(#79),#1380,.T.);
#1439=ADVANCED_FACE('',(#80),#1381,.T.);
#1440=ADVANCED_FACE('',(#81),#1382,.T.);
#1441=ADVANCED_FACE('',(#82),#1383,.F.);
#1442=ADVANCED_FACE('',(#83),#1384,.T.);
#1443=ADVANCED_FACE('',(#84),#1385,.T.);
#1444=ADVANCED_FACE('',(#85),#1386,.T.);
#1445=ADVANCED_FACE('',(#86),#16,.T.);
#1446=ADVANCED_FACE('',(#87),#17,.T.);
#1447=ADVANCED_FACE('',(#88),#1387,.T.);
#1448=ADVANCED_FACE('',(#89),#1388,.T.);
#1449=ADVANCED_FACE('',(#90),#1389,.T.);
#1450=ADVANCED_FACE('',(#91),#1390,.T.);
#1451=ADVANCED_FACE('',(#92),#1391,.T.);
#1452=ADVANCED_FACE('',(#93),#1392,.T.);
#1453=ADVANCED_FACE('',(#94),#1393,.T.);
#1454=ADVANCED_FACE('',(#95),#18,.T.);
#1455=ADVANCED_FACE('',(#96),#19,.T.);
#1456=ADVANCED_FACE('',(#97),#1394,.T.);
#1457=ADVANCED_FACE('',(#98),#20,.F.);
#1458=ADVANCED_FACE('',(#99),#1395,.T.);
#1459=ADVANCED_FACE('',(#100),#1396,.T.);
#1460=ADVANCED_FACE('',(#101),#1397,.T.);
#1461=ADVANCED_FACE('',(#102),#1398,.T.);
#1462=ADVANCED_FACE('',(#103),#15,.T.);
#1463=ADVANCED_FACE('',(#104),#21,.T.);
#1464=ADVANCED_FACE('',(#105),#22,.T.);
#1465=ADVANCED_FACE('',(#106),#23,.T.);
#1466=ADVANCED_FACE('',(#107),#1399,.T.);
#1467=ADVANCED_FACE('',(#108),#1400,.T.);
#1468=ADVANCED_FACE('',(#109),#1401,.T.);
#1469=ADVANCED_FACE('',(#110),#24,.F.);
#1470=ADVANCED_FACE('',(#111),#1402,.T.);
#1471=ADVANCED_FACE('',(#112),#1403,.T.);
#1472=ADVANCED_FACE('',(#113),#1404,.T.);
#1473=ADVANCED_FACE('',(#114),#1405,.F.);
#1474=ADVANCED_FACE('',(#115),#1406,.F.);
#1475=ADVANCED_FACE('',(#116),#1407,.F.);
#1476=ADVANCED_FACE('',(#117),#25,.T.);
#1477=ADVANCED_FACE('',(#118),#26,.T.);
#1478=ADVANCED_FACE('',(#119),#1408,.T.);
#1479=ADVANCED_FACE('',(#120,#70),#1409,.T.);
#1480=ADVANCED_FACE('',(#121),#1410,.T.);
#1481=ADVANCED_FACE('',(#122),#1411,.T.);
#1482=ADVANCED_FACE('',(#123),#1412,.T.);
#1483=ADVANCED_FACE('',(#124),#1413,.T.);
#1484=ADVANCED_FACE('',(#125),#1414,.T.);
#1485=ADVANCED_FACE('',(#126),#1415,.T.);
#1486=ADVANCED_FACE('',(#127),#1416,.T.);
#1487=ADVANCED_FACE('',(#128),#1417,.T.);
#1488=ADVANCED_FACE('',(#129),#1418,.T.);
#1489=ADVANCED_FACE('',(#130),#1419,.T.);
#1490=ADVANCED_FACE('',(#131),#1420,.T.);
#1491=ADVANCED_FACE('',(#132),#1421,.T.);
#1492=ADVANCED_FACE('',(#133),#1422,.T.);
#1493=ADVANCED_FACE('',(#134),#1423,.T.);
#1494=ADVANCED_FACE('',(#135),#1424,.T.);
#1495=ADVANCED_FACE('',(#136),#27,.F.);
#1496=ADVANCED_FACE('',(#137),#1425,.T.);
#1497=ADVANCED_FACE('',(#138),#28,.T.);
#1498=ADVANCED_FACE('',(#139),#1426,.T.);
#1499=ADVANCED_FACE('',(#140),#1427,.T.);
#1500=ADVANCED_FACE('',(#141),#29,.T.);
#1501=ADVANCED_FACE('',(#142),#1428,.T.);
#1502=ADVANCED_FACE('',(#143),#30,.F.);
#1503=ADVANCED_FACE('',(#144),#1429,.T.);
#1504=CLOSED_SHELL('',(#1430,#1431,#1432,#1433,#1434,#1435,#1436,#1437,
#1438,#1439,#1440,#1441,#1442,#1443,#1444,#1445,#1446,#1447,#1448,#1449,
#1450,#1451,#1452,#1453,#1454,#1455,#1456,#1457,#1458,#1459,#1460,#1461,
#1462,#1463,#1464,#1465,#1466,#1467,#1468,#1469,#1470,#1471,#1472,#1473,
#1474,#1475,#1476,#1477,#1478,#1479,#1480,#1481,#1482,#1483,#1484,#1485,
#1486,#1487,#1488,#1489,#1490,#1491,#1492,#1493,#1494,#1495,#1496,#1497,
#1498,#1499,#1500,#1501,#1502,#1503));
#1505=DERIVED_UNIT_ELEMENT(#1508,1.);
#1506=DERIVED_UNIT_ELEMENT(#2478,-3.);
#1507=DIMENSIONAL_EXPONENTS(0.,1.,0.,0.,0.,0.,0.);
#1508=(
CONVERSION_BASED_UNIT('gram',#1510)
MASS_UNIT()
NAMED_UNIT(#1507)
);
#1509=(
MASS_UNIT()
NAMED_UNIT(*)
SI_UNIT(.KILO.,.GRAM.)
);
#1510=MASS_MEASURE_WITH_UNIT(MASS_MEASURE(0.001),#1509);
#1511=DERIVED_UNIT((#1505,#1506));
#1512=MEASURE_REPRESENTATION_ITEM('density measure',
POSITIVE_RATIO_MEASURE(1.),#1511);
#1513=PROPERTY_DEFINITION_REPRESENTATION(#1518,#1515);
#1514=PROPERTY_DEFINITION_REPRESENTATION(#1519,#1516);
#1515=REPRESENTATION('material name',(#1517),#2475);
#1516=REPRESENTATION('density',(#1512),#2475);
#1517=DESCRIPTIVE_REPRESENTATION_ITEM('Generic','Generic');
#1518=PROPERTY_DEFINITION('material property','material name',#2485);
#1519=PROPERTY_DEFINITION('material property','density of part',#2485);
#1520=DATE_TIME_ROLE('creation_date');
#1521=APPLIED_DATE_AND_TIME_ASSIGNMENT(#1522,#1520,(#2485));
#1522=DATE_AND_TIME(#1523,#1524);
#1523=CALENDAR_DATE(2026,8,5);
#1524=LOCAL_TIME(0,0,0.,#1525);
#1525=COORDINATED_UNIVERSAL_TIME_OFFSET(0,0,.BEHIND.);
#1526=AXIS2_PLACEMENT_3D('',#2042,#1638,#1639);
#1527=AXIS2_PLACEMENT_3D('',#2043,#1640,#1641);
#1528=AXIS2_PLACEMENT_3D('',#2054,#1647,#1648);
#1529=AXIS2_PLACEMENT_3D('',#2065,#1654,#1655);
#1530=AXIS2_PLACEMENT_3D('',#2076,#1662,#1663);
#1531=AXIS2_PLACEMENT_3D('',#2082,#1667,#1668);
#1532=AXIS2_PLACEMENT_3D('',#2094,#1675,#1676);
#1533=AXIS2_PLACEMENT_3D('',#2100,#1680,#1681);
#1534=AXIS2_PLACEMENT_3D('',#2106,#1685,#1686);
#1535=AXIS2_PLACEMENT_3D('',#2120,#1693,#1694);
#1536=AXIS2_PLACEMENT_3D('',#2128,#1699,#1700);
#1537=AXIS2_PLACEMENT_3D('',#2132,#1703,#1704);
#1538=AXIS2_PLACEMENT_3D('',#2142,#1710,#1711);
#1539=AXIS2_PLACEMENT_3D('',#2166,#1725,#1726);
#1540=AXIS2_PLACEMENT_3D('',#2175,#1730,#1731);
#1541=AXIS2_PLACEMENT_3D('',#2183,#1735,#1736);
#1542=AXIS2_PLACEMENT_3D('',#2185,#1737,#1738);
#1543=AXIS2_PLACEMENT_3D('',#2193,#1742,#1743);
#1544=AXIS2_PLACEMENT_3D('',#2195,#1744,#1745);
#1545=AXIS2_PLACEMENT_3D('',#2202,#1749,#1750);
#1546=AXIS2_PLACEMENT_3D('',#2203,#1751,#1752);
#1547=AXIS2_PLACEMENT_3D('',#2210,#1755,#1756);
#1548=AXIS2_PLACEMENT_3D('',#2212,#1757,#1758);
#1549=AXIS2_PLACEMENT_3D('',#2222,#1763,#1764);
#1550=AXIS2_PLACEMENT_3D('',#2226,#1767,#1768);
#1551=AXIS2_PLACEMENT_3D('',#2229,#1771,#1772);
#1552=AXIS2_PLACEMENT_3D('',#2238,#1779,#1780);
#1553=AXIS2_PLACEMENT_3D('',#2242,#1782,#1783);
#1554=AXIS2_PLACEMENT_3D('',#2244,#1785,#1786);
#1555=AXIS2_PLACEMENT_3D('',#2247,#1789,#1790);
#1556=AXIS2_PLACEMENT_3D('',#2256,#1796,#1797);
#1557=AXIS2_PLACEMENT_3D('',#2268,#1803,#1804);
#1558=AXIS2_PLACEMENT_3D('',#2269,#1805,#1806);
#1559=AXIS2_PLACEMENT_3D('',#2270,#1807,#1808);
#1560=AXIS2_PLACEMENT_3D('',#2272,#1810,#1811);
#1561=AXIS2_PLACEMENT_3D('',#2274,#1813,#1814);
#1562=AXIS2_PLACEMENT_3D('',#2280,#1817,#1818);
#1563=AXIS2_PLACEMENT_3D('',#2281,#1819,#1820);
#1564=AXIS2_PLACEMENT_3D('',#2282,#1821,#1822);
#1565=AXIS2_PLACEMENT_3D('',#2284,#1824,#1825);
#1566=AXIS2_PLACEMENT_3D('',#2285,#1826,#1827);
#1567=AXIS2_PLACEMENT_3D('',#2286,#1828,#1829);
#1568=AXIS2_PLACEMENT_3D('',#2288,#1830,#1831);
#1569=AXIS2_PLACEMENT_3D('',#2292,#1833,#1834);
#1570=AXIS2_PLACEMENT_3D('',#2294,#1836,#1837);
#1571=AXIS2_PLACEMENT_3D('',#2296,#1838,#1839);
#1572=AXIS2_PLACEMENT_3D('',#2300,#1841,#1842);
#1573=AXIS2_PLACEMENT_3D('',#2302,#1844,#1845);
#1574=AXIS2_PLACEMENT_3D('',#2303,#1846,#1847);
#1575=AXIS2_PLACEMENT_3D('',#2305,#1849,#1850);
#1576=AXIS2_PLACEMENT_3D('',#2307,#1851,#1852);
#1577=AXIS2_PLACEMENT_3D('',#2309,#1854,#1855);
#1578=AXIS2_PLACEMENT_3D('',#2314,#1859,#1860);
#1579=AXIS2_PLACEMENT_3D('',#2316,#1862,#1863);
#1580=AXIS2_PLACEMENT_3D('',#2320,#1865,#1866);
#1581=AXIS2_PLACEMENT_3D('',#2324,#1869,#1870);
#1582=AXIS2_PLACEMENT_3D('',#2328,#1873,#1874);
#1583=AXIS2_PLACEMENT_3D('',#2330,#1875,#1876);
#1584=AXIS2_PLACEMENT_3D('',#2332,#1877,#1878);
#1585=AXIS2_PLACEMENT_3D('',#2333,#1879,#1880);
#1586=AXIS2_PLACEMENT_3D('',#2334,#1881,#1882);
#1587=AXIS2_PLACEMENT_3D('',#2337,#1883,#1884);
#1588=AXIS2_PLACEMENT_3D('',#2340,#1887,#1888);
#1589=AXIS2_PLACEMENT_3D('',#2342,#1890,#1891);
#1590=AXIS2_PLACEMENT_3D('',#2344,#1893,#1894);
#1591=AXIS2_PLACEMENT_3D('',#2346,#1896,#1897);
#1592=AXIS2_PLACEMENT_3D('',#2348,#1899,#1900);
#1593=AXIS2_PLACEMENT_3D('',#2349,#1901,#1902);
#1594=AXIS2_PLACEMENT_3D('',#2350,#1903,#1904);
#1595=AXIS2_PLACEMENT_3D('',#2354,#1907,#1908);
#1596=AXIS2_PLACEMENT_3D('',#2355,#1909,#1910);
#1597=AXIS2_PLACEMENT_3D('',#2357,#1912,#1913);
#1598=AXIS2_PLACEMENT_3D('',#2363,#1917,#1918);
#1599=AXIS2_PLACEMENT_3D('',#2372,#1923,#1924);
#1600=AXIS2_PLACEMENT_3D('',#2381,#1929,#1930);
#1601=AXIS2_PLACEMENT_3D('',#2383,#1931,#1932);
#1602=AXIS2_PLACEMENT_3D('',#2385,#1933,#1934);
#1603=AXIS2_PLACEMENT_3D('',#2386,#1935,#1936);
#1604=AXIS2_PLACEMENT_3D('',#2387,#1937,#1938);
#1605=AXIS2_PLACEMENT_3D('',#2389,#1939,#1940);
#1606=AXIS2_PLACEMENT_3D('',#2390,#1941,#1942);
#1607=AXIS2_PLACEMENT_3D('',#2391,#1943,#1944);
#1608=AXIS2_PLACEMENT_3D('',#2392,#1945,#1946);
#1609=AXIS2_PLACEMENT_3D('',#2395,#1949,#1950);
#1610=AXIS2_PLACEMENT_3D('',#2402,#1956,#1957);
#1611=AXIS2_PLACEMENT_3D('',#2403,#1958,#1959);
#1612=AXIS2_PLACEMENT_3D('',#2404,#1960,#1961);
#1613=AXIS2_PLACEMENT_3D('',#2405,#1962,#1963);
#1614=AXIS2_PLACEMENT_3D('',#2406,#1964,#1965);
#1615=AXIS2_PLACEMENT_3D('',#2410,#1968,#1969);
#1616=AXIS2_PLACEMENT_3D('',#2412,#1971,#1972);
#1617=AXIS2_PLACEMENT_3D('',#2421,#1978,#1979);
#1618=AXIS2_PLACEMENT_3D('',#2424,#1980,#1981);
#1619=AXIS2_PLACEMENT_3D('',#2428,#1984,#1985);
#1620=AXIS2_PLACEMENT_3D('',#2435,#1990,#1991);
#1621=AXIS2_PLACEMENT_3D('',#2439,#1994,#1995);
#1622=AXIS2_PLACEMENT_3D('',#2443,#1998,#1999);
#1623=AXIS2_PLACEMENT_3D('',#2445,#2001,#2002);
#1624=AXIS2_PLACEMENT_3D('',#2449,#2006,#2007);
#1625=AXIS2_PLACEMENT_3D('',#2450,#2008,#2009);
#1626=AXIS2_PLACEMENT_3D('',#2454,#2011,#2012);
#1627=AXIS2_PLACEMENT_3D('',#2456,#2014,#2015);
#1628=AXIS2_PLACEMENT_3D('',#2457,#2016,#2017);
#1629=AXIS2_PLACEMENT_3D('',#2459,#2019,#2020);
#1630=AXIS2_PLACEMENT_3D('',#2462,#2023,#2024);
#1631=AXIS2_PLACEMENT_3D('',#2463,#2025,#2026);
#1632=AXIS2_PLACEMENT_3D('',#2465,#2028,#2029);
#1633=AXIS2_PLACEMENT_3D('',#2467,#2031,#2032);
#1634=AXIS2_PLACEMENT_3D('',#2468,#2033,#2034);
#1635=AXIS2_PLACEMENT_3D('',#2469,#2035,#2036);
#1636=AXIS2_PLACEMENT_3D('',#2471,#2038,#2039);
#1637=AXIS2_PLACEMENT_3D('',#2472,#2040,#2041);
#1638=DIRECTION('axis',(0.,0.,1.));
#1639=DIRECTION('refdir',(1.,0.,0.));
#1640=DIRECTION('center_axis',(0.503944198319893,0.863736212613389,1.06531562937239E-16));
#1641=DIRECTION('ref_axis',(0.863736212613389,-0.503944198319893,2.66230356047475E-16));
#1642=DIRECTION('',(-0.767009134409281,0.447509086338299,0.45981801332417));
#1643=DIRECTION('',(-0.863736212613389,0.503944198319893,-5.98353320548468E-17));
#1644=DIRECTION('',(1.17877250814942E-16,5.45629621485428E-17,-1.));
#1645=DIRECTION('',(0.767009134409281,-0.447509086338299,0.45981801332417));
#1646=DIRECTION('',(0.,-1.23338076349617E-16,1.));
#1647=DIRECTION('center_axis',(0.495314800585482,-0.86871355942046,1.04707346623372E-16));
#1648=DIRECTION('ref_axis',(-0.86871355942046,-0.495314800585482,-2.67764529089275E-16));
#1649=DIRECTION('',(0.770488193270015,0.439309599423777,-0.461903691136615));
#1650=DIRECTION('',(0.,-1.20531497969508E-16,-1.));
#1651=DIRECTION('',(-0.770488193270014,-0.439309599423777,-0.461903691136615));
#1652=DIRECTION('',(-2.57426718430134E-16,-2.62456097685819E-17,1.));
#1653=DIRECTION('',(0.86871355942046,0.495314800585482,1.14861120517934E-16));
#1654=DIRECTION('center_axis',(-1.,0.,0.));
#1655=DIRECTION('ref_axis',(0.,-5.45629621485428E-17,1.));
#1656=DIRECTION('',(0.,-1.,0.));
#1657=DIRECTION('',(0.,-1.,-1.79579430860339E-16));
#1658=DIRECTION('',(0.,-1.,0.));
#1659=DIRECTION('',(2.61344245902641E-16,0.,-1.));
#1660=DIRECTION('',(0.,-1.,0.));
#1661=DIRECTION('',(2.61344245902641E-16,0.,-1.));
#1662=DIRECTION('center_axis',(-0.514177136658092,0.,0.857684016487474));
#1663=DIRECTION('ref_axis',(-0.857684016487474,1.03536652486576E-16,-0.514177136658091));
#1664=DIRECTION('',(-0.857684016487474,2.15246149753187E-16,-0.514177136658092));
#1665=DIRECTION('',(0.,-1.,0.));
#1666=DIRECTION('',(0.857684016487474,-1.03536652486576E-16,0.514177136658092));
#1667=DIRECTION('center_axis',(1.04982439074328E-16,1.,2.6245609768582E-17));
#1668=DIRECTION('ref_axis',(-0.242535625036333,6.16297582203915E-33,0.970142500145332));
#1669=DIRECTION('',(1.,-1.04982439074328E-16,3.08231092039023E-16));
#1670=DIRECTION('',(3.08231092039023E-16,2.62456097685819E-17,-1.));
#1671=DIRECTION('',(-0.00201144347096497,2.64567229165505E-17,-0.999997977045535));
#1672=DIRECTION('',(-1.,1.04982439074328E-16,0.));
#1673=DIRECTION('',(0.,2.6245609768582E-17,-1.));
#1674=DIRECTION('',(-1.,1.04982439074328E-16,-8.59300919845715E-17));
#1675=DIRECTION('center_axis',(0.513754805950612,-0.857937060257131,1.3426686234002E-16));
#1676=DIRECTION('ref_axis',(-0.857937060257131,-0.513754805950612,-2.64442876983805E-16));
#1677=DIRECTION('',(0.762939582090904,0.456867869575046,0.457378337734653));
#1678=DIRECTION('',(-0.762939582090904,-0.456867869575046,0.457378337734653));
#1679=DIRECTION('',(-3.77198800998487E-16,-3.82376020746185E-16,-1.));
#1680=DIRECTION('center_axis',(0.521515844573116,0.853241597590735,1.3629516512624E-16));
#1681=DIRECTION('ref_axis',(0.853241597590735,-0.521515844573116,2.62995589398513E-16));
#1682=DIRECTION('',(-0.759631869132936,0.464299978943994,-0.455395380905657));
#1683=DIRECTION('',(-1.72074879540411E-16,-5.45629621485428E-17,1.));
#1684=DIRECTION('',(0.759631869132936,-0.464299978943994,-0.455395380905656));
#1685=DIRECTION('center_axis',(1.52950408298474E-15,-1.,3.82376020746184E-16));
#1686=DIRECTION('ref_axis',(0.970142500145332,1.57657672223989E-15,0.242535625036333));
#1687=DIRECTION('',(-0.857684016487475,-1.11522219765435E-15,0.514177136658091));
#1688=DIRECTION('',(1.,1.52950408298474E-15,3.08231092039023E-16));
#1689=DIRECTION('',(-0.242535625036333,0.,0.970142500145332));
#1690=DIRECTION('',(-0.970142500145332,-1.57657672223989E-15,-0.242535625036333));
#1691=DIRECTION('',(1.,1.52950408298474E-15,-2.75532812849874E-33));
#1692=DIRECTION('',(0.857684016487475,1.50844021260233E-15,0.514177136658091));
#1693=DIRECTION('center_axis',(1.52950408298474E-15,-1.,3.82376020746184E-16));
#1694=DIRECTION('ref_axis',(0.970142500145332,1.56528572383989E-15,0.242535625036332));
#1695=DIRECTION('',(0.970142500145332,1.57657672223989E-15,0.242535625036332));
#1696=DIRECTION('',(0.242535625036332,-2.17602925988407E-30,-0.970142500145332));
#1697=DIRECTION('',(-0.970142500145332,-1.57657672223989E-15,-0.242535625036331));
#1698=DIRECTION('',(-0.242535625036333,3.2640438898261E-31,0.970142500145332));
#1699=DIRECTION('center_axis',(0.514177136658091,0.,0.857684016487475));
#1700=DIRECTION('ref_axis',(-0.857684016487475,7.6546867525266E-17,0.514177136658091));
#1701=DIRECTION('',(0.857684016487475,-1.59136094462944E-16,-0.514177136658091));
#1702=DIRECTION('',(0.,-1.,0.));
#1703=DIRECTION('center_axis',(-2.18251848594171E-16,-1.,-5.45629621485428E-17));
#1704=DIRECTION('ref_axis',(0.970142500145332,-2.2496885618502E-16,0.242535625036333));
#1705=DIRECTION('',(1.,-2.18251848594171E-16,1.56812769062375E-16));
#1706=DIRECTION('',(5.72815284947425E-33,5.45629621485428E-17,-1.));
#1707=DIRECTION('',(-1.,2.18251848594171E-16,0.));
#1708=DIRECTION('',(-3.19406375762696E-16,-5.45629621485428E-17,1.));
#1709=DIRECTION('',(1.,-2.18251848594171E-16,3.08231092039023E-16));
#1710=DIRECTION('center_axis',(1.01109596885505E-16,5.45629621485428E-17,
-1.));
#1711=DIRECTION('ref_axis',(-1.,2.18251848594171E-16,-1.01109596885505E-16));
#1712=DIRECTION('',(2.11395553897447E-16,1.,5.28488884743618E-17));
#1713=DIRECTION('',(-2.31892589131307E-16,-1.,0.));
#1714=DIRECTION('',(1.,-2.14881875733901E-16,0.));
#1715=DIRECTION('',(2.31892589131307E-16,1.,0.));
#1716=DIRECTION('',(1.,-2.14881875733901E-16,0.));
#1717=DIRECTION('',(1.04982439074328E-16,1.,2.6245609768582E-17));
#1718=DIRECTION('',(1.04982439074328E-16,1.,2.6245609768582E-17));
#1719=DIRECTION('',(1.04982439074328E-16,1.,2.6245609768582E-17));
#1720=DIRECTION('',(1.04982439074328E-16,1.,2.6245609768582E-17));
#1721=DIRECTION('',(1.,-2.86509167645202E-16,0.));
#1722=DIRECTION('',(2.31892589131307E-16,1.,0.));
#1723=DIRECTION('',(1.,-2.86509167645202E-16,0.));
#1724=DIRECTION('',(-2.31892589131307E-16,-1.,0.));
#1725=DIRECTION('center_axis',(0.,0.,1.));
#1726=DIRECTION('ref_axis',(1.,0.,0.));
#1727=DIRECTION('',(1.,0.,0.));
#1728=DIRECTION('',(-1.04982439074328E-16,-1.,0.));
#1729=DIRECTION('',(-1.,0.,0.));
#1730=DIRECTION('center_axis',(0.,0.,-1.));
#1731=DIRECTION('ref_axis',(-1.,0.,0.));
#1732=DIRECTION('',(1.,0.,0.));
#1733=DIRECTION('',(-2.31892589131307E-16,-1.,0.));
#1734=DIRECTION('',(-1.,0.,0.));
#1735=DIRECTION('center_axis',(0.,0.,-1.));
#1736=DIRECTION('ref_axis',(0.544735375102487,0.838607996093499,0.));
#1737=DIRECTION('center_axis',(0.,0.,1.));
#1738=DIRECTION('ref_axis',(1.,0.,0.));
#1739=DIRECTION('',(1.,-1.48029736616688E-16,0.));
#1740=DIRECTION('',(2.31892589131307E-16,1.,0.));
#1741=DIRECTION('',(-1.,1.48029736616688E-16,0.));
#1742=DIRECTION('center_axis',(0.,0.,1.));
#1743=DIRECTION('ref_axis',(1.,0.,0.));
#1744=DIRECTION('center_axis',(0.,0.,-1.));
#1745=DIRECTION('ref_axis',(0.991914580473522,0.126907308867678,0.));
#1746=DIRECTION('',(1.,-2.86509167645202E-16,0.));
#1747=DIRECTION('',(0.,1.,0.));
#1748=DIRECTION('',(-1.,0.,0.));
#1749=DIRECTION('center_axis',(0.,0.,-1.));
#1750=DIRECTION('ref_axis',(-1.,0.,0.));
#1751=DIRECTION('center_axis',(0.,0.,1.));
#1752=DIRECTION('ref_axis',(1.,0.,0.));
#1753=DIRECTION('',(-1.,2.86509167645202E-16,0.));
#1754=DIRECTION('',(2.86509167645202E-16,1.,0.));
#1755=DIRECTION('center_axis',(0.,0.,1.));
#1756=DIRECTION('ref_axis',(0.991914580473522,0.126907308867678,0.));
#1757=DIRECTION('center_axis',(0.,0.,1.));
#1758=DIRECTION('ref_axis',(1.,0.,0.));
#1759=DIRECTION('',(-2.86509167645202E-16,-1.,0.));
#1760=DIRECTION('',(1.,0.,0.));
#1761=DIRECTION('',(1.04982439074328E-16,1.,0.));
#1762=DIRECTION('',(1.,0.,0.));
#1763=DIRECTION('center_axis',(0.,0.,-1.));
#1764=DIRECTION('ref_axis',(-1.,0.,0.));
#1765=DIRECTION('',(-1.,0.,0.));
#1766=DIRECTION('',(0.,-1.,0.));
#1767=DIRECTION('center_axis',(2.86509167645202E-16,1.,0.));
#1768=DIRECTION('ref_axis',(0.,0.,1.));
#1769=DIRECTION('',(0.,0.,1.));
#1770=DIRECTION('',(0.,0.,-1.));
#1771=DIRECTION('center_axis',(-1.,1.04982439074328E-16,0.));
#1772=DIRECTION('ref_axis',(-1.04982439074328E-16,-1.,0.));
#1773=DIRECTION('',(0.,0.,1.));
#1774=DIRECTION('',(0.,0.,1.));
#1775=DIRECTION('',(1.04982439074328E-16,1.,2.6245609768582E-17));
#1776=DIRECTION('',(0.,0.,-1.));
#1777=DIRECTION('',(-1.04982439074328E-16,-1.,0.));
#1778=DIRECTION('',(0.,0.,1.));
#1779=DIRECTION('center_axis',(0.,0.,1.));
#1780=DIRECTION('ref_axis',(0.544735375102487,0.838607996093499,0.));
#1781=DIRECTION('',(0.,0.,1.));
#1782=DIRECTION('center_axis',(0.,0.,1.));
#1783=DIRECTION('ref_axis',(0.544735375102487,0.838607996093499,0.));
#1784=DIRECTION('',(0.,0.,1.));
#1785=DIRECTION('center_axis',(0.,0.,1.));
#1786=DIRECTION('ref_axis',(0.991914580473522,0.126907308867678,0.));
#1787=DIRECTION('',(0.,0.,-1.));
#1788=DIRECTION('',(0.,0.,-1.));
#1789=DIRECTION('center_axis',(1.,-2.86509167645202E-16,0.));
#1790=DIRECTION('ref_axis',(0.,0.,-1.));
#1791=DIRECTION('',(0.,0.,-1.));
#1792=DIRECTION('',(2.31892589131307E-16,1.,0.));
#1793=DIRECTION('',(0.,0.,1.));
#1794=DIRECTION('',(-2.31892589131307E-16,-1.,0.));
#1795=DIRECTION('',(0.,0.,-1.));
#1796=DIRECTION('center_axis',(3.08231092039023E-16,0.,-1.));
#1797=DIRECTION('ref_axis',(1.,-1.04982439074328E-16,3.08231092039023E-16));
#1798=DIRECTION('',(1.,1.52950408298474E-15,-2.75532812849874E-33));
#1799=DIRECTION('',(0.,-1.,0.));
#1800=DIRECTION('',(-1.,2.18251848594171E-16,-2.96059473233375E-16));
#1801=DIRECTION('',(0.,-1.,0.));
#1802=DIRECTION('',(3.48000248018415E-16,1.,8.70000620046038E-17));
#1803=DIRECTION('center_axis',(-2.75532812849874E-33,0.,-1.));
#1804=DIRECTION('ref_axis',(1.,2.01951476405393E-16,0.));
#1805=DIRECTION('center_axis',(2.75532812849874E-33,0.,1.));
#1806=DIRECTION('ref_axis',(-1.,-9.84753865900582E-16,0.));
#1807=DIRECTION('center_axis',(0.514177136658092,0.,-0.857684016487474));
#1808=DIRECTION('ref_axis',(0.857684016487474,-1.03536652486576E-16,0.514177136658091));
#1809=DIRECTION('',(-0.857684016487474,2.15246149753187E-16,-0.514177136658092));
#1810=DIRECTION('center_axis',(-3.08231092039023E-16,0.,1.));
#1811=DIRECTION('ref_axis',(-1.,1.04982439074328E-16,-3.08231092039023E-16));
#1812=DIRECTION('',(0.,-1.,0.));
#1813=DIRECTION('center_axis',(-3.08231092039023E-16,0.,1.));
#1814=DIRECTION('ref_axis',(-1.,1.04982439074328E-16,-3.08231092039023E-16));
#1815=DIRECTION('',(-1.,2.18251848594171E-16,-3.08231092039023E-16));
#1816=DIRECTION('',(0.,-1.,0.));
#1817=DIRECTION('center_axis',(-3.08231092039023E-16,0.,1.));
#1818=DIRECTION('ref_axis',(-1.,-2.30801687320449E-16,-3.28630951108919E-16));
#1819=DIRECTION('center_axis',(3.08231092039023E-16,0.,-1.));
#1820=DIRECTION('ref_axis',(-1.,-1.42438472385453E-15,-3.11261732136406E-16));
#1821=DIRECTION('center_axis',(1.,0.,3.08231092039023E-16));
#1822=DIRECTION('ref_axis',(-3.08231092039023E-16,-2.62456097685819E-17,
1.));
#1823=DIRECTION('',(-3.08231092039023E-16,-5.45629621485428E-17,1.));
#1824=DIRECTION('center_axis',(1.,0.,3.08231092039023E-16));
#1825=DIRECTION('ref_axis',(2.92801494330177E-16,-9.61673697168536E-18,
-1.));
#1826=DIRECTION('center_axis',(-0.514177136658091,0.,-0.857684016487475));
#1827=DIRECTION('ref_axis',(0.857684016487475,-7.6546867525266E-17,-0.514177136658091));
#1828=DIRECTION('center_axis',(0.242535625036333,0.,-0.970142500145332));
#1829=DIRECTION('ref_axis',(-0.353042672967605,-0.931434874537872,-0.0882606682419016));
#1830=DIRECTION('center_axis',(0.242535625036333,0.,-0.970142500145332));
#1831=DIRECTION('ref_axis',(-0.353042672967605,-0.931434874537872,-0.0882606682419016));
#1832=DIRECTION('',(-0.242535625036333,9.24446373305873E-33,0.970142500145332));
#1833=DIRECTION('center_axis',(0.242535625036333,0.,-0.970142500145332));
#1834=DIRECTION('ref_axis',(-0.353042672967605,-0.931434874537872,-0.0882606682419016));
#1835=DIRECTION('',(0.242535625036333,0.,-0.970142500145332));
#1836=DIRECTION('center_axis',(-0.242535625036333,2.95822839457879E-31,
0.970142500145332));
#1837=DIRECTION('ref_axis',(0.236994544721275,-0.969702627037345,0.0592486361803199));
#1838=DIRECTION('center_axis',(0.242535625036333,0.,-0.970142500145332));
#1839=DIRECTION('ref_axis',(0.236994544721275,-0.969702627037345,0.0592486361803199));
#1840=DIRECTION('',(0.242535625036333,9.24446373305873E-33,-0.970142500145332));
#1841=DIRECTION('center_axis',(0.,0.,-1.));
#1842=DIRECTION('ref_axis',(1.,2.01951476405393E-16,0.));
#1843=DIRECTION('',(-0.242535625036333,2.95822839457879E-31,0.970142500145332));
#1844=DIRECTION('center_axis',(-0.242535625036333,0.,0.970142500145332));
#1845=DIRECTION('ref_axis',(0.970142500145332,0.,0.242535625036333));
#1846=DIRECTION('center_axis',(0.242535625036333,0.,-0.970142500145332));
#1847=DIRECTION('ref_axis',(-0.839251478618209,-0.501632849168066,-0.209812869654552));
#1848=DIRECTION('',(0.970142500145332,-8.11546889239762E-17,0.242535625036333));
#1849=DIRECTION('center_axis',(0.242535625036333,-2.95822839457879E-31,
-0.970142500145332));
#1850=DIRECTION('ref_axis',(-0.475662546531723,0.871552759843683,-0.118915636632931));
#1851=DIRECTION('center_axis',(0.,0.,1.));
#1852=DIRECTION('ref_axis',(-1.,-9.84753865900582E-16,0.));
#1853=DIRECTION('',(-0.242535625036333,2.95822839457879E-31,0.970142500145332));
#1854=DIRECTION('center_axis',(0.999997977045535,0.,-0.00201144347096497));
#1855=DIRECTION('ref_axis',(0.00201144347096497,-2.64567229165505E-17,0.999997977045535));
#1856=DIRECTION('',(-0.00201144347096497,-3.8545175821844E-16,-0.999997977045535));
#1857=DIRECTION('',(0.,-1.,0.));
#1858=DIRECTION('',(0.,-1.,0.));
#1859=DIRECTION('center_axis',(1.52950408298474E-15,-1.,3.82376020746184E-16));
#1860=DIRECTION('ref_axis',(0.,-3.82376020746184E-16,-1.));
#1861=DIRECTION('',(-1.,-1.52950408298474E-15,0.));
#1862=DIRECTION('center_axis',(-0.879247702416919,-0.422618261740699,-0.219811925604229));
#1863=DIRECTION('ref_axis',(-0.242535625036332,0.,0.970142500145332));
#1864=DIRECTION('',(0.409999937052196,-0.90630778703665,0.102499984263049));
#1865=DIRECTION('center_axis',(0.879247702416919,0.422618261740699,0.219811925604229));
#1866=DIRECTION('ref_axis',(0.461412320918176,-0.640856382055789,-0.613515906626118));
#1867=DIRECTION('',(-0.242535625036333,-1.19130662671005E-16,0.970142500145332));
#1868=DIRECTION('',(-0.409999937052197,0.90630778703665,-0.102499984263047));
#1869=DIRECTION('center_axis',(0.242535625036332,-5.13478148889135E-16,
-0.970142500145332));
#1870=DIRECTION('ref_axis',(0.409999937052196,-0.90630778703665,0.102499984263049));
#1871=DIRECTION('',(-0.409999937052196,0.90630778703665,-0.102499984263049));
#1872=DIRECTION('',(0.879247702416919,0.422618261740699,0.219811925604229));
#1873=DIRECTION('center_axis',(0.,0.,1.));
#1874=DIRECTION('ref_axis',(1.,0.,0.));
#1875=DIRECTION('center_axis',(0.409999937052197,-0.90630778703665,0.102499984263045));
#1876=DIRECTION('ref_axis',(0.879247702416919,0.422618261740699,0.21981192560423));
#1877=DIRECTION('center_axis',(0.242535625036333,7.91033905045425E-16,-0.970142500145332));
#1878=DIRECTION('ref_axis',(0.409999937052196,-0.90630778703665,0.102499984263048));
#1879=DIRECTION('center_axis',(0.879247702416918,0.422618261740702,0.219811925604229));
#1880=DIRECTION('ref_axis',(0.242535625036333,0.,-0.970142500145332));
#1881=DIRECTION('center_axis',(0.242535625036333,1.11022302462516E-16,-0.970142500145332));
#1882=DIRECTION('ref_axis',(0.911635748497361,-0.34202014332567,0.227908937124338));
#1883=DIRECTION('center_axis',(0.242535625036331,1.08246744900953E-15,-0.970142500145332));
#1884=DIRECTION('ref_axis',(0.911635748497361,-0.34202014332567,0.227908937124338));
#1885=DIRECTION('',(0.242535625036333,1.2359984961958E-16,-0.970142500145332));
#1886=DIRECTION('',(-0.242535625036333,-8.75622762219364E-17,0.970142500145332));
#1887=DIRECTION('center_axis',(-0.879247702416919,-0.422618261740699,-0.219811925604229));
#1888=DIRECTION('ref_axis',(0.461412320918176,-0.640856382055789,-0.613515906626118));
#1889=DIRECTION('',(-0.879247702416919,-0.422618261740699,-0.219811925604229));
#1890=DIRECTION('center_axis',(-0.409999937052196,0.90630778703665,-0.102499984263049));
#1891=DIRECTION('ref_axis',(0.793220597864203,0.298836238730119,-0.530563837389612));
#1892=DIRECTION('',(0.409999937052196,-0.90630778703665,0.102499984263049));
#1893=DIRECTION('center_axis',(0.879247702416919,0.422618261740699,0.21981192560423));
#1894=DIRECTION('ref_axis',(0.242535625036333,0.,-0.970142500145332));
#1895=DIRECTION('',(0.409999937052196,-0.90630778703665,0.102499984263047));
#1896=DIRECTION('center_axis',(-0.242535625036331,-1.08246744900953E-15,
0.970142500145332));
#1897=DIRECTION('ref_axis',(-0.409999937052196,0.90630778703665,-0.102499984263047));
#1898=DIRECTION('',(-0.879247702416919,-0.422618261740699,-0.219811925604229));
#1899=DIRECTION('center_axis',(0.409999937052196,-0.90630778703665,0.102499984263049));
#1900=DIRECTION('ref_axis',(-0.242535625036333,-1.19130662671005E-16,0.970142500145332));
#1901=DIRECTION('center_axis',(-0.242535625036333,0.,0.970142500145332));
#1902=DIRECTION('ref_axis',(-0.839251478618208,-0.501632849168067,-0.209812869654552));
#1903=DIRECTION('center_axis',(1.,-1.74277579907432E-32,3.19406375762696E-16));
#1904=DIRECTION('ref_axis',(3.19406375762696E-16,5.45629621485428E-17,-1.));
#1905=DIRECTION('',(-1.74277579907432E-32,-1.,0.));
#1906=DIRECTION('',(-3.19406375762696E-16,-5.45629621485428E-17,1.));
#1907=DIRECTION('center_axis',(-2.86509167645202E-16,-1.,0.));
#1908=DIRECTION('ref_axis',(0.,0.,-1.));
#1909=DIRECTION('center_axis',(0.,-1.,0.));
#1910=DIRECTION('ref_axis',(1.,0.,0.));
#1911=DIRECTION('',(0.,0.,1.));
#1912=DIRECTION('center_axis',(0.242535625036333,0.,-0.970142500145332));
#1913=DIRECTION('ref_axis',(-0.970142500145332,0.,-0.242535625036333));
#1914=DIRECTION('',(0.970142500145332,-2.2496885618502E-16,0.242535625036333));
#1915=DIRECTION('',(-2.31892589131307E-16,-1.,0.));
#1916=DIRECTION('',(0.970142500145332,0.,0.242535625036333));
#1917=DIRECTION('center_axis',(-0.242535625036333,-5.55111512312578E-17,
0.970142500145332));
#1918=DIRECTION('ref_axis',(-0.409999937052196,0.90630778703665,-0.102499984263049));
#1919=DIRECTION('',(-0.970142500145332,2.2496885618502E-16,-0.242535625036333));
#1920=DIRECTION('',(0.386309930769221,-0.917298984642356,0.0965774826923052));
#1921=DIRECTION('',(-0.879247702416919,-0.422618261740699,-0.21981192560423));
#1922=DIRECTION('',(-0.409999937052196,0.90630778703665,-0.102499984263049));
#1923=DIRECTION('center_axis',(0.242535625036333,5.55111512312578E-17,-0.970142500145332));
#1924=DIRECTION('ref_axis',(0.409999937052196,-0.90630778703665,0.102499984263049));
#1925=DIRECTION('',(0.970142500145332,-2.2496885618502E-16,0.242535625036333));
#1926=DIRECTION('',(0.409999937052196,-0.90630778703665,0.102499984263049));
#1927=DIRECTION('',(-0.879247702416919,-0.422618261740699,-0.21981192560423));
#1928=DIRECTION('',(-0.386309930769221,0.917298984642356,-0.0965774826923052));
#1929=DIRECTION('center_axis',(-0.879247702416919,-0.422618261740699,-0.21981192560423));
#1930=DIRECTION('ref_axis',(-0.242535625036333,-4.90678271686833E-17,0.970142500145332));
#1931=DIRECTION('center_axis',(-0.88991073034171,-0.398199162196636,-0.222477682585427));
#1932=DIRECTION('ref_axis',(-0.386309930769221,0.917298984642356,-0.0965774826923053));
#1933=DIRECTION('center_axis',(0.879247702416919,0.422618261740699,0.21981192560423));
#1934=DIRECTION('ref_axis',(-0.242535625036333,-4.90678271686833E-17,0.970142500145332));
#1935=DIRECTION('center_axis',(-0.489114477333681,0.86360579393408,-0.12227861933342));
#1936=DIRECTION('ref_axis',(0.837820684067203,0.504167663266385,0.209455171016801));
#1937=DIRECTION('center_axis',(-0.879247702416919,-0.422618261740699,-0.21981192560423));
#1938=DIRECTION('ref_axis',(-0.242535625036333,-4.90678271686833E-17,0.970142500145332));
#1939=DIRECTION('center_axis',(-0.88991073034171,-0.398199162196636,-0.222477682585427));
#1940=DIRECTION('ref_axis',(-0.386309930769221,0.917298984642356,-0.0965774826923053));
#1941=DIRECTION('center_axis',(-0.489114477333681,0.86360579393408,-0.12227861933342));
#1942=DIRECTION('ref_axis',(0.837820684067203,0.504167663266385,0.209455171016801));
#1943=DIRECTION('center_axis',(0.879247702416919,0.422618261740699,0.21981192560423));
#1944=DIRECTION('ref_axis',(-0.242535625036333,-4.90678271686833E-17,0.970142500145332));
#1945=DIRECTION('center_axis',(-0.88991073034171,-0.398199162196636,-0.222477682585427));
#1946=DIRECTION('ref_axis',(0.386309930769221,-0.917298984642356,0.0965774826923053));
#1947=DIRECTION('',(-0.242535625036333,0.,0.970142500145332));
#1948=DIRECTION('',(-0.242535625036333,0.,0.970142500145332));
#1949=DIRECTION('center_axis',(2.18251848594171E-16,1.,5.45629621485428E-17));
#1950=DIRECTION('ref_axis',(-0.970142500145332,2.2496885618502E-16,-0.242535625036333));
#1951=DIRECTION('',(1.,-2.86509167645202E-16,0.));
#1952=DIRECTION('',(1.,-2.86509167645202E-16,0.));
#1953=DIRECTION('',(0.,0.,1.));
#1954=DIRECTION('',(0.,0.,1.));
#1955=DIRECTION('',(-0.242535625036333,0.,0.970142500145332));
#1956=DIRECTION('center_axis',(-0.489114477333681,0.86360579393408,-0.12227861933342));
#1957=DIRECTION('ref_axis',(-0.837820684067203,-0.504167663266385,-0.209455171016801));
#1958=DIRECTION('center_axis',(0.879247702416919,0.422618261740699,0.21981192560423));
#1959=DIRECTION('ref_axis',(-0.409999937052196,0.90630778703665,-0.102499984263049));
#1960=DIRECTION('center_axis',(0.,0.,-1.));
#1961=DIRECTION('ref_axis',(2.31892589131307E-16,1.,0.));
#1962=DIRECTION('center_axis',(0.,0.,1.));
#1963=DIRECTION('ref_axis',(1.,0.,0.));
#1964=DIRECTION('center_axis',(-2.86509167645202E-16,-1.,0.));
#1965=DIRECTION('ref_axis',(0.,0.,-1.));
#1966=DIRECTION('',(1.,-2.86509167645202E-16,0.));
#1967=DIRECTION('',(0.,0.,1.));
#1968=DIRECTION('center_axis',(0.,0.,1.));
#1969=DIRECTION('ref_axis',(-2.31892589131307E-16,-1.,0.));
#1970=DIRECTION('',(2.31892589131307E-16,1.,0.));
#1971=DIRECTION('center_axis',(0.,0.,1.));
#1972=DIRECTION('ref_axis',(-2.31892589131307E-16,-1.,0.));
#1973=DIRECTION('',(1.,-2.14881875733901E-16,0.));
#1974=DIRECTION('',(1.,-2.14881875733901E-16,0.));
#1975=DIRECTION('',(-2.31892589131307E-16,-1.,0.));
#1976=DIRECTION('',(1.,-2.14881875733901E-16,0.));
#1977=DIRECTION('',(2.31892589131307E-16,1.,0.));
#1978=DIRECTION('center_axis',(0.,0.,-1.));
#1979=DIRECTION('ref_axis',(2.31892589131307E-16,1.,0.));
#1980=DIRECTION('center_axis',(0.,0.,1.));
#1981=DIRECTION('ref_axis',(1.,0.,0.));
#1982=DIRECTION('',(2.31892589131307E-16,1.,0.));
#1983=DIRECTION('',(1.,-2.14881875733901E-16,0.));
#1984=DIRECTION('center_axis',(-1.,0.,0.));
#1985=DIRECTION('ref_axis',(0.,0.,1.));
#1986=DIRECTION('',(0.,0.,-1.));
#1987=DIRECTION('',(0.,0.,1.));
#1988=DIRECTION('',(-1.11022302462515E-15,-1.,0.));
#1989=DIRECTION('',(0.,0.,1.));
#1990=DIRECTION('center_axis',(-2.14881875733901E-16,-1.,0.));
#1991=DIRECTION('ref_axis',(0.,0.,-1.));
#1992=DIRECTION('',(1.,-2.14881875733901E-16,0.));
#1993=DIRECTION('',(0.,0.,-1.));
#1994=DIRECTION('center_axis',(2.14881875733901E-16,1.,0.));
#1995=DIRECTION('ref_axis',(0.,0.,1.));
#1996=DIRECTION('',(0.,0.,1.));
#1997=DIRECTION('',(1.,-2.14881875733901E-16,0.));
#1998=DIRECTION('center_axis',(2.14881875733901E-16,1.,0.));
#1999=DIRECTION('ref_axis',(0.,0.,1.));
#2000=DIRECTION('',(0.,0.,1.));
#2001=DIRECTION('center_axis',(1.,-2.14881875733901E-16,0.));
#2002=DIRECTION('ref_axis',(0.,0.,-1.));
#2003=DIRECTION('',(2.14881875733901E-16,1.,0.));
#2004=DIRECTION('',(0.,0.,-1.));
#2005=DIRECTION('',(-2.14881875733901E-16,-1.,0.));
#2006=DIRECTION('center_axis',(0.,0.,1.));
#2007=DIRECTION('ref_axis',(1.,0.,0.));
#2008=DIRECTION('center_axis',(0.,0.,1.));
#2009=DIRECTION('ref_axis',(1.,0.,0.));
#2010=DIRECTION('',(1.,0.,0.));
#2011=DIRECTION('center_axis',(0.,0.,-1.));
#2012=DIRECTION('ref_axis',(-1.,0.,0.));
#2013=DIRECTION('',(-1.,0.,0.));
#2014=DIRECTION('center_axis',(-1.04982439074328E-16,-1.,-2.6245609768582E-17));
#2015=DIRECTION('ref_axis',(0.242535625036333,-6.16297582203915E-33,-0.970142500145332));
#2016=DIRECTION('center_axis',(-1.,1.04982439074328E-16,0.));
#2017=DIRECTION('ref_axis',(-1.04982439074328E-16,-1.,0.));
#2018=DIRECTION('',(0.,0.,1.));
#2019=DIRECTION('center_axis',(0.,0.,1.));
#2020=DIRECTION('ref_axis',(1.,-1.22464679914735E-16,0.));
#2021=DIRECTION('',(0.,0.,1.));
#2022=DIRECTION('',(0.,0.,1.));
#2023=DIRECTION('center_axis',(0.,-1.,0.));
#2024=DIRECTION('ref_axis',(1.,0.,0.));
#2025=DIRECTION('center_axis',(0.,0.,1.));
#2026=DIRECTION('ref_axis',(1.,0.,0.));
#2027=DIRECTION('',(0.,0.,1.));
#2028=DIRECTION('center_axis',(-1.48029736616688E-16,-1.,0.));
#2029=DIRECTION('ref_axis',(1.,-1.48029736616688E-16,0.));
#2030=DIRECTION('',(0.,0.,1.));
#2031=DIRECTION('center_axis',(1.,-2.31892589131307E-16,0.));
#2032=DIRECTION('ref_axis',(2.31892589131307E-16,1.,0.));
#2033=DIRECTION('center_axis',(0.,0.,1.));
#2034=DIRECTION('ref_axis',(1.,0.,0.));
#2035=DIRECTION('center_axis',(0.,1.,0.));
#2036=DIRECTION('ref_axis',(-1.,0.,0.));
#2037=DIRECTION('',(0.,0.,1.));
#2038=DIRECTION('center_axis',(0.,0.,1.));
#2039=DIRECTION('ref_axis',(1.,-1.22464679914735E-16,0.));
#2040=DIRECTION('center_axis',(0.,1.,0.));
#2041=DIRECTION('ref_axis',(-1.,0.,0.));
#2042=CARTESIAN_POINT('',(0.,0.,0.));
#2043=CARTESIAN_POINT('Origin',(-109.,-26.9647725835495,78.4696900098826));
#2044=CARTESIAN_POINT('',(-82.3361421787908,-42.5217172358624,10.5));
#2045=CARTESIAN_POINT('',(-109.,-26.9647725835495,26.4848450049412));
#2046=CARTESIAN_POINT('',(-124.167844014024,-18.115141318512,35.5778891266529));
#2047=CARTESIAN_POINT('',(-81.0000000000002,-43.3012852212022,10.5));
#2048=CARTESIAN_POINT('',(-84.6150656476779,-41.1920864483725,10.5));
#2049=CARTESIAN_POINT('',(-81.0000000000002,-43.3012852212022,77.2707003428864));
#2050=CARTESIAN_POINT('',(-81.0000000000001,-43.3012852212022,42.8189797279451));
#2051=CARTESIAN_POINT('',(-109.,-26.9647725835495,60.4848450049413));
#2052=CARTESIAN_POINT('',(-99.8331931094779,-32.3131174626187,65.9802983754835));
#2053=CARTESIAN_POINT('',(-109.,-26.9647725835495,53.4772675074119));
#2054=CARTESIAN_POINT('Origin',(-81.0000000000001,7.99999999999994,78.4696900098826));
#2055=CARTESIAN_POINT('',(-109.,-7.96477258354951,26.4848450049412));
#2056=CARTESIAN_POINT('',(-82.3361421787908,7.23817121343987,10.5));
#2057=CARTESIAN_POINT('',(-104.535547426267,-5.41927365320361,23.8084287525914));
#2058=CARTESIAN_POINT('',(-109.,-7.96477258354951,60.4848450049413));
#2059=CARTESIAN_POINT('',(-109.,-7.96477258354953,53.4772675074119));
#2060=CARTESIAN_POINT('',(-81.,8.,77.2707003428865));
#2061=CARTESIAN_POINT('',(-79.9796379042603,8.58178031469138,77.8824021475797));
#2062=CARTESIAN_POINT('',(-81.,8.,10.5));
#2063=CARTESIAN_POINT('',(-81.,8.,44.4848450049413));
#2064=CARTESIAN_POINT('',(-81.5321627526558,7.69657652415767,10.5));
#2065=CARTESIAN_POINT('Origin',(-109.,-43.3012852212022,28.4848450049413));
#2066=CARTESIAN_POINT('',(-109.,8.00000000000001,60.4848450049413));
#2067=CARTESIAN_POINT('',(-109.,-43.3012852212022,26.4848450049413));
#2068=CARTESIAN_POINT('',(-109.,-9.96477258354951,58.4848450049413));
#2069=CARTESIAN_POINT('',(-109.,-24.9647725835495,58.4848450049412));
#2070=CARTESIAN_POINT('',(-109.,8.00000000000001,58.4848450049413));
#2071=CARTESIAN_POINT('',(-109.,-24.9647725835495,28.4848450049413));
#2072=CARTESIAN_POINT('',(-109.,-24.9647725835495,78.4696900098826));
#2073=CARTESIAN_POINT('',(-109.,-9.96477258354951,28.4848450049413));
#2074=CARTESIAN_POINT('',(-109.,8.00000000000001,28.4848450049413));
#2075=CARTESIAN_POINT('',(-109.,-9.96477258354951,78.4696900098826));
#2076=CARTESIAN_POINT('Origin',(-79.,8.,78.4696900098826));
#2077=CARTESIAN_POINT('',(-79.,-43.3012852212022,78.4696900098826));
#2078=CARTESIAN_POINT('',(-84.911367421885,-43.3012852212022,74.9258557815538));
#2079=CARTESIAN_POINT('',(-79.,8.,78.4696900098826));
#2080=CARTESIAN_POINT('',(-79.,8.,78.4696900098826));
#2081=CARTESIAN_POINT('',(-79.2749305811748,8.,78.3048705468977));
#2082=CARTESIAN_POINT('Origin',(-39.,8.,10.5));
#2083=CARTESIAN_POINT('',(-21.369316876853,8.,78.4696900098826));
#2084=CARTESIAN_POINT('',(-79.,8.,78.4696900098826));
#2085=CARTESIAN_POINT('',(-21.369316876853,7.99999999999999,76.4696900098826));
#2086=CARTESIAN_POINT('',(-21.369316876853,8.,78.4696900098826));
#2087=CARTESIAN_POINT('',(-21.5,7.99999999999999,11.5));
#2088=CARTESIAN_POINT('',(-21.369316876853,7.99999999999999,76.4696900098826));
#2089=CARTESIAN_POINT('',(-39.,8.,11.5));
#2090=CARTESIAN_POINT('',(-37.,8.,11.5));
#2091=CARTESIAN_POINT('',(-39.,8.,10.5));
#2092=CARTESIAN_POINT('',(-39.,8.,8.125));
#2093=CARTESIAN_POINT('',(-53.1598548544672,8.,10.5));
#2094=CARTESIAN_POINT('Origin',(-79.,7.99999999999999,78.4696900098826));
#2095=CARTESIAN_POINT('',(-86.7288926275664,3.37174005410323,71.8362588109954));
#2096=CARTESIAN_POINT('',(-90.5201242084007,1.10145294872795,69.5634350656906));
#2097=CARTESIAN_POINT('',(-86.7288926275664,3.37174005410321,15.1334311988872));
#2098=CARTESIAN_POINT('',(-91.5190296852534,0.50328262459058,18.005093616718));
#2099=CARTESIAN_POINT('',(-86.7288926275664,3.37174005410322,42.8189797279452));
#2100=CARTESIAN_POINT('Origin',(-109.,-24.9647725835495,78.4696900098826));
#2101=CARTESIAN_POINT('',(-87.1803995647453,-38.3012852212022,71.5655827348681));
#2102=CARTESIAN_POINT('',(-111.356582062153,-23.5243893580717,57.0720862339664));
#2103=CARTESIAN_POINT('',(-87.1803995647453,-38.3012852212022,15.4041072750144));
#2104=CARTESIAN_POINT('',(-87.1803995647453,-38.3012852212022,44.4848450049413));
#2105=CARTESIAN_POINT('',(-112.346844835847,-22.9191238292571,30.4912611925512));
#2106=CARTESIAN_POINT('Origin',(-52.3269222159691,3.37174005410326,7.16826944600772));
#2107=CARTESIAN_POINT('',(-80.6680710893954,3.37174005410322,11.5));
#2108=CARTESIAN_POINT('',(-95.8244249914472,3.3717400541032,20.5861558589479));
#2109=CARTESIAN_POINT('',(-43.2462112512353,3.37174005410327,11.5));
#2110=CARTESIAN_POINT('',(-45.6634611079846,3.37174005410327,11.5));
#2111=CARTESIAN_POINT('',(-59.011026878597,3.37174005410327,74.5592625094466));
#2112=CARTESIAN_POINT('',(-42.7611400011627,3.37174005410327,9.55971499970934));
#2113=CARTESIAN_POINT('',(-51.369316876853,3.37174005410329,76.4696900098826));
#2114=CARTESIAN_POINT('',(-66.2490812872531,3.37174005410326,72.7497489072826));
#2115=CARTESIAN_POINT('',(-79.,3.37174005410324,76.4696900098826));
#2116=CARTESIAN_POINT('',(-43.2769876576398,3.3717400541033,76.4696900098826));
#2117=CARTESIAN_POINT('',(-81.5590740969825,3.37174005410324,74.9355383102029));
#2118=CARTESIAN_POINT('',(-65.5021490853104,3.37174005410325,42.0131897656357));
#2119=CARTESIAN_POINT('',(-63.4324036156327,3.37174005410326,45.1075671490662));
#2120=CARTESIAN_POINT('Origin',(-66.1084881479012,3.37174005410325,44.4385460159991));
#2121=CARTESIAN_POINT('',(-66.8401913514447,3.37174005410326,41.6786791991022));
#2122=CARTESIAN_POINT('',(-64.656422940095,3.37174005410325,42.2246213019396));
#2123=CARTESIAN_POINT('',(-74.1162601025347,3.37174005410325,70.7829542034621));
#2124=CARTESIAN_POINT('',(-68.6270223392864,3.37174005410325,48.8260031504691));
#2125=CARTESIAN_POINT('',(-70.1021333041318,3.37174005410326,71.7864859030629));
#2126=CARTESIAN_POINT('',(-67.9892721422667,3.37174005410326,72.3147011935292));
#2127=CARTESIAN_POINT('',(-64.6128955408836,3.37174005410326,49.8295348500698));
#2128=CARTESIAN_POINT('Origin',(-80.6680710893954,8.,11.5));
#2129=CARTESIAN_POINT('',(-80.6680710893954,-38.3012852212022,11.5));
#2130=CARTESIAN_POINT('',(-80.0341205758581,-38.3012852212022,11.119949942441));
#2131=CARTESIAN_POINT('',(-80.6680710893954,8.,11.5));
#2132=CARTESIAN_POINT('Origin',(-52.3269222159691,-43.3012852212022,7.16826944600772));
#2133=CARTESIAN_POINT('',(-39.,-43.3012852212022,10.5));
#2134=CARTESIAN_POINT('',(-45.6634611079846,-43.3012852212022,10.5));
#2135=CARTESIAN_POINT('',(-39.,-43.3012852212022,11.5));
#2136=CARTESIAN_POINT('',(-39.,-43.3012852212022,3.58413472300386));
#2137=CARTESIAN_POINT('',(-21.369316876853,-43.3012852212022,11.5));
#2138=CARTESIAN_POINT('',(-32.5923292192132,-43.3012852212022,11.5));
#2139=CARTESIAN_POINT('',(-21.369316876853,-43.3012852212022,78.4696900098826));
#2140=CARTESIAN_POINT('',(-21.369316876853,-43.3012852212022,0.));
#2141=CARTESIAN_POINT('',(-43.2769876576398,-43.3012852212022,78.4696900098826));
#2142=CARTESIAN_POINT('Origin',(-53.1598548544672,-43.3012852212022,10.5));
#2143=CARTESIAN_POINT('',(-82.3361421787908,-43.3012852212022,10.5));
#2144=CARTESIAN_POINT('',(-39.,10.,10.5));
#2145=CARTESIAN_POINT('',(-39.,-4.44089209850063E-15,10.5));
#2146=CARTESIAN_POINT('',(-3.99999999999999,10.,10.5));
#2147=CARTESIAN_POINT('',(-35.,10.,10.5));
#2148=CARTESIAN_POINT('',(-4.,0.499999999999987,10.5));
#2149=CARTESIAN_POINT('',(-4.,-1.11022302462516E-14,10.5));
#2150=CARTESIAN_POINT('',(-39.,0.499999999999994,10.5));
#2151=CARTESIAN_POINT('',(-35.,0.499999999999994,10.5));
#2152=CARTESIAN_POINT('',(-39.,0.805100597732499,10.5));
#2153=CARTESIAN_POINT('',(-39.,3.,10.5));
#2154=CARTESIAN_POINT('',(-39.,3.,10.5));
#2155=CARTESIAN_POINT('',(-39.,-38.3012852212022,10.5));
#2156=CARTESIAN_POINT('',(-39.,3.,10.5));
#2157=CARTESIAN_POINT('',(-39.,-38.8012852212022,10.5));
#2158=CARTESIAN_POINT('',(-39.,-18.1506426106011,10.5));
#2159=CARTESIAN_POINT('',(-4.00000000000001,-38.8012852212022,10.5));
#2160=CARTESIAN_POINT('',(-35.,-38.8012852212022,10.5));
#2161=CARTESIAN_POINT('',(-4.00000000000001,-48.3012852212022,10.5));
#2162=CARTESIAN_POINT('',(-4.00000000000001,-53.0871835426919,10.5));
#2163=CARTESIAN_POINT('',(-39.,-48.3012852212022,10.5));
#2164=CARTESIAN_POINT('',(-35.,-48.3012852212022,10.5));
#2165=CARTESIAN_POINT('',(-39.,-53.0871835426919,10.5));
#2166=CARTESIAN_POINT('Origin',(-19.5,-19.1506426106011,0.));
#2167=CARTESIAN_POINT('',(-39.,-40.3012852212022,1.63688886445628E-16));
#2168=CARTESIAN_POINT('',(-5.00000000000002,-40.3012852212022,0.));
#2169=CARTESIAN_POINT('',(-39.,-40.3012852212022,0.));
#2170=CARTESIAN_POINT('',(-39.,2.,0.));
#2171=CARTESIAN_POINT('',(-39.,2.,0.));
#2172=CARTESIAN_POINT('',(-5.,2.,0.));
#2173=CARTESIAN_POINT('',(-5.,2.,0.));
#2174=CARTESIAN_POINT('',(-5.,8.,0.));
#2175=CARTESIAN_POINT('Origin',(-5.,5.,0.));
#2176=CARTESIAN_POINT('',(-39.,8.,0.));
#2177=CARTESIAN_POINT('',(-39.,8.,0.));
#2178=CARTESIAN_POINT('',(-39.,12.,0.));
#2179=CARTESIAN_POINT('',(-39.,10.,0.));
#2180=CARTESIAN_POINT('',(-3.99999999999999,12.,0.));
#2181=CARTESIAN_POINT('',(-35.,12.,0.));
#2182=CARTESIAN_POINT('',(-0.101020514433619,5.9999999999999,0.));
#2183=CARTESIAN_POINT('Origin',(-8.79609630226539,4.61651639870549,0.));
#2184=CARTESIAN_POINT('',(-5.,-8.88178419700125E-15,0.));
#2185=CARTESIAN_POINT('Origin',(-5.,5.,0.));
#2186=CARTESIAN_POINT('',(-35.,-4.44089209850063E-15,0.));
#2187=CARTESIAN_POINT('',(-35.,-4.44089209850063E-15,0.));
#2188=CARTESIAN_POINT('',(-35.,-38.3012852212022,0.));
#2189=CARTESIAN_POINT('',(-35.,-38.3012852212022,0.));
#2190=CARTESIAN_POINT('',(-5.,-38.3012852212022,0.));
#2191=CARTESIAN_POINT('',(-5.,-38.3012852212022,0.));
#2192=CARTESIAN_POINT('',(-2.05391259555654E-14,-43.3012852212022,0.));
#2193=CARTESIAN_POINT('Origin',(-5.00000000000002,-43.3012852212022,0.));
#2194=CARTESIAN_POINT('',(-4.00000000000001,-50.3012852212022,0.));
#2195=CARTESIAN_POINT('Origin',(-6.63862456855185,-44.1506426106012,0.));
#2196=CARTESIAN_POINT('',(-39.,-50.3012852212022,0.));
#2197=CARTESIAN_POINT('',(-35.,-50.3012852212022,0.));
#2198=CARTESIAN_POINT('',(-39.,-46.3012852212022,0.));
#2199=CARTESIAN_POINT('',(-39.,-48.3982297267327,0.));
#2200=CARTESIAN_POINT('',(-5.00000000000002,-46.3012852212022,0.));
#2201=CARTESIAN_POINT('',(-5.00000000000002,-46.3012852212022,0.));
#2202=CARTESIAN_POINT('Origin',(-5.00000000000002,-43.3012852212022,0.));
#2203=CARTESIAN_POINT('Origin',(-19.5,-19.1506426106011,6.5));
#2204=CARTESIAN_POINT('',(-4.00000000000001,-48.3012852212022,6.5));
#2205=CARTESIAN_POINT('',(-39.,-48.3012852212022,6.5));
#2206=CARTESIAN_POINT('',(-36.,-48.3012852212022,6.5));
#2207=CARTESIAN_POINT('',(-4.00000000000001,-50.3012852212022,6.5));
#2208=CARTESIAN_POINT('',(-4.00000000000001,-45.5512852212022,6.5));
#2209=CARTESIAN_POINT('',(-2.05391259555654E-14,-43.3012852212022,6.5));
#2210=CARTESIAN_POINT('Origin',(-6.63862456855185,-44.1506426106012,6.5));
#2211=CARTESIAN_POINT('',(-4.00000000000001,-38.4023057356359,6.5));
#2212=CARTESIAN_POINT('Origin',(-5.00000000000002,-43.3012852212022,6.5));
#2213=CARTESIAN_POINT('',(-4.00000000000001,-38.8012852212022,6.5));
#2214=CARTESIAN_POINT('',(-4.,-31.7259639159017,6.5));
#2215=CARTESIAN_POINT('',(-39.,-38.8012852212022,6.5));
#2216=CARTESIAN_POINT('',(-39.,-38.8012852212022,6.5));
#2217=CARTESIAN_POINT('',(-39.,-40.3012852212022,6.5));
#2218=CARTESIAN_POINT('',(-39.,-19.1506426106011,6.5));
#2219=CARTESIAN_POINT('',(-5.00000000000002,-40.3012852212022,6.5));
#2220=CARTESIAN_POINT('',(-39.,-40.3012852212022,6.5));
#2221=CARTESIAN_POINT('',(-5.00000000000002,-46.3012852212022,6.5));
#2222=CARTESIAN_POINT('Origin',(-5.00000000000002,-43.3012852212022,6.5));
#2223=CARTESIAN_POINT('',(-39.,-46.3012852212022,6.5));
#2224=CARTESIAN_POINT('',(-5.00000000000002,-46.3012852212022,6.5));
#2225=CARTESIAN_POINT('',(-39.,-48.3982297267327,6.5));
#2226=CARTESIAN_POINT('Origin',(-35.,-48.3012852212022,0.));
#2227=CARTESIAN_POINT('',(-4.00000000000001,-48.3012852212022,0.));
#2228=CARTESIAN_POINT('',(-39.,-48.3012852212022,0.));
#2229=CARTESIAN_POINT('Origin',(-39.,2.,0.));
#2230=CARTESIAN_POINT('',(-39.,-40.3012852212022,0.));
#2231=CARTESIAN_POINT('',(-39.,-38.8012852212022,3.25));
#2232=CARTESIAN_POINT('',(-39.,3.,10.5));
#2233=CARTESIAN_POINT('',(-39.,0.499999999999994,6.5));
#2234=CARTESIAN_POINT('',(-39.,0.499999999999994,6.5));
#2235=CARTESIAN_POINT('',(-39.,2.,6.5));
#2236=CARTESIAN_POINT('',(-39.,2.,6.5));
#2237=CARTESIAN_POINT('',(-39.,2.,0.));
#2238=CARTESIAN_POINT('Origin',(-8.79609630226539,4.61651639870549,0.));
#2239=CARTESIAN_POINT('',(-3.99999999999999,12.,6.5));
#2240=CARTESIAN_POINT('',(-3.99999999999999,12.,0.));
#2241=CARTESIAN_POINT('',(-0.101020514433619,5.9999999999999,6.5));
#2242=CARTESIAN_POINT('Origin',(-8.79609630226539,4.61651639870549,6.5));
#2243=CARTESIAN_POINT('',(-0.10102051443364,6.,0.));
#2244=CARTESIAN_POINT('Origin',(-6.63862456855185,-44.1506426106012,0.));
#2245=CARTESIAN_POINT('',(-2.12330153459561E-14,-43.3012852212022,0.));
#2246=CARTESIAN_POINT('',(-4.00000000000001,-50.3012852212022,16.7585822591889));
#2247=CARTESIAN_POINT('Origin',(-4.00000000000001,-44.3012852212022,5.75));
#2248=CARTESIAN_POINT('',(-4.00000000000001,-38.8012852212022,13.9810837668094));
#2249=CARTESIAN_POINT('',(-4.00000000000001,-38.3012852212022,6.5));
#2250=CARTESIAN_POINT('',(-4.00000000000001,-48.3012852212022,6.5));
#2251=CARTESIAN_POINT('',(-4.00000000000001,-38.3012852212022,11.5));
#2252=CARTESIAN_POINT('',(-4.00000000000001,-38.3012852212022,6.5));
#2253=CARTESIAN_POINT('',(-4.00000000000001,-50.3012852212022,11.5));
#2254=CARTESIAN_POINT('',(-4.00000000000001,-38.3012852212022,11.5));
#2255=CARTESIAN_POINT('',(-4.00000000000001,-50.3012852212022,16.7585822591889));
#2256=CARTESIAN_POINT('Origin',(-79.,8.,76.4696900098826));
#2257=CARTESIAN_POINT('',(-38.1027911649917,3.37174005410331,76.4696900098826));
#2258=CARTESIAN_POINT('',(-21.369316876853,3.37174005410333,76.4696900098826));
#2259=CARTESIAN_POINT('',(-43.2769876576398,3.3717400541033,76.4696900098826));
#2260=CARTESIAN_POINT('',(-21.369316876853,-38.3012852212022,76.4696900098826));
#2261=CARTESIAN_POINT('',(-21.369316876853,8.,76.4696900098826));
#2262=CARTESIAN_POINT('',(-79.,-38.3012852212022,76.4696900098826));
#2263=CARTESIAN_POINT('',(-72.0923292192133,-38.3012852212022,76.4696900098826));
#2264=CARTESIAN_POINT('',(-79.,8.,76.4696900098826));
#2265=CARTESIAN_POINT('',(-51.369316876853,0.0670974647427838,76.4696900098826));
#2266=CARTESIAN_POINT('',(-51.369316876853,-4.44089209850063E-15,76.4696900098826));
#2267=CARTESIAN_POINT('',(-50.9221163277538,0.238707260467486,76.4696900098826));
#2268=CARTESIAN_POINT('Origin',(-51.8988268163452,2.,76.4696900098826));
#2269=CARTESIAN_POINT('Origin',(-38.1027911649917,-22.8782599458967,76.4696900098826));
#2270=CARTESIAN_POINT('Origin',(-109.,8.00000000000001,58.4848450049413));
#2271=CARTESIAN_POINT('',(-97.3493785125716,-38.3012852212022,65.4693323936959));
#2272=CARTESIAN_POINT('Origin',(-21.369316876853,8.,78.4696900098826));
#2273=CARTESIAN_POINT('',(-21.369316876853,8.,78.4696900098826));
#2274=CARTESIAN_POINT('Origin',(-39.,8.,11.5));
#2275=CARTESIAN_POINT('',(-39.,-38.3012852212022,11.5));
#2276=CARTESIAN_POINT('',(-39.,-38.3012852212022,11.5));
#2277=CARTESIAN_POINT('',(-39.,0.68343752033003,11.5));
#2278=CARTESIAN_POINT('',(-39.,8.,11.5));
#2279=CARTESIAN_POINT('',(-40.7818005546659,1.85400704292466,11.5));
#2280=CARTESIAN_POINT('Origin',(-35.8903612198597,7.,11.5));
#2281=CARTESIAN_POINT('Origin',(-46.3299274272336,-3.98284789014892,11.5));
#2282=CARTESIAN_POINT('Origin',(-39.,8.,10.5));
#2283=CARTESIAN_POINT('',(-39.,-38.3012852212022,10.5));
#2284=CARTESIAN_POINT('Origin',(-39.,7.,23.938555120561));
#2285=CARTESIAN_POINT('Origin',(-109.,8.00000000000001,26.4848450049413));
#2286=CARTESIAN_POINT('Origin',(-35.8379870304562,7.,11.2905032423859));
#2287=CARTESIAN_POINT('',(-35.8379870304562,-4.44089209850063E-15,11.2905032423859));
#2288=CARTESIAN_POINT('Origin',(-35.8379870304562,7.,11.2905032423859));
#2289=CARTESIAN_POINT('',(-52.0878739078905,-4.7054018781242E-15,76.2900507521232));
#2290=CARTESIAN_POINT('',(-35.8379870304562,-4.44089209850063E-15,11.2905032423859));
#2291=CARTESIAN_POINT('',(-56.6915815171199,1.85400704292466,75.1391238498158));
#2292=CARTESIAN_POINT('Origin',(-52.0878739078905,7.,76.2900507521232));
#2293=CARTESIAN_POINT('',(-40.4416946396856,1.85400704292466,10.1395763400786));
#2294=CARTESIAN_POINT('Origin',(-46.28935979701,2.,54.0318219325418));
#2295=CARTESIAN_POINT('',(-51.8676791728456,-4.72382168266074E-15,76.3450994358844));
#2296=CARTESIAN_POINT('Origin',(-51.8676791728456,2.,76.3450994358844));
#2297=CARTESIAN_POINT('',(-35.6564043138745,-4.71844785465692E-15,11.5));
#2298=CARTESIAN_POINT('',(-46.28935979701,-4.71844785465692E-15,54.0318219325418));
#2299=CARTESIAN_POINT('',(-34.6796938252831,0.238707260467481,11.5));
#2300=CARTESIAN_POINT('Origin',(-35.6564043138745,2.,11.5));
#2301=CARTESIAN_POINT('',(-45.370102866571,0.23870726046749,54.2616361651515));
#2302=CARTESIAN_POINT('Origin',(-59.9730629851282,4.,74.3187534828138));
#2303=CARTESIAN_POINT('Origin',(-61.9133479854189,-3.98284789014892,73.8336822327411));
#2304=CARTESIAN_POINT('',(-55.2498868774343,-4.44089209850063E-15,75.4995475097372));
#2305=CARTESIAN_POINT('Origin',(-33.3048556545596,-22.8782599458967,57.2779479681544));
#2306=CARTESIAN_POINT('',(-21.860368662521,3.37174005410331,11.5));
#2307=CARTESIAN_POINT('Origin',(-21.860368662521,-22.8782599458967,11.5));
#2308=CARTESIAN_POINT('',(-33.3048556545596,3.3717400541033,57.2779479681544));
#2309=CARTESIAN_POINT('Origin',(-21.5,8.,11.5));
#2310=CARTESIAN_POINT('',(-21.5,3.37174005410331,11.5));
#2311=CARTESIAN_POINT('',(-21.4695959767602,3.37174005410331,26.6154940084983));
#2312=CARTESIAN_POINT('',(-21.5,10.,11.5));
#2313=CARTESIAN_POINT('',(-21.369316876853,7.99999999999999,76.4696900098826));
#2314=CARTESIAN_POINT('Origin',(-65.1846584384265,3.37174005410325,41.8189797279452));
#2315=CARTESIAN_POINT('',(-50.0923292192132,3.37174005410326,11.5));
#2316=CARTESIAN_POINT('Origin',(-64.1375890463043,-10.6442825818803,57.8159758714535));
#2317=CARTESIAN_POINT('',(-60.4995546707593,-10.6442825818803,43.2638383692735));
#2318=CARTESIAN_POINT('',(-47.2709970104078,-39.8861037027299,46.5709777843614));
#2319=CARTESIAN_POINT('',(-60.0808938907196,-12.910052049472,45.9454445802945));
#2320=CARTESIAN_POINT('Origin',(-61.1058937333501,-10.6442825818803,45.6891946196369));
#2321=CARTESIAN_POINT('',(-66.7506235792188,-12.910052049472,72.6243633342911));
#2322=CARTESIAN_POINT('',(-66.7506235792188,-12.910052049472,72.6243633342911));
#2323=CARTESIAN_POINT('',(-68.8006232644797,-8.37851311428872,72.1118634129759));
#2324=CARTESIAN_POINT('Origin',(-64.0638150419019,6.10779634359364,42.3727732764879));
#2325=CARTESIAN_POINT('',(-59.4004950427381,-10.1160097547045,43.5386032762788));
#2326=CARTESIAN_POINT('',(-62.8312146703412,-2.53237953273129,42.6809233693781));
#2327=CARTESIAN_POINT('',(-57.2023757866958,-9.05946410035271,44.0881330902894));
#2328=CARTESIAN_POINT('Origin',(-60.0068341053289,-10.1160097547045,45.9639595266422));
#2329=CARTESIAN_POINT('',(-57.8087148492866,-9.05946410035271,46.5134893406527));
#2330=CARTESIAN_POINT('Origin',(-60.0068341053289,-10.1160097547045,45.9639595266422));
#2331=CARTESIAN_POINT('',(-58.9818342626984,-12.3817792222961,46.2202094872998));
#2332=CARTESIAN_POINT('Origin',(-60.0068341053289,-10.1160097547045,45.9639595266422));
#2333=CARTESIAN_POINT('Origin',(-60.0068341053289,-10.1160097547045,45.9639595266421));
#2334=CARTESIAN_POINT('Origin',(-61.2195122305106,-10.1160097547045,50.8146720273688));
#2335=CARTESIAN_POINT('',(-64.4784445377858,-9.05946410035272,73.1924080946494));
#2336=CARTESIAN_POINT('',(-65.6515639511976,-12.3817792222961,72.8991282412964));
#2337=CARTESIAN_POINT('Origin',(-66.6765637938281,-10.1160097547045,72.6428782806388));
#2338=CARTESIAN_POINT('',(-60.1945123878801,-12.3817792222961,51.0709219880264));
#2339=CARTESIAN_POINT('',(-59.0213929744683,-9.05946410035271,51.3642018413794));
#2340=CARTESIAN_POINT('Origin',(-57.8087148492866,-9.05946410035271,46.5134893406527));
#2341=CARTESIAN_POINT('',(-56.7837150066562,-11.3252335679443,46.7697393013103));
#2342=CARTESIAN_POINT('Origin',(-63.437553732932,-2.53237953273128,45.1062796197414));
#2343=CARTESIAN_POINT('',(-61.2394344768897,-1.47583387837954,45.655809433752));
#2344=CARTESIAN_POINT('Origin',(-60.8404101622408,-9.05946410035271,58.6402705924694));
#2345=CARTESIAN_POINT('',(-65.5034443804163,-6.79369463276109,72.9361581339917));
#2346=CARTESIAN_POINT('Origin',(-63.4534446951553,-11.3252335679443,73.448658055307));
#2347=CARTESIAN_POINT('',(-63.4534446951553,-11.3252335679443,73.448658055307));
#2348=CARTESIAN_POINT('Origin',(-56.1773759440653,-11.3252335679443,44.344383050947));
#2349=CARTESIAN_POINT('Origin',(-45.6634611079846,-3.98284789014892,8.83413472300386));
#2350=CARTESIAN_POINT('Origin',(-21.369316876853,-43.3012852212022,76.4696900098826));
#2351=CARTESIAN_POINT('',(-21.369316876853,-38.3012852212022,11.5));
#2352=CARTESIAN_POINT('',(-21.369316876853,-40.8012852212022,11.5));
#2353=CARTESIAN_POINT('',(-21.369316876853,-38.3012852212022,57.352267507412));
#2354=CARTESIAN_POINT('Origin',(-35.,-38.8012852212022,10.5));
#2355=CARTESIAN_POINT('Origin',(-39.,-40.3012852212022,0.));
#2356=CARTESIAN_POINT('',(-5.00000000000002,-40.3012852212022,0.));
#2357=CARTESIAN_POINT('Origin',(-35.,-38.3012852212022,11.5));
#2358=CARTESIAN_POINT('',(-35.,-38.3012852212022,11.5));
#2359=CARTESIAN_POINT('',(-37.0070633992014,-38.3012852212022,10.9982341501996));
#2360=CARTESIAN_POINT('',(-35.,-4.44089209850063E-15,11.5));
#2361=CARTESIAN_POINT('',(-35.,-4.44089209850063E-15,11.5));
#2362=CARTESIAN_POINT('',(-35.,-4.44089209850063E-15,11.5));
#2363=CARTESIAN_POINT('Origin',(-37.910427500436,-38.3012852212022,23.141710001744));
#2364=CARTESIAN_POINT('',(-37.910427500436,-38.3012852212022,23.141710001744));
#2365=CARTESIAN_POINT('',(-41.910427500436,-38.3012852212022,22.141710001744));
#2366=CARTESIAN_POINT('',(-39.9174908996374,-38.3012852212022,22.6399441519436));
#2367=CARTESIAN_POINT('',(-48.9660109401799,-21.5476917724155,20.377814141808));
#2368=CARTESIAN_POINT('',(-47.0000324367715,-26.2159385384623,20.8693087676601));
#2369=CARTESIAN_POINT('',(-46.1104262414799,-20.1751294804692,21.091710316483));
#2370=CARTESIAN_POINT('',(-46.1104262414799,-20.1751294804692,21.091710316483));
#2371=CARTESIAN_POINT('',(-37.910427500436,-38.3012852212022,23.141710001744));
#2372=CARTESIAN_POINT('Origin',(-50.9611387422066,-20.1751294804692,40.4945603193896));
#2373=CARTESIAN_POINT('',(-46.7611400011627,-38.3012852212022,41.5445600046506));
#2374=CARTESIAN_POINT('',(-42.7611400011627,-38.3012852212022,42.5445600046506));
#2375=CARTESIAN_POINT('',(-48.8682027708861,-38.3012852212022,41.0177943122198));
#2376=CARTESIAN_POINT('',(-50.9611387422066,-20.1751294804692,40.4945603193896));
#2377=CARTESIAN_POINT('',(-46.8611393716846,-29.2382073508357,41.5195601620201));
#2378=CARTESIAN_POINT('',(-53.8167234409065,-21.5476917724155,39.7806641447146));
#2379=CARTESIAN_POINT('',(-50.9611387422066,-20.1751294804692,40.4945603193896));
#2380=CARTESIAN_POINT('',(-55.71245913316,-17.0462376622615,39.3067302216513));
#2381=CARTESIAN_POINT('Origin',(-48.5357824918432,-20.1751294804692,30.7931353179363));
#2382=CARTESIAN_POINT('',(-55.7149931657349,-12.6245545999019,31.4027669669278));
#2383=CARTESIAN_POINT('Origin',(-51.3913671905432,-21.5476917724156,30.0792391432613));
#2384=CARTESIAN_POINT('',(-52.6357818623652,-11.1120516101027,29.7681354753058));
#2385=CARTESIAN_POINT('Origin',(-48.5357824918432,-20.1751294804692,30.7931353179363));
#2386=CARTESIAN_POINT('Origin',(-143.747318044359,-65.9394044876812,6.99025142980729));
#2387=CARTESIAN_POINT('Origin',(-48.5357824918432,-20.1751294804692,30.7931353179363));
#2388=CARTESIAN_POINT('',(-54.5834946633987,-12.6245545999019,26.8767729575831));
#2389=CARTESIAN_POINT('Origin',(-51.3913671905432,-21.5476917724156,30.0792391432613));
#2390=CARTESIAN_POINT('Origin',(-143.747318044359,-65.9394044876812,6.99025142980729));
#2391=CARTESIAN_POINT('Origin',(-48.5357824918432,-20.1751294804692,30.7931353179363));
#2392=CARTESIAN_POINT('Origin',(-49.8134601637675,-12.6245545999019,7.79663495905813));
#2393=CARTESIAN_POINT('',(-49.8134601637675,-12.6245545999019,7.79663495905813));
#2394=CARTESIAN_POINT('',(-39.,-38.3012852212022,10.5));
#2395=CARTESIAN_POINT('Origin',(-39.,-38.3012852212022,10.5));
#2396=CARTESIAN_POINT('',(-35.,-38.3012852212022,11.5));
#2397=CARTESIAN_POINT('',(-5.,-38.3012852212022,6.5));
#2398=CARTESIAN_POINT('',(-35.,-38.3012852212022,6.5));
#2399=CARTESIAN_POINT('',(-5.,-38.3012852212022,0.));
#2400=CARTESIAN_POINT('',(-35.,-38.3012852212022,0.));
#2401=CARTESIAN_POINT('',(-35.,-38.3012852212022,11.5));
#2402=CARTESIAN_POINT('Origin',(-47.2999981115659,-11.1120516101027,8.42500047210853));
#2403=CARTESIAN_POINT('Origin',(-35.,-38.3012852212022,11.5));
#2404=CARTESIAN_POINT('Origin',(-35.,-38.8012852212022,6.5));
#2405=CARTESIAN_POINT('Origin',(-5.00000000000002,-43.3012852212022,6.5));
#2406=CARTESIAN_POINT('Origin',(-35.,-50.3012852212022,11.5));
#2407=CARTESIAN_POINT('',(-39.,-50.3012852212022,11.5));
#2408=CARTESIAN_POINT('',(-35.,-50.3012852212022,11.5));
#2409=CARTESIAN_POINT('',(-39.,-50.3012852212022,16.7585822591889));
#2410=CARTESIAN_POINT('Origin',(-35.,-38.3012852212022,11.5));
#2411=CARTESIAN_POINT('',(-39.,-38.3012852212022,11.5));
#2412=CARTESIAN_POINT('Origin',(-35.,12.,11.5));
#2413=CARTESIAN_POINT('',(-35.,-4.44089209850063E-15,11.5));
#2414=CARTESIAN_POINT('',(-4.,-1.11022302462516E-14,11.5));
#2415=CARTESIAN_POINT('',(-35.,-4.44089209850063E-15,11.5));
#2416=CARTESIAN_POINT('',(-3.99999999999999,12.,11.5));
#2417=CARTESIAN_POINT('',(-3.99999999999999,15.9464869344452,11.5));
#2418=CARTESIAN_POINT('',(-39.,12.,11.5));
#2419=CARTESIAN_POINT('',(-35.,12.,11.5));
#2420=CARTESIAN_POINT('',(-39.,15.9464869344452,11.5));
#2421=CARTESIAN_POINT('Origin',(-35.,0.,6.5));
#2422=CARTESIAN_POINT('',(-5.,-8.88178419700125E-15,6.5));
#2423=CARTESIAN_POINT('',(-4.,0.101020514433635,6.5));
#2424=CARTESIAN_POINT('Origin',(-5.,5.,6.5));
#2425=CARTESIAN_POINT('',(-4.,-6.66133814775094E-15,6.5));
#2426=CARTESIAN_POINT('',(-4.,-6.66133814775094E-15,6.5));
#2427=CARTESIAN_POINT('',(-35.,0.,6.5));
#2428=CARTESIAN_POINT('Origin',(-39.,6.,5.75));
#2429=CARTESIAN_POINT('',(-39.,12.,0.));
#2430=CARTESIAN_POINT('',(-39.,8.,6.5));
#2431=CARTESIAN_POINT('',(-39.,8.,0.));
#2432=CARTESIAN_POINT('',(-39.,10.,6.5));
#2433=CARTESIAN_POINT('',(-39.,8.,6.5));
#2434=CARTESIAN_POINT('',(-39.,10.,17.5996583415946));
#2435=CARTESIAN_POINT('Origin',(-35.,10.,10.5));
#2436=CARTESIAN_POINT('',(-3.99999999999999,10.,6.5));
#2437=CARTESIAN_POINT('',(-18.7752551286084,10.,6.5));
#2438=CARTESIAN_POINT('',(-3.99999999999999,10.,17.5996583415946));
#2439=CARTESIAN_POINT('Origin',(-35.,0.499999999999994,6.5));
#2440=CARTESIAN_POINT('',(-4.,0.499999999999987,6.5));
#2441=CARTESIAN_POINT('',(-4.,0.499999999999987,6.5));
#2442=CARTESIAN_POINT('',(-27.25,0.499999999999992,6.5));
#2443=CARTESIAN_POINT('Origin',(-35.,12.,0.));
#2444=CARTESIAN_POINT('',(-3.99999999999999,12.,0.));
#2445=CARTESIAN_POINT('Origin',(-3.99999999999999,6.,5.75));
#2446=CARTESIAN_POINT('',(-3.99999999999999,7.49999999999997,6.5));
#2447=CARTESIAN_POINT('',(-4.,-1.11022302462516E-14,11.5));
#2448=CARTESIAN_POINT('',(-4.,-6.57532130530056,6.5));
#2449=CARTESIAN_POINT('Origin',(-19.5,-19.1506426106011,6.5));
#2450=CARTESIAN_POINT('Origin',(-5.,5.,6.5));
#2451=CARTESIAN_POINT('',(-5.,8.,6.5));
#2452=CARTESIAN_POINT('',(-39.,8.,6.5));
#2453=CARTESIAN_POINT('',(-5.,2.,6.5));
#2454=CARTESIAN_POINT('Origin',(-5.,5.,6.5));
#2455=CARTESIAN_POINT('',(-5.,2.,6.5));
#2456=CARTESIAN_POINT('Origin',(-49.6715675015987,-4.44089209850063E-15,
53.1862700063946));
#2457=CARTESIAN_POINT('Origin',(-39.,2.,0.));
#2458=CARTESIAN_POINT('',(-39.,-46.3012852212022,0.));
#2459=CARTESIAN_POINT('Origin',(-5.,5.,0.));
#2460=CARTESIAN_POINT('',(-5.,2.,0.));
#2461=CARTESIAN_POINT('',(-5.,8.,0.));
#2462=CARTESIAN_POINT('Origin',(-39.,8.,0.));
#2463=CARTESIAN_POINT('Origin',(-5.,5.,0.));
#2464=CARTESIAN_POINT('',(-5.,-8.88178419700125E-15,0.));
#2465=CARTESIAN_POINT('Origin',(-35.,-4.44089209850063E-15,0.));
#2466=CARTESIAN_POINT('',(-35.,-4.44089209850063E-15,0.));
#2467=CARTESIAN_POINT('Origin',(-35.,-38.3012852212022,0.));
#2468=CARTESIAN_POINT('Origin',(-5.00000000000002,-43.3012852212022,0.));
#2469=CARTESIAN_POINT('Origin',(-5.00000000000002,-46.3012852212022,0.));
#2470=CARTESIAN_POINT('',(-5.00000000000002,-46.3012852212022,0.));
#2471=CARTESIAN_POINT('Origin',(-5.00000000000002,-43.3012852212022,0.));
#2472=CARTESIAN_POINT('Origin',(-5.,2.,0.));
#2473=UNCERTAINTY_MEASURE_WITH_UNIT(LENGTH_MEASURE(0.01),#2477,
'DISTANCE_ACCURACY_VALUE',
'Maximum model space distance between geometric entities at asserted c
onnectivities');
#2474=UNCERTAINTY_MEASURE_WITH_UNIT(LENGTH_MEASURE(0.01),#2477,
'DISTANCE_ACCURACY_VALUE',
'Maximum model space distance between geometric entities at asserted c
onnectivities');
#2475=(
GEOMETRIC_REPRESENTATION_CONTEXT(3)
GLOBAL_UNCERTAINTY_ASSIGNED_CONTEXT((#2473))
GLOBAL_UNIT_ASSIGNED_CONTEXT((#2477,#2479,#2480))
REPRESENTATION_CONTEXT('','3D')
);
#2476=(
GEOMETRIC_REPRESENTATION_CONTEXT(3)
GLOBAL_UNCERTAINTY_ASSIGNED_CONTEXT((#2474))
GLOBAL_UNIT_ASSIGNED_CONTEXT((#2477,#2479,#2480))
REPRESENTATION_CONTEXT('','3D')
);
#2477=(
LENGTH_UNIT()
NAMED_UNIT(*)
SI_UNIT(.MILLI.,.METRE.)
);
#2478=(
LENGTH_UNIT()
NAMED_UNIT(*)
SI_UNIT(.CENTI.,.METRE.)
);
#2479=(
NAMED_UNIT(*)
PLANE_ANGLE_UNIT()
SI_UNIT($,.RADIAN.)
);
#2480=(
NAMED_UNIT(*)
SI_UNIT($,.STERADIAN.)
SOLID_ANGLE_UNIT()
);
#2481=SHAPE_DEFINITION_REPRESENTATION(#2482,#2483);
#2482=PRODUCT_DEFINITION_SHAPE('',$,#2485);
#2483=SHAPE_REPRESENTATION('',(#1526),#2475);
#2484=PRODUCT_DEFINITION_CONTEXT('part definition',#2489,'design');
#2485=PRODUCT_DEFINITION('CapTurnerV1','CapTurnerV1',#2486,#2484);
#2486=PRODUCT_DEFINITION_FORMATION('',$,#2491);
#2487=PRODUCT_RELATED_PRODUCT_CATEGORY('CapTurnerV1','CapTurnerV1',(#2491));
#2488=APPLICATION_PROTOCOL_DEFINITION('international standard',
'automotive_design',2009,#2489);
#2489=APPLICATION_CONTEXT(
'Core Data for Automotive Mechanical Design Process');
#2490=PRODUCT_CONTEXT('part definition',#2489,'mechanical');
#2491=PRODUCT('CapTurnerV1','CapTurnerV1',$,(#2490));
#2492=PRESENTATION_STYLE_ASSIGNMENT((#2493));
#2493=SURFACE_STYLE_USAGE(.BOTH.,#2496);
#2494=SURFACE_STYLE_RENDERING_WITH_PROPERTIES($,#2500,(#2495));
#2495=SURFACE_STYLE_TRANSPARENT(0.);
#2496=SURFACE_SIDE_STYLE('',(#2497,#2494));
#2497=SURFACE_STYLE_FILL_AREA(#2498);
#2498=FILL_AREA_STYLE('',(#2499));
#2499=FILL_AREA_STYLE_COLOUR('',#2500);
#2500=COLOUR_RGB('',0.749019607843137,0.749019607843137,0.749019607843137);
ENDSEC;
END-ISO-10303-21;
