ISO-10303-21;
HEADER;
/* Generated by software containing ST-Developer
 * from STEP Tools, Inc. (www.steptools.com) 
 */

FILE_DESCRIPTION(
/* description */ (''),
/* implementation_level */ '2;1');

FILE_NAME(
/* name */ 'claw.stp',
/* time_stamp */ '2026-06-25T07:01:24+02:00',
/* author */ ('frede'),
/* organization */ (''),
/* preprocessor_version */ 'ST-DEVELOPER v20.1',
/* originating_system */ 'Autodesk Inventor 2026',
/* authorisation */ '');

FILE_SCHEMA (('AUTOMOTIVE_DESIGN { 1 0 10303 214 3 1 1 }'));
ENDSEC;

DATA;
#10=MECHANICAL_DESIGN_GEOMETRIC_PRESENTATION_REPRESENTATION('',(#13),#2649);
#11=SHAPE_REPRESENTATION_RELATIONSHIP('SRR','None',#2656,#12);
#12=ADVANCED_BREP_SHAPE_REPRESENTATION('',(#14),#2648);
#13=STYLED_ITEM('',(#2665),#14);
#14=MANIFOLD_SOLID_BREP('Solid1',#1444);
#15=SPHERICAL_SURFACE('',#1551,0.5);
#16=SPHERICAL_SURFACE('',#1553,0.5);
#17=SPHERICAL_SURFACE('',#1639,0.5);
#18=SPHERICAL_SURFACE('',#1640,0.5);
#19=B_SPLINE_CURVE_WITH_KNOTS('',3,(#2247,#2248,#2249,#2250,#2251,#2252,
#2253,#2254,#2255,#2256,#2257,#2258,#2259,#2260),.UNSPECIFIED.,.F.,.F.,
(4,2,2,2,2,2,4),(-0.000414633938513307,0.,0.0195549443057719,0.0391043069454663,
0.0586412044594321,0.0781660752652968,0.0783959138118756),.UNSPECIFIED.);
#20=B_SPLINE_CURVE_WITH_KNOTS('',3,(#2458,#2459,#2460,#2461,#2462,#2463,
#2464,#2465,#2466,#2467,#2468,#2469,#2470,#2471),.UNSPECIFIED.,.F.,.F.,
(4,2,2,2,2,2,4),(-0.157161867047108,-0.156747231994191,-0.147538835285484,
-0.136755038220093,-0.117214492519703,-0.0976869541607249,-0.0783959138216718),
 .UNSPECIFIED.);
#21=TOROIDAL_SURFACE('',#1492,14.5,0.5);
#22=TOROIDAL_SURFACE('',#1497,6.50000000000001,0.5);
#23=TOROIDAL_SURFACE('',#1513,1.50000000000001,0.5);
#24=TOROIDAL_SURFACE('',#1518,20.5,0.5);
#25=TOROIDAL_SURFACE('',#1524,10.5,0.5);
#26=TOROIDAL_SURFACE('',#1530,1.5,0.5);
#27=TOROIDAL_SURFACE('',#1536,0.999999999999999,0.5);
#28=TOROIDAL_SURFACE('',#1542,1.,0.5);
#29=TOROIDAL_SURFACE('',#1577,6.50000000000001,0.5);
#30=TOROIDAL_SURFACE('',#1593,1.50000000000001,0.5);
#31=TOROIDAL_SURFACE('',#1598,20.5,0.5);
#32=TOROIDAL_SURFACE('',#1603,10.5,0.5);
#33=TOROIDAL_SURFACE('',#1608,1.5,0.5);
#34=TOROIDAL_SURFACE('',#1613,0.999999999999999,0.5);
#35=TOROIDAL_SURFACE('',#1618,1.,0.5);
#36=TOROIDAL_SURFACE('',#1631,14.5,0.5);
#37=TOROIDAL_SURFACE('',#1657,2.,0.5);
#38=TOROIDAL_SURFACE('',#1660,2.5,0.5);
#39=(
BOUNDED_SURFACE()
B_SPLINE_SURFACE(2,2,((#2216,#2217,#2218),(#2219,#2220,#2221),(#2222,#2223,
#2224)),.UNSPECIFIED.,.F.,.F.,.F.)
B_SPLINE_SURFACE_WITH_KNOTS((3,3),(3,3),(-1.5707963267949,0.),(-1.5707963267949,
5.42071411913903E-15),.UNSPECIFIED.)
GEOMETRIC_REPRESENTATION_ITEM()
RATIONAL_B_SPLINE_SURFACE(((1.,0.707106781186546,1.),(0.707106781186547,
0.499999999999998,0.707106781186547),(1.,0.707106781186546,1.)))
REPRESENTATION_ITEM('')
SURFACE()
);
#40=(
BOUNDED_SURFACE()
B_SPLINE_SURFACE(2,2,((#2273,#2274,#2275),(#2276,#2277,#2278),(#2279,#2280,
#2281)),.UNSPECIFIED.,.F.,.F.,.F.)
B_SPLINE_SURFACE_WITH_KNOTS((3,3),(3,3),(-1.5707963267949,0.),(0.,1.5707963267949),
 .UNSPECIFIED.)
GEOMETRIC_REPRESENTATION_ITEM()
RATIONAL_B_SPLINE_SURFACE(((1.,0.707106781186548,1.),(0.707106781186557,
0.500000000000007,0.707106781186557),(1.,0.707106781186548,1.)))
REPRESENTATION_ITEM('')
SURFACE()
);
#41=(
BOUNDED_SURFACE()
B_SPLINE_SURFACE(2,2,((#2293,#2294,#2295),(#2296,#2297,#2298),(#2299,#2300,
#2301)),.UNSPECIFIED.,.F.,.F.,.F.)
B_SPLINE_SURFACE_WITH_KNOTS((3,3),(3,3),(-1.5707963267949,0.),(1.5707963267949,
3.14159265358979),.UNSPECIFIED.)
GEOMETRIC_REPRESENTATION_ITEM()
RATIONAL_B_SPLINE_SURFACE(((1.,0.707106781186548,1.),(0.70710678118655,
0.500000000000002,0.70710678118655),(1.,0.707106781186548,1.)))
REPRESENTATION_ITEM('')
SURFACE()
);
#42=(
BOUNDED_SURFACE()
B_SPLINE_SURFACE(2,2,((#2478,#2479,#2480),(#2481,#2482,#2483),(#2484,#2485,
#2486)),.UNSPECIFIED.,.F.,.F.,.F.)
B_SPLINE_SURFACE_WITH_KNOTS((3,3),(3,3),(0.,1.5707963267949),(0.,1.5707963267949),
 .UNSPECIFIED.)
GEOMETRIC_REPRESENTATION_ITEM()
RATIONAL_B_SPLINE_SURFACE(((1.,0.707106781186548,1.),(0.707106781186545,
0.499999999999998,0.707106781186545),(1.,0.707106781186548,1.)))
REPRESENTATION_ITEM('')
SURFACE()
);
#43=(
BOUNDED_SURFACE()
B_SPLINE_SURFACE(2,2,((#2498,#2499,#2500),(#2501,#2502,#2503),(#2504,#2505,
#2506)),.UNSPECIFIED.,.F.,.F.,.F.)
B_SPLINE_SURFACE_WITH_KNOTS((3,3),(3,3),(0.,1.5707963267949),(1.5707963267949,
3.14159265358979),.UNSPECIFIED.)
GEOMETRIC_REPRESENTATION_ITEM()
RATIONAL_B_SPLINE_SURFACE(((1.,0.707106781186548,1.),(0.707106781186552,
0.500000000000004,0.707106781186552),(1.,0.707106781186548,1.)))
REPRESENTATION_ITEM('')
SURFACE()
);
#44=(
BOUNDED_SURFACE()
B_SPLINE_SURFACE(2,2,((#2574,#2575,#2576),(#2577,#2578,#2579),(#2580,#2581,
#2582)),.UNSPECIFIED.,.F.,.F.,.F.)
B_SPLINE_SURFACE_WITH_KNOTS((3,3),(3,3),(0.,1.5707963267949),(-1.5707963267949,
5.42071411913903E-15),.UNSPECIFIED.)
GEOMETRIC_REPRESENTATION_ITEM()
RATIONAL_B_SPLINE_SURFACE(((1.,0.707106781186546,1.),(0.70710678118655,
0.5,0.70710678118655),(1.,0.707106781186546,1.)))
REPRESENTATION_ITEM('')
SURFACE()
);
#45=CYLINDRICAL_SURFACE('',#1477,2.00000000000001);
#46=CYLINDRICAL_SURFACE('',#1480,1.5);
#47=CYLINDRICAL_SURFACE('',#1482,2.);
#48=CYLINDRICAL_SURFACE('',#1484,0.5);
#49=CYLINDRICAL_SURFACE('',#1490,0.5);
#50=CYLINDRICAL_SURFACE('',#1496,0.5);
#51=CYLINDRICAL_SURFACE('',#1501,0.5);
#52=CYLINDRICAL_SURFACE('',#1506,0.5);
#53=CYLINDRICAL_SURFACE('',#1511,0.5);
#54=CYLINDRICAL_SURFACE('',#1516,0.5);
#55=CYLINDRICAL_SURFACE('',#1522,0.5);
#56=CYLINDRICAL_SURFACE('',#1528,0.5);
#57=CYLINDRICAL_SURFACE('',#1534,0.5);
#58=CYLINDRICAL_SURFACE('',#1540,0.5);
#59=CYLINDRICAL_SURFACE('',#1546,0.5);
#60=CYLINDRICAL_SURFACE('',#1548,0.5);
#61=CYLINDRICAL_SURFACE('',#1556,20.);
#62=CYLINDRICAL_SURFACE('',#1559,9.99999999999999);
#63=CYLINDRICAL_SURFACE('',#1562,2.);
#64=CYLINDRICAL_SURFACE('',#1565,0.499999999999999);
#65=CYLINDRICAL_SURFACE('',#1568,0.5);
#66=CYLINDRICAL_SURFACE('',#1571,0.5);
#67=CYLINDRICAL_SURFACE('',#1581,0.5);
#68=CYLINDRICAL_SURFACE('',#1586,0.5);
#69=CYLINDRICAL_SURFACE('',#1591,0.5);
#70=CYLINDRICAL_SURFACE('',#1596,0.5);
#71=CYLINDRICAL_SURFACE('',#1601,0.5);
#72=CYLINDRICAL_SURFACE('',#1606,0.5);
#73=CYLINDRICAL_SURFACE('',#1611,0.5);
#74=CYLINDRICAL_SURFACE('',#1616,0.5);
#75=CYLINDRICAL_SURFACE('',#1621,0.5);
#76=CYLINDRICAL_SURFACE('',#1623,0.5);
#77=CYLINDRICAL_SURFACE('',#1629,0.5);
#78=CYLINDRICAL_SURFACE('',#1635,0.5);
#79=CYLINDRICAL_SURFACE('',#1636,0.5);
#80=CYLINDRICAL_SURFACE('',#1643,0.999999999999999);
#81=CYLINDRICAL_SURFACE('',#1645,1.00000000000001);
#82=CYLINDRICAL_SURFACE('',#1647,6.00000000000001);
#83=CYLINDRICAL_SURFACE('',#1649,15.);
#84=CYLINDRICAL_SURFACE('',#1651,1.);
#85=CYLINDRICAL_SURFACE('',#1653,0.5);
#86=CYLINDRICAL_SURFACE('',#1659,1.5);
#87=CYLINDRICAL_SURFACE('',#1662,2.);
#88=FACE_BOUND('',#301,.T.);
#89=FACE_BOUND('',#302,.T.);
#90=FACE_BOUND('',#305,.T.);
#91=FACE_BOUND('',#306,.T.);
#92=FACE_BOUND('',#350,.T.);
#93=FACE_BOUND('',#351,.T.);
#94=FACE_BOUND('',#381,.T.);
#95=FACE_BOUND('',#392,.T.);
#96=FACE_BOUND('',#393,.T.);
#97=CIRCLE('',#1469,2.00000000000001);
#98=CIRCLE('',#1470,2.);
#99=CIRCLE('',#1471,1.5);
#100=CIRCLE('',#1474,2.00000000000001);
#101=CIRCLE('',#1475,1.5);
#102=CIRCLE('',#1476,2.);
#103=CIRCLE('',#1478,2.00000000000001);
#104=CIRCLE('',#1479,2.00000000000001);
#105=CIRCLE('',#1481,1.5);
#106=CIRCLE('',#1483,2.);
#107=CIRCLE('',#1485,0.499999999999998);
#108=CIRCLE('',#1486,0.5);
#109=CIRCLE('',#1487,0.5);
#110=CIRCLE('',#1488,1.);
#111=CIRCLE('',#1489,0.5);
#112=CIRCLE('',#1491,0.5);
#113=CIRCLE('',#1493,0.5);
#114=CIRCLE('',#1494,15.);
#115=CIRCLE('',#1495,14.5);
#116=CIRCLE('',#1498,6.50000000000001);
#117=CIRCLE('',#1499,0.5);
#118=CIRCLE('',#1500,6.);
#119=CIRCLE('',#1502,0.5);
#120=CIRCLE('',#1503,0.5);
#121=CIRCLE('',#1504,1.00000000000001);
#122=CIRCLE('',#1505,0.500000000000005);
#123=CIRCLE('',#1507,0.5);
#124=CIRCLE('',#1508,0.5);
#125=CIRCLE('',#1509,0.999999999999999);
#126=CIRCLE('',#1510,0.499999999999999);
#127=CIRCLE('',#1512,0.5);
#128=CIRCLE('',#1514,0.5);
#129=CIRCLE('',#1515,1.50000000000001);
#130=CIRCLE('',#1517,0.5);
#131=CIRCLE('',#1519,0.5);
#132=CIRCLE('',#1520,20.);
#133=CIRCLE('',#1521,20.5);
#134=CIRCLE('',#1523,0.5);
#135=CIRCLE('',#1525,0.5);
#136=CIRCLE('',#1526,9.99999999999999);
#137=CIRCLE('',#1527,10.5);
#138=CIRCLE('',#1529,0.5);
#139=CIRCLE('',#1531,0.5);
#140=CIRCLE('',#1532,2.);
#141=CIRCLE('',#1533,1.5);
#142=CIRCLE('',#1535,0.5);
#143=CIRCLE('',#1537,0.5);
#144=CIRCLE('',#1538,0.499999999999999);
#145=CIRCLE('',#1539,0.999999999999999);
#146=CIRCLE('',#1541,0.5);
#147=CIRCLE('',#1543,0.5);
#148=CIRCLE('',#1544,0.5);
#149=CIRCLE('',#1545,1.);
#150=CIRCLE('',#1547,0.5);
#151=CIRCLE('',#1549,0.500000000000002);
#152=CIRCLE('',#1550,0.5);
#153=CIRCLE('',#1552,0.499999999999998);
#154=CIRCLE('',#1554,0.5);
#155=CIRCLE('',#1557,20.);
#156=CIRCLE('',#1560,9.99999999999999);
#157=CIRCLE('',#1563,2.);
#158=CIRCLE('',#1566,0.499999999999999);
#159=CIRCLE('',#1569,0.5);
#160=CIRCLE('',#1572,0.499999999999998);
#161=CIRCLE('',#1575,2.);
#162=CIRCLE('',#1576,2.5);
#163=CIRCLE('',#1578,6.);
#164=CIRCLE('',#1579,0.500000000000007);
#165=CIRCLE('',#1580,6.50000000000001);
#166=CIRCLE('',#1582,0.499999999999998);
#167=CIRCLE('',#1583,0.499999999999998);
#168=CIRCLE('',#1584,0.500000000000005);
#169=CIRCLE('',#1585,1.00000000000001);
#170=CIRCLE('',#1587,0.499999999999998);
#171=CIRCLE('',#1588,0.499999999999998);
#172=CIRCLE('',#1589,0.499999999999999);
#173=CIRCLE('',#1590,0.999999999999999);
#174=CIRCLE('',#1592,0.499999999999998);
#175=CIRCLE('',#1594,0.499999999999987);
#176=CIRCLE('',#1595,1.50000000000001);
#177=CIRCLE('',#1597,0.499999999999999);
#178=CIRCLE('',#1599,0.500000000004321);
#179=CIRCLE('',#1600,20.5);
#180=CIRCLE('',#1602,0.5);
#181=CIRCLE('',#1604,0.499999999999999);
#182=CIRCLE('',#1605,10.5);
#183=CIRCLE('',#1607,0.5);
#184=CIRCLE('',#1609,0.499999999999997);
#185=CIRCLE('',#1610,1.5);
#186=CIRCLE('',#1612,0.499999999999999);
#187=CIRCLE('',#1614,0.499999999999999);
#188=CIRCLE('',#1615,0.999999999999999);
#189=CIRCLE('',#1617,0.5);
#190=CIRCLE('',#1619,0.500000000000003);
#191=CIRCLE('',#1620,1.);
#192=CIRCLE('',#1622,0.499999999999998);
#193=CIRCLE('',#1624,0.5);
#194=CIRCLE('',#1625,0.499999999999998);
#195=CIRCLE('',#1626,0.500000000000002);
#196=CIRCLE('',#1627,0.5);
#197=CIRCLE('',#1628,1.);
#198=CIRCLE('',#1630,0.5);
#199=CIRCLE('',#1632,0.500000000000001);
#200=CIRCLE('',#1633,14.5);
#201=CIRCLE('',#1634,15.);
#202=CIRCLE('',#1637,0.5);
#203=CIRCLE('',#1638,0.5);
#204=CIRCLE('',#1641,0.5);
#205=CIRCLE('',#1655,2.);
#206=CIRCLE('',#1656,1.5);
#207=CIRCLE('',#1658,0.5);
#208=CIRCLE('',#1661,0.5);
#209=FACE_OUTER_BOUND('',#299,.T.);
#210=FACE_OUTER_BOUND('',#300,.T.);
#211=FACE_OUTER_BOUND('',#303,.T.);
#212=FACE_OUTER_BOUND('',#304,.T.);
#213=FACE_OUTER_BOUND('',#307,.T.);
#214=FACE_OUTER_BOUND('',#308,.T.);
#215=FACE_OUTER_BOUND('',#309,.T.);
#216=FACE_OUTER_BOUND('',#310,.T.);
#217=FACE_OUTER_BOUND('',#311,.T.);
#218=FACE_OUTER_BOUND('',#312,.T.);
#219=FACE_OUTER_BOUND('',#313,.T.);
#220=FACE_OUTER_BOUND('',#314,.T.);
#221=FACE_OUTER_BOUND('',#315,.T.);
#222=FACE_OUTER_BOUND('',#316,.T.);
#223=FACE_OUTER_BOUND('',#317,.T.);
#224=FACE_OUTER_BOUND('',#318,.T.);
#225=FACE_OUTER_BOUND('',#319,.T.);
#226=FACE_OUTER_BOUND('',#320,.T.);
#227=FACE_OUTER_BOUND('',#321,.T.);
#228=FACE_OUTER_BOUND('',#322,.T.);
#229=FACE_OUTER_BOUND('',#323,.T.);
#230=FACE_OUTER_BOUND('',#324,.T.);
#231=FACE_OUTER_BOUND('',#325,.T.);
#232=FACE_OUTER_BOUND('',#326,.T.);
#233=FACE_OUTER_BOUND('',#327,.T.);
#234=FACE_OUTER_BOUND('',#328,.T.);
#235=FACE_OUTER_BOUND('',#329,.T.);
#236=FACE_OUTER_BOUND('',#330,.T.);
#237=FACE_OUTER_BOUND('',#331,.T.);
#238=FACE_OUTER_BOUND('',#332,.T.);
#239=FACE_OUTER_BOUND('',#333,.T.);
#240=FACE_OUTER_BOUND('',#334,.T.);
#241=FACE_OUTER_BOUND('',#335,.T.);
#242=FACE_OUTER_BOUND('',#336,.T.);
#243=FACE_OUTER_BOUND('',#337,.T.);
#244=FACE_OUTER_BOUND('',#338,.T.);
#245=FACE_OUTER_BOUND('',#339,.T.);
#246=FACE_OUTER_BOUND('',#340,.T.);
#247=FACE_OUTER_BOUND('',#341,.T.);
#248=FACE_OUTER_BOUND('',#342,.T.);
#249=FACE_OUTER_BOUND('',#343,.T.);
#250=FACE_OUTER_BOUND('',#344,.T.);
#251=FACE_OUTER_BOUND('',#345,.T.);
#252=FACE_OUTER_BOUND('',#346,.T.);
#253=FACE_OUTER_BOUND('',#347,.T.);
#254=FACE_OUTER_BOUND('',#348,.T.);
#255=FACE_OUTER_BOUND('',#349,.T.);
#256=FACE_OUTER_BOUND('',#352,.T.);
#257=FACE_OUTER_BOUND('',#353,.T.);
#258=FACE_OUTER_BOUND('',#354,.T.);
#259=FACE_OUTER_BOUND('',#355,.T.);
#260=FACE_OUTER_BOUND('',#356,.T.);
#261=FACE_OUTER_BOUND('',#357,.T.);
#262=FACE_OUTER_BOUND('',#358,.T.);
#263=FACE_OUTER_BOUND('',#359,.T.);
#264=FACE_OUTER_BOUND('',#360,.T.);
#265=FACE_OUTER_BOUND('',#361,.T.);
#266=FACE_OUTER_BOUND('',#362,.T.);
#267=FACE_OUTER_BOUND('',#363,.T.);
#268=FACE_OUTER_BOUND('',#364,.T.);
#269=FACE_OUTER_BOUND('',#365,.T.);
#270=FACE_OUTER_BOUND('',#366,.T.);
#271=FACE_OUTER_BOUND('',#367,.T.);
#272=FACE_OUTER_BOUND('',#368,.T.);
#273=FACE_OUTER_BOUND('',#369,.T.);
#274=FACE_OUTER_BOUND('',#370,.T.);
#275=FACE_OUTER_BOUND('',#371,.T.);
#276=FACE_OUTER_BOUND('',#372,.T.);
#277=FACE_OUTER_BOUND('',#373,.T.);
#278=FACE_OUTER_BOUND('',#374,.T.);
#279=FACE_OUTER_BOUND('',#375,.T.);
#280=FACE_OUTER_BOUND('',#376,.T.);
#281=FACE_OUTER_BOUND('',#377,.T.);
#282=FACE_OUTER_BOUND('',#378,.T.);
#283=FACE_OUTER_BOUND('',#379,.T.);
#284=FACE_OUTER_BOUND('',#380,.T.);
#285=FACE_OUTER_BOUND('',#382,.T.);
#286=FACE_OUTER_BOUND('',#383,.T.);
#287=FACE_OUTER_BOUND('',#384,.T.);
#288=FACE_OUTER_BOUND('',#385,.T.);
#289=FACE_OUTER_BOUND('',#386,.T.);
#290=FACE_OUTER_BOUND('',#387,.T.);
#291=FACE_OUTER_BOUND('',#388,.T.);
#292=FACE_OUTER_BOUND('',#389,.T.);
#293=FACE_OUTER_BOUND('',#390,.T.);
#294=FACE_OUTER_BOUND('',#391,.T.);
#295=FACE_OUTER_BOUND('',#394,.T.);
#296=FACE_OUTER_BOUND('',#395,.T.);
#297=FACE_OUTER_BOUND('',#396,.T.);
#298=FACE_OUTER_BOUND('',#397,.T.);
#299=EDGE_LOOP('',(#917,#918,#919,#920));
#300=EDGE_LOOP('',(#921,#922,#923,#924,#925));
#301=EDGE_LOOP('',(#926));
#302=EDGE_LOOP('',(#927));
#303=EDGE_LOOP('',(#928,#929,#930,#931));
#304=EDGE_LOOP('',(#932,#933,#934,#935,#936));
#305=EDGE_LOOP('',(#937));
#306=EDGE_LOOP('',(#938));
#307=EDGE_LOOP('',(#939,#940,#941,#942,#943,#944,#945,#946));
#308=EDGE_LOOP('',(#947,#948,#949,#950));
#309=EDGE_LOOP('',(#951,#952,#953,#954));
#310=EDGE_LOOP('',(#955,#956,#957,#958));
#311=EDGE_LOOP('',(#959,#960,#961,#962));
#312=EDGE_LOOP('',(#963,#964,#965,#966));
#313=EDGE_LOOP('',(#967,#968,#969,#970));
#314=EDGE_LOOP('',(#971,#972,#973,#974));
#315=EDGE_LOOP('',(#975,#976,#977,#978));
#316=EDGE_LOOP('',(#979,#980,#981,#982));
#317=EDGE_LOOP('',(#983,#984,#985,#986));
#318=EDGE_LOOP('',(#987,#988,#989,#990));
#319=EDGE_LOOP('',(#991,#992,#993,#994));
#320=EDGE_LOOP('',(#995,#996,#997,#998));
#321=EDGE_LOOP('',(#999,#1000,#1001,#1002));
#322=EDGE_LOOP('',(#1003,#1004,#1005,#1006));
#323=EDGE_LOOP('',(#1007,#1008,#1009,#1010));
#324=EDGE_LOOP('',(#1011,#1012,#1013,#1014));
#325=EDGE_LOOP('',(#1015,#1016,#1017,#1018));
#326=EDGE_LOOP('',(#1019,#1020,#1021,#1022));
#327=EDGE_LOOP('',(#1023,#1024,#1025,#1026));
#328=EDGE_LOOP('',(#1027,#1028,#1029,#1030));
#329=EDGE_LOOP('',(#1031,#1032,#1033,#1034));
#330=EDGE_LOOP('',(#1035,#1036,#1037,#1038));
#331=EDGE_LOOP('',(#1039,#1040,#1041,#1042));
#332=EDGE_LOOP('',(#1043,#1044,#1045,#1046));
#333=EDGE_LOOP('',(#1047,#1048,#1049,#1050));
#334=EDGE_LOOP('',(#1051,#1052,#1053));
#335=EDGE_LOOP('',(#1054,#1055,#1056));
#336=EDGE_LOOP('',(#1057,#1058,#1059,#1060,#1061,#1062,#1063,#1064));
#337=EDGE_LOOP('',(#1065,#1066,#1067,#1068));
#338=EDGE_LOOP('',(#1069,#1070,#1071,#1072));
#339=EDGE_LOOP('',(#1073,#1074,#1075,#1076));
#340=EDGE_LOOP('',(#1077,#1078,#1079,#1080));
#341=EDGE_LOOP('',(#1081,#1082,#1083,#1084));
#342=EDGE_LOOP('',(#1085,#1086,#1087,#1088));
#343=EDGE_LOOP('',(#1089,#1090,#1091,#1092));
#344=EDGE_LOOP('',(#1093,#1094,#1095,#1096));
#345=EDGE_LOOP('',(#1097,#1098,#1099,#1100));
#346=EDGE_LOOP('',(#1101,#1102,#1103,#1104));
#347=EDGE_LOOP('',(#1105,#1106,#1107,#1108));
#348=EDGE_LOOP('',(#1109,#1110,#1111,#1112));
#349=EDGE_LOOP('',(#1113,#1114,#1115,#1116,#1117,#1118,#1119,#1120,#1121,
#1122,#1123,#1124,#1125,#1126,#1127,#1128,#1129,#1130,#1131,#1132,#1133,
#1134,#1135,#1136));
#350=EDGE_LOOP('',(#1137));
#351=EDGE_LOOP('',(#1138));
#352=EDGE_LOOP('',(#1139,#1140,#1141,#1142));
#353=EDGE_LOOP('',(#1143,#1144,#1145,#1146));
#354=EDGE_LOOP('',(#1147,#1148,#1149,#1150));
#355=EDGE_LOOP('',(#1151,#1152,#1153,#1154));
#356=EDGE_LOOP('',(#1155,#1156,#1157,#1158));
#357=EDGE_LOOP('',(#1159,#1160,#1161,#1162));
#358=EDGE_LOOP('',(#1163,#1164,#1165,#1166));
#359=EDGE_LOOP('',(#1167,#1168,#1169,#1170));
#360=EDGE_LOOP('',(#1171,#1172,#1173,#1174));
#361=EDGE_LOOP('',(#1175,#1176,#1177,#1178));
#362=EDGE_LOOP('',(#1179,#1180,#1181,#1182));
#363=EDGE_LOOP('',(#1183,#1184,#1185,#1186));
#364=EDGE_LOOP('',(#1187,#1188,#1189,#1190));
#365=EDGE_LOOP('',(#1191,#1192,#1193,#1194));
#366=EDGE_LOOP('',(#1195,#1196,#1197,#1198));
#367=EDGE_LOOP('',(#1199,#1200,#1201,#1202));
#368=EDGE_LOOP('',(#1203,#1204,#1205,#1206));
#369=EDGE_LOOP('',(#1207,#1208,#1209,#1210));
#370=EDGE_LOOP('',(#1211,#1212,#1213,#1214));
#371=EDGE_LOOP('',(#1215,#1216,#1217,#1218));
#372=EDGE_LOOP('',(#1219,#1220,#1221,#1222));
#373=EDGE_LOOP('',(#1223,#1224,#1225,#1226));
#374=EDGE_LOOP('',(#1227,#1228,#1229,#1230));
#375=EDGE_LOOP('',(#1231,#1232,#1233,#1234));
#376=EDGE_LOOP('',(#1235,#1236,#1237));
#377=EDGE_LOOP('',(#1238,#1239,#1240));
#378=EDGE_LOOP('',(#1241,#1242,#1243,#1244));
#379=EDGE_LOOP('',(#1245,#1246,#1247,#1248));
#380=EDGE_LOOP('',(#1249,#1250,#1251,#1252));
#381=EDGE_LOOP('',(#1253,#1254,#1255,#1256));
#382=EDGE_LOOP('',(#1257,#1258,#1259,#1260));
#383=EDGE_LOOP('',(#1261,#1262,#1263,#1264));
#384=EDGE_LOOP('',(#1265,#1266,#1267,#1268));
#385=EDGE_LOOP('',(#1269,#1270,#1271,#1272));
#386=EDGE_LOOP('',(#1273,#1274,#1275,#1276));
#387=EDGE_LOOP('',(#1277,#1278,#1279,#1280));
#388=EDGE_LOOP('',(#1281,#1282,#1283,#1284));
#389=EDGE_LOOP('',(#1285,#1286,#1287,#1288));
#390=EDGE_LOOP('',(#1289,#1290,#1291,#1292));
#391=EDGE_LOOP('',(#1293,#1294,#1295,#1296,#1297,#1298,#1299,#1300,#1301,
#1302,#1303,#1304,#1305,#1306,#1307,#1308,#1309,#1310,#1311,#1312,#1313,
#1314,#1315,#1316));
#392=EDGE_LOOP('',(#1317));
#393=EDGE_LOOP('',(#1318));
#394=EDGE_LOOP('',(#1319,#1320,#1321,#1322));
#395=EDGE_LOOP('',(#1323,#1324,#1325,#1326));
#396=EDGE_LOOP('',(#1327,#1328,#1329,#1330));
#397=EDGE_LOOP('',(#1331,#1332,#1333,#1334));
#398=LINE('',#2156,#493);
#399=LINE('',#2158,#494);
#400=LINE('',#2160,#495);
#401=LINE('',#2161,#496);
#402=LINE('',#2166,#497);
#403=LINE('',#2168,#498);
#404=LINE('',#2169,#499);
#405=LINE('',#2176,#500);
#406=LINE('',#2178,#501);
#407=LINE('',#2179,#502);
#408=LINE('',#2183,#503);
#409=LINE('',#2184,#504);
#410=LINE('',#2191,#505);
#411=LINE('',#2195,#506);
#412=LINE('',#2198,#507);
#413=LINE('',#2201,#508);
#414=LINE('',#2205,#509);
#415=LINE('',#2212,#510);
#416=LINE('',#2215,#511);
#417=LINE('',#2234,#512);
#418=LINE('',#2235,#513);
#419=LINE('',#2244,#514);
#420=LINE('',#2246,#515);
#421=LINE('',#2271,#516);
#422=LINE('',#2272,#517);
#423=LINE('',#2291,#518);
#424=LINE('',#2292,#519);
#425=LINE('',#2310,#520);
#426=LINE('',#2311,#521);
#427=LINE('',#2320,#522);
#428=LINE('',#2321,#523);
#429=LINE('',#2332,#524);
#430=LINE('',#2333,#525);
#431=LINE('',#2344,#526);
#432=LINE('',#2345,#527);
#433=LINE('',#2356,#528);
#434=LINE('',#2357,#529);
#435=LINE('',#2368,#530);
#436=LINE('',#2369,#531);
#437=LINE('',#2380,#532);
#438=LINE('',#2381,#533);
#439=LINE('',#2385,#534);
#440=LINE('',#2388,#535);
#441=LINE('',#2395,#536);
#442=LINE('',#2396,#537);
#443=LINE('',#2399,#538);
#444=LINE('',#2403,#539);
#445=LINE('',#2404,#540);
#446=LINE('',#2407,#541);
#447=LINE('',#2411,#542);
#448=LINE('',#2412,#543);
#449=LINE('',#2415,#544);
#450=LINE('',#2419,#545);
#451=LINE('',#2420,#546);
#452=LINE('',#2423,#547);
#453=LINE('',#2427,#548);
#454=LINE('',#2428,#549);
#455=LINE('',#2431,#550);
#456=LINE('',#2435,#551);
#457=LINE('',#2436,#552);
#458=LINE('',#2439,#553);
#459=LINE('',#2443,#554);
#460=LINE('',#2444,#555);
#461=LINE('',#2476,#556);
#462=LINE('',#2477,#557);
#463=LINE('',#2496,#558);
#464=LINE('',#2497,#559);
#465=LINE('',#2515,#560);
#466=LINE('',#2516,#561);
#467=LINE('',#2524,#562);
#468=LINE('',#2532,#563);
#469=LINE('',#2540,#564);
#470=LINE('',#2548,#565);
#471=LINE('',#2556,#566);
#472=LINE('',#2564,#567);
#473=LINE('',#2570,#568);
#474=LINE('',#2573,#569);
#475=LINE('',#2592,#570);
#476=LINE('',#2593,#571);
#477=LINE('',#2601,#572);
#478=LINE('',#2602,#573);
#479=LINE('',#2606,#574);
#480=LINE('',#2611,#575);
#481=LINE('',#2613,#576);
#482=LINE('',#2615,#577);
#483=LINE('',#2617,#578);
#484=LINE('',#2619,#579);
#485=LINE('',#2621,#580);
#486=LINE('',#2623,#581);
#487=LINE('',#2625,#582);
#488=LINE('',#2627,#583);
#489=LINE('',#2629,#584);
#490=LINE('',#2631,#585);
#491=LINE('',#2641,#586);
#492=LINE('',#2645,#587);
#493=VECTOR('',#1667,10.);
#494=VECTOR('',#1668,10.);
#495=VECTOR('',#1669,10.);
#496=VECTOR('',#1670,10.);
#497=VECTOR('',#1675,10.);
#498=VECTOR('',#1676,10.);
#499=VECTOR('',#1677,10.);
#500=VECTOR('',#1684,10.);
#501=VECTOR('',#1685,10.);
#502=VECTOR('',#1686,10.);
#503=VECTOR('',#1691,10.);
#504=VECTOR('',#1692,10.);
#505=VECTOR('',#1699,10.);
#506=VECTOR('',#1702,10.);
#507=VECTOR('',#1705,10.);
#508=VECTOR('',#1708,1.5);
#509=VECTOR('',#1713,2.);
#510=VECTOR('',#1720,10.);
#511=VECTOR('',#1723,10.);
#512=VECTOR('',#1734,10.);
#513=VECTOR('',#1735,10.);
#514=VECTOR('',#1746,10.);
#515=VECTOR('',#1747,10.);
#516=VECTOR('',#1760,10.);
#517=VECTOR('',#1761,10.);
#518=VECTOR('',#1772,10.);
#519=VECTOR('',#1773,10.);
#520=VECTOR('',#1784,10.);
#521=VECTOR('',#1785,10.);
#522=VECTOR('',#1796,10.);
#523=VECTOR('',#1797,10.);
#524=VECTOR('',#1810,10.);
#525=VECTOR('',#1811,10.);
#526=VECTOR('',#1824,10.);
#527=VECTOR('',#1825,10.);
#528=VECTOR('',#1838,10.);
#529=VECTOR('',#1839,10.);
#530=VECTOR('',#1852,10.);
#531=VECTOR('',#1853,10.);
#532=VECTOR('',#1866,10.);
#533=VECTOR('',#1867,10.);
#534=VECTOR('',#1872,10.);
#535=VECTOR('',#1875,10.);
#536=VECTOR('',#1886,10.);
#537=VECTOR('',#1887,10.);
#538=VECTOR('',#1890,10.);
#539=VECTOR('',#1895,10.);
#540=VECTOR('',#1896,10.);
#541=VECTOR('',#1899,10.);
#542=VECTOR('',#1904,10.);
#543=VECTOR('',#1905,10.);
#544=VECTOR('',#1908,10.);
#545=VECTOR('',#1913,10.);
#546=VECTOR('',#1914,10.);
#547=VECTOR('',#1917,10.);
#548=VECTOR('',#1922,10.);
#549=VECTOR('',#1923,10.);
#550=VECTOR('',#1926,10.);
#551=VECTOR('',#1931,10.);
#552=VECTOR('',#1932,10.);
#553=VECTOR('',#1935,10.);
#554=VECTOR('',#1940,10.);
#555=VECTOR('',#1941,10.);
#556=VECTOR('',#1960,10.);
#557=VECTOR('',#1961,10.);
#558=VECTOR('',#1972,10.);
#559=VECTOR('',#1973,10.);
#560=VECTOR('',#1984,10.);
#561=VECTOR('',#1985,10.);
#562=VECTOR('',#1996,10.);
#563=VECTOR('',#2007,10.);
#564=VECTOR('',#2018,10.);
#565=VECTOR('',#2029,10.);
#566=VECTOR('',#2040,10.);
#567=VECTOR('',#2051,10.);
#568=VECTOR('',#2056,10.);
#569=VECTOR('',#2059,10.);
#570=VECTOR('',#2070,10.);
#571=VECTOR('',#2071,10.);
#572=VECTOR('',#2082,10.);
#573=VECTOR('',#2083,10.);
#574=VECTOR('',#2090,10.);
#575=VECTOR('',#2099,10.);
#576=VECTOR('',#2102,10.);
#577=VECTOR('',#2105,10.);
#578=VECTOR('',#2108,10.);
#579=VECTOR('',#2111,10.);
#580=VECTOR('',#2114,10.);
#581=VECTOR('',#2117,10.);
#582=VECTOR('',#2120,10.);
#583=VECTOR('',#2123,10.);
#584=VECTOR('',#2126,10.);
#585=VECTOR('',#2129,10.);
#586=VECTOR('',#2144,1.5);
#587=VECTOR('',#2151,2.);
#588=VERTEX_POINT('',#2154);
#589=VERTEX_POINT('',#2155);
#590=VERTEX_POINT('',#2157);
#591=VERTEX_POINT('',#2159);
#592=VERTEX_POINT('',#2163);
#593=VERTEX_POINT('',#2165);
#594=VERTEX_POINT('',#2167);
#595=VERTEX_POINT('',#2170);
#596=VERTEX_POINT('',#2172);
#597=VERTEX_POINT('',#2175);
#598=VERTEX_POINT('',#2177);
#599=VERTEX_POINT('',#2181);
#600=VERTEX_POINT('',#2185);
#601=VERTEX_POINT('',#2187);
#602=VERTEX_POINT('',#2190);
#603=VERTEX_POINT('',#2192);
#604=VERTEX_POINT('',#2194);
#605=VERTEX_POINT('',#2196);
#606=VERTEX_POINT('',#2200);
#607=VERTEX_POINT('',#2204);
#608=VERTEX_POINT('',#2208);
#609=VERTEX_POINT('',#2209);
#610=VERTEX_POINT('',#2211);
#611=VERTEX_POINT('',#2213);
#612=VERTEX_POINT('',#2225);
#613=VERTEX_POINT('',#2226);
#614=VERTEX_POINT('',#2231);
#615=VERTEX_POINT('',#2232);
#616=VERTEX_POINT('',#2237);
#617=VERTEX_POINT('',#2238);
#618=VERTEX_POINT('',#2243);
#619=VERTEX_POINT('',#2245);
#620=VERTEX_POINT('',#2262);
#621=VERTEX_POINT('',#2264);
#622=VERTEX_POINT('',#2268);
#623=VERTEX_POINT('',#2269);
#624=VERTEX_POINT('',#2282);
#625=VERTEX_POINT('',#2283);
#626=VERTEX_POINT('',#2288);
#627=VERTEX_POINT('',#2289);
#628=VERTEX_POINT('',#2302);
#629=VERTEX_POINT('',#2303);
#630=VERTEX_POINT('',#2308);
#631=VERTEX_POINT('',#2313);
#632=VERTEX_POINT('',#2317);
#633=VERTEX_POINT('',#2318);
#634=VERTEX_POINT('',#2323);
#635=VERTEX_POINT('',#2324);
#636=VERTEX_POINT('',#2329);
#637=VERTEX_POINT('',#2330);
#638=VERTEX_POINT('',#2335);
#639=VERTEX_POINT('',#2336);
#640=VERTEX_POINT('',#2341);
#641=VERTEX_POINT('',#2342);
#642=VERTEX_POINT('',#2347);
#643=VERTEX_POINT('',#2348);
#644=VERTEX_POINT('',#2353);
#645=VERTEX_POINT('',#2354);
#646=VERTEX_POINT('',#2359);
#647=VERTEX_POINT('',#2360);
#648=VERTEX_POINT('',#2365);
#649=VERTEX_POINT('',#2366);
#650=VERTEX_POINT('',#2371);
#651=VERTEX_POINT('',#2372);
#652=VERTEX_POINT('',#2377);
#653=VERTEX_POINT('',#2378);
#654=VERTEX_POINT('',#2383);
#655=VERTEX_POINT('',#2386);
#656=VERTEX_POINT('',#2394);
#657=VERTEX_POINT('',#2398);
#658=VERTEX_POINT('',#2402);
#659=VERTEX_POINT('',#2406);
#660=VERTEX_POINT('',#2410);
#661=VERTEX_POINT('',#2414);
#662=VERTEX_POINT('',#2418);
#663=VERTEX_POINT('',#2422);
#664=VERTEX_POINT('',#2426);
#665=VERTEX_POINT('',#2430);
#666=VERTEX_POINT('',#2434);
#667=VERTEX_POINT('',#2438);
#668=VERTEX_POINT('',#2442);
#669=VERTEX_POINT('',#2446);
#670=VERTEX_POINT('',#2448);
#671=VERTEX_POINT('',#2451);
#672=VERTEX_POINT('',#2452);
#673=VERTEX_POINT('',#2454);
#674=VERTEX_POINT('',#2456);
#675=VERTEX_POINT('',#2473);
#676=VERTEX_POINT('',#2474);
#677=VERTEX_POINT('',#2487);
#678=VERTEX_POINT('',#2488);
#679=VERTEX_POINT('',#2493);
#680=VERTEX_POINT('',#2494);
#681=VERTEX_POINT('',#2507);
#682=VERTEX_POINT('',#2508);
#683=VERTEX_POINT('',#2513);
#684=VERTEX_POINT('',#2518);
#685=VERTEX_POINT('',#2522);
#686=VERTEX_POINT('',#2526);
#687=VERTEX_POINT('',#2530);
#688=VERTEX_POINT('',#2534);
#689=VERTEX_POINT('',#2538);
#690=VERTEX_POINT('',#2542);
#691=VERTEX_POINT('',#2546);
#692=VERTEX_POINT('',#2550);
#693=VERTEX_POINT('',#2554);
#694=VERTEX_POINT('',#2558);
#695=VERTEX_POINT('',#2562);
#696=VERTEX_POINT('',#2566);
#697=VERTEX_POINT('',#2567);
#698=VERTEX_POINT('',#2569);
#699=VERTEX_POINT('',#2571);
#700=VERTEX_POINT('',#2583);
#701=VERTEX_POINT('',#2584);
#702=VERTEX_POINT('',#2589);
#703=VERTEX_POINT('',#2590);
#704=VERTEX_POINT('',#2595);
#705=VERTEX_POINT('',#2596);
#706=VERTEX_POINT('',#2634);
#707=VERTEX_POINT('',#2636);
#708=EDGE_CURVE('',#588,#589,#398,.T.);
#709=EDGE_CURVE('',#590,#588,#399,.T.);
#710=EDGE_CURVE('',#591,#590,#400,.T.);
#711=EDGE_CURVE('',#591,#589,#401,.T.);
#712=EDGE_CURVE('',#589,#592,#97,.T.);
#713=EDGE_CURVE('',#593,#591,#402,.T.);
#714=EDGE_CURVE('',#593,#594,#403,.T.);
#715=EDGE_CURVE('',#592,#594,#404,.T.);
#716=EDGE_CURVE('',#595,#595,#98,.T.);
#717=EDGE_CURVE('',#596,#596,#99,.T.);
#718=EDGE_CURVE('',#594,#597,#405,.T.);
#719=EDGE_CURVE('',#598,#593,#406,.T.);
#720=EDGE_CURVE('',#598,#597,#407,.T.);
#721=EDGE_CURVE('',#599,#588,#100,.T.);
#722=EDGE_CURVE('',#597,#599,#408,.T.);
#723=EDGE_CURVE('',#590,#598,#409,.T.);
#724=EDGE_CURVE('',#600,#600,#101,.T.);
#725=EDGE_CURVE('',#601,#601,#102,.T.);
#726=EDGE_CURVE('',#592,#602,#410,.T.);
#727=EDGE_CURVE('',#603,#602,#103,.T.);
#728=EDGE_CURVE('',#604,#603,#411,.T.);
#729=EDGE_CURVE('',#605,#604,#104,.T.);
#730=EDGE_CURVE('',#605,#599,#412,.T.);
#731=EDGE_CURVE('',#600,#606,#413,.T.);
#732=EDGE_CURVE('',#606,#606,#105,.T.);
#733=EDGE_CURVE('',#601,#607,#414,.T.);
#734=EDGE_CURVE('',#607,#607,#106,.T.);
#735=EDGE_CURVE('',#608,#609,#107,.T.);
#736=EDGE_CURVE('',#609,#610,#415,.T.);
#737=EDGE_CURVE('',#610,#611,#108,.T.);
#738=EDGE_CURVE('',#611,#608,#416,.T.);
#739=EDGE_CURVE('',#612,#613,#109,.T.);
#740=EDGE_CURVE('',#613,#611,#110,.T.);
#741=EDGE_CURVE('',#610,#612,#111,.T.);
#742=EDGE_CURVE('',#614,#615,#112,.T.);
#743=EDGE_CURVE('',#615,#613,#417,.T.);
#744=EDGE_CURVE('',#612,#614,#418,.T.);
#745=EDGE_CURVE('',#616,#617,#113,.T.);
#746=EDGE_CURVE('',#617,#615,#114,.T.);
#747=EDGE_CURVE('',#614,#616,#115,.T.);
#748=EDGE_CURVE('',#618,#617,#419,.T.);
#749=EDGE_CURVE('',#616,#619,#420,.T.);
#750=EDGE_CURVE('',#619,#618,#19,.T.);
#751=EDGE_CURVE('',#619,#620,#116,.T.);
#752=EDGE_CURVE('',#620,#621,#117,.T.);
#753=EDGE_CURVE('',#621,#618,#118,.T.);
#754=EDGE_CURVE('',#622,#623,#119,.T.);
#755=EDGE_CURVE('',#623,#621,#421,.T.);
#756=EDGE_CURVE('',#620,#622,#422,.T.);
#757=EDGE_CURVE('',#624,#625,#120,.T.);
#758=EDGE_CURVE('',#625,#623,#121,.T.);
#759=EDGE_CURVE('',#622,#624,#122,.T.);
#760=EDGE_CURVE('',#626,#627,#123,.T.);
#761=EDGE_CURVE('',#627,#625,#423,.T.);
#762=EDGE_CURVE('',#624,#626,#424,.T.);
#763=EDGE_CURVE('',#628,#629,#124,.T.);
#764=EDGE_CURVE('',#629,#627,#125,.T.);
#765=EDGE_CURVE('',#626,#628,#126,.T.);
#766=EDGE_CURVE('',#630,#604,#127,.T.);
#767=EDGE_CURVE('',#604,#629,#425,.T.);
#768=EDGE_CURVE('',#628,#630,#426,.T.);
#769=EDGE_CURVE('',#631,#605,#128,.T.);
#770=EDGE_CURVE('',#630,#631,#129,.T.);
#771=EDGE_CURVE('',#632,#633,#130,.T.);
#772=EDGE_CURVE('',#633,#605,#427,.T.);
#773=EDGE_CURVE('',#631,#632,#428,.T.);
#774=EDGE_CURVE('',#634,#635,#131,.T.);
#775=EDGE_CURVE('',#635,#633,#132,.T.);
#776=EDGE_CURVE('',#632,#634,#133,.T.);
#777=EDGE_CURVE('',#636,#637,#134,.T.);
#778=EDGE_CURVE('',#637,#635,#429,.T.);
#779=EDGE_CURVE('',#634,#636,#430,.T.);
#780=EDGE_CURVE('',#638,#639,#135,.T.);
#781=EDGE_CURVE('',#639,#637,#136,.T.);
#782=EDGE_CURVE('',#636,#638,#137,.T.);
#783=EDGE_CURVE('',#640,#641,#138,.T.);
#784=EDGE_CURVE('',#641,#639,#431,.T.);
#785=EDGE_CURVE('',#638,#640,#432,.T.);
#786=EDGE_CURVE('',#642,#643,#139,.T.);
#787=EDGE_CURVE('',#643,#641,#140,.T.);
#788=EDGE_CURVE('',#640,#642,#141,.T.);
#789=EDGE_CURVE('',#644,#645,#142,.T.);
#790=EDGE_CURVE('',#645,#643,#433,.T.);
#791=EDGE_CURVE('',#642,#644,#434,.T.);
#792=EDGE_CURVE('',#646,#647,#143,.T.);
#793=EDGE_CURVE('',#647,#645,#144,.T.);
#794=EDGE_CURVE('',#644,#646,#145,.T.);
#795=EDGE_CURVE('',#648,#649,#146,.T.);
#796=EDGE_CURVE('',#649,#647,#435,.T.);
#797=EDGE_CURVE('',#646,#648,#436,.T.);
#798=EDGE_CURVE('',#650,#651,#147,.T.);
#799=EDGE_CURVE('',#651,#649,#148,.T.);
#800=EDGE_CURVE('',#648,#650,#149,.T.);
#801=EDGE_CURVE('',#652,#653,#150,.T.);
#802=EDGE_CURVE('',#653,#651,#437,.T.);
#803=EDGE_CURVE('',#650,#652,#438,.T.);
#804=EDGE_CURVE('',#654,#652,#151,.T.);
#805=EDGE_CURVE('',#652,#609,#439,.T.);
#806=EDGE_CURVE('',#609,#655,#152,.T.);
#807=EDGE_CURVE('',#655,#654,#440,.T.);
#808=EDGE_CURVE('',#654,#653,#153,.T.);
#809=EDGE_CURVE('',#608,#655,#154,.T.);
#810=EDGE_CURVE('',#633,#656,#441,.T.);
#811=EDGE_CURVE('',#602,#656,#442,.T.);
#812=EDGE_CURVE('',#635,#657,#443,.T.);
#813=EDGE_CURVE('',#656,#657,#155,.T.);
#814=EDGE_CURVE('',#637,#658,#444,.T.);
#815=EDGE_CURVE('',#657,#658,#445,.T.);
#816=EDGE_CURVE('',#639,#659,#446,.T.);
#817=EDGE_CURVE('',#658,#659,#156,.T.);
#818=EDGE_CURVE('',#641,#660,#447,.T.);
#819=EDGE_CURVE('',#659,#660,#448,.T.);
#820=EDGE_CURVE('',#643,#661,#449,.T.);
#821=EDGE_CURVE('',#660,#661,#157,.T.);
#822=EDGE_CURVE('',#645,#662,#450,.T.);
#823=EDGE_CURVE('',#661,#662,#451,.T.);
#824=EDGE_CURVE('',#647,#663,#452,.T.);
#825=EDGE_CURVE('',#662,#663,#158,.T.);
#826=EDGE_CURVE('',#649,#664,#453,.T.);
#827=EDGE_CURVE('',#663,#664,#454,.T.);
#828=EDGE_CURVE('',#651,#665,#455,.T.);
#829=EDGE_CURVE('',#664,#665,#159,.T.);
#830=EDGE_CURVE('',#653,#666,#456,.T.);
#831=EDGE_CURVE('',#665,#666,#457,.T.);
#832=EDGE_CURVE('',#654,#667,#458,.T.);
#833=EDGE_CURVE('',#666,#667,#160,.T.);
#834=EDGE_CURVE('',#655,#668,#459,.T.);
#835=EDGE_CURVE('',#667,#668,#460,.T.);
#836=EDGE_CURVE('',#669,#669,#161,.T.);
#837=EDGE_CURVE('',#670,#670,#162,.T.);
#838=EDGE_CURVE('',#671,#672,#163,.T.);
#839=EDGE_CURVE('',#672,#673,#164,.T.);
#840=EDGE_CURVE('',#673,#674,#165,.T.);
#841=EDGE_CURVE('',#674,#671,#20,.T.);
#842=EDGE_CURVE('',#675,#676,#166,.T.);
#843=EDGE_CURVE('',#676,#673,#461,.T.);
#844=EDGE_CURVE('',#672,#675,#462,.T.);
#845=EDGE_CURVE('',#677,#678,#167,.T.);
#846=EDGE_CURVE('',#678,#676,#168,.T.);
#847=EDGE_CURVE('',#675,#677,#169,.T.);
#848=EDGE_CURVE('',#679,#680,#170,.T.);
#849=EDGE_CURVE('',#680,#678,#463,.T.);
#850=EDGE_CURVE('',#677,#679,#464,.T.);
#851=EDGE_CURVE('',#681,#682,#171,.T.);
#852=EDGE_CURVE('',#682,#680,#172,.T.);
#853=EDGE_CURVE('',#679,#681,#173,.T.);
#854=EDGE_CURVE('',#603,#683,#174,.T.);
#855=EDGE_CURVE('',#683,#682,#465,.T.);
#856=EDGE_CURVE('',#681,#603,#466,.T.);
#857=EDGE_CURVE('',#602,#684,#175,.T.);
#858=EDGE_CURVE('',#684,#683,#176,.T.);
#859=EDGE_CURVE('',#656,#685,#177,.T.);
#860=EDGE_CURVE('',#685,#684,#467,.T.);
#861=EDGE_CURVE('',#657,#686,#178,.T.);
#862=EDGE_CURVE('',#686,#685,#179,.T.);
#863=EDGE_CURVE('',#658,#687,#180,.T.);
#864=EDGE_CURVE('',#687,#686,#468,.T.);
#865=EDGE_CURVE('',#659,#688,#181,.T.);
#866=EDGE_CURVE('',#688,#687,#182,.T.);
#867=EDGE_CURVE('',#660,#689,#183,.T.);
#868=EDGE_CURVE('',#689,#688,#469,.T.);
#869=EDGE_CURVE('',#661,#690,#184,.T.);
#870=EDGE_CURVE('',#690,#689,#185,.T.);
#871=EDGE_CURVE('',#662,#691,#186,.T.);
#872=EDGE_CURVE('',#691,#690,#470,.T.);
#873=EDGE_CURVE('',#663,#692,#187,.T.);
#874=EDGE_CURVE('',#692,#691,#188,.T.);
#875=EDGE_CURVE('',#664,#693,#189,.T.);
#876=EDGE_CURVE('',#693,#692,#471,.T.);
#877=EDGE_CURVE('',#665,#694,#190,.T.);
#878=EDGE_CURVE('',#694,#693,#191,.T.);
#879=EDGE_CURVE('',#666,#695,#192,.T.);
#880=EDGE_CURVE('',#695,#694,#472,.T.);
#881=EDGE_CURVE('',#696,#697,#193,.T.);
#882=EDGE_CURVE('',#697,#698,#473,.T.);
#883=EDGE_CURVE('',#698,#699,#194,.T.);
#884=EDGE_CURVE('',#699,#696,#474,.T.);
#885=EDGE_CURVE('',#700,#701,#195,.T.);
#886=EDGE_CURVE('',#701,#699,#196,.T.);
#887=EDGE_CURVE('',#698,#700,#197,.T.);
#888=EDGE_CURVE('',#702,#703,#198,.T.);
#889=EDGE_CURVE('',#703,#701,#475,.T.);
#890=EDGE_CURVE('',#700,#702,#476,.T.);
#891=EDGE_CURVE('',#704,#705,#199,.T.);
#892=EDGE_CURVE('',#705,#703,#200,.T.);
#893=EDGE_CURVE('',#702,#704,#201,.T.);
#894=EDGE_CURVE('',#674,#705,#477,.T.);
#895=EDGE_CURVE('',#704,#671,#478,.T.);
#896=EDGE_CURVE('',#695,#667,#202,.T.);
#897=EDGE_CURVE('',#668,#696,#203,.T.);
#898=EDGE_CURVE('',#696,#695,#479,.T.);
#899=EDGE_CURVE('',#668,#697,#204,.T.);
#900=EDGE_CURVE('',#629,#681,#480,.T.);
#901=EDGE_CURVE('',#627,#679,#481,.T.);
#902=EDGE_CURVE('',#625,#677,#482,.T.);
#903=EDGE_CURVE('',#623,#675,#483,.T.);
#904=EDGE_CURVE('',#621,#672,#484,.T.);
#905=EDGE_CURVE('',#618,#671,#485,.T.);
#906=EDGE_CURVE('',#617,#704,#486,.T.);
#907=EDGE_CURVE('',#615,#702,#487,.T.);
#908=EDGE_CURVE('',#613,#700,#488,.T.);
#909=EDGE_CURVE('',#611,#698,#489,.T.);
#910=EDGE_CURVE('',#608,#697,#490,.T.);
#911=EDGE_CURVE('',#706,#706,#205,.T.);
#912=EDGE_CURVE('',#707,#707,#206,.T.);
#913=EDGE_CURVE('',#606,#669,#207,.T.);
#914=EDGE_CURVE('',#707,#596,#491,.T.);
#915=EDGE_CURVE('',#607,#670,#208,.T.);
#916=EDGE_CURVE('',#706,#595,#492,.T.);
#917=ORIENTED_EDGE('',*,*,#708,.F.);
#918=ORIENTED_EDGE('',*,*,#709,.F.);
#919=ORIENTED_EDGE('',*,*,#710,.F.);
#920=ORIENTED_EDGE('',*,*,#711,.T.);
#921=ORIENTED_EDGE('',*,*,#712,.F.);
#922=ORIENTED_EDGE('',*,*,#711,.F.);
#923=ORIENTED_EDGE('',*,*,#713,.F.);
#924=ORIENTED_EDGE('',*,*,#714,.T.);
#925=ORIENTED_EDGE('',*,*,#715,.F.);
#926=ORIENTED_EDGE('',*,*,#716,.F.);
#927=ORIENTED_EDGE('',*,*,#717,.F.);
#928=ORIENTED_EDGE('',*,*,#718,.F.);
#929=ORIENTED_EDGE('',*,*,#714,.F.);
#930=ORIENTED_EDGE('',*,*,#719,.F.);
#931=ORIENTED_EDGE('',*,*,#720,.T.);
#932=ORIENTED_EDGE('',*,*,#721,.F.);
#933=ORIENTED_EDGE('',*,*,#722,.F.);
#934=ORIENTED_EDGE('',*,*,#720,.F.);
#935=ORIENTED_EDGE('',*,*,#723,.F.);
#936=ORIENTED_EDGE('',*,*,#709,.T.);
#937=ORIENTED_EDGE('',*,*,#724,.F.);
#938=ORIENTED_EDGE('',*,*,#725,.F.);
#939=ORIENTED_EDGE('',*,*,#721,.T.);
#940=ORIENTED_EDGE('',*,*,#708,.T.);
#941=ORIENTED_EDGE('',*,*,#712,.T.);
#942=ORIENTED_EDGE('',*,*,#726,.T.);
#943=ORIENTED_EDGE('',*,*,#727,.F.);
#944=ORIENTED_EDGE('',*,*,#728,.F.);
#945=ORIENTED_EDGE('',*,*,#729,.F.);
#946=ORIENTED_EDGE('',*,*,#730,.T.);
#947=ORIENTED_EDGE('',*,*,#724,.T.);
#948=ORIENTED_EDGE('',*,*,#731,.T.);
#949=ORIENTED_EDGE('',*,*,#732,.F.);
#950=ORIENTED_EDGE('',*,*,#731,.F.);
#951=ORIENTED_EDGE('',*,*,#725,.T.);
#952=ORIENTED_EDGE('',*,*,#733,.T.);
#953=ORIENTED_EDGE('',*,*,#734,.F.);
#954=ORIENTED_EDGE('',*,*,#733,.F.);
#955=ORIENTED_EDGE('',*,*,#735,.T.);
#956=ORIENTED_EDGE('',*,*,#736,.T.);
#957=ORIENTED_EDGE('',*,*,#737,.T.);
#958=ORIENTED_EDGE('',*,*,#738,.T.);
#959=ORIENTED_EDGE('',*,*,#739,.T.);
#960=ORIENTED_EDGE('',*,*,#740,.T.);
#961=ORIENTED_EDGE('',*,*,#737,.F.);
#962=ORIENTED_EDGE('',*,*,#741,.T.);
#963=ORIENTED_EDGE('',*,*,#742,.T.);
#964=ORIENTED_EDGE('',*,*,#743,.T.);
#965=ORIENTED_EDGE('',*,*,#739,.F.);
#966=ORIENTED_EDGE('',*,*,#744,.T.);
#967=ORIENTED_EDGE('',*,*,#745,.T.);
#968=ORIENTED_EDGE('',*,*,#746,.T.);
#969=ORIENTED_EDGE('',*,*,#742,.F.);
#970=ORIENTED_EDGE('',*,*,#747,.T.);
#971=ORIENTED_EDGE('',*,*,#748,.T.);
#972=ORIENTED_EDGE('',*,*,#745,.F.);
#973=ORIENTED_EDGE('',*,*,#749,.T.);
#974=ORIENTED_EDGE('',*,*,#750,.T.);
#975=ORIENTED_EDGE('',*,*,#751,.T.);
#976=ORIENTED_EDGE('',*,*,#752,.T.);
#977=ORIENTED_EDGE('',*,*,#753,.T.);
#978=ORIENTED_EDGE('',*,*,#750,.F.);
#979=ORIENTED_EDGE('',*,*,#754,.T.);
#980=ORIENTED_EDGE('',*,*,#755,.T.);
#981=ORIENTED_EDGE('',*,*,#752,.F.);
#982=ORIENTED_EDGE('',*,*,#756,.T.);
#983=ORIENTED_EDGE('',*,*,#757,.T.);
#984=ORIENTED_EDGE('',*,*,#758,.T.);
#985=ORIENTED_EDGE('',*,*,#754,.F.);
#986=ORIENTED_EDGE('',*,*,#759,.T.);
#987=ORIENTED_EDGE('',*,*,#760,.T.);
#988=ORIENTED_EDGE('',*,*,#761,.T.);
#989=ORIENTED_EDGE('',*,*,#757,.F.);
#990=ORIENTED_EDGE('',*,*,#762,.T.);
#991=ORIENTED_EDGE('',*,*,#763,.T.);
#992=ORIENTED_EDGE('',*,*,#764,.T.);
#993=ORIENTED_EDGE('',*,*,#760,.F.);
#994=ORIENTED_EDGE('',*,*,#765,.T.);
#995=ORIENTED_EDGE('',*,*,#766,.T.);
#996=ORIENTED_EDGE('',*,*,#767,.T.);
#997=ORIENTED_EDGE('',*,*,#763,.F.);
#998=ORIENTED_EDGE('',*,*,#768,.T.);
#999=ORIENTED_EDGE('',*,*,#769,.T.);
#1000=ORIENTED_EDGE('',*,*,#729,.T.);
#1001=ORIENTED_EDGE('',*,*,#766,.F.);
#1002=ORIENTED_EDGE('',*,*,#770,.T.);
#1003=ORIENTED_EDGE('',*,*,#771,.T.);
#1004=ORIENTED_EDGE('',*,*,#772,.T.);
#1005=ORIENTED_EDGE('',*,*,#769,.F.);
#1006=ORIENTED_EDGE('',*,*,#773,.T.);
#1007=ORIENTED_EDGE('',*,*,#774,.T.);
#1008=ORIENTED_EDGE('',*,*,#775,.T.);
#1009=ORIENTED_EDGE('',*,*,#771,.F.);
#1010=ORIENTED_EDGE('',*,*,#776,.T.);
#1011=ORIENTED_EDGE('',*,*,#777,.T.);
#1012=ORIENTED_EDGE('',*,*,#778,.T.);
#1013=ORIENTED_EDGE('',*,*,#774,.F.);
#1014=ORIENTED_EDGE('',*,*,#779,.T.);
#1015=ORIENTED_EDGE('',*,*,#780,.T.);
#1016=ORIENTED_EDGE('',*,*,#781,.T.);
#1017=ORIENTED_EDGE('',*,*,#777,.F.);
#1018=ORIENTED_EDGE('',*,*,#782,.T.);
#1019=ORIENTED_EDGE('',*,*,#783,.T.);
#1020=ORIENTED_EDGE('',*,*,#784,.T.);
#1021=ORIENTED_EDGE('',*,*,#780,.F.);
#1022=ORIENTED_EDGE('',*,*,#785,.T.);
#1023=ORIENTED_EDGE('',*,*,#786,.T.);
#1024=ORIENTED_EDGE('',*,*,#787,.T.);
#1025=ORIENTED_EDGE('',*,*,#783,.F.);
#1026=ORIENTED_EDGE('',*,*,#788,.T.);
#1027=ORIENTED_EDGE('',*,*,#789,.T.);
#1028=ORIENTED_EDGE('',*,*,#790,.T.);
#1029=ORIENTED_EDGE('',*,*,#786,.F.);
#1030=ORIENTED_EDGE('',*,*,#791,.T.);
#1031=ORIENTED_EDGE('',*,*,#792,.T.);
#1032=ORIENTED_EDGE('',*,*,#793,.T.);
#1033=ORIENTED_EDGE('',*,*,#789,.F.);
#1034=ORIENTED_EDGE('',*,*,#794,.T.);
#1035=ORIENTED_EDGE('',*,*,#795,.T.);
#1036=ORIENTED_EDGE('',*,*,#796,.T.);
#1037=ORIENTED_EDGE('',*,*,#792,.F.);
#1038=ORIENTED_EDGE('',*,*,#797,.T.);
#1039=ORIENTED_EDGE('',*,*,#798,.T.);
#1040=ORIENTED_EDGE('',*,*,#799,.T.);
#1041=ORIENTED_EDGE('',*,*,#795,.F.);
#1042=ORIENTED_EDGE('',*,*,#800,.T.);
#1043=ORIENTED_EDGE('',*,*,#801,.T.);
#1044=ORIENTED_EDGE('',*,*,#802,.T.);
#1045=ORIENTED_EDGE('',*,*,#798,.F.);
#1046=ORIENTED_EDGE('',*,*,#803,.T.);
#1047=ORIENTED_EDGE('',*,*,#804,.T.);
#1048=ORIENTED_EDGE('',*,*,#805,.T.);
#1049=ORIENTED_EDGE('',*,*,#806,.T.);
#1050=ORIENTED_EDGE('',*,*,#807,.T.);
#1051=ORIENTED_EDGE('',*,*,#804,.F.);
#1052=ORIENTED_EDGE('',*,*,#808,.T.);
#1053=ORIENTED_EDGE('',*,*,#801,.F.);
#1054=ORIENTED_EDGE('',*,*,#735,.F.);
#1055=ORIENTED_EDGE('',*,*,#809,.T.);
#1056=ORIENTED_EDGE('',*,*,#806,.F.);
#1057=ORIENTED_EDGE('',*,*,#722,.T.);
#1058=ORIENTED_EDGE('',*,*,#730,.F.);
#1059=ORIENTED_EDGE('',*,*,#772,.F.);
#1060=ORIENTED_EDGE('',*,*,#810,.T.);
#1061=ORIENTED_EDGE('',*,*,#811,.F.);
#1062=ORIENTED_EDGE('',*,*,#726,.F.);
#1063=ORIENTED_EDGE('',*,*,#715,.T.);
#1064=ORIENTED_EDGE('',*,*,#718,.T.);
#1065=ORIENTED_EDGE('',*,*,#775,.F.);
#1066=ORIENTED_EDGE('',*,*,#812,.T.);
#1067=ORIENTED_EDGE('',*,*,#813,.F.);
#1068=ORIENTED_EDGE('',*,*,#810,.F.);
#1069=ORIENTED_EDGE('',*,*,#778,.F.);
#1070=ORIENTED_EDGE('',*,*,#814,.T.);
#1071=ORIENTED_EDGE('',*,*,#815,.F.);
#1072=ORIENTED_EDGE('',*,*,#812,.F.);
#1073=ORIENTED_EDGE('',*,*,#781,.F.);
#1074=ORIENTED_EDGE('',*,*,#816,.T.);
#1075=ORIENTED_EDGE('',*,*,#817,.F.);
#1076=ORIENTED_EDGE('',*,*,#814,.F.);
#1077=ORIENTED_EDGE('',*,*,#784,.F.);
#1078=ORIENTED_EDGE('',*,*,#818,.T.);
#1079=ORIENTED_EDGE('',*,*,#819,.F.);
#1080=ORIENTED_EDGE('',*,*,#816,.F.);
#1081=ORIENTED_EDGE('',*,*,#787,.F.);
#1082=ORIENTED_EDGE('',*,*,#820,.T.);
#1083=ORIENTED_EDGE('',*,*,#821,.F.);
#1084=ORIENTED_EDGE('',*,*,#818,.F.);
#1085=ORIENTED_EDGE('',*,*,#790,.F.);
#1086=ORIENTED_EDGE('',*,*,#822,.T.);
#1087=ORIENTED_EDGE('',*,*,#823,.F.);
#1088=ORIENTED_EDGE('',*,*,#820,.F.);
#1089=ORIENTED_EDGE('',*,*,#793,.F.);
#1090=ORIENTED_EDGE('',*,*,#824,.T.);
#1091=ORIENTED_EDGE('',*,*,#825,.F.);
#1092=ORIENTED_EDGE('',*,*,#822,.F.);
#1093=ORIENTED_EDGE('',*,*,#796,.F.);
#1094=ORIENTED_EDGE('',*,*,#826,.T.);
#1095=ORIENTED_EDGE('',*,*,#827,.F.);
#1096=ORIENTED_EDGE('',*,*,#824,.F.);
#1097=ORIENTED_EDGE('',*,*,#799,.F.);
#1098=ORIENTED_EDGE('',*,*,#828,.T.);
#1099=ORIENTED_EDGE('',*,*,#829,.F.);
#1100=ORIENTED_EDGE('',*,*,#826,.F.);
#1101=ORIENTED_EDGE('',*,*,#802,.F.);
#1102=ORIENTED_EDGE('',*,*,#830,.T.);
#1103=ORIENTED_EDGE('',*,*,#831,.F.);
#1104=ORIENTED_EDGE('',*,*,#828,.F.);
#1105=ORIENTED_EDGE('',*,*,#808,.F.);
#1106=ORIENTED_EDGE('',*,*,#832,.T.);
#1107=ORIENTED_EDGE('',*,*,#833,.F.);
#1108=ORIENTED_EDGE('',*,*,#830,.F.);
#1109=ORIENTED_EDGE('',*,*,#807,.F.);
#1110=ORIENTED_EDGE('',*,*,#834,.T.);
#1111=ORIENTED_EDGE('',*,*,#835,.F.);
#1112=ORIENTED_EDGE('',*,*,#832,.F.);
#1113=ORIENTED_EDGE('',*,*,#736,.F.);
#1114=ORIENTED_EDGE('',*,*,#805,.F.);
#1115=ORIENTED_EDGE('',*,*,#803,.F.);
#1116=ORIENTED_EDGE('',*,*,#800,.F.);
#1117=ORIENTED_EDGE('',*,*,#797,.F.);
#1118=ORIENTED_EDGE('',*,*,#794,.F.);
#1119=ORIENTED_EDGE('',*,*,#791,.F.);
#1120=ORIENTED_EDGE('',*,*,#788,.F.);
#1121=ORIENTED_EDGE('',*,*,#785,.F.);
#1122=ORIENTED_EDGE('',*,*,#782,.F.);
#1123=ORIENTED_EDGE('',*,*,#779,.F.);
#1124=ORIENTED_EDGE('',*,*,#776,.F.);
#1125=ORIENTED_EDGE('',*,*,#773,.F.);
#1126=ORIENTED_EDGE('',*,*,#770,.F.);
#1127=ORIENTED_EDGE('',*,*,#768,.F.);
#1128=ORIENTED_EDGE('',*,*,#765,.F.);
#1129=ORIENTED_EDGE('',*,*,#762,.F.);
#1130=ORIENTED_EDGE('',*,*,#759,.F.);
#1131=ORIENTED_EDGE('',*,*,#756,.F.);
#1132=ORIENTED_EDGE('',*,*,#751,.F.);
#1133=ORIENTED_EDGE('',*,*,#749,.F.);
#1134=ORIENTED_EDGE('',*,*,#747,.F.);
#1135=ORIENTED_EDGE('',*,*,#744,.F.);
#1136=ORIENTED_EDGE('',*,*,#741,.F.);
#1137=ORIENTED_EDGE('',*,*,#836,.F.);
#1138=ORIENTED_EDGE('',*,*,#837,.F.);
#1139=ORIENTED_EDGE('',*,*,#838,.T.);
#1140=ORIENTED_EDGE('',*,*,#839,.T.);
#1141=ORIENTED_EDGE('',*,*,#840,.T.);
#1142=ORIENTED_EDGE('',*,*,#841,.T.);
#1143=ORIENTED_EDGE('',*,*,#842,.T.);
#1144=ORIENTED_EDGE('',*,*,#843,.T.);
#1145=ORIENTED_EDGE('',*,*,#839,.F.);
#1146=ORIENTED_EDGE('',*,*,#844,.T.);
#1147=ORIENTED_EDGE('',*,*,#845,.T.);
#1148=ORIENTED_EDGE('',*,*,#846,.T.);
#1149=ORIENTED_EDGE('',*,*,#842,.F.);
#1150=ORIENTED_EDGE('',*,*,#847,.T.);
#1151=ORIENTED_EDGE('',*,*,#848,.T.);
#1152=ORIENTED_EDGE('',*,*,#849,.T.);
#1153=ORIENTED_EDGE('',*,*,#845,.F.);
#1154=ORIENTED_EDGE('',*,*,#850,.T.);
#1155=ORIENTED_EDGE('',*,*,#851,.T.);
#1156=ORIENTED_EDGE('',*,*,#852,.T.);
#1157=ORIENTED_EDGE('',*,*,#848,.F.);
#1158=ORIENTED_EDGE('',*,*,#853,.T.);
#1159=ORIENTED_EDGE('',*,*,#854,.T.);
#1160=ORIENTED_EDGE('',*,*,#855,.T.);
#1161=ORIENTED_EDGE('',*,*,#851,.F.);
#1162=ORIENTED_EDGE('',*,*,#856,.T.);
#1163=ORIENTED_EDGE('',*,*,#857,.T.);
#1164=ORIENTED_EDGE('',*,*,#858,.T.);
#1165=ORIENTED_EDGE('',*,*,#854,.F.);
#1166=ORIENTED_EDGE('',*,*,#727,.T.);
#1167=ORIENTED_EDGE('',*,*,#859,.T.);
#1168=ORIENTED_EDGE('',*,*,#860,.T.);
#1169=ORIENTED_EDGE('',*,*,#857,.F.);
#1170=ORIENTED_EDGE('',*,*,#811,.T.);
#1171=ORIENTED_EDGE('',*,*,#861,.T.);
#1172=ORIENTED_EDGE('',*,*,#862,.T.);
#1173=ORIENTED_EDGE('',*,*,#859,.F.);
#1174=ORIENTED_EDGE('',*,*,#813,.T.);
#1175=ORIENTED_EDGE('',*,*,#863,.T.);
#1176=ORIENTED_EDGE('',*,*,#864,.T.);
#1177=ORIENTED_EDGE('',*,*,#861,.F.);
#1178=ORIENTED_EDGE('',*,*,#815,.T.);
#1179=ORIENTED_EDGE('',*,*,#865,.T.);
#1180=ORIENTED_EDGE('',*,*,#866,.T.);
#1181=ORIENTED_EDGE('',*,*,#863,.F.);
#1182=ORIENTED_EDGE('',*,*,#817,.T.);
#1183=ORIENTED_EDGE('',*,*,#867,.T.);
#1184=ORIENTED_EDGE('',*,*,#868,.T.);
#1185=ORIENTED_EDGE('',*,*,#865,.F.);
#1186=ORIENTED_EDGE('',*,*,#819,.T.);
#1187=ORIENTED_EDGE('',*,*,#869,.T.);
#1188=ORIENTED_EDGE('',*,*,#870,.T.);
#1189=ORIENTED_EDGE('',*,*,#867,.F.);
#1190=ORIENTED_EDGE('',*,*,#821,.T.);
#1191=ORIENTED_EDGE('',*,*,#871,.T.);
#1192=ORIENTED_EDGE('',*,*,#872,.T.);
#1193=ORIENTED_EDGE('',*,*,#869,.F.);
#1194=ORIENTED_EDGE('',*,*,#823,.T.);
#1195=ORIENTED_EDGE('',*,*,#873,.T.);
#1196=ORIENTED_EDGE('',*,*,#874,.T.);
#1197=ORIENTED_EDGE('',*,*,#871,.F.);
#1198=ORIENTED_EDGE('',*,*,#825,.T.);
#1199=ORIENTED_EDGE('',*,*,#875,.T.);
#1200=ORIENTED_EDGE('',*,*,#876,.T.);
#1201=ORIENTED_EDGE('',*,*,#873,.F.);
#1202=ORIENTED_EDGE('',*,*,#827,.T.);
#1203=ORIENTED_EDGE('',*,*,#877,.T.);
#1204=ORIENTED_EDGE('',*,*,#878,.T.);
#1205=ORIENTED_EDGE('',*,*,#875,.F.);
#1206=ORIENTED_EDGE('',*,*,#829,.T.);
#1207=ORIENTED_EDGE('',*,*,#879,.T.);
#1208=ORIENTED_EDGE('',*,*,#880,.T.);
#1209=ORIENTED_EDGE('',*,*,#877,.F.);
#1210=ORIENTED_EDGE('',*,*,#831,.T.);
#1211=ORIENTED_EDGE('',*,*,#881,.T.);
#1212=ORIENTED_EDGE('',*,*,#882,.T.);
#1213=ORIENTED_EDGE('',*,*,#883,.T.);
#1214=ORIENTED_EDGE('',*,*,#884,.T.);
#1215=ORIENTED_EDGE('',*,*,#885,.T.);
#1216=ORIENTED_EDGE('',*,*,#886,.T.);
#1217=ORIENTED_EDGE('',*,*,#883,.F.);
#1218=ORIENTED_EDGE('',*,*,#887,.T.);
#1219=ORIENTED_EDGE('',*,*,#888,.T.);
#1220=ORIENTED_EDGE('',*,*,#889,.T.);
#1221=ORIENTED_EDGE('',*,*,#885,.F.);
#1222=ORIENTED_EDGE('',*,*,#890,.T.);
#1223=ORIENTED_EDGE('',*,*,#891,.T.);
#1224=ORIENTED_EDGE('',*,*,#892,.T.);
#1225=ORIENTED_EDGE('',*,*,#888,.F.);
#1226=ORIENTED_EDGE('',*,*,#893,.T.);
#1227=ORIENTED_EDGE('',*,*,#894,.T.);
#1228=ORIENTED_EDGE('',*,*,#891,.F.);
#1229=ORIENTED_EDGE('',*,*,#895,.T.);
#1230=ORIENTED_EDGE('',*,*,#841,.F.);
#1231=ORIENTED_EDGE('',*,*,#896,.T.);
#1232=ORIENTED_EDGE('',*,*,#835,.T.);
#1233=ORIENTED_EDGE('',*,*,#897,.T.);
#1234=ORIENTED_EDGE('',*,*,#898,.T.);
#1235=ORIENTED_EDGE('',*,*,#896,.F.);
#1236=ORIENTED_EDGE('',*,*,#879,.F.);
#1237=ORIENTED_EDGE('',*,*,#833,.T.);
#1238=ORIENTED_EDGE('',*,*,#881,.F.);
#1239=ORIENTED_EDGE('',*,*,#897,.F.);
#1240=ORIENTED_EDGE('',*,*,#899,.T.);
#1241=ORIENTED_EDGE('',*,*,#767,.F.);
#1242=ORIENTED_EDGE('',*,*,#728,.T.);
#1243=ORIENTED_EDGE('',*,*,#856,.F.);
#1244=ORIENTED_EDGE('',*,*,#900,.F.);
#1245=ORIENTED_EDGE('',*,*,#764,.F.);
#1246=ORIENTED_EDGE('',*,*,#900,.T.);
#1247=ORIENTED_EDGE('',*,*,#853,.F.);
#1248=ORIENTED_EDGE('',*,*,#901,.F.);
#1249=ORIENTED_EDGE('',*,*,#761,.F.);
#1250=ORIENTED_EDGE('',*,*,#901,.T.);
#1251=ORIENTED_EDGE('',*,*,#850,.F.);
#1252=ORIENTED_EDGE('',*,*,#902,.F.);
#1253=ORIENTED_EDGE('',*,*,#710,.T.);
#1254=ORIENTED_EDGE('',*,*,#723,.T.);
#1255=ORIENTED_EDGE('',*,*,#719,.T.);
#1256=ORIENTED_EDGE('',*,*,#713,.T.);
#1257=ORIENTED_EDGE('',*,*,#758,.F.);
#1258=ORIENTED_EDGE('',*,*,#902,.T.);
#1259=ORIENTED_EDGE('',*,*,#847,.F.);
#1260=ORIENTED_EDGE('',*,*,#903,.F.);
#1261=ORIENTED_EDGE('',*,*,#755,.F.);
#1262=ORIENTED_EDGE('',*,*,#903,.T.);
#1263=ORIENTED_EDGE('',*,*,#844,.F.);
#1264=ORIENTED_EDGE('',*,*,#904,.F.);
#1265=ORIENTED_EDGE('',*,*,#753,.F.);
#1266=ORIENTED_EDGE('',*,*,#904,.T.);
#1267=ORIENTED_EDGE('',*,*,#838,.F.);
#1268=ORIENTED_EDGE('',*,*,#905,.F.);
#1269=ORIENTED_EDGE('',*,*,#748,.F.);
#1270=ORIENTED_EDGE('',*,*,#905,.T.);
#1271=ORIENTED_EDGE('',*,*,#895,.F.);
#1272=ORIENTED_EDGE('',*,*,#906,.F.);
#1273=ORIENTED_EDGE('',*,*,#746,.F.);
#1274=ORIENTED_EDGE('',*,*,#906,.T.);
#1275=ORIENTED_EDGE('',*,*,#893,.F.);
#1276=ORIENTED_EDGE('',*,*,#907,.F.);
#1277=ORIENTED_EDGE('',*,*,#743,.F.);
#1278=ORIENTED_EDGE('',*,*,#907,.T.);
#1279=ORIENTED_EDGE('',*,*,#890,.F.);
#1280=ORIENTED_EDGE('',*,*,#908,.F.);
#1281=ORIENTED_EDGE('',*,*,#740,.F.);
#1282=ORIENTED_EDGE('',*,*,#908,.T.);
#1283=ORIENTED_EDGE('',*,*,#887,.F.);
#1284=ORIENTED_EDGE('',*,*,#909,.F.);
#1285=ORIENTED_EDGE('',*,*,#738,.F.);
#1286=ORIENTED_EDGE('',*,*,#909,.T.);
#1287=ORIENTED_EDGE('',*,*,#882,.F.);
#1288=ORIENTED_EDGE('',*,*,#910,.F.);
#1289=ORIENTED_EDGE('',*,*,#809,.F.);
#1290=ORIENTED_EDGE('',*,*,#910,.T.);
#1291=ORIENTED_EDGE('',*,*,#899,.F.);
#1292=ORIENTED_EDGE('',*,*,#834,.F.);
#1293=ORIENTED_EDGE('',*,*,#884,.F.);
#1294=ORIENTED_EDGE('',*,*,#886,.F.);
#1295=ORIENTED_EDGE('',*,*,#889,.F.);
#1296=ORIENTED_EDGE('',*,*,#892,.F.);
#1297=ORIENTED_EDGE('',*,*,#894,.F.);
#1298=ORIENTED_EDGE('',*,*,#840,.F.);
#1299=ORIENTED_EDGE('',*,*,#843,.F.);
#1300=ORIENTED_EDGE('',*,*,#846,.F.);
#1301=ORIENTED_EDGE('',*,*,#849,.F.);
#1302=ORIENTED_EDGE('',*,*,#852,.F.);
#1303=ORIENTED_EDGE('',*,*,#855,.F.);
#1304=ORIENTED_EDGE('',*,*,#858,.F.);
#1305=ORIENTED_EDGE('',*,*,#860,.F.);
#1306=ORIENTED_EDGE('',*,*,#862,.F.);
#1307=ORIENTED_EDGE('',*,*,#864,.F.);
#1308=ORIENTED_EDGE('',*,*,#866,.F.);
#1309=ORIENTED_EDGE('',*,*,#868,.F.);
#1310=ORIENTED_EDGE('',*,*,#870,.F.);
#1311=ORIENTED_EDGE('',*,*,#872,.F.);
#1312=ORIENTED_EDGE('',*,*,#874,.F.);
#1313=ORIENTED_EDGE('',*,*,#876,.F.);
#1314=ORIENTED_EDGE('',*,*,#878,.F.);
#1315=ORIENTED_EDGE('',*,*,#880,.F.);
#1316=ORIENTED_EDGE('',*,*,#898,.F.);
#1317=ORIENTED_EDGE('',*,*,#911,.T.);
#1318=ORIENTED_EDGE('',*,*,#912,.T.);
#1319=ORIENTED_EDGE('',*,*,#732,.T.);
#1320=ORIENTED_EDGE('',*,*,#913,.T.);
#1321=ORIENTED_EDGE('',*,*,#836,.T.);
#1322=ORIENTED_EDGE('',*,*,#913,.F.);
#1323=ORIENTED_EDGE('',*,*,#912,.F.);
#1324=ORIENTED_EDGE('',*,*,#914,.T.);
#1325=ORIENTED_EDGE('',*,*,#717,.T.);
#1326=ORIENTED_EDGE('',*,*,#914,.F.);
#1327=ORIENTED_EDGE('',*,*,#734,.T.);
#1328=ORIENTED_EDGE('',*,*,#915,.T.);
#1329=ORIENTED_EDGE('',*,*,#837,.T.);
#1330=ORIENTED_EDGE('',*,*,#915,.F.);
#1331=ORIENTED_EDGE('',*,*,#911,.F.);
#1332=ORIENTED_EDGE('',*,*,#916,.T.);
#1333=ORIENTED_EDGE('',*,*,#716,.T.);
#1334=ORIENTED_EDGE('',*,*,#916,.F.);
#1335=PLANE('',#1467);
#1336=PLANE('',#1468);
#1337=PLANE('',#1472);
#1338=PLANE('',#1473);
#1339=PLANE('',#1555);
#1340=PLANE('',#1558);
#1341=PLANE('',#1561);
#1342=PLANE('',#1564);
#1343=PLANE('',#1567);
#1344=PLANE('',#1570);
#1345=PLANE('',#1573);
#1346=PLANE('',#1574);
#1347=PLANE('',#1642);
#1348=PLANE('',#1644);
#1349=PLANE('',#1646);
#1350=PLANE('',#1648);
#1351=PLANE('',#1650);
#1352=PLANE('',#1652);
#1353=PLANE('',#1654);
#1354=ADVANCED_FACE('',(#209),#1335,.F.);
#1355=ADVANCED_FACE('',(#210,#88,#89),#1336,.F.);
#1356=ADVANCED_FACE('',(#211),#1337,.F.);
#1357=ADVANCED_FACE('',(#212,#90,#91),#1338,.F.);
#1358=ADVANCED_FACE('',(#213),#45,.T.);
#1359=ADVANCED_FACE('',(#214),#46,.F.);
#1360=ADVANCED_FACE('',(#215),#47,.F.);
#1361=ADVANCED_FACE('',(#216),#48,.T.);
#1362=ADVANCED_FACE('',(#217),#39,.F.);
#1363=ADVANCED_FACE('',(#218),#49,.T.);
#1364=ADVANCED_FACE('',(#219),#21,.T.);
#1365=ADVANCED_FACE('',(#220),#50,.T.);
#1366=ADVANCED_FACE('',(#221),#22,.T.);
#1367=ADVANCED_FACE('',(#222),#51,.T.);
#1368=ADVANCED_FACE('',(#223),#40,.F.);
#1369=ADVANCED_FACE('',(#224),#52,.T.);
#1370=ADVANCED_FACE('',(#225),#41,.F.);
#1371=ADVANCED_FACE('',(#226),#53,.T.);
#1372=ADVANCED_FACE('',(#227),#23,.T.);
#1373=ADVANCED_FACE('',(#228),#54,.T.);
#1374=ADVANCED_FACE('',(#229),#24,.T.);
#1375=ADVANCED_FACE('',(#230),#55,.T.);
#1376=ADVANCED_FACE('',(#231),#25,.T.);
#1377=ADVANCED_FACE('',(#232),#56,.T.);
#1378=ADVANCED_FACE('',(#233),#26,.T.);
#1379=ADVANCED_FACE('',(#234),#57,.T.);
#1380=ADVANCED_FACE('',(#235),#27,.T.);
#1381=ADVANCED_FACE('',(#236),#58,.T.);
#1382=ADVANCED_FACE('',(#237),#28,.T.);
#1383=ADVANCED_FACE('',(#238),#59,.T.);
#1384=ADVANCED_FACE('',(#239),#60,.T.);
#1385=ADVANCED_FACE('',(#240),#15,.T.);
#1386=ADVANCED_FACE('',(#241),#16,.T.);
#1387=ADVANCED_FACE('',(#242),#1339,.T.);
#1388=ADVANCED_FACE('',(#243),#61,.F.);
#1389=ADVANCED_FACE('',(#244),#1340,.T.);
#1390=ADVANCED_FACE('',(#245),#62,.F.);
#1391=ADVANCED_FACE('',(#246),#1341,.T.);
#1392=ADVANCED_FACE('',(#247),#63,.T.);
#1393=ADVANCED_FACE('',(#248),#1342,.T.);
#1394=ADVANCED_FACE('',(#249),#64,.F.);
#1395=ADVANCED_FACE('',(#250),#1343,.T.);
#1396=ADVANCED_FACE('',(#251),#65,.F.);
#1397=ADVANCED_FACE('',(#252),#1344,.T.);
#1398=ADVANCED_FACE('',(#253),#66,.T.);
#1399=ADVANCED_FACE('',(#254),#1345,.T.);
#1400=ADVANCED_FACE('',(#255,#92,#93),#1346,.F.);
#1401=ADVANCED_FACE('',(#256),#29,.T.);
#1402=ADVANCED_FACE('',(#257),#67,.T.);
#1403=ADVANCED_FACE('',(#258),#42,.F.);
#1404=ADVANCED_FACE('',(#259),#68,.T.);
#1405=ADVANCED_FACE('',(#260),#43,.F.);
#1406=ADVANCED_FACE('',(#261),#69,.T.);
#1407=ADVANCED_FACE('',(#262),#30,.T.);
#1408=ADVANCED_FACE('',(#263),#70,.T.);
#1409=ADVANCED_FACE('',(#264),#31,.T.);
#1410=ADVANCED_FACE('',(#265),#71,.T.);
#1411=ADVANCED_FACE('',(#266),#32,.T.);
#1412=ADVANCED_FACE('',(#267),#72,.T.);
#1413=ADVANCED_FACE('',(#268),#33,.T.);
#1414=ADVANCED_FACE('',(#269),#73,.T.);
#1415=ADVANCED_FACE('',(#270),#34,.T.);
#1416=ADVANCED_FACE('',(#271),#74,.T.);
#1417=ADVANCED_FACE('',(#272),#35,.T.);
#1418=ADVANCED_FACE('',(#273),#75,.T.);
#1419=ADVANCED_FACE('',(#274),#76,.T.);
#1420=ADVANCED_FACE('',(#275),#44,.F.);
#1421=ADVANCED_FACE('',(#276),#77,.T.);
#1422=ADVANCED_FACE('',(#277),#36,.T.);
#1423=ADVANCED_FACE('',(#278),#78,.T.);
#1424=ADVANCED_FACE('',(#279),#79,.T.);
#1425=ADVANCED_FACE('',(#280),#17,.T.);
#1426=ADVANCED_FACE('',(#281),#18,.T.);
#1427=ADVANCED_FACE('',(#282),#1347,.T.);
#1428=ADVANCED_FACE('',(#283),#80,.T.);
#1429=ADVANCED_FACE('',(#284,#94),#1348,.T.);
#1430=ADVANCED_FACE('',(#285),#81,.T.);
#1431=ADVANCED_FACE('',(#286),#1349,.T.);
#1432=ADVANCED_FACE('',(#287),#82,.F.);
#1433=ADVANCED_FACE('',(#288),#1350,.T.);
#1434=ADVANCED_FACE('',(#289),#83,.T.);
#1435=ADVANCED_FACE('',(#290),#1351,.T.);
#1436=ADVANCED_FACE('',(#291),#84,.T.);
#1437=ADVANCED_FACE('',(#292),#1352,.T.);
#1438=ADVANCED_FACE('',(#293),#85,.T.);
#1439=ADVANCED_FACE('',(#294,#95,#96),#1353,.T.);
#1440=ADVANCED_FACE('',(#295),#37,.T.);
#1441=ADVANCED_FACE('',(#296),#86,.F.);
#1442=ADVANCED_FACE('',(#297),#38,.T.);
#1443=ADVANCED_FACE('',(#298),#87,.F.);
#1444=CLOSED_SHELL('',(#1354,#1355,#1356,#1357,#1358,#1359,#1360,#1361,
#1362,#1363,#1364,#1365,#1366,#1367,#1368,#1369,#1370,#1371,#1372,#1373,
#1374,#1375,#1376,#1377,#1378,#1379,#1380,#1381,#1382,#1383,#1384,#1385,
#1386,#1387,#1388,#1389,#1390,#1391,#1392,#1393,#1394,#1395,#1396,#1397,
#1398,#1399,#1400,#1401,#1402,#1403,#1404,#1405,#1406,#1407,#1408,#1409,
#1410,#1411,#1412,#1413,#1414,#1415,#1416,#1417,#1418,#1419,#1420,#1421,
#1422,#1423,#1424,#1425,#1426,#1427,#1428,#1429,#1430,#1431,#1432,#1433,
#1434,#1435,#1436,#1437,#1438,#1439,#1440,#1441,#1442,#1443));
#1445=DERIVED_UNIT_ELEMENT(#1448,1.);
#1446=DERIVED_UNIT_ELEMENT(#2651,-3.);
#1447=DIMENSIONAL_EXPONENTS(0.,1.,0.,0.,0.,0.,0.);
#1448=(
CONVERSION_BASED_UNIT('gram',#1450)
MASS_UNIT()
NAMED_UNIT(#1447)
);
#1449=(
MASS_UNIT()
NAMED_UNIT(*)
SI_UNIT(.KILO.,.GRAM.)
);
#1450=MASS_MEASURE_WITH_UNIT(MASS_MEASURE(0.001),#1449);
#1451=DERIVED_UNIT((#1445,#1446));
#1452=MEASURE_REPRESENTATION_ITEM('density measure',
POSITIVE_RATIO_MEASURE(1.),#1451);
#1453=PROPERTY_DEFINITION_REPRESENTATION(#1458,#1455);
#1454=PROPERTY_DEFINITION_REPRESENTATION(#1459,#1456);
#1455=REPRESENTATION('material name',(#1457),#2648);
#1456=REPRESENTATION('density',(#1452),#2648);
#1457=DESCRIPTIVE_REPRESENTATION_ITEM('Generic','Generic');
#1458=PROPERTY_DEFINITION('material property','material name',#2658);
#1459=PROPERTY_DEFINITION('material property','density of part',#2658);
#1460=DATE_TIME_ROLE('creation_date');
#1461=APPLIED_DATE_AND_TIME_ASSIGNMENT(#1462,#1460,(#2658));
#1462=DATE_AND_TIME(#1463,#1464);
#1463=CALENDAR_DATE(2026,24,6);
#1464=LOCAL_TIME(0,0,0.,#1465);
#1465=COORDINATED_UNIVERSAL_TIME_OFFSET(0,0,.BEHIND.);
#1466=AXIS2_PLACEMENT_3D('',#2152,#1663,#1664);
#1467=AXIS2_PLACEMENT_3D('',#2153,#1665,#1666);
#1468=AXIS2_PLACEMENT_3D('',#2162,#1671,#1672);
#1469=AXIS2_PLACEMENT_3D('',#2164,#1673,#1674);
#1470=AXIS2_PLACEMENT_3D('',#2171,#1678,#1679);
#1471=AXIS2_PLACEMENT_3D('',#2173,#1680,#1681);
#1472=AXIS2_PLACEMENT_3D('',#2174,#1682,#1683);
#1473=AXIS2_PLACEMENT_3D('',#2180,#1687,#1688);
#1474=AXIS2_PLACEMENT_3D('',#2182,#1689,#1690);
#1475=AXIS2_PLACEMENT_3D('',#2186,#1693,#1694);
#1476=AXIS2_PLACEMENT_3D('',#2188,#1695,#1696);
#1477=AXIS2_PLACEMENT_3D('',#2189,#1697,#1698);
#1478=AXIS2_PLACEMENT_3D('',#2193,#1700,#1701);
#1479=AXIS2_PLACEMENT_3D('',#2197,#1703,#1704);
#1480=AXIS2_PLACEMENT_3D('',#2199,#1706,#1707);
#1481=AXIS2_PLACEMENT_3D('',#2202,#1709,#1710);
#1482=AXIS2_PLACEMENT_3D('',#2203,#1711,#1712);
#1483=AXIS2_PLACEMENT_3D('',#2206,#1714,#1715);
#1484=AXIS2_PLACEMENT_3D('',#2207,#1716,#1717);
#1485=AXIS2_PLACEMENT_3D('',#2210,#1718,#1719);
#1486=AXIS2_PLACEMENT_3D('',#2214,#1721,#1722);
#1487=AXIS2_PLACEMENT_3D('',#2227,#1724,#1725);
#1488=AXIS2_PLACEMENT_3D('',#2228,#1726,#1727);
#1489=AXIS2_PLACEMENT_3D('',#2229,#1728,#1729);
#1490=AXIS2_PLACEMENT_3D('',#2230,#1730,#1731);
#1491=AXIS2_PLACEMENT_3D('',#2233,#1732,#1733);
#1492=AXIS2_PLACEMENT_3D('',#2236,#1736,#1737);
#1493=AXIS2_PLACEMENT_3D('',#2239,#1738,#1739);
#1494=AXIS2_PLACEMENT_3D('',#2240,#1740,#1741);
#1495=AXIS2_PLACEMENT_3D('',#2241,#1742,#1743);
#1496=AXIS2_PLACEMENT_3D('',#2242,#1744,#1745);
#1497=AXIS2_PLACEMENT_3D('',#2261,#1748,#1749);
#1498=AXIS2_PLACEMENT_3D('',#2263,#1750,#1751);
#1499=AXIS2_PLACEMENT_3D('',#2265,#1752,#1753);
#1500=AXIS2_PLACEMENT_3D('',#2266,#1754,#1755);
#1501=AXIS2_PLACEMENT_3D('',#2267,#1756,#1757);
#1502=AXIS2_PLACEMENT_3D('',#2270,#1758,#1759);
#1503=AXIS2_PLACEMENT_3D('',#2284,#1762,#1763);
#1504=AXIS2_PLACEMENT_3D('',#2285,#1764,#1765);
#1505=AXIS2_PLACEMENT_3D('',#2286,#1766,#1767);
#1506=AXIS2_PLACEMENT_3D('',#2287,#1768,#1769);
#1507=AXIS2_PLACEMENT_3D('',#2290,#1770,#1771);
#1508=AXIS2_PLACEMENT_3D('',#2304,#1774,#1775);
#1509=AXIS2_PLACEMENT_3D('',#2305,#1776,#1777);
#1510=AXIS2_PLACEMENT_3D('',#2306,#1778,#1779);
#1511=AXIS2_PLACEMENT_3D('',#2307,#1780,#1781);
#1512=AXIS2_PLACEMENT_3D('',#2309,#1782,#1783);
#1513=AXIS2_PLACEMENT_3D('',#2312,#1786,#1787);
#1514=AXIS2_PLACEMENT_3D('',#2314,#1788,#1789);
#1515=AXIS2_PLACEMENT_3D('',#2315,#1790,#1791);
#1516=AXIS2_PLACEMENT_3D('',#2316,#1792,#1793);
#1517=AXIS2_PLACEMENT_3D('',#2319,#1794,#1795);
#1518=AXIS2_PLACEMENT_3D('',#2322,#1798,#1799);
#1519=AXIS2_PLACEMENT_3D('',#2325,#1800,#1801);
#1520=AXIS2_PLACEMENT_3D('',#2326,#1802,#1803);
#1521=AXIS2_PLACEMENT_3D('',#2327,#1804,#1805);
#1522=AXIS2_PLACEMENT_3D('',#2328,#1806,#1807);
#1523=AXIS2_PLACEMENT_3D('',#2331,#1808,#1809);
#1524=AXIS2_PLACEMENT_3D('',#2334,#1812,#1813);
#1525=AXIS2_PLACEMENT_3D('',#2337,#1814,#1815);
#1526=AXIS2_PLACEMENT_3D('',#2338,#1816,#1817);
#1527=AXIS2_PLACEMENT_3D('',#2339,#1818,#1819);
#1528=AXIS2_PLACEMENT_3D('',#2340,#1820,#1821);
#1529=AXIS2_PLACEMENT_3D('',#2343,#1822,#1823);
#1530=AXIS2_PLACEMENT_3D('',#2346,#1826,#1827);
#1531=AXIS2_PLACEMENT_3D('',#2349,#1828,#1829);
#1532=AXIS2_PLACEMENT_3D('',#2350,#1830,#1831);
#1533=AXIS2_PLACEMENT_3D('',#2351,#1832,#1833);
#1534=AXIS2_PLACEMENT_3D('',#2352,#1834,#1835);
#1535=AXIS2_PLACEMENT_3D('',#2355,#1836,#1837);
#1536=AXIS2_PLACEMENT_3D('',#2358,#1840,#1841);
#1537=AXIS2_PLACEMENT_3D('',#2361,#1842,#1843);
#1538=AXIS2_PLACEMENT_3D('',#2362,#1844,#1845);
#1539=AXIS2_PLACEMENT_3D('',#2363,#1846,#1847);
#1540=AXIS2_PLACEMENT_3D('',#2364,#1848,#1849);
#1541=AXIS2_PLACEMENT_3D('',#2367,#1850,#1851);
#1542=AXIS2_PLACEMENT_3D('',#2370,#1854,#1855);
#1543=AXIS2_PLACEMENT_3D('',#2373,#1856,#1857);
#1544=AXIS2_PLACEMENT_3D('',#2374,#1858,#1859);
#1545=AXIS2_PLACEMENT_3D('',#2375,#1860,#1861);
#1546=AXIS2_PLACEMENT_3D('',#2376,#1862,#1863);
#1547=AXIS2_PLACEMENT_3D('',#2379,#1864,#1865);
#1548=AXIS2_PLACEMENT_3D('',#2382,#1868,#1869);
#1549=AXIS2_PLACEMENT_3D('',#2384,#1870,#1871);
#1550=AXIS2_PLACEMENT_3D('',#2387,#1873,#1874);
#1551=AXIS2_PLACEMENT_3D('',#2389,#1876,#1877);
#1552=AXIS2_PLACEMENT_3D('',#2390,#1878,#1879);
#1553=AXIS2_PLACEMENT_3D('',#2391,#1880,#1881);
#1554=AXIS2_PLACEMENT_3D('',#2392,#1882,#1883);
#1555=AXIS2_PLACEMENT_3D('',#2393,#1884,#1885);
#1556=AXIS2_PLACEMENT_3D('',#2397,#1888,#1889);
#1557=AXIS2_PLACEMENT_3D('',#2400,#1891,#1892);
#1558=AXIS2_PLACEMENT_3D('',#2401,#1893,#1894);
#1559=AXIS2_PLACEMENT_3D('',#2405,#1897,#1898);
#1560=AXIS2_PLACEMENT_3D('',#2408,#1900,#1901);
#1561=AXIS2_PLACEMENT_3D('',#2409,#1902,#1903);
#1562=AXIS2_PLACEMENT_3D('',#2413,#1906,#1907);
#1563=AXIS2_PLACEMENT_3D('',#2416,#1909,#1910);
#1564=AXIS2_PLACEMENT_3D('',#2417,#1911,#1912);
#1565=AXIS2_PLACEMENT_3D('',#2421,#1915,#1916);
#1566=AXIS2_PLACEMENT_3D('',#2424,#1918,#1919);
#1567=AXIS2_PLACEMENT_3D('',#2425,#1920,#1921);
#1568=AXIS2_PLACEMENT_3D('',#2429,#1924,#1925);
#1569=AXIS2_PLACEMENT_3D('',#2432,#1927,#1928);
#1570=AXIS2_PLACEMENT_3D('',#2433,#1929,#1930);
#1571=AXIS2_PLACEMENT_3D('',#2437,#1933,#1934);
#1572=AXIS2_PLACEMENT_3D('',#2440,#1936,#1937);
#1573=AXIS2_PLACEMENT_3D('',#2441,#1938,#1939);
#1574=AXIS2_PLACEMENT_3D('',#2445,#1942,#1943);
#1575=AXIS2_PLACEMENT_3D('',#2447,#1944,#1945);
#1576=AXIS2_PLACEMENT_3D('',#2449,#1946,#1947);
#1577=AXIS2_PLACEMENT_3D('',#2450,#1948,#1949);
#1578=AXIS2_PLACEMENT_3D('',#2453,#1950,#1951);
#1579=AXIS2_PLACEMENT_3D('',#2455,#1952,#1953);
#1580=AXIS2_PLACEMENT_3D('',#2457,#1954,#1955);
#1581=AXIS2_PLACEMENT_3D('',#2472,#1956,#1957);
#1582=AXIS2_PLACEMENT_3D('',#2475,#1958,#1959);
#1583=AXIS2_PLACEMENT_3D('',#2489,#1962,#1963);
#1584=AXIS2_PLACEMENT_3D('',#2490,#1964,#1965);
#1585=AXIS2_PLACEMENT_3D('',#2491,#1966,#1967);
#1586=AXIS2_PLACEMENT_3D('',#2492,#1968,#1969);
#1587=AXIS2_PLACEMENT_3D('',#2495,#1970,#1971);
#1588=AXIS2_PLACEMENT_3D('',#2509,#1974,#1975);
#1589=AXIS2_PLACEMENT_3D('',#2510,#1976,#1977);
#1590=AXIS2_PLACEMENT_3D('',#2511,#1978,#1979);
#1591=AXIS2_PLACEMENT_3D('',#2512,#1980,#1981);
#1592=AXIS2_PLACEMENT_3D('',#2514,#1982,#1983);
#1593=AXIS2_PLACEMENT_3D('',#2517,#1986,#1987);
#1594=AXIS2_PLACEMENT_3D('',#2519,#1988,#1989);
#1595=AXIS2_PLACEMENT_3D('',#2520,#1990,#1991);
#1596=AXIS2_PLACEMENT_3D('',#2521,#1992,#1993);
#1597=AXIS2_PLACEMENT_3D('',#2523,#1994,#1995);
#1598=AXIS2_PLACEMENT_3D('',#2525,#1997,#1998);
#1599=AXIS2_PLACEMENT_3D('',#2527,#1999,#2000);
#1600=AXIS2_PLACEMENT_3D('',#2528,#2001,#2002);
#1601=AXIS2_PLACEMENT_3D('',#2529,#2003,#2004);
#1602=AXIS2_PLACEMENT_3D('',#2531,#2005,#2006);
#1603=AXIS2_PLACEMENT_3D('',#2533,#2008,#2009);
#1604=AXIS2_PLACEMENT_3D('',#2535,#2010,#2011);
#1605=AXIS2_PLACEMENT_3D('',#2536,#2012,#2013);
#1606=AXIS2_PLACEMENT_3D('',#2537,#2014,#2015);
#1607=AXIS2_PLACEMENT_3D('',#2539,#2016,#2017);
#1608=AXIS2_PLACEMENT_3D('',#2541,#2019,#2020);
#1609=AXIS2_PLACEMENT_3D('',#2543,#2021,#2022);
#1610=AXIS2_PLACEMENT_3D('',#2544,#2023,#2024);
#1611=AXIS2_PLACEMENT_3D('',#2545,#2025,#2026);
#1612=AXIS2_PLACEMENT_3D('',#2547,#2027,#2028);
#1613=AXIS2_PLACEMENT_3D('',#2549,#2030,#2031);
#1614=AXIS2_PLACEMENT_3D('',#2551,#2032,#2033);
#1615=AXIS2_PLACEMENT_3D('',#2552,#2034,#2035);
#1616=AXIS2_PLACEMENT_3D('',#2553,#2036,#2037);
#1617=AXIS2_PLACEMENT_3D('',#2555,#2038,#2039);
#1618=AXIS2_PLACEMENT_3D('',#2557,#2041,#2042);
#1619=AXIS2_PLACEMENT_3D('',#2559,#2043,#2044);
#1620=AXIS2_PLACEMENT_3D('',#2560,#2045,#2046);
#1621=AXIS2_PLACEMENT_3D('',#2561,#2047,#2048);
#1622=AXIS2_PLACEMENT_3D('',#2563,#2049,#2050);
#1623=AXIS2_PLACEMENT_3D('',#2565,#2052,#2053);
#1624=AXIS2_PLACEMENT_3D('',#2568,#2054,#2055);
#1625=AXIS2_PLACEMENT_3D('',#2572,#2057,#2058);
#1626=AXIS2_PLACEMENT_3D('',#2585,#2060,#2061);
#1627=AXIS2_PLACEMENT_3D('',#2586,#2062,#2063);
#1628=AXIS2_PLACEMENT_3D('',#2587,#2064,#2065);
#1629=AXIS2_PLACEMENT_3D('',#2588,#2066,#2067);
#1630=AXIS2_PLACEMENT_3D('',#2591,#2068,#2069);
#1631=AXIS2_PLACEMENT_3D('',#2594,#2072,#2073);
#1632=AXIS2_PLACEMENT_3D('',#2597,#2074,#2075);
#1633=AXIS2_PLACEMENT_3D('',#2598,#2076,#2077);
#1634=AXIS2_PLACEMENT_3D('',#2599,#2078,#2079);
#1635=AXIS2_PLACEMENT_3D('',#2600,#2080,#2081);
#1636=AXIS2_PLACEMENT_3D('',#2603,#2084,#2085);
#1637=AXIS2_PLACEMENT_3D('',#2604,#2086,#2087);
#1638=AXIS2_PLACEMENT_3D('',#2605,#2088,#2089);
#1639=AXIS2_PLACEMENT_3D('',#2607,#2091,#2092);
#1640=AXIS2_PLACEMENT_3D('',#2608,#2093,#2094);
#1641=AXIS2_PLACEMENT_3D('',#2609,#2095,#2096);
#1642=AXIS2_PLACEMENT_3D('',#2610,#2097,#2098);
#1643=AXIS2_PLACEMENT_3D('',#2612,#2100,#2101);
#1644=AXIS2_PLACEMENT_3D('',#2614,#2103,#2104);
#1645=AXIS2_PLACEMENT_3D('',#2616,#2106,#2107);
#1646=AXIS2_PLACEMENT_3D('',#2618,#2109,#2110);
#1647=AXIS2_PLACEMENT_3D('',#2620,#2112,#2113);
#1648=AXIS2_PLACEMENT_3D('',#2622,#2115,#2116);
#1649=AXIS2_PLACEMENT_3D('',#2624,#2118,#2119);
#1650=AXIS2_PLACEMENT_3D('',#2626,#2121,#2122);
#1651=AXIS2_PLACEMENT_3D('',#2628,#2124,#2125);
#1652=AXIS2_PLACEMENT_3D('',#2630,#2127,#2128);
#1653=AXIS2_PLACEMENT_3D('',#2632,#2130,#2131);
#1654=AXIS2_PLACEMENT_3D('',#2633,#2132,#2133);
#1655=AXIS2_PLACEMENT_3D('',#2635,#2134,#2135);
#1656=AXIS2_PLACEMENT_3D('',#2637,#2136,#2137);
#1657=AXIS2_PLACEMENT_3D('',#2638,#2138,#2139);
#1658=AXIS2_PLACEMENT_3D('',#2639,#2140,#2141);
#1659=AXIS2_PLACEMENT_3D('',#2640,#2142,#2143);
#1660=AXIS2_PLACEMENT_3D('',#2642,#2145,#2146);
#1661=AXIS2_PLACEMENT_3D('',#2643,#2147,#2148);
#1662=AXIS2_PLACEMENT_3D('',#2644,#2149,#2150);
#1663=DIRECTION('axis',(0.,0.,1.));
#1664=DIRECTION('refdir',(1.,0.,0.));
#1665=DIRECTION('center_axis',(-1.,-3.70074341541718E-16,1.92747052886312E-16));
#1666=DIRECTION('ref_axis',(-1.92747052886312E-16,-6.11406331551503E-32,
-1.));
#1667=DIRECTION('',(0.,0.,1.));
#1668=DIRECTION('',(3.70074341541718E-16,-1.,0.));
#1669=DIRECTION('',(-1.92747052886312E-16,-6.11406331551503E-32,-1.));
#1670=DIRECTION('',(3.70074341541718E-16,-1.,0.));
#1671=DIRECTION('center_axis',(-1.82003774528714E-16,-6.73549270168213E-32,
1.));
#1672=DIRECTION('ref_axis',(-1.,-3.1720657846433E-16,-1.82003774528714E-16));
#1673=DIRECTION('center_axis',(-1.82003774528714E-16,-6.73549270168213E-32,
1.));
#1674=DIRECTION('ref_axis',(-1.,0.,0.));
#1675=DIRECTION('',(-1.,-3.1720657846433E-16,-1.82003774528714E-16));
#1676=DIRECTION('',(3.70074341541718E-16,-1.,0.));
#1677=DIRECTION('',(1.,6.48237993719439E-17,1.82003774528714E-16));
#1678=DIRECTION('center_axis',(1.82003774528714E-16,6.73549270168213E-32,
-1.));
#1679=DIRECTION('ref_axis',(-1.,0.,0.));
#1680=DIRECTION('center_axis',(1.82003774528714E-16,6.73549270168213E-32,
-1.));
#1681=DIRECTION('ref_axis',(-1.,0.,0.));
#1682=DIRECTION('center_axis',(1.,3.70074341541718E-16,-3.08395284618099E-16));
#1683=DIRECTION('ref_axis',(3.08395284618099E-16,9.78250130482405E-32,1.));
#1684=DIRECTION('',(-3.08395284618099E-16,-1.99913540573372E-32,-1.));
#1685=DIRECTION('',(3.08395284618099E-16,9.78250130482405E-32,1.));
#1686=DIRECTION('',(3.70074341541718E-16,-1.,0.));
#1687=DIRECTION('center_axis',(0.,0.,-1.));
#1688=DIRECTION('ref_axis',(1.,3.1720657846433E-16,0.));
#1689=DIRECTION('center_axis',(0.,0.,-1.));
#1690=DIRECTION('ref_axis',(-1.,0.,0.));
#1691=DIRECTION('',(-1.,-6.48237993719439E-17,0.));
#1692=DIRECTION('',(1.,3.1720657846433E-16,0.));
#1693=DIRECTION('center_axis',(0.,0.,1.));
#1694=DIRECTION('ref_axis',(-1.,0.,0.));
#1695=DIRECTION('center_axis',(0.,0.,1.));
#1696=DIRECTION('ref_axis',(-1.,0.,0.));
#1697=DIRECTION('center_axis',(0.,0.,1.));
#1698=DIRECTION('ref_axis',(-1.,0.,0.));
#1699=DIRECTION('',(0.,0.,1.));
#1700=DIRECTION('center_axis',(0.,0.,1.));
#1701=DIRECTION('ref_axis',(-0.707106781186547,-0.707106781186548,0.));
#1702=DIRECTION('',(0.,0.,1.));
#1703=DIRECTION('center_axis',(0.,0.,-1.));
#1704=DIRECTION('ref_axis',(-0.707106781186547,-0.707106781186548,0.));
#1705=DIRECTION('',(0.,0.,1.));
#1706=DIRECTION('center_axis',(0.,0.,1.));
#1707=DIRECTION('ref_axis',(-1.,0.,0.));
#1708=DIRECTION('',(0.,0.,-1.));
#1709=DIRECTION('center_axis',(0.,0.,1.));
#1710=DIRECTION('ref_axis',(-1.,0.,0.));
#1711=DIRECTION('center_axis',(0.,0.,1.));
#1712=DIRECTION('ref_axis',(-1.,0.,0.));
#1713=DIRECTION('',(0.,0.,-1.));
#1714=DIRECTION('center_axis',(0.,0.,1.));
#1715=DIRECTION('ref_axis',(-1.,0.,0.));
#1716=DIRECTION('center_axis',(1.,0.,0.));
#1717=DIRECTION('ref_axis',(0.,-0.707106781186546,-0.707106781186549));
#1718=DIRECTION('center_axis',(1.,1.38777878078145E-15,0.));
#1719=DIRECTION('ref_axis',(1.38777878078145E-15,-1.,0.));
#1720=DIRECTION('',(1.,0.,0.));
#1721=DIRECTION('center_axis',(-1.,0.,0.));
#1722=DIRECTION('ref_axis',(0.,0.,-1.));
#1723=DIRECTION('',(-1.,0.,0.));
#1724=DIRECTION('center_axis',(8.88178419700123E-15,-1.,0.));
#1725=DIRECTION('ref_axis',(0.,0.,-1.));
#1726=DIRECTION('center_axis',(0.,0.,-1.));
#1727=DIRECTION('ref_axis',(0.70710678118655,-0.707106781186546,0.));
#1728=DIRECTION('center_axis',(0.,0.,1.));
#1729=DIRECTION('ref_axis',(0.707106781186549,-0.707106781186546,0.));
#1730=DIRECTION('center_axis',(-1.41509659506769E-15,1.,0.));
#1731=DIRECTION('ref_axis',(0.707106781186548,0.,-0.707106781186547));
#1732=DIRECTION('center_axis',(0.,-1.,0.));
#1733=DIRECTION('ref_axis',(0.,0.,-1.));
#1734=DIRECTION('',(1.41509659506769E-15,-1.,0.));
#1735=DIRECTION('',(-1.41509659506769E-15,1.,0.));
#1736=DIRECTION('center_axis',(0.,0.,1.));
#1737=DIRECTION('ref_axis',(1.,0.,0.));
#1738=DIRECTION('center_axis',(0.996194698091746,-0.0871557427476575,0.));
#1739=DIRECTION('ref_axis',(0.,0.,-1.));
#1740=DIRECTION('center_axis',(0.,0.,-1.));
#1741=DIRECTION('ref_axis',(0.737277336810124,0.67559020761566,0.));
#1742=DIRECTION('center_axis',(0.,0.,1.));
#1743=DIRECTION('ref_axis',(0.737277336810124,0.67559020761566,0.));
#1744=DIRECTION('center_axis',(-0.996194698091746,0.0871557427476582,0.));
#1745=DIRECTION('ref_axis',(0.0616284167162144,0.704416026402758,-0.707106781186549));
#1746=DIRECTION('',(0.996194698091746,-0.0871557427476582,0.));
#1747=DIRECTION('',(-0.996194698091746,0.0871557427476582,0.));
#1748=DIRECTION('center_axis',(0.,0.,-1.));
#1749=DIRECTION('ref_axis',(-1.,0.,0.));
#1750=DIRECTION('center_axis',(0.,0.,-1.));
#1751=DIRECTION('ref_axis',(-0.761086417963708,-0.648650494789892,0.));
#1752=DIRECTION('center_axis',(0.,-1.,0.));
#1753=DIRECTION('ref_axis',(0.,0.,-1.));
#1754=DIRECTION('center_axis',(0.,0.,1.));
#1755=DIRECTION('ref_axis',(-0.761086417963709,-0.648650494789892,0.));
#1756=DIRECTION('center_axis',(3.90557361048192E-15,1.,0.));
#1757=DIRECTION('ref_axis',(0.707106781186546,-3.14018491736756E-15,-0.707106781186549));
#1758=DIRECTION('center_axis',(0.,-1.,0.));
#1759=DIRECTION('ref_axis',(0.,0.,-1.));
#1760=DIRECTION('',(-3.90557361048192E-15,-1.,0.));
#1761=DIRECTION('',(3.90557361048192E-15,1.,0.));
#1762=DIRECTION('center_axis',(1.,0.,0.));
#1763=DIRECTION('ref_axis',(0.,0.,-1.));
#1764=DIRECTION('center_axis',(0.,0.,-1.));
#1765=DIRECTION('ref_axis',(0.707106781186548,0.707106781186548,0.));
#1766=DIRECTION('center_axis',(0.,0.,1.));
#1767=DIRECTION('ref_axis',(0.707106781186548,0.707106781186548,0.));
#1768=DIRECTION('center_axis',(-1.,-3.1720657846433E-16,0.));
#1769=DIRECTION('ref_axis',(0.,0.707106781186546,-0.707106781186549));
#1770=DIRECTION('center_axis',(1.,0.,0.));
#1771=DIRECTION('ref_axis',(0.,0.,-1.));
#1772=DIRECTION('',(1.,3.1720657846433E-16,0.));
#1773=DIRECTION('',(-1.,-3.1720657846433E-16,0.));
#1774=DIRECTION('center_axis',(0.,1.,0.));
#1775=DIRECTION('ref_axis',(0.,0.,-1.));
#1776=DIRECTION('center_axis',(0.,0.,-1.));
#1777=DIRECTION('ref_axis',(-0.707106781186548,0.707106781186548,0.));
#1778=DIRECTION('center_axis',(0.,0.,1.));
#1779=DIRECTION('ref_axis',(-0.707106781186548,0.707106781186548,0.));
#1780=DIRECTION('center_axis',(6.83214169000096E-16,-1.,0.));
#1781=DIRECTION('ref_axis',(-0.70710678118654,0.,-0.707106781186555));
#1782=DIRECTION('center_axis',(0.,1.,0.));
#1783=DIRECTION('ref_axis',(0.,0.,-1.));
#1784=DIRECTION('',(-6.83214169000096E-16,1.,0.));
#1785=DIRECTION('',(6.83214169000096E-16,-1.,0.));
#1786=DIRECTION('center_axis',(0.,0.,1.));
#1787=DIRECTION('ref_axis',(1.,0.,0.));
#1788=DIRECTION('center_axis',(-1.,0.,0.));
#1789=DIRECTION('ref_axis',(0.,0.,-1.));
#1790=DIRECTION('center_axis',(0.,0.,1.));
#1791=DIRECTION('ref_axis',(-0.707106781186547,-0.707106781186548,0.));
#1792=DIRECTION('center_axis',(1.,6.48237993719439E-17,0.));
#1793=DIRECTION('ref_axis',(0.,-0.707106781186546,-0.707106781186549));
#1794=DIRECTION('center_axis',(-1.,0.,0.));
#1795=DIRECTION('ref_axis',(0.,0.,-1.));
#1796=DIRECTION('',(-1.,-6.48237993719439E-17,0.));
#1797=DIRECTION('',(1.,6.48237993719439E-17,0.));
#1798=DIRECTION('center_axis',(0.,0.,-1.));
#1799=DIRECTION('ref_axis',(-1.,0.,0.));
#1800=DIRECTION('center_axis',(-0.996194698091744,0.0871557427476705,0.));
#1801=DIRECTION('ref_axis',(0.,0.,-1.));
#1802=DIRECTION('center_axis',(0.,0.,1.));
#1803=DIRECTION('ref_axis',(0.0436193873653388,0.999048221581858,0.));
#1804=DIRECTION('center_axis',(0.,0.,-1.));
#1805=DIRECTION('ref_axis',(0.0436193873653388,0.999048221581858,0.));
#1806=DIRECTION('center_axis',(0.996194698091746,-0.0871557427476578,0.));
#1807=DIRECTION('ref_axis',(-0.0616284167162144,-0.704416026402758,-0.707106781186549));
#1808=DIRECTION('center_axis',(-0.996194698091745,0.08715574274766,0.));
#1809=DIRECTION('ref_axis',(0.,0.,-1.));
#1810=DIRECTION('',(-0.996194698091746,0.0871557427476578,0.));
#1811=DIRECTION('',(0.996194698091746,-0.0871557427476578,0.));
#1812=DIRECTION('center_axis',(0.,0.,-1.));
#1813=DIRECTION('ref_axis',(-1.,0.,0.));
#1814=DIRECTION('center_axis',(2.22044604925032E-15,1.,0.));
#1815=DIRECTION('ref_axis',(0.,0.,-1.));
#1816=DIRECTION('center_axis',(0.,0.,1.));
#1817=DIRECTION('ref_axis',(0.737277336810124,0.675590207615661,0.));
#1818=DIRECTION('center_axis',(0.,0.,-1.));
#1819=DIRECTION('ref_axis',(0.737277336810124,0.675590207615661,0.));
#1820=DIRECTION('center_axis',(1.90250924073893E-14,-1.,0.));
#1821=DIRECTION('ref_axis',(-0.707106781186547,-1.25607396694702E-14,-0.707106781186548));
#1822=DIRECTION('center_axis',(-2.22044604925031E-14,1.,0.));
#1823=DIRECTION('ref_axis',(0.,0.,-1.));
#1824=DIRECTION('',(-1.90250924073893E-14,1.,0.));
#1825=DIRECTION('',(1.90250924073893E-14,-1.,0.));
#1826=DIRECTION('center_axis',(0.,0.,1.));
#1827=DIRECTION('ref_axis',(1.,0.,0.));
#1828=DIRECTION('center_axis',(-0.996194698091746,0.0871557427476585,0.));
#1829=DIRECTION('ref_axis',(0.,0.,-1.));
#1830=DIRECTION('center_axis',(0.,0.,-1.));
#1831=DIRECTION('ref_axis',(-0.737277336810124,-0.67559020761566,0.));
#1832=DIRECTION('center_axis',(0.,0.,1.));
#1833=DIRECTION('ref_axis',(-0.737277336810124,-0.67559020761566,0.));
#1834=DIRECTION('center_axis',(0.996194698091745,-0.0871557427476598,0.));
#1835=DIRECTION('ref_axis',(-0.0616284167162207,-0.704416026402758,-0.707106781186548));
#1836=DIRECTION('center_axis',(-0.996194698091745,0.087155742747665,0.));
#1837=DIRECTION('ref_axis',(0.,0.,-1.));
#1838=DIRECTION('',(-0.996194698091745,0.0871557427476598,0.));
#1839=DIRECTION('',(0.996194698091745,-0.0871557427476598,0.));
#1840=DIRECTION('center_axis',(0.,0.,-1.));
#1841=DIRECTION('ref_axis',(-1.,0.,0.));
#1842=DIRECTION('center_axis',(0.,1.,0.));
#1843=DIRECTION('ref_axis',(0.,0.,-1.));
#1844=DIRECTION('center_axis',(0.,0.,1.));
#1845=DIRECTION('ref_axis',(0.737277336810123,0.675590207615661,0.));
#1846=DIRECTION('center_axis',(0.,0.,-1.));
#1847=DIRECTION('ref_axis',(0.737277336810124,0.675590207615661,0.));
#1848=DIRECTION('center_axis',(2.71869015812766E-16,-1.,0.));
#1849=DIRECTION('ref_axis',(-0.707106781186547,0.,-0.707106781186548));
#1850=DIRECTION('center_axis',(0.,1.,0.));
#1851=DIRECTION('ref_axis',(0.,0.,-1.));
#1852=DIRECTION('',(-2.71869015812766E-16,1.,0.));
#1853=DIRECTION('',(2.71869015812766E-16,-1.,0.));
#1854=DIRECTION('center_axis',(0.,0.,-1.));
#1855=DIRECTION('ref_axis',(-1.,0.,0.));
#1856=DIRECTION('center_axis',(1.,1.11022302462515E-15,0.));
#1857=DIRECTION('ref_axis',(0.,0.,-1.));
#1858=DIRECTION('center_axis',(0.,0.,1.));
#1859=DIRECTION('ref_axis',(0.707106781186548,-0.707106781186547,0.));
#1860=DIRECTION('center_axis',(0.,0.,-1.));
#1861=DIRECTION('ref_axis',(0.707106781186548,-0.707106781186547,0.));
#1862=DIRECTION('center_axis',(-1.,0.,0.));
#1863=DIRECTION('ref_axis',(0.,0.707106781186546,-0.707106781186549));
#1864=DIRECTION('center_axis',(1.,2.22044604925032E-15,0.));
#1865=DIRECTION('ref_axis',(0.,0.,-1.));
#1866=DIRECTION('',(1.,0.,0.));
#1867=DIRECTION('',(-1.,0.,0.));
#1868=DIRECTION('center_axis',(4.16333634234431E-16,-1.,0.));
#1869=DIRECTION('ref_axis',(-0.707106781186549,0.,-0.707106781186546));
#1870=DIRECTION('center_axis',(0.,-1.,0.));
#1871=DIRECTION('ref_axis',(-1.,0.,0.));
#1872=DIRECTION('',(4.16333634234431E-16,-1.,0.));
#1873=DIRECTION('center_axis',(0.,1.,0.));
#1874=DIRECTION('ref_axis',(0.,0.,-1.));
#1875=DIRECTION('',(-4.16333634234431E-16,1.,0.));
#1876=DIRECTION('center_axis',(-0.408248290463862,-0.816496580927727,-0.408248290463863));
#1877=DIRECTION('ref_axis',(-0.577350269189627,0.577350269189623,-0.577350269189628));
#1878=DIRECTION('center_axis',(0.,0.,-1.));
#1879=DIRECTION('ref_axis',(-2.7755575615629E-16,1.,0.));
#1880=DIRECTION('center_axis',(0.408248290463862,-0.816496580927726,0.408248290463864));
#1881=DIRECTION('ref_axis',(-0.577350269189626,-0.577350269189624,-0.577350269189628));
#1882=DIRECTION('center_axis',(0.,0.,-1.));
#1883=DIRECTION('ref_axis',(-1.,0.,0.));
#1884=DIRECTION('center_axis',(6.48237993719439E-17,-1.,0.));
#1885=DIRECTION('ref_axis',(1.,6.48237993719439E-17,0.));
#1886=DIRECTION('',(0.,0.,1.));
#1887=DIRECTION('',(1.,6.48237993719439E-17,0.));
#1888=DIRECTION('center_axis',(0.,0.,1.));
#1889=DIRECTION('ref_axis',(-0.0871557427476699,-0.996194698091745,0.));
#1890=DIRECTION('',(0.,0.,1.));
#1891=DIRECTION('center_axis',(0.,0.,-1.));
#1892=DIRECTION('ref_axis',(0.0436193873653388,0.999048221581858,0.));
#1893=DIRECTION('center_axis',(-0.0871557427476578,-0.996194698091746,0.));
#1894=DIRECTION('ref_axis',(0.996194698091746,-0.0871557427476578,0.));
#1895=DIRECTION('',(0.,0.,1.));
#1896=DIRECTION('',(0.996194698091746,-0.0871557427476578,0.));
#1897=DIRECTION('center_axis',(0.,0.,1.));
#1898=DIRECTION('ref_axis',(-1.,5.55111512312579E-16,0.));
#1899=DIRECTION('',(0.,0.,1.));
#1900=DIRECTION('center_axis',(0.,0.,-1.));
#1901=DIRECTION('ref_axis',(0.737277336810124,0.675590207615661,0.));
#1902=DIRECTION('center_axis',(-1.,-1.90250924073893E-14,0.));
#1903=DIRECTION('ref_axis',(1.90250924073893E-14,-1.,0.));
#1904=DIRECTION('',(0.,0.,1.));
#1905=DIRECTION('',(1.90250924073893E-14,-1.,0.));
#1906=DIRECTION('center_axis',(0.,0.,1.));
#1907=DIRECTION('ref_axis',(-1.,0.,0.));
#1908=DIRECTION('',(0.,0.,1.));
#1909=DIRECTION('center_axis',(0.,0.,1.));
#1910=DIRECTION('ref_axis',(-0.737277336810124,-0.67559020761566,0.));
#1911=DIRECTION('center_axis',(-0.0871557427476598,-0.996194698091745,0.));
#1912=DIRECTION('ref_axis',(0.996194698091745,-0.0871557427476598,0.));
#1913=DIRECTION('',(0.,0.,1.));
#1914=DIRECTION('',(0.996194698091745,-0.0871557427476598,0.));
#1915=DIRECTION('center_axis',(0.,0.,1.));
#1916=DIRECTION('ref_axis',(-1.,0.,0.));
#1917=DIRECTION('',(0.,0.,1.));
#1918=DIRECTION('center_axis',(0.,0.,-1.));
#1919=DIRECTION('ref_axis',(0.737277336810123,0.675590207615661,0.));
#1920=DIRECTION('center_axis',(-1.,-2.71869015812766E-16,0.));
#1921=DIRECTION('ref_axis',(2.71869015812766E-16,-1.,0.));
#1922=DIRECTION('',(0.,0.,1.));
#1923=DIRECTION('',(2.71869015812766E-16,-1.,0.));
#1924=DIRECTION('center_axis',(0.,0.,1.));
#1925=DIRECTION('ref_axis',(-5.5511151231258E-16,1.,0.));
#1926=DIRECTION('',(0.,0.,1.));
#1927=DIRECTION('center_axis',(0.,0.,-1.));
#1928=DIRECTION('ref_axis',(0.707106781186548,-0.707106781186547,0.));
#1929=DIRECTION('center_axis',(0.,1.,0.));
#1930=DIRECTION('ref_axis',(-1.,0.,0.));
#1931=DIRECTION('',(0.,0.,1.));
#1932=DIRECTION('',(-1.,0.,0.));
#1933=DIRECTION('center_axis',(0.,0.,1.));
#1934=DIRECTION('ref_axis',(-2.7755575615629E-16,1.,0.));
#1935=DIRECTION('',(0.,0.,1.));
#1936=DIRECTION('center_axis',(0.,0.,1.));
#1937=DIRECTION('ref_axis',(-2.7755575615629E-16,1.,0.));
#1938=DIRECTION('center_axis',(-1.,-4.16333634234431E-16,0.));
#1939=DIRECTION('ref_axis',(4.16333634234431E-16,-1.,0.));
#1940=DIRECTION('',(0.,0.,1.));
#1941=DIRECTION('',(4.16333634234431E-16,-1.,0.));
#1942=DIRECTION('center_axis',(0.,0.,1.));
#1943=DIRECTION('ref_axis',(1.,0.,0.));
#1944=DIRECTION('center_axis',(0.,0.,-1.));
#1945=DIRECTION('ref_axis',(-1.,0.,0.));
#1946=DIRECTION('center_axis',(0.,0.,-1.));
#1947=DIRECTION('ref_axis',(-1.,0.,0.));
#1948=DIRECTION('center_axis',(0.,0.,-1.));
#1949=DIRECTION('ref_axis',(-1.,0.,0.));
#1950=DIRECTION('center_axis',(0.,0.,-1.));
#1951=DIRECTION('ref_axis',(-0.761086417963709,-0.648650494789892,0.));
#1952=DIRECTION('center_axis',(0.,-1.,0.));
#1953=DIRECTION('ref_axis',(1.,0.,0.));
#1954=DIRECTION('center_axis',(0.,0.,1.));
#1955=DIRECTION('ref_axis',(-0.761086417963708,-0.648650494789892,0.));
#1956=DIRECTION('center_axis',(3.90557361048192E-15,1.,0.));
#1957=DIRECTION('ref_axis',(0.707106781186544,-3.14018491736755E-15,0.707106781186551));
#1958=DIRECTION('center_axis',(0.,-1.,0.));
#1959=DIRECTION('ref_axis',(1.,0.,0.));
#1960=DIRECTION('',(-3.90557361048192E-15,-1.,0.));
#1961=DIRECTION('',(3.90557361048192E-15,1.,0.));
#1962=DIRECTION('center_axis',(1.,0.,0.));
#1963=DIRECTION('ref_axis',(0.,1.,0.));
#1964=DIRECTION('center_axis',(0.,0.,-1.));
#1965=DIRECTION('ref_axis',(0.707106781186548,0.707106781186548,0.));
#1966=DIRECTION('center_axis',(0.,0.,1.));
#1967=DIRECTION('ref_axis',(0.707106781186548,0.707106781186548,0.));
#1968=DIRECTION('center_axis',(-1.,-3.1720657846433E-16,0.));
#1969=DIRECTION('ref_axis',(0.,0.707106781186544,0.707106781186551));
#1970=DIRECTION('center_axis',(1.,0.,0.));
#1971=DIRECTION('ref_axis',(0.,1.,0.));
#1972=DIRECTION('',(1.,3.1720657846433E-16,0.));
#1973=DIRECTION('',(-1.,-3.1720657846433E-16,0.));
#1974=DIRECTION('center_axis',(0.,1.,0.));
#1975=DIRECTION('ref_axis',(-1.,0.,0.));
#1976=DIRECTION('center_axis',(0.,0.,-1.));
#1977=DIRECTION('ref_axis',(-0.707106781186548,0.707106781186548,0.));
#1978=DIRECTION('center_axis',(0.,0.,1.));
#1979=DIRECTION('ref_axis',(-0.707106781186548,0.707106781186548,0.));
#1980=DIRECTION('center_axis',(6.83214169000096E-16,-1.,0.));
#1981=DIRECTION('ref_axis',(-0.707106781186538,0.,0.707106781186557));
#1982=DIRECTION('center_axis',(0.,1.,0.));
#1983=DIRECTION('ref_axis',(-1.,0.,0.));
#1984=DIRECTION('',(-6.83214169000096E-16,1.,0.));
#1985=DIRECTION('',(6.83214169000096E-16,-1.,0.));
#1986=DIRECTION('center_axis',(0.,0.,1.));
#1987=DIRECTION('ref_axis',(1.,0.,0.));
#1988=DIRECTION('center_axis',(-1.,0.,0.));
#1989=DIRECTION('ref_axis',(0.,-1.,0.));
#1990=DIRECTION('center_axis',(0.,0.,-1.));
#1991=DIRECTION('ref_axis',(-0.707106781186547,-0.707106781186548,0.));
#1992=DIRECTION('center_axis',(1.,6.48237993719439E-17,0.));
#1993=DIRECTION('ref_axis',(0.,-0.707106781186544,0.707106781186551));
#1994=DIRECTION('center_axis',(-1.,0.,0.));
#1995=DIRECTION('ref_axis',(0.,-1.,0.));
#1996=DIRECTION('',(-1.,-6.48237993719439E-17,0.));
#1997=DIRECTION('center_axis',(0.,0.,-1.));
#1998=DIRECTION('ref_axis',(-1.,0.,0.));
#1999=DIRECTION('center_axis',(-0.996194698091744,0.0871557427476705,0.));
#2000=DIRECTION('ref_axis',(-0.0871557427476705,-0.996194698091744,0.));
#2001=DIRECTION('center_axis',(0.,0.,1.));
#2002=DIRECTION('ref_axis',(0.0436193873653388,0.999048221581858,0.));
#2003=DIRECTION('center_axis',(0.996194698091746,-0.0871557427476578,0.));
#2004=DIRECTION('ref_axis',(-0.0616284167162142,-0.704416026402756,0.70710678118655));
#2005=DIRECTION('center_axis',(-0.996194698091745,0.08715574274766,0.));
#2006=DIRECTION('ref_axis',(-0.08715574274766,-0.996194698091745,0.));
#2007=DIRECTION('',(-0.996194698091746,0.0871557427476578,0.));
#2008=DIRECTION('center_axis',(0.,0.,-1.));
#2009=DIRECTION('ref_axis',(-1.,0.,0.));
#2010=DIRECTION('center_axis',(2.22044604925032E-15,1.,0.));
#2011=DIRECTION('ref_axis',(-1.,2.22044604925032E-15,0.));
#2012=DIRECTION('center_axis',(0.,0.,1.));
#2013=DIRECTION('ref_axis',(0.737277336810124,0.675590207615661,0.));
#2014=DIRECTION('center_axis',(1.90250924073893E-14,-1.,0.));
#2015=DIRECTION('ref_axis',(-0.707106781186545,-1.25607396694702E-14,0.70710678118655));
#2016=DIRECTION('center_axis',(-2.22044604925031E-14,1.,0.));
#2017=DIRECTION('ref_axis',(-1.,-2.22044604925031E-14,0.));
#2018=DIRECTION('',(-1.90250924073893E-14,1.,0.));
#2019=DIRECTION('center_axis',(0.,0.,1.));
#2020=DIRECTION('ref_axis',(1.,0.,0.));
#2021=DIRECTION('center_axis',(-0.996194698091746,0.0871557427476585,0.));
#2022=DIRECTION('ref_axis',(-0.0871557427476585,-0.996194698091746,0.));
#2023=DIRECTION('center_axis',(0.,0.,-1.));
#2024=DIRECTION('ref_axis',(-0.737277336810124,-0.67559020761566,0.));
#2025=DIRECTION('center_axis',(0.996194698091745,-0.0871557427476598,0.));
#2026=DIRECTION('ref_axis',(-0.0616284167162205,-0.704416026402756,0.70710678118655));
#2027=DIRECTION('center_axis',(-0.996194698091745,0.087155742747665,0.));
#2028=DIRECTION('ref_axis',(-0.087155742747665,-0.996194698091745,0.));
#2029=DIRECTION('',(-0.996194698091745,0.0871557427476598,0.));
#2030=DIRECTION('center_axis',(0.,0.,-1.));
#2031=DIRECTION('ref_axis',(-1.,0.,0.));
#2032=DIRECTION('center_axis',(0.,1.,0.));
#2033=DIRECTION('ref_axis',(-1.,0.,0.));
#2034=DIRECTION('center_axis',(0.,0.,1.));
#2035=DIRECTION('ref_axis',(0.737277336810124,0.675590207615661,0.));
#2036=DIRECTION('center_axis',(2.71869015812766E-16,-1.,0.));
#2037=DIRECTION('ref_axis',(-0.707106781186546,0.,0.707106781186549));
#2038=DIRECTION('center_axis',(0.,1.,0.));
#2039=DIRECTION('ref_axis',(-1.,0.,0.));
#2040=DIRECTION('',(-2.71869015812766E-16,1.,0.));
#2041=DIRECTION('center_axis',(0.,0.,-1.));
#2042=DIRECTION('ref_axis',(-1.,0.,0.));
#2043=DIRECTION('center_axis',(1.,1.11022302462515E-15,0.));
#2044=DIRECTION('ref_axis',(-1.11022302462515E-15,1.,0.));
#2045=DIRECTION('center_axis',(0.,0.,1.));
#2046=DIRECTION('ref_axis',(0.707106781186548,-0.707106781186547,0.));
#2047=DIRECTION('center_axis',(-1.,0.,0.));
#2048=DIRECTION('ref_axis',(0.,0.707106781186544,0.707106781186551));
#2049=DIRECTION('center_axis',(1.,2.22044604925032E-15,0.));
#2050=DIRECTION('ref_axis',(-2.22044604925032E-15,1.,0.));
#2051=DIRECTION('',(1.,0.,0.));
#2052=DIRECTION('center_axis',(1.,0.,0.));
#2053=DIRECTION('ref_axis',(0.,-0.707106781186544,0.707106781186551));
#2054=DIRECTION('center_axis',(1.,1.38777878078145E-15,0.));
#2055=DIRECTION('ref_axis',(0.,0.,1.));
#2056=DIRECTION('',(1.,0.,0.));
#2057=DIRECTION('center_axis',(-1.,0.,0.));
#2058=DIRECTION('ref_axis',(0.,-1.,0.));
#2059=DIRECTION('',(-1.,0.,0.));
#2060=DIRECTION('center_axis',(8.88178419700122E-15,-1.,0.));
#2061=DIRECTION('ref_axis',(1.,8.88178419700123E-15,0.));
#2062=DIRECTION('center_axis',(0.,0.,-1.));
#2063=DIRECTION('ref_axis',(0.707106781186549,-0.707106781186546,0.));
#2064=DIRECTION('center_axis',(0.,0.,1.));
#2065=DIRECTION('ref_axis',(0.70710678118655,-0.707106781186546,0.));
#2066=DIRECTION('center_axis',(-1.41509659506769E-15,1.,0.));
#2067=DIRECTION('ref_axis',(0.707106781186546,0.,0.707106781186549));
#2068=DIRECTION('center_axis',(0.,-1.,0.));
#2069=DIRECTION('ref_axis',(1.,0.,0.));
#2070=DIRECTION('',(1.41509659506769E-15,-1.,0.));
#2071=DIRECTION('',(-1.41509659506769E-15,1.,0.));
#2072=DIRECTION('center_axis',(0.,0.,1.));
#2073=DIRECTION('ref_axis',(1.,0.,0.));
#2074=DIRECTION('center_axis',(0.996194698091746,-0.0871557427476575,0.));
#2075=DIRECTION('ref_axis',(0.0871557427476575,0.996194698091746,0.));
#2076=DIRECTION('center_axis',(0.,0.,-1.));
#2077=DIRECTION('ref_axis',(0.737277336810124,0.67559020761566,0.));
#2078=DIRECTION('center_axis',(0.,0.,1.));
#2079=DIRECTION('ref_axis',(0.737277336810124,0.67559020761566,0.));
#2080=DIRECTION('center_axis',(-0.996194698091746,0.0871557427476582,0.));
#2081=DIRECTION('ref_axis',(0.0616284167162142,0.704416026402756,0.70710678118655));
#2082=DIRECTION('',(0.996194698091746,-0.0871557427476582,0.));
#2083=DIRECTION('',(-0.996194698091746,0.0871557427476582,0.));
#2084=DIRECTION('center_axis',(4.16333634234431E-16,-1.,0.));
#2085=DIRECTION('ref_axis',(-0.707106781186546,0.,0.707106781186549));
#2086=DIRECTION('center_axis',(0.,-1.,0.));
#2087=DIRECTION('ref_axis',(0.,0.,1.));
#2088=DIRECTION('center_axis',(0.,1.,0.));
#2089=DIRECTION('ref_axis',(-1.,0.,0.));
#2090=DIRECTION('',(-4.16333634234431E-16,1.,0.));
#2091=DIRECTION('center_axis',(-0.408248290463862,-0.816496580927727,0.408248290463863));
#2092=DIRECTION('ref_axis',(-0.577350269189627,0.577350269189624,0.577350269189627));
#2093=DIRECTION('center_axis',(0.408248290463862,-0.816496580927727,-0.408248290463863));
#2094=DIRECTION('ref_axis',(-0.577350269189627,-0.577350269189623,0.577350269189627));
#2095=DIRECTION('center_axis',(0.,0.,1.));
#2096=DIRECTION('ref_axis',(-1.,0.,0.));
#2097=DIRECTION('center_axis',(-1.,-6.83214169000096E-16,0.));
#2098=DIRECTION('ref_axis',(6.83214169000096E-16,-1.,0.));
#2099=DIRECTION('',(0.,0.,1.));
#2100=DIRECTION('center_axis',(0.,0.,1.));
#2101=DIRECTION('ref_axis',(0.,1.,0.));
#2102=DIRECTION('',(0.,0.,1.));
#2103=DIRECTION('center_axis',(-3.1720657846433E-16,1.,0.));
#2104=DIRECTION('ref_axis',(-1.,-3.1720657846433E-16,0.));
#2105=DIRECTION('',(0.,0.,1.));
#2106=DIRECTION('center_axis',(0.,0.,1.));
#2107=DIRECTION('ref_axis',(1.,0.,0.));
#2108=DIRECTION('',(0.,0.,1.));
#2109=DIRECTION('center_axis',(1.,-3.90557361048192E-15,0.));
#2110=DIRECTION('ref_axis',(3.90557361048192E-15,1.,0.));
#2111=DIRECTION('',(0.,0.,1.));
#2112=DIRECTION('center_axis',(0.,0.,1.));
#2113=DIRECTION('ref_axis',(1.,0.,0.));
#2114=DIRECTION('',(0.,0.,1.));
#2115=DIRECTION('center_axis',(0.0871557427476582,0.996194698091746,0.));
#2116=DIRECTION('ref_axis',(-0.996194698091746,0.0871557427476582,0.));
#2117=DIRECTION('',(0.,0.,1.));
#2118=DIRECTION('center_axis',(0.,0.,1.));
#2119=DIRECTION('ref_axis',(1.,2.96059473233375E-16,0.));
#2120=DIRECTION('',(0.,0.,1.));
#2121=DIRECTION('center_axis',(1.,1.41509659506769E-15,0.));
#2122=DIRECTION('ref_axis',(-1.41509659506769E-15,1.,0.));
#2123=DIRECTION('',(0.,0.,1.));
#2124=DIRECTION('center_axis',(0.,0.,1.));
#2125=DIRECTION('ref_axis',(5.55111512312578E-16,-1.,0.));
#2126=DIRECTION('',(0.,0.,1.));
#2127=DIRECTION('center_axis',(0.,-1.,0.));
#2128=DIRECTION('ref_axis',(1.,0.,0.));
#2129=DIRECTION('',(0.,0.,1.));
#2130=DIRECTION('center_axis',(0.,0.,1.));
#2131=DIRECTION('ref_axis',(-1.,0.,0.));
#2132=DIRECTION('center_axis',(0.,0.,1.));
#2133=DIRECTION('ref_axis',(1.,0.,0.));
#2134=DIRECTION('center_axis',(0.,0.,-1.));
#2135=DIRECTION('ref_axis',(-1.,0.,0.));
#2136=DIRECTION('center_axis',(0.,0.,-1.));
#2137=DIRECTION('ref_axis',(-1.,0.,0.));
#2138=DIRECTION('center_axis',(0.,0.,-1.));
#2139=DIRECTION('ref_axis',(-1.,0.,0.));
#2140=DIRECTION('center_axis',(0.,-1.,0.));
#2141=DIRECTION('ref_axis',(1.,0.,0.));
#2142=DIRECTION('center_axis',(0.,0.,1.));
#2143=DIRECTION('ref_axis',(-1.,0.,0.));
#2144=DIRECTION('',(0.,0.,-1.));
#2145=DIRECTION('center_axis',(0.,0.,-1.));
#2146=DIRECTION('ref_axis',(-1.,0.,0.));
#2147=DIRECTION('center_axis',(0.,-1.,0.));
#2148=DIRECTION('ref_axis',(1.,0.,0.));
#2149=DIRECTION('center_axis',(0.,0.,1.));
#2150=DIRECTION('ref_axis',(-1.,0.,0.));
#2151=DIRECTION('',(0.,0.,-1.));
#2152=CARTESIAN_POINT('',(0.,0.,0.));
#2153=CARTESIAN_POINT('Origin',(-46.0999999999998,21.6246599,9.6));
#2154=CARTESIAN_POINT('',(-46.0999999999998,5.62716146445615,2.4));
#2155=CARTESIAN_POINT('',(-46.0999999999998,5.62716146445615,9.6));
#2156=CARTESIAN_POINT('',(-46.0999999999998,5.62716146445615,0.));
#2157=CARTESIAN_POINT('',(-46.0999999999998,21.6246599,2.4));
#2158=CARTESIAN_POINT('',(-46.0999999999998,21.6246599,2.4));
#2159=CARTESIAN_POINT('',(-46.0999999999998,21.6246599,9.6));
#2160=CARTESIAN_POINT('',(-46.0999999999998,21.6246599,4.8));
#2161=CARTESIAN_POINT('',(-46.0999999999998,21.6246599,9.6));
#2162=CARTESIAN_POINT('Origin',(-33.8999999999998,21.6246599,9.6));
#2163=CARTESIAN_POINT('',(-45.9999999999998,5.62465989999998,9.6));
#2164=CARTESIAN_POINT('Origin',(-45.9999999999998,7.62465989999998,9.6));
#2165=CARTESIAN_POINT('',(-33.8999999999998,21.6246599,9.6));
#2166=CARTESIAN_POINT('',(-33.4499999999998,21.6246599,9.6));
#2167=CARTESIAN_POINT('',(-33.8999999999998,5.62465989999998,9.6));
#2168=CARTESIAN_POINT('',(-33.8999999999998,21.6246599,9.6));
#2169=CARTESIAN_POINT('',(-39.9499999999998,5.62465989999998,9.6));
#2170=CARTESIAN_POINT('',(-37.9999999999998,9.62465989999999,9.6));
#2171=CARTESIAN_POINT('Origin',(-39.9999999999998,9.62465989999999,9.6));
#2172=CARTESIAN_POINT('',(-38.4999999999998,15.6246599,9.6));
#2173=CARTESIAN_POINT('Origin',(-39.9999999999998,15.6246599,9.6));
#2174=CARTESIAN_POINT('Origin',(-33.8999999999998,21.6246599,2.4));
#2175=CARTESIAN_POINT('',(-33.8999999999998,5.62465989999998,2.4));
#2176=CARTESIAN_POINT('',(-33.8999999999998,5.62465989999999,1.2));
#2177=CARTESIAN_POINT('',(-33.8999999999998,21.6246599,2.4));
#2178=CARTESIAN_POINT('',(-33.8999999999998,21.6246599,1.2));
#2179=CARTESIAN_POINT('',(-33.8999999999998,21.6246599,2.4));
#2180=CARTESIAN_POINT('Origin',(-46.0999999999998,21.6246599,2.4));
#2181=CARTESIAN_POINT('',(-45.9999999999998,5.62465989999998,2.4));
#2182=CARTESIAN_POINT('Origin',(-45.9999999999998,7.62465989999998,2.4));
#2183=CARTESIAN_POINT('',(-46.0499999999998,5.62465989999998,2.4));
#2184=CARTESIAN_POINT('',(-39.5499999999998,21.6246599,2.4));
#2185=CARTESIAN_POINT('',(-38.4999999999998,15.6246599,2.4));
#2186=CARTESIAN_POINT('Origin',(-39.9999999999998,15.6246599,2.4));
#2187=CARTESIAN_POINT('',(-37.9999999999998,9.62465989999999,2.4));
#2188=CARTESIAN_POINT('Origin',(-39.9999999999998,9.62465989999999,2.4));
#2189=CARTESIAN_POINT('Origin',(-45.9999999999998,7.62465989999998,0.));
#2190=CARTESIAN_POINT('',(-45.9999999999998,5.62465989999998,11.5));
#2191=CARTESIAN_POINT('',(-45.9999999999998,5.62465989999998,0.));
#2192=CARTESIAN_POINT('',(-47.9999999999998,7.62465989999998,11.5));
#2193=CARTESIAN_POINT('Origin',(-45.9999999999998,7.62465989999998,11.5));
#2194=CARTESIAN_POINT('',(-47.9999999999998,7.62465989999998,0.5));
#2195=CARTESIAN_POINT('',(-47.9999999999998,7.62465989999998,0.));
#2196=CARTESIAN_POINT('',(-45.9999999999998,5.62465989999998,0.5));
#2197=CARTESIAN_POINT('Origin',(-45.9999999999998,7.62465989999998,0.5));
#2198=CARTESIAN_POINT('',(-45.9999999999998,5.62465989999998,0.));
#2199=CARTESIAN_POINT('Origin',(-39.9999999999998,15.6246599,0.));
#2200=CARTESIAN_POINT('',(-38.4999999999998,15.6246599,0.5));
#2201=CARTESIAN_POINT('',(-38.4999999999998,15.6246599,0.));
#2202=CARTESIAN_POINT('Origin',(-39.9999999999998,15.6246599,0.5));
#2203=CARTESIAN_POINT('Origin',(-39.9999999999998,9.62465989999999,0.));
#2204=CARTESIAN_POINT('',(-37.9999999999998,9.62465989999999,0.5));
#2205=CARTESIAN_POINT('',(-37.9999999999998,9.62465989999999,0.));
#2206=CARTESIAN_POINT('Origin',(-39.9999999999998,9.62465989999999,0.5));
#2207=CARTESIAN_POINT('Origin',(-10.4999999999998,-23.8753401,0.5));
#2208=CARTESIAN_POINT('',(0.500000000000223,-24.3753401,0.5));
#2209=CARTESIAN_POINT('',(0.500000000000225,-23.8753401,0.));
#2210=CARTESIAN_POINT('Origin',(0.500000000000222,-23.8753401,0.5));
#2211=CARTESIAN_POINT('',(4.00000000000022,-23.8753401,0.));
#2212=CARTESIAN_POINT('',(-10.4999999999998,-23.8753401,0.));
#2213=CARTESIAN_POINT('',(4.00000000000022,-24.3753401,0.5));
#2214=CARTESIAN_POINT('Origin',(4.00000000000022,-23.8753401,0.5));
#2215=CARTESIAN_POINT('',(-10.4999999999998,-24.3753401,0.5));
#2216=CARTESIAN_POINT('Ctrl Pts',(4.00000000000022,-23.8753401,0.));
#2217=CARTESIAN_POINT('Ctrl Pts',(4.50000000000022,-23.8753401,0.));
#2218=CARTESIAN_POINT('Ctrl Pts',(4.50000000000022,-23.3753401,0.));
#2219=CARTESIAN_POINT('Ctrl Pts',(4.00000000000022,-24.3753401,-2.08166817117217E-15));
#2220=CARTESIAN_POINT('Ctrl Pts',(5.00000000000023,-24.3753401,-2.08023787399065E-15));
#2221=CARTESIAN_POINT('Ctrl Pts',(5.00000000000022,-23.3753401,-2.08023787399065E-15));
#2222=CARTESIAN_POINT('Ctrl Pts',(4.00000000000022,-24.3753401,0.5));
#2223=CARTESIAN_POINT('Ctrl Pts',(5.00000000000023,-24.3753401,0.5));
#2224=CARTESIAN_POINT('Ctrl Pts',(5.00000000000022,-23.3753401,0.5));
#2225=CARTESIAN_POINT('',(4.50000000000022,-23.3753401,0.));
#2226=CARTESIAN_POINT('',(5.00000000000022,-23.3753401,0.5));
#2227=CARTESIAN_POINT('Origin',(4.50000000000022,-23.3753401,0.5));
#2228=CARTESIAN_POINT('Origin',(4.00000000000022,-23.3753401,0.5));
#2229=CARTESIAN_POINT('Origin',(4.00000000000022,-23.3753401,0.));
#2230=CARTESIAN_POINT('Origin',(4.50000000000021,-12.3753401,0.5));
#2231=CARTESIAN_POINT('',(4.5000000000002,-2.97687490627007,0.));
#2232=CARTESIAN_POINT('',(5.0000000000002,-2.97687490627007,0.5));
#2233=CARTESIAN_POINT('Origin',(4.5000000000002,-2.97687490627007,0.5));
#2234=CARTESIAN_POINT('',(5.00000000000021,-12.3753401,0.5));
#2235=CARTESIAN_POINT('',(4.50000000000021,-12.3753401,0.));
#2236=CARTESIAN_POINT('Origin',(-9.99999999999981,-2.97687490627008,0.5));
#2237=CARTESIAN_POINT('',(-8.73624173015876,11.4679482160602,0.));
#2238=CARTESIAN_POINT('',(-8.69266385878493,11.9660455651061,0.5));
#2239=CARTESIAN_POINT('Origin',(-8.73624173015876,11.4679482160602,0.5));
#2240=CARTESIAN_POINT('Origin',(-9.99999999999981,-2.97687490627008,0.5));
#2241=CARTESIAN_POINT('Origin',(-9.99999999999981,-2.97687490627008,0.));
#2242=CARTESIAN_POINT('Origin',(-14.5120899202136,11.9732694549368,0.5));
#2243=CARTESIAN_POINT('',(-26.9510304273058,13.5634456543524,0.5));
#2244=CARTESIAN_POINT('',(-14.4685120488398,12.4713668039826,0.5));
#2245=CARTESIAN_POINT('',(-27.0121661694037,13.0668844199506,0.));
#2246=CARTESIAN_POINT('',(-14.5120899202136,11.9732694549368,0.));
#2247=CARTESIAN_POINT('Ctrl Pts',(-27.0121661694037,13.0668844199506,0.));
#2248=CARTESIAN_POINT('Ctrl Pts',(-27.0119982298085,13.0682562920262,2.98249725655972E-18));
#2249=CARTESIAN_POINT('Ctrl Pts',(-27.0118302833752,13.069628157315,5.72387448966594E-6));
#2250=CARTESIAN_POINT('Ctrl Pts',(-27.0037415346003,13.1356978335392,0.000557062385749739));
#2251=CARTESIAN_POINT('Ctrl Pts',(-26.9958915786666,13.1996724091171,0.0138226825469185));
#2252=CARTESIAN_POINT('Ctrl Pts',(-26.981226569054,13.3189474743404,0.0643082683802257));
#2253=CARTESIAN_POINT('Ctrl Pts',(-26.9745513428606,13.3731129987651,0.101040003142295));
#2254=CARTESIAN_POINT('Ctrl Pts',(-26.9632878812617,13.4643791080251,0.193333283833488));
#2255=CARTESIAN_POINT('Ctrl Pts',(-26.9588064803984,13.5006179803372,0.248000564873499));
#2256=CARTESIAN_POINT('Ctrl Pts',(-26.9526677249212,13.5502309246305,0.368224188700988));
#2257=CARTESIAN_POINT('Ctrl Pts',(-26.95106786558,13.5631433643576,0.432621363888797));
#2258=CARTESIAN_POINT('Ctrl Pts',(-26.9510306437647,13.5634439065835,0.49846803918772));
#2259=CARTESIAN_POINT('Ctrl Pts',(-26.9510304273055,13.5634456543524,0.499234061790302));
#2260=CARTESIAN_POINT('Ctrl Pts',(-26.9510304273055,13.5634456543524,0.5));
#2261=CARTESIAN_POINT('Origin',(-25.9999999999998,19.4875946334327,0.5));
#2262=CARTESIAN_POINT('',(-32.4999999999998,19.4875946334327,0.));
#2263=CARTESIAN_POINT('Origin',(-25.9999999999998,19.4875946334327,0.));
#2264=CARTESIAN_POINT('',(-31.9999999999998,19.4875946334327,0.5));
#2265=CARTESIAN_POINT('Origin',(-32.4999999999998,19.4875946334327,0.5));
#2266=CARTESIAN_POINT('Origin',(-25.9999999999998,19.4875946334327,0.5));
#2267=CARTESIAN_POINT('Origin',(-32.4999999999999,9.05612726671639,0.5));
#2268=CARTESIAN_POINT('',(-32.4999999999998,20.6246599,0.));
#2269=CARTESIAN_POINT('',(-31.9999999999998,20.6246599,0.5));
#2270=CARTESIAN_POINT('Origin',(-32.4999999999998,20.6246599,0.5));
#2271=CARTESIAN_POINT('',(-31.9999999999999,9.05612726671639,0.5));
#2272=CARTESIAN_POINT('',(-32.4999999999999,9.05612726671639,0.));
#2273=CARTESIAN_POINT('Ctrl Pts',(-32.4999999999998,20.6246599,0.));
#2274=CARTESIAN_POINT('Ctrl Pts',(-32.4999999999998,21.1246599,0.));
#2275=CARTESIAN_POINT('Ctrl Pts',(-32.9999999999998,21.1246599,0.));
#2276=CARTESIAN_POINT('Ctrl Pts',(-31.9999999999998,20.6246599,-2.63534938630323E-15));
#2277=CARTESIAN_POINT('Ctrl Pts',(-31.9999999999998,21.6246599,-2.63534938630323E-15));
#2278=CARTESIAN_POINT('Ctrl Pts',(-32.9999999999998,21.6246599,-2.63677968348475E-15));
#2279=CARTESIAN_POINT('Ctrl Pts',(-31.9999999999998,20.6246599,0.5));
#2280=CARTESIAN_POINT('Ctrl Pts',(-31.9999999999998,21.6246599,0.5));
#2281=CARTESIAN_POINT('Ctrl Pts',(-32.9999999999998,21.6246599,0.5));
#2282=CARTESIAN_POINT('',(-32.9999999999998,21.1246599,0.));
#2283=CARTESIAN_POINT('',(-32.9999999999998,21.6246599,0.5));
#2284=CARTESIAN_POINT('Origin',(-32.9999999999998,21.1246599,0.5));
#2285=CARTESIAN_POINT('Origin',(-32.9999999999998,20.6246599,0.5));
#2286=CARTESIAN_POINT('Origin',(-32.9999999999998,20.6246599,0.));
#2287=CARTESIAN_POINT('Origin',(-27.2499999999998,21.1246599,0.5));
#2288=CARTESIAN_POINT('',(-46.9999999999998,21.1246599,0.));
#2289=CARTESIAN_POINT('',(-46.9999999999998,21.6246599,0.5));
#2290=CARTESIAN_POINT('Origin',(-46.9999999999998,21.1246599,0.5));
#2291=CARTESIAN_POINT('',(-27.2499999999998,21.6246599,0.5));
#2292=CARTESIAN_POINT('',(-27.2499999999998,21.1246599,0.));
#2293=CARTESIAN_POINT('Ctrl Pts',(-46.9999999999998,21.1246599,0.));
#2294=CARTESIAN_POINT('Ctrl Pts',(-47.4999999999998,21.1246599,0.));
#2295=CARTESIAN_POINT('Ctrl Pts',(-47.4999999999998,20.6246599,0.));
#2296=CARTESIAN_POINT('Ctrl Pts',(-46.9999999999998,21.6246599,-2.98372437868011E-15));
#2297=CARTESIAN_POINT('Ctrl Pts',(-47.9999999999998,21.6246599,-2.99209356976555E-15));
#2298=CARTESIAN_POINT('Ctrl Pts',(-47.9999999999998,20.6246599,-2.99209356976555E-15));
#2299=CARTESIAN_POINT('Ctrl Pts',(-46.9999999999998,21.6246599,0.5));
#2300=CARTESIAN_POINT('Ctrl Pts',(-47.9999999999998,21.6246599,0.5));
#2301=CARTESIAN_POINT('Ctrl Pts',(-47.9999999999998,20.6246599,0.5));
#2302=CARTESIAN_POINT('',(-47.4999999999998,20.6246599,0.));
#2303=CARTESIAN_POINT('',(-47.9999999999998,20.6246599,0.5));
#2304=CARTESIAN_POINT('Origin',(-47.4999999999998,20.6246599,0.5));
#2305=CARTESIAN_POINT('Origin',(-46.9999999999998,20.6246599,0.5));
#2306=CARTESIAN_POINT('Origin',(-46.9999999999998,20.6246599,0.));
#2307=CARTESIAN_POINT('Origin',(-47.4999999999998,9.62465989999998,0.5));
#2308=CARTESIAN_POINT('',(-47.4999999999998,7.62465989999998,0.));
#2309=CARTESIAN_POINT('Origin',(-47.4999999999998,7.62465989999998,0.5));
#2310=CARTESIAN_POINT('',(-47.9999999999998,9.62465989999998,0.5));
#2311=CARTESIAN_POINT('',(-47.4999999999998,9.62465989999998,0.));
#2312=CARTESIAN_POINT('Origin',(-45.9999999999998,7.62465989999998,0.5));
#2313=CARTESIAN_POINT('',(-45.9999999999998,6.12465989999997,0.));
#2314=CARTESIAN_POINT('Origin',(-45.9999999999998,6.12465989999997,0.5));
#2315=CARTESIAN_POINT('Origin',(-45.9999999999998,7.62465989999998,0.));
#2316=CARTESIAN_POINT('Origin',(-33.7499999999998,6.12465989999999,0.5));
#2317=CARTESIAN_POINT('',(-28.8732188581702,6.12465989999999,0.));
#2318=CARTESIAN_POINT('',(-28.8732188581702,5.62465989999999,0.5));
#2319=CARTESIAN_POINT('Origin',(-28.8732188581702,6.12465989999999,0.5));
#2320=CARTESIAN_POINT('',(-33.7499999999998,5.62465989999999,0.5));
#2321=CARTESIAN_POINT('',(-33.7499999999998,6.12465989999999,0.));
#2322=CARTESIAN_POINT('Origin',(-28.8732188581701,-14.3753400999957,0.5));
#2323=CARTESIAN_POINT('',(-27.0865261318428,6.04665121088507,0.));
#2324=CARTESIAN_POINT('',(-27.130104003217,5.54855386183489,0.5));
#2325=CARTESIAN_POINT('Origin',(-27.0865261318428,6.04665121088507,0.5));
#2326=CARTESIAN_POINT('Origin',(-28.8732188581701,-14.3753400999957,0.5));
#2327=CARTESIAN_POINT('Origin',(-28.8732188581701,-14.3753400999957,0.));
#2328=CARTESIAN_POINT('Origin',(-23.9922772206726,5.77593950902591,0.5));
#2329=CARTESIAN_POINT('',(-12.0848647011496,4.73417590164099,0.));
#2330=CARTESIAN_POINT('',(-12.1284425725234,4.23607855259511,0.5));
#2331=CARTESIAN_POINT('Origin',(-12.0848647011496,4.73417590164099,0.5));
#2332=CARTESIAN_POINT('',(-24.0358550920465,5.27784215998003,0.5));
#2333=CARTESIAN_POINT('',(-23.9922772206726,5.77593950902591,0.));
#2334=CARTESIAN_POINT('Origin',(-13.,-5.72586842832234,0.5));
#2335=CARTESIAN_POINT('',(-2.5,-5.72586842832234,0.));
#2336=CARTESIAN_POINT('',(-2.99999999999999,-5.72586842832234,0.5));
#2337=CARTESIAN_POINT('Origin',(-2.5,-5.72586842832234,0.5));
#2338=CARTESIAN_POINT('Origin',(-13.,-5.72586842832234,0.5));
#2339=CARTESIAN_POINT('Origin',(-13.,-5.72586842832234,0.));
#2340=CARTESIAN_POINT('Origin',(-2.50000000000004,-3.55060426416099,0.5));
#2341=CARTESIAN_POINT('',(-2.49999999999978,-17.1052344343355,0.));
#2342=CARTESIAN_POINT('',(-2.99999999999978,-17.1052344343355,0.5));
#2343=CARTESIAN_POINT('Origin',(-2.49999999999978,-17.1052344343355,0.5));
#2344=CARTESIAN_POINT('',(-3.00000000000004,-3.550604264161,0.5));
#2345=CARTESIAN_POINT('',(-2.50000000000004,-3.55060426416099,0.));
#2346=CARTESIAN_POINT('Origin',(-0.999999999999778,-17.1052344343355,0.5));
#2347=CARTESIAN_POINT('',(-1.13073361412126,-18.5995264814732,0.));
#2348=CARTESIAN_POINT('',(-1.17431148549509,-19.097623830519,0.5));
#2349=CARTESIAN_POINT('Origin',(-1.13073361412126,-18.5995264814732,0.5));
#2350=CARTESIAN_POINT('Origin',(-0.999999999999778,-17.1052344343355,0.5));
#2351=CARTESIAN_POINT('Origin',(-0.999999999999778,-17.1052344343355,0.));
#2352=CARTESIAN_POINT('Origin',(-11.9857402198215,-17.6498364609754,0.5));
#2353=CARTESIAN_POINT('',(1.58715574274788,-18.837310988917,0.));
#2354=CARTESIAN_POINT('',(1.54357787137405,-19.3354083379629,0.5));
#2355=CARTESIAN_POINT('Origin',(1.58715574274788,-18.837310988917,0.5));
#2356=CARTESIAN_POINT('',(-12.0293180911954,-18.1479338100212,0.5));
#2357=CARTESIAN_POINT('',(-11.9857402198215,-17.6498364609754,0.));
#2358=CARTESIAN_POINT('Origin',(1.50000000000022,-19.8335056870087,0.5));
#2359=CARTESIAN_POINT('',(2.50000000000022,-19.8335056870087,0.));
#2360=CARTESIAN_POINT('',(2.00000000000022,-19.8335056870087,0.5));
#2361=CARTESIAN_POINT('Origin',(2.50000000000022,-19.8335056870087,0.5));
#2362=CARTESIAN_POINT('Origin',(1.50000000000022,-19.8335056870087,0.5));
#2363=CARTESIAN_POINT('Origin',(1.50000000000022,-19.8335056870087,0.));
#2364=CARTESIAN_POINT('Origin',(2.50000000000022,-10.6044228935044,0.5));
#2365=CARTESIAN_POINT('',(2.50000000000022,-21.8753401,0.));
#2366=CARTESIAN_POINT('',(2.00000000000022,-21.8753401,0.5));
#2367=CARTESIAN_POINT('Origin',(2.50000000000022,-21.8753401,0.5));
#2368=CARTESIAN_POINT('',(2.00000000000022,-10.6044228935044,0.5));
#2369=CARTESIAN_POINT('',(2.50000000000022,-10.6044228935044,0.));
#2370=CARTESIAN_POINT('Origin',(1.50000000000022,-21.8753401,0.5));
#2371=CARTESIAN_POINT('',(1.50000000000022,-22.8753401,0.));
#2372=CARTESIAN_POINT('',(1.50000000000022,-22.3753401,0.5));
#2373=CARTESIAN_POINT('Origin',(1.50000000000022,-22.8753401,0.5));
#2374=CARTESIAN_POINT('Origin',(1.50000000000022,-21.8753401,0.5));
#2375=CARTESIAN_POINT('Origin',(1.50000000000022,-21.8753401,0.));
#2376=CARTESIAN_POINT('Origin',(-9.99999999999979,-22.8753401,0.5));
#2377=CARTESIAN_POINT('',(0.500000000000224,-22.8753401,0.));
#2378=CARTESIAN_POINT('',(0.500000000000222,-22.3753401,0.5));
#2379=CARTESIAN_POINT('Origin',(0.500000000000224,-22.8753401,0.5));
#2380=CARTESIAN_POINT('',(-9.99999999999979,-22.3753401,0.5));
#2381=CARTESIAN_POINT('',(-9.99999999999979,-22.8753401,0.));
#2382=CARTESIAN_POINT('Origin',(0.50000000000022,-12.1253401,0.5));
#2383=CARTESIAN_POINT('',(2.22599716437344E-13,-22.8753401,0.5));
#2384=CARTESIAN_POINT('Origin',(0.500000000000225,-22.8753401,0.5));
#2385=CARTESIAN_POINT('',(0.50000000000022,-12.1253401,0.));
#2386=CARTESIAN_POINT('',(2.23016050071578E-13,-23.8753401,0.5));
#2387=CARTESIAN_POINT('Origin',(0.500000000000225,-23.8753401,0.5));
#2388=CARTESIAN_POINT('',(2.18158824338843E-13,-12.1253401,0.5));
#2389=CARTESIAN_POINT('Origin',(0.500000000000223,-22.8753401,0.5));
#2390=CARTESIAN_POINT('Origin',(0.500000000000223,-22.8753401,0.5));
#2391=CARTESIAN_POINT('Origin',(0.500000000000223,-23.8753401,0.5));
#2392=CARTESIAN_POINT('Origin',(0.500000000000223,-23.8753401,0.5));
#2393=CARTESIAN_POINT('Origin',(-45.9999999999998,5.62465989999998,0.));
#2394=CARTESIAN_POINT('',(-28.8732188581702,5.62465989999999,11.5));
#2395=CARTESIAN_POINT('',(-28.8732188581702,5.62465989999999,0.));
#2396=CARTESIAN_POINT('',(-33.7499999999998,5.62465989999999,11.5));
#2397=CARTESIAN_POINT('Origin',(-28.8732188581701,-14.3753400999957,0.));
#2398=CARTESIAN_POINT('',(-27.130104003217,5.54855386183489,11.5));
#2399=CARTESIAN_POINT('',(-27.130104003217,5.54855386183489,0.));
#2400=CARTESIAN_POINT('Origin',(-28.8732188581701,-14.3753400999957,11.5));
#2401=CARTESIAN_POINT('Origin',(-27.130104003217,5.54855386183489,0.));
#2402=CARTESIAN_POINT('',(-12.1284425725234,4.23607855259511,11.5));
#2403=CARTESIAN_POINT('',(-12.1284425725234,4.23607855259511,0.));
#2404=CARTESIAN_POINT('',(-24.0358550920465,5.27784215998003,11.5));
#2405=CARTESIAN_POINT('Origin',(-13.,-5.72586842832234,0.));
#2406=CARTESIAN_POINT('',(-2.99999999999999,-5.72586842832234,11.5));
#2407=CARTESIAN_POINT('',(-2.99999999999999,-5.72586842832234,0.));
#2408=CARTESIAN_POINT('Origin',(-13.,-5.72586842832234,11.5));
#2409=CARTESIAN_POINT('Origin',(-2.99999999999999,-5.72586842832234,0.));
#2410=CARTESIAN_POINT('',(-2.99999999999978,-17.1052344343355,11.5));
#2411=CARTESIAN_POINT('',(-2.99999999999978,-17.1052344343355,0.));
#2412=CARTESIAN_POINT('',(-3.00000000000004,-3.550604264161,11.5));
#2413=CARTESIAN_POINT('Origin',(-0.999999999999778,-17.1052344343355,0.));
#2414=CARTESIAN_POINT('',(-1.17431148549509,-19.097623830519,11.5));
#2415=CARTESIAN_POINT('',(-1.17431148549509,-19.097623830519,0.));
#2416=CARTESIAN_POINT('Origin',(-0.999999999999778,-17.1052344343355,11.5));
#2417=CARTESIAN_POINT('Origin',(-1.17431148549509,-19.097623830519,0.));
#2418=CARTESIAN_POINT('',(1.54357787137405,-19.3354083379629,11.5));
#2419=CARTESIAN_POINT('',(1.54357787137405,-19.3354083379629,0.));
#2420=CARTESIAN_POINT('',(-12.0293180911954,-18.1479338100212,11.5));
#2421=CARTESIAN_POINT('Origin',(1.50000000000022,-19.8335056870087,0.));
#2422=CARTESIAN_POINT('',(2.00000000000022,-19.8335056870087,11.5));
#2423=CARTESIAN_POINT('',(2.00000000000022,-19.8335056870087,0.));
#2424=CARTESIAN_POINT('Origin',(1.50000000000022,-19.8335056870087,11.5));
#2425=CARTESIAN_POINT('Origin',(2.00000000000022,-19.8335056870087,0.));
#2426=CARTESIAN_POINT('',(2.00000000000022,-21.8753401,11.5));
#2427=CARTESIAN_POINT('',(2.00000000000022,-21.8753401,0.));
#2428=CARTESIAN_POINT('',(2.00000000000022,-10.6044228935044,11.5));
#2429=CARTESIAN_POINT('Origin',(1.50000000000022,-21.8753401,0.));
#2430=CARTESIAN_POINT('',(1.50000000000022,-22.3753401,11.5));
#2431=CARTESIAN_POINT('',(1.50000000000022,-22.3753401,0.));
#2432=CARTESIAN_POINT('Origin',(1.50000000000022,-21.8753401,11.5));
#2433=CARTESIAN_POINT('Origin',(1.50000000000022,-22.3753401,0.));
#2434=CARTESIAN_POINT('',(0.500000000000222,-22.3753401,11.5));
#2435=CARTESIAN_POINT('',(0.500000000000222,-22.3753401,0.));
#2436=CARTESIAN_POINT('',(-9.99999999999979,-22.3753401,11.5));
#2437=CARTESIAN_POINT('Origin',(0.500000000000223,-22.8753401,0.));
#2438=CARTESIAN_POINT('',(2.22599716437344E-13,-22.8753401,11.5));
#2439=CARTESIAN_POINT('',(2.22599716437344E-13,-22.8753401,0.));
#2440=CARTESIAN_POINT('Origin',(0.500000000000223,-22.8753401,11.5));
#2441=CARTESIAN_POINT('Origin',(2.22599716437344E-13,-22.8753401,0.));
#2442=CARTESIAN_POINT('',(2.23016050071578E-13,-23.8753401,11.5));
#2443=CARTESIAN_POINT('',(2.23016050071578E-13,-23.8753401,0.));
#2444=CARTESIAN_POINT('',(2.18158824338843E-13,-12.1253401,11.5));
#2445=CARTESIAN_POINT('Origin',(-21.4999999999998,-1.37534010000001,0.));
#2446=CARTESIAN_POINT('',(-37.9999999999998,15.6246599,0.));
#2447=CARTESIAN_POINT('Origin',(-39.9999999999998,15.6246599,0.));
#2448=CARTESIAN_POINT('',(-37.4999999999998,9.62465989999999,0.));
#2449=CARTESIAN_POINT('Origin',(-39.9999999999998,9.62465989999999,0.));
#2450=CARTESIAN_POINT('Origin',(-25.9999999999998,19.4875946334327,11.5));
#2451=CARTESIAN_POINT('',(-26.9510304273058,13.5634456543524,11.5));
#2452=CARTESIAN_POINT('',(-31.9999999999998,19.4875946334327,11.5));
#2453=CARTESIAN_POINT('Origin',(-25.9999999999998,19.4875946334327,11.5));
#2454=CARTESIAN_POINT('',(-32.4999999999998,19.4875946334327,12.));
#2455=CARTESIAN_POINT('Origin',(-32.4999999999998,19.4875946334327,11.5));
#2456=CARTESIAN_POINT('',(-27.0121661694035,13.0668844199505,12.));
#2457=CARTESIAN_POINT('Origin',(-25.9999999999998,19.4875946334327,12.));
#2458=CARTESIAN_POINT('Ctrl Pts',(-27.0121661694032,13.0668844199538,12.));
#2459=CARTESIAN_POINT('Ctrl Pts',(-27.0119982298082,13.0682562920281,12.));
#2460=CARTESIAN_POINT('Ctrl Pts',(-27.0118302833724,13.0696281573161,11.9999942761255));
#2461=CARTESIAN_POINT('Ctrl Pts',(-27.0079324505875,13.1014660296824,11.9997285953147));
#2462=CARTESIAN_POINT('Ctrl Pts',(-27.0042095107259,13.1318441736914,11.9966518988454));
#2463=CARTESIAN_POINT('Ctrl Pts',(-26.9962443593823,13.1967720194769,11.9839286369575));
#2464=CARTESIAN_POINT('Ctrl Pts',(-26.9920453075394,13.2309584331911,11.9732849356968));
#2465=CARTESIAN_POINT('Ctrl Pts',(-26.9807183512851,13.3230747028902,11.9332397992799));
#2466=CARTESIAN_POINT('Ctrl Pts',(-26.9740886928374,13.3768652208796,11.8960063512253));
#2467=CARTESIAN_POINT('Ctrl Pts',(-26.9629369289619,13.4672191233035,11.8028911723737));
#2468=CARTESIAN_POINT('Ctrl Pts',(-26.9585204277014,13.5029308378488,11.7479112118381));
#2469=CARTESIAN_POINT('Ctrl Pts',(-26.952555971633,13.5511330418788,11.6279804674765));
#2470=CARTESIAN_POINT('Ctrl Pts',(-26.9510304273054,13.5634456543524,11.5642874971088));
#2471=CARTESIAN_POINT('Ctrl Pts',(-26.9510304273055,13.5634456543524,11.5));
#2472=CARTESIAN_POINT('Origin',(-32.4999999999999,9.05612726671639,11.5));
#2473=CARTESIAN_POINT('',(-31.9999999999998,20.6246599,11.5));
#2474=CARTESIAN_POINT('',(-32.4999999999998,20.6246599,12.));
#2475=CARTESIAN_POINT('Origin',(-32.4999999999998,20.6246599,11.5));
#2476=CARTESIAN_POINT('',(-32.4999999999999,9.05612726671639,12.));
#2477=CARTESIAN_POINT('',(-31.9999999999999,9.05612726671639,11.5));
#2478=CARTESIAN_POINT('Ctrl Pts',(-31.9999999999998,20.6246599,11.5));
#2479=CARTESIAN_POINT('Ctrl Pts',(-31.9999999999998,21.6246599,11.5));
#2480=CARTESIAN_POINT('Ctrl Pts',(-32.9999999999998,21.6246599,11.5));
#2481=CARTESIAN_POINT('Ctrl Pts',(-31.9999999999998,20.6246599,12.));
#2482=CARTESIAN_POINT('Ctrl Pts',(-31.9999999999998,21.6246599,12.));
#2483=CARTESIAN_POINT('Ctrl Pts',(-32.9999999999998,21.6246599,12.));
#2484=CARTESIAN_POINT('Ctrl Pts',(-32.4999999999998,20.6246599,12.));
#2485=CARTESIAN_POINT('Ctrl Pts',(-32.4999999999998,21.1246599,12.));
#2486=CARTESIAN_POINT('Ctrl Pts',(-32.9999999999998,21.1246599,12.));
#2487=CARTESIAN_POINT('',(-32.9999999999998,21.6246599,11.5));
#2488=CARTESIAN_POINT('',(-32.9999999999998,21.1246599,12.));
#2489=CARTESIAN_POINT('Origin',(-32.9999999999998,21.1246599,11.5));
#2490=CARTESIAN_POINT('Origin',(-32.9999999999998,20.6246599,12.));
#2491=CARTESIAN_POINT('Origin',(-32.9999999999998,20.6246599,11.5));
#2492=CARTESIAN_POINT('Origin',(-27.2499999999998,21.1246599,11.5));
#2493=CARTESIAN_POINT('',(-46.9999999999998,21.6246599,11.5));
#2494=CARTESIAN_POINT('',(-46.9999999999998,21.1246599,12.));
#2495=CARTESIAN_POINT('Origin',(-46.9999999999998,21.1246599,11.5));
#2496=CARTESIAN_POINT('',(-27.2499999999998,21.1246599,12.));
#2497=CARTESIAN_POINT('',(-27.2499999999998,21.6246599,11.5));
#2498=CARTESIAN_POINT('Ctrl Pts',(-46.9999999999998,21.6246599,11.5));
#2499=CARTESIAN_POINT('Ctrl Pts',(-47.9999999999998,21.6246599,11.5));
#2500=CARTESIAN_POINT('Ctrl Pts',(-47.9999999999998,20.6246599,11.5));
#2501=CARTESIAN_POINT('Ctrl Pts',(-46.9999999999998,21.6246599,12.));
#2502=CARTESIAN_POINT('Ctrl Pts',(-47.9999999999998,21.6246599,12.));
#2503=CARTESIAN_POINT('Ctrl Pts',(-47.9999999999998,20.6246599,12.));
#2504=CARTESIAN_POINT('Ctrl Pts',(-46.9999999999998,21.1246599,12.));
#2505=CARTESIAN_POINT('Ctrl Pts',(-47.4999999999998,21.1246599,12.));
#2506=CARTESIAN_POINT('Ctrl Pts',(-47.4999999999998,20.6246599,12.));
#2507=CARTESIAN_POINT('',(-47.9999999999998,20.6246599,11.5));
#2508=CARTESIAN_POINT('',(-47.4999999999998,20.6246599,12.));
#2509=CARTESIAN_POINT('Origin',(-47.4999999999998,20.6246599,11.5));
#2510=CARTESIAN_POINT('Origin',(-46.9999999999998,20.6246599,12.));
#2511=CARTESIAN_POINT('Origin',(-46.9999999999998,20.6246599,11.5));
#2512=CARTESIAN_POINT('Origin',(-47.4999999999998,9.62465989999998,11.5));
#2513=CARTESIAN_POINT('',(-47.4999999999998,7.62465989999998,12.));
#2514=CARTESIAN_POINT('Origin',(-47.4999999999998,7.62465989999998,11.5));
#2515=CARTESIAN_POINT('',(-47.4999999999998,9.62465989999998,12.));
#2516=CARTESIAN_POINT('',(-47.9999999999998,9.62465989999998,11.5));
#2517=CARTESIAN_POINT('Origin',(-45.9999999999998,7.62465989999998,11.5));
#2518=CARTESIAN_POINT('',(-45.9999999999998,6.12465989999997,12.));
#2519=CARTESIAN_POINT('Origin',(-45.9999999999998,6.12465989999997,11.5));
#2520=CARTESIAN_POINT('Origin',(-45.9999999999998,7.62465989999998,12.));
#2521=CARTESIAN_POINT('Origin',(-33.7499999999998,6.12465989999999,11.5));
#2522=CARTESIAN_POINT('',(-28.8732188581702,6.12465989999999,12.));
#2523=CARTESIAN_POINT('Origin',(-28.8732188581702,6.12465989999999,11.5));
#2524=CARTESIAN_POINT('',(-33.7499999999998,6.12465989999999,12.));
#2525=CARTESIAN_POINT('Origin',(-28.8732188581701,-14.3753400999957,11.5));
#2526=CARTESIAN_POINT('',(-27.0865261318428,6.04665121088507,12.));
#2527=CARTESIAN_POINT('Origin',(-27.0865261318428,6.04665121088507,11.5));
#2528=CARTESIAN_POINT('Origin',(-28.8732188581701,-14.3753400999957,12.));
#2529=CARTESIAN_POINT('Origin',(-23.9922772206726,5.77593950902591,11.5));
#2530=CARTESIAN_POINT('',(-12.0848647011496,4.73417590164099,12.));
#2531=CARTESIAN_POINT('Origin',(-12.0848647011496,4.73417590164099,11.5));
#2532=CARTESIAN_POINT('',(-23.9922772206726,5.77593950902591,12.));
#2533=CARTESIAN_POINT('Origin',(-13.,-5.72586842832234,11.5));
#2534=CARTESIAN_POINT('',(-2.5,-5.72586842832234,12.));
#2535=CARTESIAN_POINT('Origin',(-2.5,-5.72586842832234,11.5));
#2536=CARTESIAN_POINT('Origin',(-13.,-5.72586842832234,12.));
#2537=CARTESIAN_POINT('Origin',(-2.50000000000004,-3.55060426416099,11.5));
#2538=CARTESIAN_POINT('',(-2.49999999999978,-17.1052344343355,12.));
#2539=CARTESIAN_POINT('Origin',(-2.49999999999978,-17.1052344343355,11.5));
#2540=CARTESIAN_POINT('',(-2.50000000000004,-3.55060426416099,12.));
#2541=CARTESIAN_POINT('Origin',(-0.999999999999778,-17.1052344343355,11.5));
#2542=CARTESIAN_POINT('',(-1.13073361412126,-18.5995264814732,12.));
#2543=CARTESIAN_POINT('Origin',(-1.13073361412126,-18.5995264814732,11.5));
#2544=CARTESIAN_POINT('Origin',(-0.999999999999778,-17.1052344343355,12.));
#2545=CARTESIAN_POINT('Origin',(-11.9857402198215,-17.6498364609754,11.5));
#2546=CARTESIAN_POINT('',(1.58715574274788,-18.837310988917,12.));
#2547=CARTESIAN_POINT('Origin',(1.58715574274788,-18.837310988917,11.5));
#2548=CARTESIAN_POINT('',(-11.9857402198215,-17.6498364609754,12.));
#2549=CARTESIAN_POINT('Origin',(1.50000000000022,-19.8335056870087,11.5));
#2550=CARTESIAN_POINT('',(2.50000000000022,-19.8335056870087,12.));
#2551=CARTESIAN_POINT('Origin',(2.50000000000022,-19.8335056870087,11.5));
#2552=CARTESIAN_POINT('Origin',(1.50000000000022,-19.8335056870087,12.));
#2553=CARTESIAN_POINT('Origin',(2.50000000000022,-10.6044228935044,11.5));
#2554=CARTESIAN_POINT('',(2.50000000000022,-21.8753401,12.));
#2555=CARTESIAN_POINT('Origin',(2.50000000000022,-21.8753401,11.5));
#2556=CARTESIAN_POINT('',(2.50000000000022,-10.6044228935044,12.));
#2557=CARTESIAN_POINT('Origin',(1.50000000000022,-21.8753401,11.5));
#2558=CARTESIAN_POINT('',(1.50000000000022,-22.8753401,12.));
#2559=CARTESIAN_POINT('Origin',(1.50000000000022,-22.8753401,11.5));
#2560=CARTESIAN_POINT('Origin',(1.50000000000022,-21.8753401,12.));
#2561=CARTESIAN_POINT('Origin',(-9.99999999999979,-22.8753401,11.5));
#2562=CARTESIAN_POINT('',(0.500000000000224,-22.8753401,12.));
#2563=CARTESIAN_POINT('Origin',(0.500000000000224,-22.8753401,11.5));
#2564=CARTESIAN_POINT('',(-9.99999999999979,-22.8753401,12.));
#2565=CARTESIAN_POINT('Origin',(-10.4999999999998,-23.8753401,11.5));
#2566=CARTESIAN_POINT('',(0.500000000000223,-23.8753401,12.));
#2567=CARTESIAN_POINT('',(0.500000000000223,-24.3753401,11.5));
#2568=CARTESIAN_POINT('Origin',(0.500000000000222,-23.8753401,11.5));
#2569=CARTESIAN_POINT('',(4.00000000000022,-24.3753401,11.5));
#2570=CARTESIAN_POINT('',(-10.4999999999998,-24.3753401,11.5));
#2571=CARTESIAN_POINT('',(4.00000000000022,-23.8753401,12.));
#2572=CARTESIAN_POINT('Origin',(4.00000000000022,-23.8753401,11.5));
#2573=CARTESIAN_POINT('',(-10.4999999999998,-23.8753401,12.));
#2574=CARTESIAN_POINT('Ctrl Pts',(4.00000000000022,-24.3753401,11.5));
#2575=CARTESIAN_POINT('Ctrl Pts',(5.00000000000023,-24.3753401,11.5));
#2576=CARTESIAN_POINT('Ctrl Pts',(5.00000000000022,-23.3753401,11.5));
#2577=CARTESIAN_POINT('Ctrl Pts',(4.00000000000022,-24.3753401,12.));
#2578=CARTESIAN_POINT('Ctrl Pts',(5.00000000000023,-24.3753401,12.));
#2579=CARTESIAN_POINT('Ctrl Pts',(5.00000000000022,-23.3753401,12.));
#2580=CARTESIAN_POINT('Ctrl Pts',(4.00000000000022,-23.8753401,12.));
#2581=CARTESIAN_POINT('Ctrl Pts',(4.50000000000022,-23.8753401,12.));
#2582=CARTESIAN_POINT('Ctrl Pts',(4.50000000000022,-23.3753401,12.));
#2583=CARTESIAN_POINT('',(5.00000000000022,-23.3753401,11.5));
#2584=CARTESIAN_POINT('',(4.50000000000022,-23.3753401,12.));
#2585=CARTESIAN_POINT('Origin',(4.50000000000022,-23.3753401,11.5));
#2586=CARTESIAN_POINT('Origin',(4.00000000000022,-23.3753401,12.));
#2587=CARTESIAN_POINT('Origin',(4.00000000000022,-23.3753401,11.5));
#2588=CARTESIAN_POINT('Origin',(4.50000000000021,-12.3753401,11.5));
#2589=CARTESIAN_POINT('',(5.0000000000002,-2.97687490627007,11.5));
#2590=CARTESIAN_POINT('',(4.5000000000002,-2.97687490627007,12.));
#2591=CARTESIAN_POINT('Origin',(4.5000000000002,-2.97687490627007,11.5));
#2592=CARTESIAN_POINT('',(4.50000000000021,-12.3753401,12.));
#2593=CARTESIAN_POINT('',(5.00000000000021,-12.3753401,11.5));
#2594=CARTESIAN_POINT('Origin',(-9.99999999999981,-2.97687490627008,11.5));
#2595=CARTESIAN_POINT('',(-8.69266385878493,11.9660455651061,11.5));
#2596=CARTESIAN_POINT('',(-8.73624173015876,11.4679482160602,12.));
#2597=CARTESIAN_POINT('Origin',(-8.73624173015876,11.4679482160602,11.5));
#2598=CARTESIAN_POINT('Origin',(-9.99999999999981,-2.97687490627008,12.));
#2599=CARTESIAN_POINT('Origin',(-9.99999999999981,-2.97687490627008,11.5));
#2600=CARTESIAN_POINT('Origin',(-14.5120899202136,11.9732694549368,11.5));
#2601=CARTESIAN_POINT('',(-14.5120899202136,11.9732694549368,12.));
#2602=CARTESIAN_POINT('',(-14.4685120488398,12.4713668039826,11.5));
#2603=CARTESIAN_POINT('Origin',(0.500000000000218,-12.1253401,11.5));
#2604=CARTESIAN_POINT('Origin',(0.500000000000222,-22.8753401,11.5));
#2605=CARTESIAN_POINT('Origin',(0.500000000000223,-23.8753401,11.5));
#2606=CARTESIAN_POINT('',(0.500000000000218,-12.1253401,12.));
#2607=CARTESIAN_POINT('Origin',(0.500000000000223,-22.8753401,11.5));
#2608=CARTESIAN_POINT('Origin',(0.500000000000223,-23.8753401,11.5));
#2609=CARTESIAN_POINT('Origin',(0.500000000000223,-23.8753401,11.5));
#2610=CARTESIAN_POINT('Origin',(-47.9999999999998,20.6246599,0.));
#2611=CARTESIAN_POINT('',(-47.9999999999998,20.6246599,0.));
#2612=CARTESIAN_POINT('Origin',(-46.9999999999998,20.6246599,0.));
#2613=CARTESIAN_POINT('',(-46.9999999999998,21.6246599,0.));
#2614=CARTESIAN_POINT('Origin',(-32.9999999999998,21.6246599,0.));
#2615=CARTESIAN_POINT('',(-32.9999999999998,21.6246599,0.));
#2616=CARTESIAN_POINT('Origin',(-32.9999999999998,20.6246599,0.));
#2617=CARTESIAN_POINT('',(-31.9999999999998,20.6246599,0.));
#2618=CARTESIAN_POINT('Origin',(-31.9999999999998,19.4875946334327,0.));
#2619=CARTESIAN_POINT('',(-31.9999999999998,19.4875946334327,0.));
#2620=CARTESIAN_POINT('Origin',(-25.9999999999998,19.4875946334327,0.));
#2621=CARTESIAN_POINT('',(-26.9510304273058,13.5634456543524,0.));
#2622=CARTESIAN_POINT('Origin',(-8.69266385878493,11.9660455651061,0.));
#2623=CARTESIAN_POINT('',(-8.69266385878493,11.9660455651061,0.));
#2624=CARTESIAN_POINT('Origin',(-9.99999999999981,-2.97687490627008,0.));
#2625=CARTESIAN_POINT('',(5.0000000000002,-2.97687490627007,0.));
#2626=CARTESIAN_POINT('Origin',(5.00000000000022,-23.3753401,0.));
#2627=CARTESIAN_POINT('',(5.00000000000022,-23.3753401,0.));
#2628=CARTESIAN_POINT('Origin',(4.00000000000022,-23.3753401,0.));
#2629=CARTESIAN_POINT('',(4.00000000000022,-24.3753401,0.));
#2630=CARTESIAN_POINT('Origin',(0.500000000000223,-24.3753401,0.));
#2631=CARTESIAN_POINT('',(0.500000000000223,-24.3753401,0.));
#2632=CARTESIAN_POINT('Origin',(0.500000000000223,-23.8753401,0.));
#2633=CARTESIAN_POINT('Origin',(-21.4999999999998,-1.37534010000001,12.));
#2634=CARTESIAN_POINT('',(-37.9999999999998,9.62465989999998,12.));
#2635=CARTESIAN_POINT('Origin',(-39.9999999999998,9.62465989999999,12.));
#2636=CARTESIAN_POINT('',(-38.4999999999998,15.6246599,12.));
#2637=CARTESIAN_POINT('Origin',(-39.9999999999998,15.6246599,12.));
#2638=CARTESIAN_POINT('Origin',(-39.9999999999998,15.6246599,0.5));
#2639=CARTESIAN_POINT('Origin',(-37.9999999999998,15.6246599,0.5));
#2640=CARTESIAN_POINT('Origin',(-39.9999999999998,15.6246599,0.));
#2641=CARTESIAN_POINT('',(-38.4999999999998,15.6246599,0.));
#2642=CARTESIAN_POINT('Origin',(-39.9999999999998,9.62465989999999,0.5));
#2643=CARTESIAN_POINT('Origin',(-37.4999999999998,9.62465989999999,0.5));
#2644=CARTESIAN_POINT('Origin',(-39.9999999999998,9.62465989999999,0.));
#2645=CARTESIAN_POINT('',(-37.9999999999998,9.62465989999999,0.));
#2646=UNCERTAINTY_MEASURE_WITH_UNIT(LENGTH_MEASURE(0.01),#2650,
'DISTANCE_ACCURACY_VALUE',
'Maximum model space distance between geometric entities at asserted c
onnectivities');
#2647=UNCERTAINTY_MEASURE_WITH_UNIT(LENGTH_MEASURE(0.01),#2650,
'DISTANCE_ACCURACY_VALUE',
'Maximum model space distance between geometric entities at asserted c
onnectivities');
#2648=(
GEOMETRIC_REPRESENTATION_CONTEXT(3)
GLOBAL_UNCERTAINTY_ASSIGNED_CONTEXT((#2646))
GLOBAL_UNIT_ASSIGNED_CONTEXT((#2650,#2652,#2653))
REPRESENTATION_CONTEXT('','3D')
);
#2649=(
GEOMETRIC_REPRESENTATION_CONTEXT(3)
GLOBAL_UNCERTAINTY_ASSIGNED_CONTEXT((#2647))
GLOBAL_UNIT_ASSIGNED_CONTEXT((#2650,#2652,#2653))
REPRESENTATION_CONTEXT('','3D')
);
#2650=(
LENGTH_UNIT()
NAMED_UNIT(*)
SI_UNIT(.MILLI.,.METRE.)
);
#2651=(
LENGTH_UNIT()
NAMED_UNIT(*)
SI_UNIT(.CENTI.,.METRE.)
);
#2652=(
NAMED_UNIT(*)
PLANE_ANGLE_UNIT()
SI_UNIT($,.RADIAN.)
);
#2653=(
NAMED_UNIT(*)
SI_UNIT($,.STERADIAN.)
SOLID_ANGLE_UNIT()
);
#2654=SHAPE_DEFINITION_REPRESENTATION(#2655,#2656);
#2655=PRODUCT_DEFINITION_SHAPE('',$,#2658);
#2656=SHAPE_REPRESENTATION('',(#1466),#2648);
#2657=PRODUCT_DEFINITION_CONTEXT('part definition',#2662,'design');
#2658=PRODUCT_DEFINITION('claw','claw',#2659,#2657);
#2659=PRODUCT_DEFINITION_FORMATION('',$,#2664);
#2660=PRODUCT_RELATED_PRODUCT_CATEGORY('claw','claw',(#2664));
#2661=APPLICATION_PROTOCOL_DEFINITION('international standard',
'automotive_design',2009,#2662);
#2662=APPLICATION_CONTEXT(
'Core Data for Automotive Mechanical Design Process');
#2663=PRODUCT_CONTEXT('part definition',#2662,'mechanical');
#2664=PRODUCT('claw','claw',$,(#2663));
#2665=PRESENTATION_STYLE_ASSIGNMENT((#2666));
#2666=SURFACE_STYLE_USAGE(.BOTH.,#2669);
#2667=SURFACE_STYLE_RENDERING_WITH_PROPERTIES($,#2673,(#2668));
#2668=SURFACE_STYLE_TRANSPARENT(0.);
#2669=SURFACE_SIDE_STYLE('',(#2670,#2667));
#2670=SURFACE_STYLE_FILL_AREA(#2671);
#2671=FILL_AREA_STYLE('',(#2672));
#2672=FILL_AREA_STYLE_COLOUR('',#2673);
#2673=COLOUR_RGB('',0.749019607843137,0.749019607843137,0.749019607843137);
ENDSEC;
END-ISO-10303-21;
