ISO-10303-21;
HEADER;
/* Generated by software containing ST-Developer
 * from STEP Tools, Inc. (www.steptools.com) 
 */

FILE_DESCRIPTION(
/* description */ (''),
/* implementation_level */ '2;1');

FILE_NAME(
/* name */ 'tableStandTop.stp',
/* time_stamp */ '2026-06-26T11:23:25+02:00',
/* author */ ('frede'),
/* organization */ (''),
/* preprocessor_version */ 'ST-DEVELOPER v20.1',
/* originating_system */ 'Autodesk Inventor 2026',
/* authorisation */ '');

FILE_SCHEMA (('AUTOMOTIVE_DESIGN { 1 0 10303 214 3 1 1 }'));
ENDSEC;

DATA;
#10=MECHANICAL_DESIGN_GEOMETRIC_PRESENTATION_REPRESENTATION('',(#13),#3183);
#11=SHAPE_REPRESENTATION_RELATIONSHIP('SRR','None',#3190,#12);
#12=ADVANCED_BREP_SHAPE_REPRESENTATION('',(#14),#3182);
#13=STYLED_ITEM('',(#3199),#14);
#14=MANIFOLD_SOLID_BREP('Solid1',#1706);
#15=CYLINDRICAL_SURFACE('',#1751,8.);
#16=CYLINDRICAL_SURFACE('',#1757,8.);
#17=CYLINDRICAL_SURFACE('',#1763,8.);
#18=CYLINDRICAL_SURFACE('',#1769,8.);
#19=CYLINDRICAL_SURFACE('',#1775,8.);
#20=CYLINDRICAL_SURFACE('',#1781,8.);
#21=CYLINDRICAL_SURFACE('',#1787,8.);
#22=CYLINDRICAL_SURFACE('',#1793,8.);
#23=CYLINDRICAL_SURFACE('',#1800,4.99999999999994);
#24=CYLINDRICAL_SURFACE('',#1808,4.99999999999994);
#25=CYLINDRICAL_SURFACE('',#1816,4.99999999999994);
#26=CYLINDRICAL_SURFACE('',#1824,4.99999999999993);
#27=CYLINDRICAL_SURFACE('',#1832,4.99999999999993);
#28=CYLINDRICAL_SURFACE('',#1840,4.99999999999996);
#29=CYLINDRICAL_SURFACE('',#1848,4.99999999999996);
#30=CYLINDRICAL_SURFACE('',#1856,4.99999999999994);
#31=CYLINDRICAL_SURFACE('',#1919,0.5);
#32=CYLINDRICAL_SURFACE('',#1924,0.5);
#33=CYLINDRICAL_SURFACE('',#1926,2.2);
#34=CYLINDRICAL_SURFACE('',#1932,0.5);
#35=CYLINDRICAL_SURFACE('',#1938,0.5);
#36=CYLINDRICAL_SURFACE('',#1952,0.5);
#37=CYLINDRICAL_SURFACE('',#1957,0.5);
#38=CYLINDRICAL_SURFACE('',#1959,2.2);
#39=CYLINDRICAL_SURFACE('',#1964,0.5);
#40=CYLINDRICAL_SURFACE('',#1969,0.5);
#41=CYLINDRICAL_SURFACE('',#1975,0.5);
#42=CYLINDRICAL_SURFACE('',#1980,0.5);
#43=CYLINDRICAL_SURFACE('',#1982,2.2);
#44=CYLINDRICAL_SURFACE('',#1988,0.5);
#45=CYLINDRICAL_SURFACE('',#1992,0.5);
#46=CYLINDRICAL_SURFACE('',#1993,2.2);
#47=CYLINDRICAL_SURFACE('',#1998,0.5);
#48=CYLINDRICAL_SURFACE('',#2003,0.5);
#49=CYLINDRICAL_SURFACE('',#2005,2.2);
#50=CYLINDRICAL_SURFACE('',#2010,0.5);
#51=CYLINDRICAL_SURFACE('',#2015,0.5);
#52=CYLINDRICAL_SURFACE('',#2017,2.2);
#53=CYLINDRICAL_SURFACE('',#2018,2.2);
#54=CYLINDRICAL_SURFACE('',#2019,2.2);
#55=CYLINDRICAL_SURFACE('',#2021,100.);
#56=LINE('',#2699,#121);
#57=LINE('',#2702,#122);
#58=LINE('',#2707,#123);
#59=LINE('',#2710,#124);
#60=LINE('',#2715,#125);
#61=LINE('',#2718,#126);
#62=LINE('',#2723,#127);
#63=LINE('',#2726,#128);
#64=LINE('',#2736,#129);
#65=LINE('',#2746,#130);
#66=LINE('',#2756,#131);
#67=LINE('',#2766,#132);
#68=LINE('',#2776,#133);
#69=LINE('',#2786,#134);
#70=LINE('',#2796,#135);
#71=LINE('',#2806,#136);
#72=LINE('',#2818,#137);
#73=LINE('',#2831,#138);
#74=LINE('',#2844,#139);
#75=LINE('',#2857,#140);
#76=LINE('',#2870,#141);
#77=LINE('',#2883,#142);
#78=LINE('',#2896,#143);
#79=LINE('',#2909,#144);
#80=LINE('',#2992,#145);
#81=LINE('',#2998,#146);
#82=LINE('',#3001,#147);
#83=LINE('',#3003,#148);
#84=LINE('',#3004,#149);
#85=LINE('',#3007,#150);
#86=LINE('',#3018,#151);
#87=LINE('',#3026,#152);
#88=LINE('',#3027,#153);
#89=LINE('',#3029,#154);
#90=LINE('',#3037,#155);
#91=LINE('',#3040,#156);
#92=LINE('',#3045,#157);
#93=LINE('',#3048,#158);
#94=LINE('',#3053,#159);
#95=LINE('',#3056,#160);
#96=LINE('',#3066,#161);
#97=LINE('',#3072,#162);
#98=LINE('',#3075,#163);
#99=LINE('',#3077,#164);
#100=LINE('',#3078,#165);
#101=LINE('',#3081,#166);
#102=LINE('',#3089,#167);
#103=LINE('',#3095,#168);
#104=LINE('',#3105,#169);
#105=LINE('',#3111,#170);
#106=LINE('',#3114,#171);
#107=LINE('',#3116,#172);
#108=LINE('',#3117,#173);
#109=LINE('',#3120,#174);
#110=LINE('',#3132,#175);
#111=LINE('',#3134,#176);
#112=LINE('',#3144,#177);
#113=LINE('',#3150,#178);
#114=LINE('',#3153,#179);
#115=LINE('',#3155,#180);
#116=LINE('',#3156,#181);
#117=LINE('',#3159,#182);
#118=LINE('',#3167,#183);
#119=LINE('',#3173,#184);
#120=LINE('',#3179,#185);
#121=VECTOR('',#2048,10.);
#122=VECTOR('',#2051,10.);
#123=VECTOR('',#2054,10.);
#124=VECTOR('',#2057,10.);
#125=VECTOR('',#2060,10.);
#126=VECTOR('',#2063,10.);
#127=VECTOR('',#2066,10.);
#128=VECTOR('',#2069,10.);
#129=VECTOR('',#2080,8.);
#130=VECTOR('',#2093,8.);
#131=VECTOR('',#2106,8.);
#132=VECTOR('',#2119,8.);
#133=VECTOR('',#2132,8.);
#134=VECTOR('',#2145,8.);
#135=VECTOR('',#2158,8.);
#136=VECTOR('',#2171,8.);
#137=VECTOR('',#2186,4.99999999999994);
#138=VECTOR('',#2203,4.99999999999994);
#139=VECTOR('',#2220,4.99999999999994);
#140=VECTOR('',#2237,4.99999999999993);
#141=VECTOR('',#2254,4.99999999999993);
#142=VECTOR('',#2271,4.99999999999996);
#143=VECTOR('',#2288,4.99999999999996);
#144=VECTOR('',#2305,4.99999999999994);
#145=VECTOR('',#2432,10.);
#146=VECTOR('',#2441,10.);
#147=VECTOR('',#2444,10.);
#148=VECTOR('',#2445,10.);
#149=VECTOR('',#2446,10.);
#150=VECTOR('',#2449,10.);
#151=VECTOR('',#2464,10.);
#152=VECTOR('',#2475,10.);
#153=VECTOR('',#2476,10.);
#154=VECTOR('',#2479,10.);
#155=VECTOR('',#2486,10.);
#156=VECTOR('',#2489,10.);
#157=VECTOR('',#2492,10.);
#158=VECTOR('',#2495,10.);
#159=VECTOR('',#2498,10.);
#160=VECTOR('',#2501,10.);
#161=VECTOR('',#2514,10.);
#162=VECTOR('',#2523,10.);
#163=VECTOR('',#2526,10.);
#164=VECTOR('',#2527,10.);
#165=VECTOR('',#2528,10.);
#166=VECTOR('',#2531,10.);
#167=VECTOR('',#2544,10.);
#168=VECTOR('',#2555,10.);
#169=VECTOR('',#2568,10.);
#170=VECTOR('',#2577,10.);
#171=VECTOR('',#2580,10.);
#172=VECTOR('',#2581,10.);
#173=VECTOR('',#2582,10.);
#174=VECTOR('',#2585,10.);
#175=VECTOR('',#2606,10.);
#176=VECTOR('',#2609,10.);
#177=VECTOR('',#2622,10.);
#178=VECTOR('',#2631,10.);
#179=VECTOR('',#2634,10.);
#180=VECTOR('',#2635,10.);
#181=VECTOR('',#2636,10.);
#182=VECTOR('',#2639,10.);
#183=VECTOR('',#2652,10.);
#184=VECTOR('',#2663,10.);
#185=VECTOR('',#2674,100.);
#186=FACE_BOUND('',#353,.T.);
#187=FACE_BOUND('',#354,.T.);
#188=FACE_BOUND('',#355,.T.);
#189=FACE_BOUND('',#356,.T.);
#190=FACE_BOUND('',#357,.T.);
#191=FACE_BOUND('',#358,.T.);
#192=FACE_BOUND('',#359,.T.);
#193=FACE_BOUND('',#360,.T.);
#194=FACE_BOUND('',#361,.T.);
#195=FACE_BOUND('',#362,.T.);
#196=FACE_BOUND('',#363,.T.);
#197=FACE_BOUND('',#364,.T.);
#198=FACE_BOUND('',#406,.T.);
#199=FACE_BOUND('',#410,.T.);
#200=FACE_BOUND('',#414,.T.);
#201=FACE_BOUND('',#418,.T.);
#202=FACE_BOUND('',#422,.T.);
#203=FACE_BOUND('',#426,.T.);
#204=FACE_BOUND('',#430,.T.);
#205=FACE_BOUND('',#434,.T.);
#206=FACE_BOUND('',#448,.T.);
#207=FACE_BOUND('',#449,.T.);
#208=FACE_BOUND('',#450,.T.);
#209=FACE_BOUND('',#451,.T.);
#210=PLANE('',#1734);
#211=PLANE('',#1802);
#212=PLANE('',#1810);
#213=PLANE('',#1818);
#214=PLANE('',#1826);
#215=PLANE('',#1834);
#216=PLANE('',#1842);
#217=PLANE('',#1850);
#218=PLANE('',#1858);
#219=PLANE('',#1862);
#220=PLANE('',#1869);
#221=PLANE('',#1876);
#222=PLANE('',#1883);
#223=PLANE('',#1890);
#224=PLANE('',#1897);
#225=PLANE('',#1904);
#226=PLANE('',#1911);
#227=PLANE('',#1925);
#228=PLANE('',#1939);
#229=PLANE('',#1940);
#230=PLANE('',#1958);
#231=PLANE('',#1970);
#232=PLANE('',#1981);
#233=PLANE('',#2004);
#234=PLANE('',#2016);
#235=PLANE('',#2020);
#236=FACE_OUTER_BOUND('',#351,.T.);
#237=FACE_OUTER_BOUND('',#352,.T.);
#238=FACE_OUTER_BOUND('',#365,.T.);
#239=FACE_OUTER_BOUND('',#366,.T.);
#240=FACE_OUTER_BOUND('',#367,.T.);
#241=FACE_OUTER_BOUND('',#368,.T.);
#242=FACE_OUTER_BOUND('',#369,.T.);
#243=FACE_OUTER_BOUND('',#370,.T.);
#244=FACE_OUTER_BOUND('',#371,.T.);
#245=FACE_OUTER_BOUND('',#372,.T.);
#246=FACE_OUTER_BOUND('',#373,.T.);
#247=FACE_OUTER_BOUND('',#374,.T.);
#248=FACE_OUTER_BOUND('',#375,.T.);
#249=FACE_OUTER_BOUND('',#376,.T.);
#250=FACE_OUTER_BOUND('',#377,.T.);
#251=FACE_OUTER_BOUND('',#378,.T.);
#252=FACE_OUTER_BOUND('',#379,.T.);
#253=FACE_OUTER_BOUND('',#380,.T.);
#254=FACE_OUTER_BOUND('',#381,.T.);
#255=FACE_OUTER_BOUND('',#382,.T.);
#256=FACE_OUTER_BOUND('',#383,.T.);
#257=FACE_OUTER_BOUND('',#384,.T.);
#258=FACE_OUTER_BOUND('',#385,.T.);
#259=FACE_OUTER_BOUND('',#386,.T.);
#260=FACE_OUTER_BOUND('',#387,.T.);
#261=FACE_OUTER_BOUND('',#388,.T.);
#262=FACE_OUTER_BOUND('',#389,.T.);
#263=FACE_OUTER_BOUND('',#390,.T.);
#264=FACE_OUTER_BOUND('',#391,.T.);
#265=FACE_OUTER_BOUND('',#392,.T.);
#266=FACE_OUTER_BOUND('',#393,.T.);
#267=FACE_OUTER_BOUND('',#394,.T.);
#268=FACE_OUTER_BOUND('',#395,.T.);
#269=FACE_OUTER_BOUND('',#396,.T.);
#270=FACE_OUTER_BOUND('',#397,.T.);
#271=FACE_OUTER_BOUND('',#398,.T.);
#272=FACE_OUTER_BOUND('',#399,.T.);
#273=FACE_OUTER_BOUND('',#400,.T.);
#274=FACE_OUTER_BOUND('',#401,.T.);
#275=FACE_OUTER_BOUND('',#402,.T.);
#276=FACE_OUTER_BOUND('',#403,.T.);
#277=FACE_OUTER_BOUND('',#404,.T.);
#278=FACE_OUTER_BOUND('',#405,.T.);
#279=FACE_OUTER_BOUND('',#407,.T.);
#280=FACE_OUTER_BOUND('',#408,.T.);
#281=FACE_OUTER_BOUND('',#409,.T.);
#282=FACE_OUTER_BOUND('',#411,.T.);
#283=FACE_OUTER_BOUND('',#412,.T.);
#284=FACE_OUTER_BOUND('',#413,.T.);
#285=FACE_OUTER_BOUND('',#415,.T.);
#286=FACE_OUTER_BOUND('',#416,.T.);
#287=FACE_OUTER_BOUND('',#417,.T.);
#288=FACE_OUTER_BOUND('',#419,.T.);
#289=FACE_OUTER_BOUND('',#420,.T.);
#290=FACE_OUTER_BOUND('',#421,.T.);
#291=FACE_OUTER_BOUND('',#423,.T.);
#292=FACE_OUTER_BOUND('',#424,.T.);
#293=FACE_OUTER_BOUND('',#425,.T.);
#294=FACE_OUTER_BOUND('',#427,.T.);
#295=FACE_OUTER_BOUND('',#428,.T.);
#296=FACE_OUTER_BOUND('',#429,.T.);
#297=FACE_OUTER_BOUND('',#431,.T.);
#298=FACE_OUTER_BOUND('',#432,.T.);
#299=FACE_OUTER_BOUND('',#433,.T.);
#300=FACE_OUTER_BOUND('',#435,.T.);
#301=FACE_OUTER_BOUND('',#436,.T.);
#302=FACE_OUTER_BOUND('',#437,.T.);
#303=FACE_OUTER_BOUND('',#438,.T.);
#304=FACE_OUTER_BOUND('',#439,.T.);
#305=FACE_OUTER_BOUND('',#440,.T.);
#306=FACE_OUTER_BOUND('',#441,.T.);
#307=FACE_OUTER_BOUND('',#442,.T.);
#308=FACE_OUTER_BOUND('',#443,.T.);
#309=FACE_OUTER_BOUND('',#444,.T.);
#310=FACE_OUTER_BOUND('',#445,.T.);
#311=FACE_OUTER_BOUND('',#446,.T.);
#312=FACE_OUTER_BOUND('',#447,.T.);
#313=FACE_OUTER_BOUND('',#452,.T.);
#314=FACE_OUTER_BOUND('',#453,.T.);
#315=FACE_OUTER_BOUND('',#454,.T.);
#316=FACE_OUTER_BOUND('',#455,.T.);
#317=FACE_OUTER_BOUND('',#456,.T.);
#318=FACE_OUTER_BOUND('',#457,.T.);
#319=FACE_OUTER_BOUND('',#458,.T.);
#320=FACE_OUTER_BOUND('',#459,.T.);
#321=FACE_OUTER_BOUND('',#460,.T.);
#322=FACE_OUTER_BOUND('',#461,.T.);
#323=FACE_OUTER_BOUND('',#462,.T.);
#324=FACE_OUTER_BOUND('',#463,.T.);
#325=FACE_OUTER_BOUND('',#464,.T.);
#326=FACE_OUTER_BOUND('',#465,.T.);
#327=FACE_OUTER_BOUND('',#466,.T.);
#328=FACE_OUTER_BOUND('',#467,.T.);
#329=FACE_OUTER_BOUND('',#468,.T.);
#330=FACE_OUTER_BOUND('',#469,.T.);
#331=FACE_OUTER_BOUND('',#470,.T.);
#332=FACE_OUTER_BOUND('',#471,.T.);
#333=FACE_OUTER_BOUND('',#472,.T.);
#334=FACE_OUTER_BOUND('',#473,.T.);
#335=FACE_OUTER_BOUND('',#474,.T.);
#336=FACE_OUTER_BOUND('',#475,.T.);
#337=FACE_OUTER_BOUND('',#476,.T.);
#338=FACE_OUTER_BOUND('',#477,.T.);
#339=FACE_OUTER_BOUND('',#478,.T.);
#340=FACE_OUTER_BOUND('',#479,.T.);
#341=FACE_OUTER_BOUND('',#480,.T.);
#342=FACE_OUTER_BOUND('',#481,.T.);
#343=FACE_OUTER_BOUND('',#482,.T.);
#344=FACE_OUTER_BOUND('',#483,.T.);
#345=FACE_OUTER_BOUND('',#484,.T.);
#346=FACE_OUTER_BOUND('',#485,.T.);
#347=FACE_OUTER_BOUND('',#486,.T.);
#348=FACE_OUTER_BOUND('',#487,.T.);
#349=FACE_OUTER_BOUND('',#488,.T.);
#350=FACE_OUTER_BOUND('',#489,.T.);
#351=EDGE_LOOP('',(#1057,#1058,#1059,#1060,#1061));
#352=EDGE_LOOP('',(#1062));
#353=EDGE_LOOP('',(#1063));
#354=EDGE_LOOP('',(#1064));
#355=EDGE_LOOP('',(#1065));
#356=EDGE_LOOP('',(#1066));
#357=EDGE_LOOP('',(#1067,#1068,#1069,#1070));
#358=EDGE_LOOP('',(#1071,#1072,#1073,#1074));
#359=EDGE_LOOP('',(#1075,#1076,#1077,#1078));
#360=EDGE_LOOP('',(#1079,#1080,#1081,#1082));
#361=EDGE_LOOP('',(#1083));
#362=EDGE_LOOP('',(#1084));
#363=EDGE_LOOP('',(#1085));
#364=EDGE_LOOP('',(#1086));
#365=EDGE_LOOP('',(#1087,#1088,#1089,#1090,#1091));
#366=EDGE_LOOP('',(#1092,#1093,#1094,#1095,#1096));
#367=EDGE_LOOP('',(#1097,#1098,#1099,#1100,#1101));
#368=EDGE_LOOP('',(#1102,#1103,#1104,#1105,#1106));
#369=EDGE_LOOP('',(#1107,#1108,#1109,#1110,#1111));
#370=EDGE_LOOP('',(#1112,#1113,#1114,#1115,#1116));
#371=EDGE_LOOP('',(#1117,#1118,#1119,#1120,#1121));
#372=EDGE_LOOP('',(#1122,#1123,#1124,#1125,#1126));
#373=EDGE_LOOP('',(#1127,#1128,#1129,#1130,#1131));
#374=EDGE_LOOP('',(#1132,#1133,#1134,#1135,#1136));
#375=EDGE_LOOP('',(#1137,#1138,#1139,#1140,#1141));
#376=EDGE_LOOP('',(#1142,#1143,#1144,#1145,#1146));
#377=EDGE_LOOP('',(#1147,#1148,#1149,#1150,#1151));
#378=EDGE_LOOP('',(#1152,#1153,#1154,#1155,#1156));
#379=EDGE_LOOP('',(#1157,#1158,#1159,#1160,#1161));
#380=EDGE_LOOP('',(#1162,#1163,#1164,#1165,#1166));
#381=EDGE_LOOP('',(#1167,#1168,#1169,#1170,#1171));
#382=EDGE_LOOP('',(#1172));
#383=EDGE_LOOP('',(#1173,#1174,#1175,#1176,#1177));
#384=EDGE_LOOP('',(#1178,#1179,#1180,#1181,#1182));
#385=EDGE_LOOP('',(#1183));
#386=EDGE_LOOP('',(#1184,#1185,#1186,#1187,#1188));
#387=EDGE_LOOP('',(#1189,#1190,#1191,#1192,#1193));
#388=EDGE_LOOP('',(#1194));
#389=EDGE_LOOP('',(#1195,#1196,#1197,#1198,#1199));
#390=EDGE_LOOP('',(#1200,#1201,#1202,#1203,#1204));
#391=EDGE_LOOP('',(#1205));
#392=EDGE_LOOP('',(#1206,#1207,#1208,#1209,#1210));
#393=EDGE_LOOP('',(#1211,#1212,#1213,#1214,#1215));
#394=EDGE_LOOP('',(#1216));
#395=EDGE_LOOP('',(#1217,#1218,#1219,#1220,#1221));
#396=EDGE_LOOP('',(#1222,#1223,#1224,#1225,#1226));
#397=EDGE_LOOP('',(#1227));
#398=EDGE_LOOP('',(#1228,#1229,#1230,#1231,#1232));
#399=EDGE_LOOP('',(#1233,#1234,#1235,#1236,#1237));
#400=EDGE_LOOP('',(#1238));
#401=EDGE_LOOP('',(#1239,#1240,#1241,#1242,#1243));
#402=EDGE_LOOP('',(#1244,#1245,#1246,#1247,#1248));
#403=EDGE_LOOP('',(#1249));
#404=EDGE_LOOP('',(#1250,#1251,#1252,#1253));
#405=EDGE_LOOP('',(#1254));
#406=EDGE_LOOP('',(#1255));
#407=EDGE_LOOP('',(#1256,#1257,#1258,#1259));
#408=EDGE_LOOP('',(#1260,#1261,#1262,#1263));
#409=EDGE_LOOP('',(#1264));
#410=EDGE_LOOP('',(#1265));
#411=EDGE_LOOP('',(#1266,#1267,#1268,#1269));
#412=EDGE_LOOP('',(#1270,#1271,#1272,#1273));
#413=EDGE_LOOP('',(#1274));
#414=EDGE_LOOP('',(#1275));
#415=EDGE_LOOP('',(#1276,#1277,#1278,#1279));
#416=EDGE_LOOP('',(#1280,#1281,#1282,#1283));
#417=EDGE_LOOP('',(#1284));
#418=EDGE_LOOP('',(#1285));
#419=EDGE_LOOP('',(#1286,#1287,#1288,#1289));
#420=EDGE_LOOP('',(#1290,#1291,#1292,#1293));
#421=EDGE_LOOP('',(#1294));
#422=EDGE_LOOP('',(#1295));
#423=EDGE_LOOP('',(#1296,#1297,#1298,#1299));
#424=EDGE_LOOP('',(#1300,#1301,#1302,#1303));
#425=EDGE_LOOP('',(#1304));
#426=EDGE_LOOP('',(#1305));
#427=EDGE_LOOP('',(#1306,#1307,#1308,#1309));
#428=EDGE_LOOP('',(#1310,#1311,#1312,#1313));
#429=EDGE_LOOP('',(#1314));
#430=EDGE_LOOP('',(#1315));
#431=EDGE_LOOP('',(#1316,#1317,#1318,#1319));
#432=EDGE_LOOP('',(#1320,#1321,#1322,#1323));
#433=EDGE_LOOP('',(#1324));
#434=EDGE_LOOP('',(#1325));
#435=EDGE_LOOP('',(#1326,#1327,#1328,#1329));
#436=EDGE_LOOP('',(#1330,#1331,#1332,#1333));
#437=EDGE_LOOP('',(#1334,#1335,#1336,#1337));
#438=EDGE_LOOP('',(#1338,#1339,#1340,#1341));
#439=EDGE_LOOP('',(#1342,#1343,#1344,#1345));
#440=EDGE_LOOP('',(#1346,#1347,#1348,#1349));
#441=EDGE_LOOP('',(#1350,#1351,#1352,#1353));
#442=EDGE_LOOP('',(#1354,#1355,#1356,#1357));
#443=EDGE_LOOP('',(#1358,#1359,#1360,#1361));
#444=EDGE_LOOP('',(#1362,#1363,#1364,#1365));
#445=EDGE_LOOP('',(#1366,#1367,#1368,#1369));
#446=EDGE_LOOP('',(#1370,#1371,#1372,#1373));
#447=EDGE_LOOP('',(#1374));
#448=EDGE_LOOP('',(#1375,#1376,#1377,#1378));
#449=EDGE_LOOP('',(#1379,#1380,#1381,#1382));
#450=EDGE_LOOP('',(#1383,#1384,#1385,#1386));
#451=EDGE_LOOP('',(#1387,#1388,#1389,#1390));
#452=EDGE_LOOP('',(#1391,#1392,#1393,#1394));
#453=EDGE_LOOP('',(#1395,#1396,#1397,#1398));
#454=EDGE_LOOP('',(#1399,#1400,#1401,#1402));
#455=EDGE_LOOP('',(#1403,#1404,#1405,#1406));
#456=EDGE_LOOP('',(#1407,#1408,#1409,#1410));
#457=EDGE_LOOP('',(#1411,#1412,#1413,#1414));
#458=EDGE_LOOP('',(#1415,#1416,#1417,#1418));
#459=EDGE_LOOP('',(#1419,#1420,#1421,#1422));
#460=EDGE_LOOP('',(#1423,#1424,#1425,#1426));
#461=EDGE_LOOP('',(#1427,#1428,#1429,#1430));
#462=EDGE_LOOP('',(#1431,#1432,#1433,#1434));
#463=EDGE_LOOP('',(#1435,#1436,#1437,#1438));
#464=EDGE_LOOP('',(#1439,#1440,#1441,#1442));
#465=EDGE_LOOP('',(#1443,#1444,#1445,#1446));
#466=EDGE_LOOP('',(#1447,#1448,#1449,#1450));
#467=EDGE_LOOP('',(#1451,#1452,#1453,#1454));
#468=EDGE_LOOP('',(#1455,#1456,#1457,#1458));
#469=EDGE_LOOP('',(#1459,#1460,#1461,#1462));
#470=EDGE_LOOP('',(#1463,#1464,#1465,#1466));
#471=EDGE_LOOP('',(#1467,#1468,#1469,#1470));
#472=EDGE_LOOP('',(#1471,#1472,#1473,#1474));
#473=EDGE_LOOP('',(#1475,#1476,#1477,#1478));
#474=EDGE_LOOP('',(#1479,#1480,#1481,#1482));
#475=EDGE_LOOP('',(#1483,#1484,#1485,#1486));
#476=EDGE_LOOP('',(#1487,#1488,#1489,#1490));
#477=EDGE_LOOP('',(#1491,#1492,#1493,#1494));
#478=EDGE_LOOP('',(#1495,#1496,#1497,#1498));
#479=EDGE_LOOP('',(#1499,#1500,#1501,#1502));
#480=EDGE_LOOP('',(#1503,#1504,#1505,#1506));
#481=EDGE_LOOP('',(#1507,#1508,#1509,#1510));
#482=EDGE_LOOP('',(#1511,#1512,#1513,#1514));
#483=EDGE_LOOP('',(#1515,#1516,#1517,#1518));
#484=EDGE_LOOP('',(#1519,#1520,#1521,#1522));
#485=EDGE_LOOP('',(#1523,#1524,#1525,#1526));
#486=EDGE_LOOP('',(#1527,#1528,#1529,#1530));
#487=EDGE_LOOP('',(#1531,#1532,#1533,#1534));
#488=EDGE_LOOP('',(#1535,#1536,#1537,#1538));
#489=EDGE_LOOP('',(#1539,#1540,#1541,#1542));
#490=CIRCLE('',#1730,8.);
#491=CIRCLE('',#1731,8.);
#492=CIRCLE('',#1732,3.);
#493=CIRCLE('',#1733,11.);
#494=CIRCLE('',#1735,100.);
#495=CIRCLE('',#1736,11.);
#496=CIRCLE('',#1737,11.);
#497=CIRCLE('',#1738,11.);
#498=CIRCLE('',#1739,11.);
#499=CIRCLE('',#1740,2.7);
#500=CIRCLE('',#1741,2.7);
#501=CIRCLE('',#1742,2.7);
#502=CIRCLE('',#1743,2.7);
#503=CIRCLE('',#1744,2.7);
#504=CIRCLE('',#1745,2.7);
#505=CIRCLE('',#1746,2.7);
#506=CIRCLE('',#1747,2.7);
#507=CIRCLE('',#1748,11.);
#508=CIRCLE('',#1749,11.);
#509=CIRCLE('',#1750,11.);
#510=CIRCLE('',#1752,8.);
#511=CIRCLE('',#1754,8.);
#512=CIRCLE('',#1755,8.);
#513=CIRCLE('',#1756,3.);
#514=CIRCLE('',#1758,8.);
#515=CIRCLE('',#1760,8.);
#516=CIRCLE('',#1761,8.);
#517=CIRCLE('',#1762,3.);
#518=CIRCLE('',#1764,8.);
#519=CIRCLE('',#1766,8.);
#520=CIRCLE('',#1767,8.);
#521=CIRCLE('',#1768,3.);
#522=CIRCLE('',#1770,8.);
#523=CIRCLE('',#1772,8.);
#524=CIRCLE('',#1773,8.);
#525=CIRCLE('',#1774,3.);
#526=CIRCLE('',#1776,8.);
#527=CIRCLE('',#1778,8.);
#528=CIRCLE('',#1779,8.);
#529=CIRCLE('',#1780,3.);
#530=CIRCLE('',#1782,8.);
#531=CIRCLE('',#1784,8.);
#532=CIRCLE('',#1785,8.);
#533=CIRCLE('',#1786,3.);
#534=CIRCLE('',#1788,8.);
#535=CIRCLE('',#1790,8.);
#536=CIRCLE('',#1791,8.);
#537=CIRCLE('',#1792,3.);
#538=CIRCLE('',#1794,8.);
#539=CIRCLE('',#1796,4.99999999999994);
#540=CIRCLE('',#1797,0.5);
#541=CIRCLE('',#1798,4.49999999999994);
#542=CIRCLE('',#1799,4.99999999999994);
#543=CIRCLE('',#1801,4.99999999999994);
#544=CIRCLE('',#1804,4.99999999999994);
#545=CIRCLE('',#1805,0.5);
#546=CIRCLE('',#1806,4.49999999999994);
#547=CIRCLE('',#1807,4.99999999999994);
#548=CIRCLE('',#1809,4.99999999999994);
#549=CIRCLE('',#1812,4.99999999999994);
#550=CIRCLE('',#1813,0.5);
#551=CIRCLE('',#1814,4.49999999999994);
#552=CIRCLE('',#1815,4.99999999999994);
#553=CIRCLE('',#1817,4.99999999999994);
#554=CIRCLE('',#1820,4.99999999999993);
#555=CIRCLE('',#1821,0.5);
#556=CIRCLE('',#1822,4.49999999999993);
#557=CIRCLE('',#1823,4.99999999999993);
#558=CIRCLE('',#1825,4.99999999999993);
#559=CIRCLE('',#1828,4.99999999999993);
#560=CIRCLE('',#1829,0.5);
#561=CIRCLE('',#1830,4.49999999999993);
#562=CIRCLE('',#1831,4.99999999999993);
#563=CIRCLE('',#1833,4.99999999999993);
#564=CIRCLE('',#1836,4.99999999999996);
#565=CIRCLE('',#1837,0.5);
#566=CIRCLE('',#1838,4.49999999999996);
#567=CIRCLE('',#1839,4.99999999999996);
#568=CIRCLE('',#1841,4.99999999999996);
#569=CIRCLE('',#1844,4.99999999999996);
#570=CIRCLE('',#1845,0.5);
#571=CIRCLE('',#1846,4.49999999999996);
#572=CIRCLE('',#1847,4.99999999999996);
#573=CIRCLE('',#1849,4.99999999999996);
#574=CIRCLE('',#1852,4.99999999999994);
#575=CIRCLE('',#1853,0.5);
#576=CIRCLE('',#1854,4.49999999999994);
#577=CIRCLE('',#1855,4.99999999999994);
#578=CIRCLE('',#1857,4.99999999999994);
#579=CIRCLE('',#1860,5.49999999999994);
#580=CIRCLE('',#1861,0.5);
#581=CIRCLE('',#1863,7.5);
#582=CIRCLE('',#1865,0.5);
#583=CIRCLE('',#1867,5.49999999999994);
#584=CIRCLE('',#1868,0.5);
#585=CIRCLE('',#1870,7.5);
#586=CIRCLE('',#1872,0.5);
#587=CIRCLE('',#1874,5.49999999999994);
#588=CIRCLE('',#1875,0.5);
#589=CIRCLE('',#1877,7.5);
#590=CIRCLE('',#1879,0.5);
#591=CIRCLE('',#1881,5.49999999999994);
#592=CIRCLE('',#1882,0.5);
#593=CIRCLE('',#1884,7.5);
#594=CIRCLE('',#1886,0.5);
#595=CIRCLE('',#1888,5.49999999999993);
#596=CIRCLE('',#1889,0.5);
#597=CIRCLE('',#1891,7.5);
#598=CIRCLE('',#1893,0.5);
#599=CIRCLE('',#1895,5.49999999999993);
#600=CIRCLE('',#1896,0.5);
#601=CIRCLE('',#1898,7.5);
#602=CIRCLE('',#1900,0.5);
#603=CIRCLE('',#1902,5.49999999999996);
#604=CIRCLE('',#1903,0.5);
#605=CIRCLE('',#1905,7.5);
#606=CIRCLE('',#1907,0.5);
#607=CIRCLE('',#1909,5.49999999999996);
#608=CIRCLE('',#1910,0.5);
#609=CIRCLE('',#1912,7.5);
#610=CIRCLE('',#1914,0.5);
#611=CIRCLE('',#1916,0.5);
#612=CIRCLE('',#1917,2.2);
#613=CIRCLE('',#1918,0.499999999999998);
#614=CIRCLE('',#1920,0.499999999999998);
#615=CIRCLE('',#1922,0.500000000000003);
#616=CIRCLE('',#1923,2.2);
#617=CIRCLE('',#1927,2.2);
#618=CIRCLE('',#1929,0.500000000000007);
#619=CIRCLE('',#1930,2.7);
#620=CIRCLE('',#1931,0.5);
#621=CIRCLE('',#1933,0.5);
#622=CIRCLE('',#1935,0.5);
#623=CIRCLE('',#1936,2.2);
#624=CIRCLE('',#1937,2.7);
#625=CIRCLE('',#1941,100.);
#626=CIRCLE('',#1942,2.7);
#627=CIRCLE('',#1943,2.7);
#628=CIRCLE('',#1944,2.7);
#629=CIRCLE('',#1945,2.7);
#630=CIRCLE('',#1946,2.7);
#631=CIRCLE('',#1947,2.7);
#632=CIRCLE('',#1949,0.500000000000003);
#633=CIRCLE('',#1950,0.5);
#634=CIRCLE('',#1951,2.2);
#635=CIRCLE('',#1953,0.5);
#636=CIRCLE('',#1955,0.5);
#637=CIRCLE('',#1956,2.2);
#638=CIRCLE('',#1960,2.2);
#639=CIRCLE('',#1962,0.5);
#640=CIRCLE('',#1963,0.499999999999998);
#641=CIRCLE('',#1965,0.499999999999998);
#642=CIRCLE('',#1967,0.500000000000003);
#643=CIRCLE('',#1968,2.2);
#644=CIRCLE('',#1972,0.499999999999998);
#645=CIRCLE('',#1973,0.5);
#646=CIRCLE('',#1974,2.2);
#647=CIRCLE('',#1976,0.5);
#648=CIRCLE('',#1978,0.5);
#649=CIRCLE('',#1979,2.2);
#650=CIRCLE('',#1983,2.2);
#651=CIRCLE('',#1985,0.5);
#652=CIRCLE('',#1986,2.2);
#653=CIRCLE('',#1987,0.499999999999998);
#654=CIRCLE('',#1989,0.499999999999998);
#655=CIRCLE('',#1991,0.499999999999998);
#656=CIRCLE('',#1995,0.499999999999998);
#657=CIRCLE('',#1996,0.5);
#658=CIRCLE('',#1997,2.2);
#659=CIRCLE('',#1999,0.5);
#660=CIRCLE('',#2001,0.5);
#661=CIRCLE('',#2002,2.2);
#662=CIRCLE('',#2006,2.2);
#663=CIRCLE('',#2008,0.5);
#664=CIRCLE('',#2009,0.499999999999998);
#665=CIRCLE('',#2011,0.499999999999998);
#666=CIRCLE('',#2013,0.499999999999998);
#667=CIRCLE('',#2014,2.2);
#668=VERTEX_POINT('',#2677);
#669=VERTEX_POINT('',#2678);
#670=VERTEX_POINT('',#2681);
#671=VERTEX_POINT('',#2685);
#672=VERTEX_POINT('',#2687);
#673=VERTEX_POINT('',#2689);
#674=VERTEX_POINT('',#2691);
#675=VERTEX_POINT('',#2693);
#676=VERTEX_POINT('',#2695);
#677=VERTEX_POINT('',#2696);
#678=VERTEX_POINT('',#2698);
#679=VERTEX_POINT('',#2700);
#680=VERTEX_POINT('',#2703);
#681=VERTEX_POINT('',#2704);
#682=VERTEX_POINT('',#2706);
#683=VERTEX_POINT('',#2708);
#684=VERTEX_POINT('',#2711);
#685=VERTEX_POINT('',#2712);
#686=VERTEX_POINT('',#2714);
#687=VERTEX_POINT('',#2716);
#688=VERTEX_POINT('',#2719);
#689=VERTEX_POINT('',#2720);
#690=VERTEX_POINT('',#2722);
#691=VERTEX_POINT('',#2724);
#692=VERTEX_POINT('',#2727);
#693=VERTEX_POINT('',#2729);
#694=VERTEX_POINT('',#2731);
#695=VERTEX_POINT('',#2734);
#696=VERTEX_POINT('',#2738);
#697=VERTEX_POINT('',#2739);
#698=VERTEX_POINT('',#2744);
#699=VERTEX_POINT('',#2748);
#700=VERTEX_POINT('',#2749);
#701=VERTEX_POINT('',#2754);
#702=VERTEX_POINT('',#2758);
#703=VERTEX_POINT('',#2759);
#704=VERTEX_POINT('',#2764);
#705=VERTEX_POINT('',#2768);
#706=VERTEX_POINT('',#2769);
#707=VERTEX_POINT('',#2774);
#708=VERTEX_POINT('',#2778);
#709=VERTEX_POINT('',#2779);
#710=VERTEX_POINT('',#2784);
#711=VERTEX_POINT('',#2788);
#712=VERTEX_POINT('',#2789);
#713=VERTEX_POINT('',#2794);
#714=VERTEX_POINT('',#2798);
#715=VERTEX_POINT('',#2799);
#716=VERTEX_POINT('',#2804);
#717=VERTEX_POINT('',#2808);
#718=VERTEX_POINT('',#2809);
#719=VERTEX_POINT('',#2811);
#720=VERTEX_POINT('',#2816);
#721=VERTEX_POINT('',#2821);
#722=VERTEX_POINT('',#2822);
#723=VERTEX_POINT('',#2824);
#724=VERTEX_POINT('',#2829);
#725=VERTEX_POINT('',#2834);
#726=VERTEX_POINT('',#2835);
#727=VERTEX_POINT('',#2837);
#728=VERTEX_POINT('',#2842);
#729=VERTEX_POINT('',#2847);
#730=VERTEX_POINT('',#2848);
#731=VERTEX_POINT('',#2850);
#732=VERTEX_POINT('',#2855);
#733=VERTEX_POINT('',#2860);
#734=VERTEX_POINT('',#2861);
#735=VERTEX_POINT('',#2863);
#736=VERTEX_POINT('',#2868);
#737=VERTEX_POINT('',#2873);
#738=VERTEX_POINT('',#2874);
#739=VERTEX_POINT('',#2876);
#740=VERTEX_POINT('',#2881);
#741=VERTEX_POINT('',#2886);
#742=VERTEX_POINT('',#2887);
#743=VERTEX_POINT('',#2889);
#744=VERTEX_POINT('',#2894);
#745=VERTEX_POINT('',#2899);
#746=VERTEX_POINT('',#2900);
#747=VERTEX_POINT('',#2902);
#748=VERTEX_POINT('',#2907);
#749=VERTEX_POINT('',#2912);
#750=VERTEX_POINT('',#2916);
#751=VERTEX_POINT('',#2921);
#752=VERTEX_POINT('',#2925);
#753=VERTEX_POINT('',#2930);
#754=VERTEX_POINT('',#2934);
#755=VERTEX_POINT('',#2939);
#756=VERTEX_POINT('',#2943);
#757=VERTEX_POINT('',#2948);
#758=VERTEX_POINT('',#2952);
#759=VERTEX_POINT('',#2957);
#760=VERTEX_POINT('',#2961);
#761=VERTEX_POINT('',#2966);
#762=VERTEX_POINT('',#2970);
#763=VERTEX_POINT('',#2975);
#764=VERTEX_POINT('',#2979);
#765=VERTEX_POINT('',#2984);
#766=VERTEX_POINT('',#2986);
#767=VERTEX_POINT('',#2990);
#768=VERTEX_POINT('',#2994);
#769=VERTEX_POINT('',#3000);
#770=VERTEX_POINT('',#3002);
#771=VERTEX_POINT('',#3006);
#772=VERTEX_POINT('',#3010);
#773=VERTEX_POINT('',#3012);
#774=VERTEX_POINT('',#3016);
#775=VERTEX_POINT('',#3020);
#776=VERTEX_POINT('',#3021);
#777=VERTEX_POINT('',#3031);
#778=VERTEX_POINT('',#3033);
#779=VERTEX_POINT('',#3034);
#780=VERTEX_POINT('',#3036);
#781=VERTEX_POINT('',#3038);
#782=VERTEX_POINT('',#3041);
#783=VERTEX_POINT('',#3042);
#784=VERTEX_POINT('',#3044);
#785=VERTEX_POINT('',#3046);
#786=VERTEX_POINT('',#3049);
#787=VERTEX_POINT('',#3050);
#788=VERTEX_POINT('',#3052);
#789=VERTEX_POINT('',#3054);
#790=VERTEX_POINT('',#3058);
#791=VERTEX_POINT('',#3060);
#792=VERTEX_POINT('',#3064);
#793=VERTEX_POINT('',#3068);
#794=VERTEX_POINT('',#3074);
#795=VERTEX_POINT('',#3076);
#796=VERTEX_POINT('',#3080);
#797=VERTEX_POINT('',#3087);
#798=VERTEX_POINT('',#3097);
#799=VERTEX_POINT('',#3099);
#800=VERTEX_POINT('',#3103);
#801=VERTEX_POINT('',#3107);
#802=VERTEX_POINT('',#3113);
#803=VERTEX_POINT('',#3115);
#804=VERTEX_POINT('',#3119);
#805=VERTEX_POINT('',#3123);
#806=VERTEX_POINT('',#3136);
#807=VERTEX_POINT('',#3138);
#808=VERTEX_POINT('',#3142);
#809=VERTEX_POINT('',#3146);
#810=VERTEX_POINT('',#3152);
#811=VERTEX_POINT('',#3154);
#812=VERTEX_POINT('',#3158);
#813=VERTEX_POINT('',#3165);
#814=EDGE_CURVE('',#668,#669,#490,.T.);
#815=EDGE_CURVE('',#669,#668,#491,.T.);
#816=EDGE_CURVE('',#668,#670,#492,.T.);
#817=EDGE_CURVE('',#670,#670,#493,.T.);
#818=EDGE_CURVE('',#671,#671,#494,.T.);
#819=EDGE_CURVE('',#672,#672,#495,.T.);
#820=EDGE_CURVE('',#673,#673,#496,.T.);
#821=EDGE_CURVE('',#674,#674,#497,.T.);
#822=EDGE_CURVE('',#675,#675,#498,.T.);
#823=EDGE_CURVE('',#676,#677,#499,.T.);
#824=EDGE_CURVE('',#678,#676,#56,.T.);
#825=EDGE_CURVE('',#679,#678,#500,.T.);
#826=EDGE_CURVE('',#677,#679,#57,.T.);
#827=EDGE_CURVE('',#680,#681,#501,.T.);
#828=EDGE_CURVE('',#682,#680,#58,.T.);
#829=EDGE_CURVE('',#683,#682,#502,.T.);
#830=EDGE_CURVE('',#681,#683,#59,.T.);
#831=EDGE_CURVE('',#684,#685,#503,.T.);
#832=EDGE_CURVE('',#686,#684,#60,.T.);
#833=EDGE_CURVE('',#687,#686,#504,.T.);
#834=EDGE_CURVE('',#685,#687,#61,.T.);
#835=EDGE_CURVE('',#688,#689,#505,.T.);
#836=EDGE_CURVE('',#690,#688,#62,.T.);
#837=EDGE_CURVE('',#691,#690,#506,.T.);
#838=EDGE_CURVE('',#689,#691,#63,.T.);
#839=EDGE_CURVE('',#692,#692,#507,.T.);
#840=EDGE_CURVE('',#693,#693,#508,.T.);
#841=EDGE_CURVE('',#694,#694,#509,.T.);
#842=EDGE_CURVE('',#695,#695,#510,.T.);
#843=EDGE_CURVE('',#695,#669,#64,.T.);
#844=EDGE_CURVE('',#696,#697,#511,.T.);
#845=EDGE_CURVE('',#697,#696,#512,.T.);
#846=EDGE_CURVE('',#696,#672,#513,.T.);
#847=EDGE_CURVE('',#698,#698,#514,.T.);
#848=EDGE_CURVE('',#698,#697,#65,.T.);
#849=EDGE_CURVE('',#699,#700,#515,.T.);
#850=EDGE_CURVE('',#700,#699,#516,.T.);
#851=EDGE_CURVE('',#699,#694,#517,.T.);
#852=EDGE_CURVE('',#701,#701,#518,.T.);
#853=EDGE_CURVE('',#701,#700,#66,.T.);
#854=EDGE_CURVE('',#702,#703,#519,.T.);
#855=EDGE_CURVE('',#703,#702,#520,.T.);
#856=EDGE_CURVE('',#702,#673,#521,.T.);
#857=EDGE_CURVE('',#704,#704,#522,.T.);
#858=EDGE_CURVE('',#704,#703,#67,.T.);
#859=EDGE_CURVE('',#705,#706,#523,.T.);
#860=EDGE_CURVE('',#706,#705,#524,.T.);
#861=EDGE_CURVE('',#705,#693,#525,.T.);
#862=EDGE_CURVE('',#707,#707,#526,.T.);
#863=EDGE_CURVE('',#707,#706,#68,.T.);
#864=EDGE_CURVE('',#708,#709,#527,.T.);
#865=EDGE_CURVE('',#709,#708,#528,.T.);
#866=EDGE_CURVE('',#708,#674,#529,.T.);
#867=EDGE_CURVE('',#710,#710,#530,.T.);
#868=EDGE_CURVE('',#710,#709,#69,.T.);
#869=EDGE_CURVE('',#711,#712,#531,.T.);
#870=EDGE_CURVE('',#712,#711,#532,.T.);
#871=EDGE_CURVE('',#711,#692,#533,.T.);
#872=EDGE_CURVE('',#713,#713,#534,.T.);
#873=EDGE_CURVE('',#713,#712,#70,.T.);
#874=EDGE_CURVE('',#714,#715,#535,.T.);
#875=EDGE_CURVE('',#715,#714,#536,.T.);
#876=EDGE_CURVE('',#714,#675,#537,.T.);
#877=EDGE_CURVE('',#716,#716,#538,.T.);
#878=EDGE_CURVE('',#716,#715,#71,.T.);
#879=EDGE_CURVE('',#717,#718,#539,.T.);
#880=EDGE_CURVE('',#718,#719,#540,.T.);
#881=EDGE_CURVE('',#719,#719,#541,.T.);
#882=EDGE_CURVE('',#718,#717,#542,.T.);
#883=EDGE_CURVE('',#720,#720,#543,.T.);
#884=EDGE_CURVE('',#720,#717,#72,.T.);
#885=EDGE_CURVE('',#721,#722,#544,.T.);
#886=EDGE_CURVE('',#722,#723,#545,.T.);
#887=EDGE_CURVE('',#723,#723,#546,.T.);
#888=EDGE_CURVE('',#722,#721,#547,.T.);
#889=EDGE_CURVE('',#724,#724,#548,.T.);
#890=EDGE_CURVE('',#724,#721,#73,.T.);
#891=EDGE_CURVE('',#725,#726,#549,.T.);
#892=EDGE_CURVE('',#726,#727,#550,.T.);
#893=EDGE_CURVE('',#727,#727,#551,.T.);
#894=EDGE_CURVE('',#726,#725,#552,.T.);
#895=EDGE_CURVE('',#728,#728,#553,.T.);
#896=EDGE_CURVE('',#728,#725,#74,.T.);
#897=EDGE_CURVE('',#729,#730,#554,.T.);
#898=EDGE_CURVE('',#730,#731,#555,.T.);
#899=EDGE_CURVE('',#731,#731,#556,.T.);
#900=EDGE_CURVE('',#730,#729,#557,.T.);
#901=EDGE_CURVE('',#732,#732,#558,.T.);
#902=EDGE_CURVE('',#732,#729,#75,.T.);
#903=EDGE_CURVE('',#733,#734,#559,.T.);
#904=EDGE_CURVE('',#734,#735,#560,.T.);
#905=EDGE_CURVE('',#735,#735,#561,.T.);
#906=EDGE_CURVE('',#734,#733,#562,.T.);
#907=EDGE_CURVE('',#736,#736,#563,.T.);
#908=EDGE_CURVE('',#736,#733,#76,.T.);
#909=EDGE_CURVE('',#737,#738,#564,.T.);
#910=EDGE_CURVE('',#738,#739,#565,.T.);
#911=EDGE_CURVE('',#739,#739,#566,.T.);
#912=EDGE_CURVE('',#738,#737,#567,.T.);
#913=EDGE_CURVE('',#740,#740,#568,.T.);
#914=EDGE_CURVE('',#740,#737,#77,.T.);
#915=EDGE_CURVE('',#741,#742,#569,.T.);
#916=EDGE_CURVE('',#742,#743,#570,.T.);
#917=EDGE_CURVE('',#743,#743,#571,.T.);
#918=EDGE_CURVE('',#742,#741,#572,.T.);
#919=EDGE_CURVE('',#744,#744,#573,.T.);
#920=EDGE_CURVE('',#744,#741,#78,.T.);
#921=EDGE_CURVE('',#745,#746,#574,.T.);
#922=EDGE_CURVE('',#746,#747,#575,.T.);
#923=EDGE_CURVE('',#747,#747,#576,.T.);
#924=EDGE_CURVE('',#746,#745,#577,.T.);
#925=EDGE_CURVE('',#748,#748,#578,.T.);
#926=EDGE_CURVE('',#748,#745,#79,.T.);
#927=EDGE_CURVE('',#749,#749,#579,.T.);
#928=EDGE_CURVE('',#749,#748,#580,.T.);
#929=EDGE_CURVE('',#750,#750,#581,.T.);
#930=EDGE_CURVE('',#750,#713,#582,.T.);
#931=EDGE_CURVE('',#751,#751,#583,.T.);
#932=EDGE_CURVE('',#751,#720,#584,.T.);
#933=EDGE_CURVE('',#752,#752,#585,.T.);
#934=EDGE_CURVE('',#752,#716,#586,.T.);
#935=EDGE_CURVE('',#753,#753,#587,.T.);
#936=EDGE_CURVE('',#753,#724,#588,.T.);
#937=EDGE_CURVE('',#754,#754,#589,.T.);
#938=EDGE_CURVE('',#754,#695,#590,.T.);
#939=EDGE_CURVE('',#755,#755,#591,.T.);
#940=EDGE_CURVE('',#755,#728,#592,.T.);
#941=EDGE_CURVE('',#756,#756,#593,.T.);
#942=EDGE_CURVE('',#756,#698,#594,.T.);
#943=EDGE_CURVE('',#757,#757,#595,.T.);
#944=EDGE_CURVE('',#757,#732,#596,.T.);
#945=EDGE_CURVE('',#758,#758,#597,.T.);
#946=EDGE_CURVE('',#758,#701,#598,.T.);
#947=EDGE_CURVE('',#759,#759,#599,.T.);
#948=EDGE_CURVE('',#759,#736,#600,.T.);
#949=EDGE_CURVE('',#760,#760,#601,.T.);
#950=EDGE_CURVE('',#760,#704,#602,.T.);
#951=EDGE_CURVE('',#761,#761,#603,.T.);
#952=EDGE_CURVE('',#761,#740,#604,.T.);
#953=EDGE_CURVE('',#762,#762,#605,.T.);
#954=EDGE_CURVE('',#762,#707,#606,.T.);
#955=EDGE_CURVE('',#763,#763,#607,.T.);
#956=EDGE_CURVE('',#763,#744,#608,.T.);
#957=EDGE_CURVE('',#764,#764,#609,.T.);
#958=EDGE_CURVE('',#764,#710,#610,.T.);
#959=EDGE_CURVE('',#689,#765,#611,.T.);
#960=EDGE_CURVE('',#765,#766,#612,.T.);
#961=EDGE_CURVE('',#766,#688,#613,.T.);
#962=EDGE_CURVE('',#767,#690,#614,.T.);
#963=EDGE_CURVE('',#766,#767,#80,.T.);
#964=EDGE_CURVE('',#768,#691,#615,.T.);
#965=EDGE_CURVE('',#767,#768,#616,.T.);
#966=EDGE_CURVE('',#768,#765,#81,.T.);
#967=EDGE_CURVE('',#769,#766,#82,.T.);
#968=EDGE_CURVE('',#770,#769,#83,.T.);
#969=EDGE_CURVE('',#770,#767,#84,.T.);
#970=EDGE_CURVE('',#771,#765,#85,.T.);
#971=EDGE_CURVE('',#769,#771,#617,.T.);
#972=EDGE_CURVE('',#771,#772,#618,.T.);
#973=EDGE_CURVE('',#772,#773,#619,.T.);
#974=EDGE_CURVE('',#773,#769,#620,.T.);
#975=EDGE_CURVE('',#774,#770,#621,.T.);
#976=EDGE_CURVE('',#773,#774,#86,.T.);
#977=EDGE_CURVE('',#775,#776,#622,.T.);
#978=EDGE_CURVE('',#776,#770,#623,.T.);
#979=EDGE_CURVE('',#774,#775,#624,.T.);
#980=EDGE_CURVE('',#771,#776,#87,.T.);
#981=EDGE_CURVE('',#775,#772,#88,.T.);
#982=EDGE_CURVE('',#776,#768,#89,.T.);
#983=EDGE_CURVE('',#777,#777,#625,.T.);
#984=EDGE_CURVE('',#778,#779,#626,.T.);
#985=EDGE_CURVE('',#780,#778,#90,.T.);
#986=EDGE_CURVE('',#781,#780,#627,.T.);
#987=EDGE_CURVE('',#779,#781,#91,.T.);
#988=EDGE_CURVE('',#782,#783,#628,.T.);
#989=EDGE_CURVE('',#784,#782,#92,.T.);
#990=EDGE_CURVE('',#785,#784,#629,.T.);
#991=EDGE_CURVE('',#783,#785,#93,.T.);
#992=EDGE_CURVE('',#786,#787,#630,.T.);
#993=EDGE_CURVE('',#788,#786,#94,.T.);
#994=EDGE_CURVE('',#789,#788,#631,.T.);
#995=EDGE_CURVE('',#787,#789,#95,.T.);
#996=EDGE_CURVE('',#790,#778,#632,.T.);
#997=EDGE_CURVE('',#779,#791,#633,.T.);
#998=EDGE_CURVE('',#791,#790,#634,.T.);
#999=EDGE_CURVE('',#781,#792,#635,.T.);
#1000=EDGE_CURVE('',#792,#791,#96,.T.);
#1001=EDGE_CURVE('',#780,#793,#636,.T.);
#1002=EDGE_CURVE('',#793,#792,#637,.T.);
#1003=EDGE_CURVE('',#790,#793,#97,.T.);
#1004=EDGE_CURVE('',#790,#794,#98,.T.);
#1005=EDGE_CURVE('',#795,#794,#99,.T.);
#1006=EDGE_CURVE('',#793,#795,#100,.T.);
#1007=EDGE_CURVE('',#791,#796,#101,.T.);
#1008=EDGE_CURVE('',#794,#796,#638,.T.);
#1009=EDGE_CURVE('',#677,#794,#639,.T.);
#1010=EDGE_CURVE('',#796,#676,#640,.T.);
#1011=EDGE_CURVE('',#797,#678,#641,.T.);
#1012=EDGE_CURVE('',#796,#797,#102,.T.);
#1013=EDGE_CURVE('',#795,#679,#642,.T.);
#1014=EDGE_CURVE('',#797,#795,#643,.T.);
#1015=EDGE_CURVE('',#792,#797,#103,.T.);
#1016=EDGE_CURVE('',#798,#786,#644,.T.);
#1017=EDGE_CURVE('',#787,#799,#645,.T.);
#1018=EDGE_CURVE('',#799,#798,#646,.T.);
#1019=EDGE_CURVE('',#789,#800,#647,.T.);
#1020=EDGE_CURVE('',#800,#799,#104,.T.);
#1021=EDGE_CURVE('',#788,#801,#648,.T.);
#1022=EDGE_CURVE('',#801,#800,#649,.T.);
#1023=EDGE_CURVE('',#798,#801,#105,.T.);
#1024=EDGE_CURVE('',#798,#802,#106,.T.);
#1025=EDGE_CURVE('',#803,#802,#107,.T.);
#1026=EDGE_CURVE('',#801,#803,#108,.T.);
#1027=EDGE_CURVE('',#799,#804,#109,.T.);
#1028=EDGE_CURVE('',#802,#804,#650,.T.);
#1029=EDGE_CURVE('',#685,#805,#651,.T.);
#1030=EDGE_CURVE('',#805,#803,#652,.T.);
#1031=EDGE_CURVE('',#803,#684,#653,.T.);
#1032=EDGE_CURVE('',#802,#686,#654,.T.);
#1033=EDGE_CURVE('',#804,#687,#655,.T.);
#1034=EDGE_CURVE('',#804,#805,#110,.T.);
#1035=EDGE_CURVE('',#800,#805,#111,.T.);
#1036=EDGE_CURVE('',#806,#782,#656,.T.);
#1037=EDGE_CURVE('',#783,#807,#657,.T.);
#1038=EDGE_CURVE('',#807,#806,#658,.T.);
#1039=EDGE_CURVE('',#785,#808,#659,.T.);
#1040=EDGE_CURVE('',#808,#807,#112,.T.);
#1041=EDGE_CURVE('',#784,#809,#660,.T.);
#1042=EDGE_CURVE('',#809,#808,#661,.T.);
#1043=EDGE_CURVE('',#806,#809,#113,.T.);
#1044=EDGE_CURVE('',#806,#810,#114,.T.);
#1045=EDGE_CURVE('',#811,#810,#115,.T.);
#1046=EDGE_CURVE('',#809,#811,#116,.T.);
#1047=EDGE_CURVE('',#807,#812,#117,.T.);
#1048=EDGE_CURVE('',#810,#812,#662,.T.);
#1049=EDGE_CURVE('',#681,#810,#663,.T.);
#1050=EDGE_CURVE('',#812,#680,#664,.T.);
#1051=EDGE_CURVE('',#813,#682,#665,.T.);
#1052=EDGE_CURVE('',#812,#813,#118,.T.);
#1053=EDGE_CURVE('',#811,#683,#666,.T.);
#1054=EDGE_CURVE('',#813,#811,#667,.T.);
#1055=EDGE_CURVE('',#808,#813,#119,.T.);
#1056=EDGE_CURVE('',#671,#777,#120,.T.);
#1057=ORIENTED_EDGE('',*,*,#814,.T.);
#1058=ORIENTED_EDGE('',*,*,#815,.T.);
#1059=ORIENTED_EDGE('',*,*,#816,.T.);
#1060=ORIENTED_EDGE('',*,*,#817,.T.);
#1061=ORIENTED_EDGE('',*,*,#816,.F.);
#1062=ORIENTED_EDGE('',*,*,#818,.T.);
#1063=ORIENTED_EDGE('',*,*,#819,.F.);
#1064=ORIENTED_EDGE('',*,*,#820,.F.);
#1065=ORIENTED_EDGE('',*,*,#821,.F.);
#1066=ORIENTED_EDGE('',*,*,#822,.F.);
#1067=ORIENTED_EDGE('',*,*,#823,.F.);
#1068=ORIENTED_EDGE('',*,*,#824,.F.);
#1069=ORIENTED_EDGE('',*,*,#825,.F.);
#1070=ORIENTED_EDGE('',*,*,#826,.F.);
#1071=ORIENTED_EDGE('',*,*,#827,.F.);
#1072=ORIENTED_EDGE('',*,*,#828,.F.);
#1073=ORIENTED_EDGE('',*,*,#829,.F.);
#1074=ORIENTED_EDGE('',*,*,#830,.F.);
#1075=ORIENTED_EDGE('',*,*,#831,.F.);
#1076=ORIENTED_EDGE('',*,*,#832,.F.);
#1077=ORIENTED_EDGE('',*,*,#833,.F.);
#1078=ORIENTED_EDGE('',*,*,#834,.F.);
#1079=ORIENTED_EDGE('',*,*,#835,.F.);
#1080=ORIENTED_EDGE('',*,*,#836,.F.);
#1081=ORIENTED_EDGE('',*,*,#837,.F.);
#1082=ORIENTED_EDGE('',*,*,#838,.F.);
#1083=ORIENTED_EDGE('',*,*,#839,.F.);
#1084=ORIENTED_EDGE('',*,*,#840,.F.);
#1085=ORIENTED_EDGE('',*,*,#841,.F.);
#1086=ORIENTED_EDGE('',*,*,#817,.F.);
#1087=ORIENTED_EDGE('',*,*,#842,.F.);
#1088=ORIENTED_EDGE('',*,*,#843,.T.);
#1089=ORIENTED_EDGE('',*,*,#814,.F.);
#1090=ORIENTED_EDGE('',*,*,#815,.F.);
#1091=ORIENTED_EDGE('',*,*,#843,.F.);
#1092=ORIENTED_EDGE('',*,*,#844,.T.);
#1093=ORIENTED_EDGE('',*,*,#845,.T.);
#1094=ORIENTED_EDGE('',*,*,#846,.T.);
#1095=ORIENTED_EDGE('',*,*,#819,.T.);
#1096=ORIENTED_EDGE('',*,*,#846,.F.);
#1097=ORIENTED_EDGE('',*,*,#847,.F.);
#1098=ORIENTED_EDGE('',*,*,#848,.T.);
#1099=ORIENTED_EDGE('',*,*,#844,.F.);
#1100=ORIENTED_EDGE('',*,*,#845,.F.);
#1101=ORIENTED_EDGE('',*,*,#848,.F.);
#1102=ORIENTED_EDGE('',*,*,#849,.T.);
#1103=ORIENTED_EDGE('',*,*,#850,.T.);
#1104=ORIENTED_EDGE('',*,*,#851,.T.);
#1105=ORIENTED_EDGE('',*,*,#841,.T.);
#1106=ORIENTED_EDGE('',*,*,#851,.F.);
#1107=ORIENTED_EDGE('',*,*,#852,.F.);
#1108=ORIENTED_EDGE('',*,*,#853,.T.);
#1109=ORIENTED_EDGE('',*,*,#849,.F.);
#1110=ORIENTED_EDGE('',*,*,#850,.F.);
#1111=ORIENTED_EDGE('',*,*,#853,.F.);
#1112=ORIENTED_EDGE('',*,*,#854,.T.);
#1113=ORIENTED_EDGE('',*,*,#855,.T.);
#1114=ORIENTED_EDGE('',*,*,#856,.T.);
#1115=ORIENTED_EDGE('',*,*,#820,.T.);
#1116=ORIENTED_EDGE('',*,*,#856,.F.);
#1117=ORIENTED_EDGE('',*,*,#857,.F.);
#1118=ORIENTED_EDGE('',*,*,#858,.T.);
#1119=ORIENTED_EDGE('',*,*,#854,.F.);
#1120=ORIENTED_EDGE('',*,*,#855,.F.);
#1121=ORIENTED_EDGE('',*,*,#858,.F.);
#1122=ORIENTED_EDGE('',*,*,#859,.T.);
#1123=ORIENTED_EDGE('',*,*,#860,.T.);
#1124=ORIENTED_EDGE('',*,*,#861,.T.);
#1125=ORIENTED_EDGE('',*,*,#840,.T.);
#1126=ORIENTED_EDGE('',*,*,#861,.F.);
#1127=ORIENTED_EDGE('',*,*,#862,.F.);
#1128=ORIENTED_EDGE('',*,*,#863,.T.);
#1129=ORIENTED_EDGE('',*,*,#859,.F.);
#1130=ORIENTED_EDGE('',*,*,#860,.F.);
#1131=ORIENTED_EDGE('',*,*,#863,.F.);
#1132=ORIENTED_EDGE('',*,*,#864,.T.);
#1133=ORIENTED_EDGE('',*,*,#865,.T.);
#1134=ORIENTED_EDGE('',*,*,#866,.T.);
#1135=ORIENTED_EDGE('',*,*,#821,.T.);
#1136=ORIENTED_EDGE('',*,*,#866,.F.);
#1137=ORIENTED_EDGE('',*,*,#867,.F.);
#1138=ORIENTED_EDGE('',*,*,#868,.T.);
#1139=ORIENTED_EDGE('',*,*,#864,.F.);
#1140=ORIENTED_EDGE('',*,*,#865,.F.);
#1141=ORIENTED_EDGE('',*,*,#868,.F.);
#1142=ORIENTED_EDGE('',*,*,#869,.T.);
#1143=ORIENTED_EDGE('',*,*,#870,.T.);
#1144=ORIENTED_EDGE('',*,*,#871,.T.);
#1145=ORIENTED_EDGE('',*,*,#839,.T.);
#1146=ORIENTED_EDGE('',*,*,#871,.F.);
#1147=ORIENTED_EDGE('',*,*,#872,.F.);
#1148=ORIENTED_EDGE('',*,*,#873,.T.);
#1149=ORIENTED_EDGE('',*,*,#869,.F.);
#1150=ORIENTED_EDGE('',*,*,#870,.F.);
#1151=ORIENTED_EDGE('',*,*,#873,.F.);
#1152=ORIENTED_EDGE('',*,*,#874,.T.);
#1153=ORIENTED_EDGE('',*,*,#875,.T.);
#1154=ORIENTED_EDGE('',*,*,#876,.T.);
#1155=ORIENTED_EDGE('',*,*,#822,.T.);
#1156=ORIENTED_EDGE('',*,*,#876,.F.);
#1157=ORIENTED_EDGE('',*,*,#877,.F.);
#1158=ORIENTED_EDGE('',*,*,#878,.T.);
#1159=ORIENTED_EDGE('',*,*,#874,.F.);
#1160=ORIENTED_EDGE('',*,*,#875,.F.);
#1161=ORIENTED_EDGE('',*,*,#878,.F.);
#1162=ORIENTED_EDGE('',*,*,#879,.T.);
#1163=ORIENTED_EDGE('',*,*,#880,.T.);
#1164=ORIENTED_EDGE('',*,*,#881,.T.);
#1165=ORIENTED_EDGE('',*,*,#880,.F.);
#1166=ORIENTED_EDGE('',*,*,#882,.T.);
#1167=ORIENTED_EDGE('',*,*,#883,.F.);
#1168=ORIENTED_EDGE('',*,*,#884,.T.);
#1169=ORIENTED_EDGE('',*,*,#882,.F.);
#1170=ORIENTED_EDGE('',*,*,#879,.F.);
#1171=ORIENTED_EDGE('',*,*,#884,.F.);
#1172=ORIENTED_EDGE('',*,*,#881,.F.);
#1173=ORIENTED_EDGE('',*,*,#885,.T.);
#1174=ORIENTED_EDGE('',*,*,#886,.T.);
#1175=ORIENTED_EDGE('',*,*,#887,.T.);
#1176=ORIENTED_EDGE('',*,*,#886,.F.);
#1177=ORIENTED_EDGE('',*,*,#888,.T.);
#1178=ORIENTED_EDGE('',*,*,#889,.F.);
#1179=ORIENTED_EDGE('',*,*,#890,.T.);
#1180=ORIENTED_EDGE('',*,*,#888,.F.);
#1181=ORIENTED_EDGE('',*,*,#885,.F.);
#1182=ORIENTED_EDGE('',*,*,#890,.F.);
#1183=ORIENTED_EDGE('',*,*,#887,.F.);
#1184=ORIENTED_EDGE('',*,*,#891,.T.);
#1185=ORIENTED_EDGE('',*,*,#892,.T.);
#1186=ORIENTED_EDGE('',*,*,#893,.T.);
#1187=ORIENTED_EDGE('',*,*,#892,.F.);
#1188=ORIENTED_EDGE('',*,*,#894,.T.);
#1189=ORIENTED_EDGE('',*,*,#895,.F.);
#1190=ORIENTED_EDGE('',*,*,#896,.T.);
#1191=ORIENTED_EDGE('',*,*,#894,.F.);
#1192=ORIENTED_EDGE('',*,*,#891,.F.);
#1193=ORIENTED_EDGE('',*,*,#896,.F.);
#1194=ORIENTED_EDGE('',*,*,#893,.F.);
#1195=ORIENTED_EDGE('',*,*,#897,.T.);
#1196=ORIENTED_EDGE('',*,*,#898,.T.);
#1197=ORIENTED_EDGE('',*,*,#899,.T.);
#1198=ORIENTED_EDGE('',*,*,#898,.F.);
#1199=ORIENTED_EDGE('',*,*,#900,.T.);
#1200=ORIENTED_EDGE('',*,*,#901,.F.);
#1201=ORIENTED_EDGE('',*,*,#902,.T.);
#1202=ORIENTED_EDGE('',*,*,#900,.F.);
#1203=ORIENTED_EDGE('',*,*,#897,.F.);
#1204=ORIENTED_EDGE('',*,*,#902,.F.);
#1205=ORIENTED_EDGE('',*,*,#899,.F.);
#1206=ORIENTED_EDGE('',*,*,#903,.T.);
#1207=ORIENTED_EDGE('',*,*,#904,.T.);
#1208=ORIENTED_EDGE('',*,*,#905,.T.);
#1209=ORIENTED_EDGE('',*,*,#904,.F.);
#1210=ORIENTED_EDGE('',*,*,#906,.T.);
#1211=ORIENTED_EDGE('',*,*,#907,.F.);
#1212=ORIENTED_EDGE('',*,*,#908,.T.);
#1213=ORIENTED_EDGE('',*,*,#906,.F.);
#1214=ORIENTED_EDGE('',*,*,#903,.F.);
#1215=ORIENTED_EDGE('',*,*,#908,.F.);
#1216=ORIENTED_EDGE('',*,*,#905,.F.);
#1217=ORIENTED_EDGE('',*,*,#909,.T.);
#1218=ORIENTED_EDGE('',*,*,#910,.T.);
#1219=ORIENTED_EDGE('',*,*,#911,.T.);
#1220=ORIENTED_EDGE('',*,*,#910,.F.);
#1221=ORIENTED_EDGE('',*,*,#912,.T.);
#1222=ORIENTED_EDGE('',*,*,#913,.F.);
#1223=ORIENTED_EDGE('',*,*,#914,.T.);
#1224=ORIENTED_EDGE('',*,*,#912,.F.);
#1225=ORIENTED_EDGE('',*,*,#909,.F.);
#1226=ORIENTED_EDGE('',*,*,#914,.F.);
#1227=ORIENTED_EDGE('',*,*,#911,.F.);
#1228=ORIENTED_EDGE('',*,*,#915,.T.);
#1229=ORIENTED_EDGE('',*,*,#916,.T.);
#1230=ORIENTED_EDGE('',*,*,#917,.T.);
#1231=ORIENTED_EDGE('',*,*,#916,.F.);
#1232=ORIENTED_EDGE('',*,*,#918,.T.);
#1233=ORIENTED_EDGE('',*,*,#919,.F.);
#1234=ORIENTED_EDGE('',*,*,#920,.T.);
#1235=ORIENTED_EDGE('',*,*,#918,.F.);
#1236=ORIENTED_EDGE('',*,*,#915,.F.);
#1237=ORIENTED_EDGE('',*,*,#920,.F.);
#1238=ORIENTED_EDGE('',*,*,#917,.F.);
#1239=ORIENTED_EDGE('',*,*,#921,.T.);
#1240=ORIENTED_EDGE('',*,*,#922,.T.);
#1241=ORIENTED_EDGE('',*,*,#923,.T.);
#1242=ORIENTED_EDGE('',*,*,#922,.F.);
#1243=ORIENTED_EDGE('',*,*,#924,.T.);
#1244=ORIENTED_EDGE('',*,*,#925,.F.);
#1245=ORIENTED_EDGE('',*,*,#926,.T.);
#1246=ORIENTED_EDGE('',*,*,#924,.F.);
#1247=ORIENTED_EDGE('',*,*,#921,.F.);
#1248=ORIENTED_EDGE('',*,*,#926,.F.);
#1249=ORIENTED_EDGE('',*,*,#923,.F.);
#1250=ORIENTED_EDGE('',*,*,#927,.T.);
#1251=ORIENTED_EDGE('',*,*,#928,.T.);
#1252=ORIENTED_EDGE('',*,*,#925,.T.);
#1253=ORIENTED_EDGE('',*,*,#928,.F.);
#1254=ORIENTED_EDGE('',*,*,#929,.F.);
#1255=ORIENTED_EDGE('',*,*,#927,.F.);
#1256=ORIENTED_EDGE('',*,*,#929,.T.);
#1257=ORIENTED_EDGE('',*,*,#930,.T.);
#1258=ORIENTED_EDGE('',*,*,#872,.T.);
#1259=ORIENTED_EDGE('',*,*,#930,.F.);
#1260=ORIENTED_EDGE('',*,*,#931,.T.);
#1261=ORIENTED_EDGE('',*,*,#932,.T.);
#1262=ORIENTED_EDGE('',*,*,#883,.T.);
#1263=ORIENTED_EDGE('',*,*,#932,.F.);
#1264=ORIENTED_EDGE('',*,*,#933,.F.);
#1265=ORIENTED_EDGE('',*,*,#931,.F.);
#1266=ORIENTED_EDGE('',*,*,#933,.T.);
#1267=ORIENTED_EDGE('',*,*,#934,.T.);
#1268=ORIENTED_EDGE('',*,*,#877,.T.);
#1269=ORIENTED_EDGE('',*,*,#934,.F.);
#1270=ORIENTED_EDGE('',*,*,#935,.T.);
#1271=ORIENTED_EDGE('',*,*,#936,.T.);
#1272=ORIENTED_EDGE('',*,*,#889,.T.);
#1273=ORIENTED_EDGE('',*,*,#936,.F.);
#1274=ORIENTED_EDGE('',*,*,#937,.F.);
#1275=ORIENTED_EDGE('',*,*,#935,.F.);
#1276=ORIENTED_EDGE('',*,*,#937,.T.);
#1277=ORIENTED_EDGE('',*,*,#938,.T.);
#1278=ORIENTED_EDGE('',*,*,#842,.T.);
#1279=ORIENTED_EDGE('',*,*,#938,.F.);
#1280=ORIENTED_EDGE('',*,*,#939,.T.);
#1281=ORIENTED_EDGE('',*,*,#940,.T.);
#1282=ORIENTED_EDGE('',*,*,#895,.T.);
#1283=ORIENTED_EDGE('',*,*,#940,.F.);
#1284=ORIENTED_EDGE('',*,*,#941,.F.);
#1285=ORIENTED_EDGE('',*,*,#939,.F.);
#1286=ORIENTED_EDGE('',*,*,#941,.T.);
#1287=ORIENTED_EDGE('',*,*,#942,.T.);
#1288=ORIENTED_EDGE('',*,*,#847,.T.);
#1289=ORIENTED_EDGE('',*,*,#942,.F.);
#1290=ORIENTED_EDGE('',*,*,#943,.T.);
#1291=ORIENTED_EDGE('',*,*,#944,.T.);
#1292=ORIENTED_EDGE('',*,*,#901,.T.);
#1293=ORIENTED_EDGE('',*,*,#944,.F.);
#1294=ORIENTED_EDGE('',*,*,#945,.F.);
#1295=ORIENTED_EDGE('',*,*,#943,.F.);
#1296=ORIENTED_EDGE('',*,*,#945,.T.);
#1297=ORIENTED_EDGE('',*,*,#946,.T.);
#1298=ORIENTED_EDGE('',*,*,#852,.T.);
#1299=ORIENTED_EDGE('',*,*,#946,.F.);
#1300=ORIENTED_EDGE('',*,*,#947,.T.);
#1301=ORIENTED_EDGE('',*,*,#948,.T.);
#1302=ORIENTED_EDGE('',*,*,#907,.T.);
#1303=ORIENTED_EDGE('',*,*,#948,.F.);
#1304=ORIENTED_EDGE('',*,*,#949,.F.);
#1305=ORIENTED_EDGE('',*,*,#947,.F.);
#1306=ORIENTED_EDGE('',*,*,#949,.T.);
#1307=ORIENTED_EDGE('',*,*,#950,.T.);
#1308=ORIENTED_EDGE('',*,*,#857,.T.);
#1309=ORIENTED_EDGE('',*,*,#950,.F.);
#1310=ORIENTED_EDGE('',*,*,#951,.T.);
#1311=ORIENTED_EDGE('',*,*,#952,.T.);
#1312=ORIENTED_EDGE('',*,*,#913,.T.);
#1313=ORIENTED_EDGE('',*,*,#952,.F.);
#1314=ORIENTED_EDGE('',*,*,#953,.F.);
#1315=ORIENTED_EDGE('',*,*,#951,.F.);
#1316=ORIENTED_EDGE('',*,*,#953,.T.);
#1317=ORIENTED_EDGE('',*,*,#954,.T.);
#1318=ORIENTED_EDGE('',*,*,#862,.T.);
#1319=ORIENTED_EDGE('',*,*,#954,.F.);
#1320=ORIENTED_EDGE('',*,*,#955,.T.);
#1321=ORIENTED_EDGE('',*,*,#956,.T.);
#1322=ORIENTED_EDGE('',*,*,#919,.T.);
#1323=ORIENTED_EDGE('',*,*,#956,.F.);
#1324=ORIENTED_EDGE('',*,*,#957,.F.);
#1325=ORIENTED_EDGE('',*,*,#955,.F.);
#1326=ORIENTED_EDGE('',*,*,#957,.T.);
#1327=ORIENTED_EDGE('',*,*,#958,.T.);
#1328=ORIENTED_EDGE('',*,*,#867,.T.);
#1329=ORIENTED_EDGE('',*,*,#958,.F.);
#1330=ORIENTED_EDGE('',*,*,#959,.T.);
#1331=ORIENTED_EDGE('',*,*,#960,.T.);
#1332=ORIENTED_EDGE('',*,*,#961,.T.);
#1333=ORIENTED_EDGE('',*,*,#835,.T.);
#1334=ORIENTED_EDGE('',*,*,#962,.T.);
#1335=ORIENTED_EDGE('',*,*,#836,.T.);
#1336=ORIENTED_EDGE('',*,*,#961,.F.);
#1337=ORIENTED_EDGE('',*,*,#963,.T.);
#1338=ORIENTED_EDGE('',*,*,#964,.T.);
#1339=ORIENTED_EDGE('',*,*,#837,.T.);
#1340=ORIENTED_EDGE('',*,*,#962,.F.);
#1341=ORIENTED_EDGE('',*,*,#965,.T.);
#1342=ORIENTED_EDGE('',*,*,#959,.F.);
#1343=ORIENTED_EDGE('',*,*,#838,.T.);
#1344=ORIENTED_EDGE('',*,*,#964,.F.);
#1345=ORIENTED_EDGE('',*,*,#966,.T.);
#1346=ORIENTED_EDGE('',*,*,#963,.F.);
#1347=ORIENTED_EDGE('',*,*,#967,.F.);
#1348=ORIENTED_EDGE('',*,*,#968,.F.);
#1349=ORIENTED_EDGE('',*,*,#969,.T.);
#1350=ORIENTED_EDGE('',*,*,#960,.F.);
#1351=ORIENTED_EDGE('',*,*,#970,.F.);
#1352=ORIENTED_EDGE('',*,*,#971,.F.);
#1353=ORIENTED_EDGE('',*,*,#967,.T.);
#1354=ORIENTED_EDGE('',*,*,#972,.T.);
#1355=ORIENTED_EDGE('',*,*,#973,.T.);
#1356=ORIENTED_EDGE('',*,*,#974,.T.);
#1357=ORIENTED_EDGE('',*,*,#971,.T.);
#1358=ORIENTED_EDGE('',*,*,#975,.T.);
#1359=ORIENTED_EDGE('',*,*,#968,.T.);
#1360=ORIENTED_EDGE('',*,*,#974,.F.);
#1361=ORIENTED_EDGE('',*,*,#976,.T.);
#1362=ORIENTED_EDGE('',*,*,#977,.T.);
#1363=ORIENTED_EDGE('',*,*,#978,.T.);
#1364=ORIENTED_EDGE('',*,*,#975,.F.);
#1365=ORIENTED_EDGE('',*,*,#979,.T.);
#1366=ORIENTED_EDGE('',*,*,#972,.F.);
#1367=ORIENTED_EDGE('',*,*,#980,.T.);
#1368=ORIENTED_EDGE('',*,*,#977,.F.);
#1369=ORIENTED_EDGE('',*,*,#981,.T.);
#1370=ORIENTED_EDGE('',*,*,#966,.F.);
#1371=ORIENTED_EDGE('',*,*,#982,.F.);
#1372=ORIENTED_EDGE('',*,*,#980,.F.);
#1373=ORIENTED_EDGE('',*,*,#970,.T.);
#1374=ORIENTED_EDGE('',*,*,#983,.F.);
#1375=ORIENTED_EDGE('',*,*,#984,.F.);
#1376=ORIENTED_EDGE('',*,*,#985,.F.);
#1377=ORIENTED_EDGE('',*,*,#986,.F.);
#1378=ORIENTED_EDGE('',*,*,#987,.F.);
#1379=ORIENTED_EDGE('',*,*,#988,.F.);
#1380=ORIENTED_EDGE('',*,*,#989,.F.);
#1381=ORIENTED_EDGE('',*,*,#990,.F.);
#1382=ORIENTED_EDGE('',*,*,#991,.F.);
#1383=ORIENTED_EDGE('',*,*,#992,.F.);
#1384=ORIENTED_EDGE('',*,*,#993,.F.);
#1385=ORIENTED_EDGE('',*,*,#994,.F.);
#1386=ORIENTED_EDGE('',*,*,#995,.F.);
#1387=ORIENTED_EDGE('',*,*,#973,.F.);
#1388=ORIENTED_EDGE('',*,*,#981,.F.);
#1389=ORIENTED_EDGE('',*,*,#979,.F.);
#1390=ORIENTED_EDGE('',*,*,#976,.F.);
#1391=ORIENTED_EDGE('',*,*,#996,.T.);
#1392=ORIENTED_EDGE('',*,*,#984,.T.);
#1393=ORIENTED_EDGE('',*,*,#997,.T.);
#1394=ORIENTED_EDGE('',*,*,#998,.T.);
#1395=ORIENTED_EDGE('',*,*,#999,.T.);
#1396=ORIENTED_EDGE('',*,*,#1000,.T.);
#1397=ORIENTED_EDGE('',*,*,#997,.F.);
#1398=ORIENTED_EDGE('',*,*,#987,.T.);
#1399=ORIENTED_EDGE('',*,*,#1001,.T.);
#1400=ORIENTED_EDGE('',*,*,#1002,.T.);
#1401=ORIENTED_EDGE('',*,*,#999,.F.);
#1402=ORIENTED_EDGE('',*,*,#986,.T.);
#1403=ORIENTED_EDGE('',*,*,#996,.F.);
#1404=ORIENTED_EDGE('',*,*,#1003,.T.);
#1405=ORIENTED_EDGE('',*,*,#1001,.F.);
#1406=ORIENTED_EDGE('',*,*,#985,.T.);
#1407=ORIENTED_EDGE('',*,*,#1003,.F.);
#1408=ORIENTED_EDGE('',*,*,#1004,.T.);
#1409=ORIENTED_EDGE('',*,*,#1005,.F.);
#1410=ORIENTED_EDGE('',*,*,#1006,.F.);
#1411=ORIENTED_EDGE('',*,*,#998,.F.);
#1412=ORIENTED_EDGE('',*,*,#1007,.T.);
#1413=ORIENTED_EDGE('',*,*,#1008,.F.);
#1414=ORIENTED_EDGE('',*,*,#1004,.F.);
#1415=ORIENTED_EDGE('',*,*,#1009,.T.);
#1416=ORIENTED_EDGE('',*,*,#1008,.T.);
#1417=ORIENTED_EDGE('',*,*,#1010,.T.);
#1418=ORIENTED_EDGE('',*,*,#823,.T.);
#1419=ORIENTED_EDGE('',*,*,#1011,.T.);
#1420=ORIENTED_EDGE('',*,*,#824,.T.);
#1421=ORIENTED_EDGE('',*,*,#1010,.F.);
#1422=ORIENTED_EDGE('',*,*,#1012,.T.);
#1423=ORIENTED_EDGE('',*,*,#1013,.T.);
#1424=ORIENTED_EDGE('',*,*,#825,.T.);
#1425=ORIENTED_EDGE('',*,*,#1011,.F.);
#1426=ORIENTED_EDGE('',*,*,#1014,.T.);
#1427=ORIENTED_EDGE('',*,*,#1009,.F.);
#1428=ORIENTED_EDGE('',*,*,#826,.T.);
#1429=ORIENTED_EDGE('',*,*,#1013,.F.);
#1430=ORIENTED_EDGE('',*,*,#1005,.T.);
#1431=ORIENTED_EDGE('',*,*,#1000,.F.);
#1432=ORIENTED_EDGE('',*,*,#1015,.T.);
#1433=ORIENTED_EDGE('',*,*,#1012,.F.);
#1434=ORIENTED_EDGE('',*,*,#1007,.F.);
#1435=ORIENTED_EDGE('',*,*,#1016,.T.);
#1436=ORIENTED_EDGE('',*,*,#992,.T.);
#1437=ORIENTED_EDGE('',*,*,#1017,.T.);
#1438=ORIENTED_EDGE('',*,*,#1018,.T.);
#1439=ORIENTED_EDGE('',*,*,#1019,.T.);
#1440=ORIENTED_EDGE('',*,*,#1020,.T.);
#1441=ORIENTED_EDGE('',*,*,#1017,.F.);
#1442=ORIENTED_EDGE('',*,*,#995,.T.);
#1443=ORIENTED_EDGE('',*,*,#1021,.T.);
#1444=ORIENTED_EDGE('',*,*,#1022,.T.);
#1445=ORIENTED_EDGE('',*,*,#1019,.F.);
#1446=ORIENTED_EDGE('',*,*,#994,.T.);
#1447=ORIENTED_EDGE('',*,*,#1016,.F.);
#1448=ORIENTED_EDGE('',*,*,#1023,.T.);
#1449=ORIENTED_EDGE('',*,*,#1021,.F.);
#1450=ORIENTED_EDGE('',*,*,#993,.T.);
#1451=ORIENTED_EDGE('',*,*,#1023,.F.);
#1452=ORIENTED_EDGE('',*,*,#1024,.T.);
#1453=ORIENTED_EDGE('',*,*,#1025,.F.);
#1454=ORIENTED_EDGE('',*,*,#1026,.F.);
#1455=ORIENTED_EDGE('',*,*,#1018,.F.);
#1456=ORIENTED_EDGE('',*,*,#1027,.T.);
#1457=ORIENTED_EDGE('',*,*,#1028,.F.);
#1458=ORIENTED_EDGE('',*,*,#1024,.F.);
#1459=ORIENTED_EDGE('',*,*,#1029,.T.);
#1460=ORIENTED_EDGE('',*,*,#1030,.T.);
#1461=ORIENTED_EDGE('',*,*,#1031,.T.);
#1462=ORIENTED_EDGE('',*,*,#831,.T.);
#1463=ORIENTED_EDGE('',*,*,#1032,.T.);
#1464=ORIENTED_EDGE('',*,*,#832,.T.);
#1465=ORIENTED_EDGE('',*,*,#1031,.F.);
#1466=ORIENTED_EDGE('',*,*,#1025,.T.);
#1467=ORIENTED_EDGE('',*,*,#1033,.T.);
#1468=ORIENTED_EDGE('',*,*,#833,.T.);
#1469=ORIENTED_EDGE('',*,*,#1032,.F.);
#1470=ORIENTED_EDGE('',*,*,#1028,.T.);
#1471=ORIENTED_EDGE('',*,*,#1029,.F.);
#1472=ORIENTED_EDGE('',*,*,#834,.T.);
#1473=ORIENTED_EDGE('',*,*,#1033,.F.);
#1474=ORIENTED_EDGE('',*,*,#1034,.T.);
#1475=ORIENTED_EDGE('',*,*,#1022,.F.);
#1476=ORIENTED_EDGE('',*,*,#1026,.T.);
#1477=ORIENTED_EDGE('',*,*,#1030,.F.);
#1478=ORIENTED_EDGE('',*,*,#1035,.F.);
#1479=ORIENTED_EDGE('',*,*,#1036,.T.);
#1480=ORIENTED_EDGE('',*,*,#988,.T.);
#1481=ORIENTED_EDGE('',*,*,#1037,.T.);
#1482=ORIENTED_EDGE('',*,*,#1038,.T.);
#1483=ORIENTED_EDGE('',*,*,#1039,.T.);
#1484=ORIENTED_EDGE('',*,*,#1040,.T.);
#1485=ORIENTED_EDGE('',*,*,#1037,.F.);
#1486=ORIENTED_EDGE('',*,*,#991,.T.);
#1487=ORIENTED_EDGE('',*,*,#1041,.T.);
#1488=ORIENTED_EDGE('',*,*,#1042,.T.);
#1489=ORIENTED_EDGE('',*,*,#1039,.F.);
#1490=ORIENTED_EDGE('',*,*,#990,.T.);
#1491=ORIENTED_EDGE('',*,*,#1036,.F.);
#1492=ORIENTED_EDGE('',*,*,#1043,.T.);
#1493=ORIENTED_EDGE('',*,*,#1041,.F.);
#1494=ORIENTED_EDGE('',*,*,#989,.T.);
#1495=ORIENTED_EDGE('',*,*,#1043,.F.);
#1496=ORIENTED_EDGE('',*,*,#1044,.T.);
#1497=ORIENTED_EDGE('',*,*,#1045,.F.);
#1498=ORIENTED_EDGE('',*,*,#1046,.F.);
#1499=ORIENTED_EDGE('',*,*,#1038,.F.);
#1500=ORIENTED_EDGE('',*,*,#1047,.T.);
#1501=ORIENTED_EDGE('',*,*,#1048,.F.);
#1502=ORIENTED_EDGE('',*,*,#1044,.F.);
#1503=ORIENTED_EDGE('',*,*,#1049,.T.);
#1504=ORIENTED_EDGE('',*,*,#1048,.T.);
#1505=ORIENTED_EDGE('',*,*,#1050,.T.);
#1506=ORIENTED_EDGE('',*,*,#827,.T.);
#1507=ORIENTED_EDGE('',*,*,#1051,.T.);
#1508=ORIENTED_EDGE('',*,*,#828,.T.);
#1509=ORIENTED_EDGE('',*,*,#1050,.F.);
#1510=ORIENTED_EDGE('',*,*,#1052,.T.);
#1511=ORIENTED_EDGE('',*,*,#1053,.T.);
#1512=ORIENTED_EDGE('',*,*,#829,.T.);
#1513=ORIENTED_EDGE('',*,*,#1051,.F.);
#1514=ORIENTED_EDGE('',*,*,#1054,.T.);
#1515=ORIENTED_EDGE('',*,*,#1049,.F.);
#1516=ORIENTED_EDGE('',*,*,#830,.T.);
#1517=ORIENTED_EDGE('',*,*,#1053,.F.);
#1518=ORIENTED_EDGE('',*,*,#1045,.T.);
#1519=ORIENTED_EDGE('',*,*,#1040,.F.);
#1520=ORIENTED_EDGE('',*,*,#1055,.T.);
#1521=ORIENTED_EDGE('',*,*,#1052,.F.);
#1522=ORIENTED_EDGE('',*,*,#1047,.F.);
#1523=ORIENTED_EDGE('',*,*,#1042,.F.);
#1524=ORIENTED_EDGE('',*,*,#1046,.T.);
#1525=ORIENTED_EDGE('',*,*,#1054,.F.);
#1526=ORIENTED_EDGE('',*,*,#1055,.F.);
#1527=ORIENTED_EDGE('',*,*,#1002,.F.);
#1528=ORIENTED_EDGE('',*,*,#1006,.T.);
#1529=ORIENTED_EDGE('',*,*,#1014,.F.);
#1530=ORIENTED_EDGE('',*,*,#1015,.F.);
#1531=ORIENTED_EDGE('',*,*,#965,.F.);
#1532=ORIENTED_EDGE('',*,*,#969,.F.);
#1533=ORIENTED_EDGE('',*,*,#978,.F.);
#1534=ORIENTED_EDGE('',*,*,#982,.T.);
#1535=ORIENTED_EDGE('',*,*,#1020,.F.);
#1536=ORIENTED_EDGE('',*,*,#1035,.T.);
#1537=ORIENTED_EDGE('',*,*,#1034,.F.);
#1538=ORIENTED_EDGE('',*,*,#1027,.F.);
#1539=ORIENTED_EDGE('',*,*,#818,.F.);
#1540=ORIENTED_EDGE('',*,*,#1056,.T.);
#1541=ORIENTED_EDGE('',*,*,#983,.T.);
#1542=ORIENTED_EDGE('',*,*,#1056,.F.);
#1543=TOROIDAL_SURFACE('',#1729,11.,3.);
#1544=TOROIDAL_SURFACE('',#1753,11.,3.);
#1545=TOROIDAL_SURFACE('',#1759,11.,3.);
#1546=TOROIDAL_SURFACE('',#1765,11.,3.);
#1547=TOROIDAL_SURFACE('',#1771,11.,3.);
#1548=TOROIDAL_SURFACE('',#1777,11.,3.);
#1549=TOROIDAL_SURFACE('',#1783,11.,3.);
#1550=TOROIDAL_SURFACE('',#1789,11.,3.);
#1551=TOROIDAL_SURFACE('',#1795,4.49999999999994,0.5);
#1552=TOROIDAL_SURFACE('',#1803,4.49999999999994,0.5);
#1553=TOROIDAL_SURFACE('',#1811,4.49999999999994,0.5);
#1554=TOROIDAL_SURFACE('',#1819,4.49999999999993,0.5);
#1555=TOROIDAL_SURFACE('',#1827,4.49999999999993,0.5);
#1556=TOROIDAL_SURFACE('',#1835,4.49999999999996,0.5);
#1557=TOROIDAL_SURFACE('',#1843,4.49999999999996,0.5);
#1558=TOROIDAL_SURFACE('',#1851,4.49999999999994,0.5);
#1559=TOROIDAL_SURFACE('',#1859,5.49999999999994,0.5);
#1560=TOROIDAL_SURFACE('',#1864,7.5,0.5);
#1561=TOROIDAL_SURFACE('',#1866,5.49999999999994,0.5);
#1562=TOROIDAL_SURFACE('',#1871,7.5,0.5);
#1563=TOROIDAL_SURFACE('',#1873,5.49999999999994,0.5);
#1564=TOROIDAL_SURFACE('',#1878,7.5,0.5);
#1565=TOROIDAL_SURFACE('',#1880,5.49999999999994,0.5);
#1566=TOROIDAL_SURFACE('',#1885,7.5,0.5);
#1567=TOROIDAL_SURFACE('',#1887,5.49999999999993,0.5);
#1568=TOROIDAL_SURFACE('',#1892,7.5,0.5);
#1569=TOROIDAL_SURFACE('',#1894,5.49999999999993,0.5);
#1570=TOROIDAL_SURFACE('',#1899,7.5,0.5);
#1571=TOROIDAL_SURFACE('',#1901,5.49999999999996,0.5);
#1572=TOROIDAL_SURFACE('',#1906,7.5,0.5);
#1573=TOROIDAL_SURFACE('',#1908,5.49999999999996,0.5);
#1574=TOROIDAL_SURFACE('',#1913,7.5,0.5);
#1575=TOROIDAL_SURFACE('',#1915,2.7,0.5);
#1576=TOROIDAL_SURFACE('',#1921,2.7,0.5);
#1577=TOROIDAL_SURFACE('',#1928,2.7,0.5);
#1578=TOROIDAL_SURFACE('',#1934,2.7,0.5);
#1579=TOROIDAL_SURFACE('',#1948,2.7,0.5);
#1580=TOROIDAL_SURFACE('',#1954,2.7,0.5);
#1581=TOROIDAL_SURFACE('',#1961,2.7,0.5);
#1582=TOROIDAL_SURFACE('',#1966,2.7,0.5);
#1583=TOROIDAL_SURFACE('',#1971,2.7,0.5);
#1584=TOROIDAL_SURFACE('',#1977,2.7,0.5);
#1585=TOROIDAL_SURFACE('',#1984,2.7,0.5);
#1586=TOROIDAL_SURFACE('',#1990,2.7,0.5);
#1587=TOROIDAL_SURFACE('',#1994,2.7,0.5);
#1588=TOROIDAL_SURFACE('',#2000,2.7,0.5);
#1589=TOROIDAL_SURFACE('',#2007,2.7,0.5);
#1590=TOROIDAL_SURFACE('',#2012,2.7,0.5);
#1591=ADVANCED_FACE('',(#236),#1543,.F.);
#1592=ADVANCED_FACE('',(#237,#186,#187,#188,#189,#190,#191,#192,#193,#194,
#195,#196,#197),#210,.T.);
#1593=ADVANCED_FACE('',(#238),#15,.T.);
#1594=ADVANCED_FACE('',(#239),#1544,.F.);
#1595=ADVANCED_FACE('',(#240),#16,.T.);
#1596=ADVANCED_FACE('',(#241),#1545,.F.);
#1597=ADVANCED_FACE('',(#242),#17,.T.);
#1598=ADVANCED_FACE('',(#243),#1546,.F.);
#1599=ADVANCED_FACE('',(#244),#18,.T.);
#1600=ADVANCED_FACE('',(#245),#1547,.F.);
#1601=ADVANCED_FACE('',(#246),#19,.T.);
#1602=ADVANCED_FACE('',(#247),#1548,.F.);
#1603=ADVANCED_FACE('',(#248),#20,.T.);
#1604=ADVANCED_FACE('',(#249),#1549,.F.);
#1605=ADVANCED_FACE('',(#250),#21,.T.);
#1606=ADVANCED_FACE('',(#251),#1550,.F.);
#1607=ADVANCED_FACE('',(#252),#22,.T.);
#1608=ADVANCED_FACE('',(#253),#1551,.F.);
#1609=ADVANCED_FACE('',(#254),#23,.F.);
#1610=ADVANCED_FACE('',(#255),#211,.T.);
#1611=ADVANCED_FACE('',(#256),#1552,.F.);
#1612=ADVANCED_FACE('',(#257),#24,.F.);
#1613=ADVANCED_FACE('',(#258),#212,.T.);
#1614=ADVANCED_FACE('',(#259),#1553,.F.);
#1615=ADVANCED_FACE('',(#260),#25,.F.);
#1616=ADVANCED_FACE('',(#261),#213,.T.);
#1617=ADVANCED_FACE('',(#262),#1554,.F.);
#1618=ADVANCED_FACE('',(#263),#26,.F.);
#1619=ADVANCED_FACE('',(#264),#214,.T.);
#1620=ADVANCED_FACE('',(#265),#1555,.F.);
#1621=ADVANCED_FACE('',(#266),#27,.F.);
#1622=ADVANCED_FACE('',(#267),#215,.T.);
#1623=ADVANCED_FACE('',(#268),#1556,.F.);
#1624=ADVANCED_FACE('',(#269),#28,.F.);
#1625=ADVANCED_FACE('',(#270),#216,.T.);
#1626=ADVANCED_FACE('',(#271),#1557,.F.);
#1627=ADVANCED_FACE('',(#272),#29,.F.);
#1628=ADVANCED_FACE('',(#273),#217,.T.);
#1629=ADVANCED_FACE('',(#274),#1558,.F.);
#1630=ADVANCED_FACE('',(#275),#30,.F.);
#1631=ADVANCED_FACE('',(#276),#218,.T.);
#1632=ADVANCED_FACE('',(#277),#1559,.T.);
#1633=ADVANCED_FACE('',(#278,#198),#219,.T.);
#1634=ADVANCED_FACE('',(#279),#1560,.T.);
#1635=ADVANCED_FACE('',(#280),#1561,.T.);
#1636=ADVANCED_FACE('',(#281,#199),#220,.T.);
#1637=ADVANCED_FACE('',(#282),#1562,.T.);
#1638=ADVANCED_FACE('',(#283),#1563,.T.);
#1639=ADVANCED_FACE('',(#284,#200),#221,.T.);
#1640=ADVANCED_FACE('',(#285),#1564,.T.);
#1641=ADVANCED_FACE('',(#286),#1565,.T.);
#1642=ADVANCED_FACE('',(#287,#201),#222,.T.);
#1643=ADVANCED_FACE('',(#288),#1566,.T.);
#1644=ADVANCED_FACE('',(#289),#1567,.T.);
#1645=ADVANCED_FACE('',(#290,#202),#223,.T.);
#1646=ADVANCED_FACE('',(#291),#1568,.T.);
#1647=ADVANCED_FACE('',(#292),#1569,.T.);
#1648=ADVANCED_FACE('',(#293,#203),#224,.T.);
#1649=ADVANCED_FACE('',(#294),#1570,.T.);
#1650=ADVANCED_FACE('',(#295),#1571,.T.);
#1651=ADVANCED_FACE('',(#296,#204),#225,.T.);
#1652=ADVANCED_FACE('',(#297),#1572,.T.);
#1653=ADVANCED_FACE('',(#298),#1573,.T.);
#1654=ADVANCED_FACE('',(#299,#205),#226,.T.);
#1655=ADVANCED_FACE('',(#300),#1574,.T.);
#1656=ADVANCED_FACE('',(#301),#1575,.T.);
#1657=ADVANCED_FACE('',(#302),#31,.T.);
#1658=ADVANCED_FACE('',(#303),#1576,.T.);
#1659=ADVANCED_FACE('',(#304),#32,.T.);
#1660=ADVANCED_FACE('',(#305),#227,.T.);
#1661=ADVANCED_FACE('',(#306),#33,.F.);
#1662=ADVANCED_FACE('',(#307),#1577,.T.);
#1663=ADVANCED_FACE('',(#308),#34,.T.);
#1664=ADVANCED_FACE('',(#309),#1578,.T.);
#1665=ADVANCED_FACE('',(#310),#35,.T.);
#1666=ADVANCED_FACE('',(#311),#228,.T.);
#1667=ADVANCED_FACE('',(#312,#206,#207,#208,#209),#229,.F.);
#1668=ADVANCED_FACE('',(#313),#1579,.T.);
#1669=ADVANCED_FACE('',(#314),#36,.T.);
#1670=ADVANCED_FACE('',(#315),#1580,.T.);
#1671=ADVANCED_FACE('',(#316),#37,.T.);
#1672=ADVANCED_FACE('',(#317),#230,.T.);
#1673=ADVANCED_FACE('',(#318),#38,.F.);
#1674=ADVANCED_FACE('',(#319),#1581,.T.);
#1675=ADVANCED_FACE('',(#320),#39,.T.);
#1676=ADVANCED_FACE('',(#321),#1582,.T.);
#1677=ADVANCED_FACE('',(#322),#40,.T.);
#1678=ADVANCED_FACE('',(#323),#231,.T.);
#1679=ADVANCED_FACE('',(#324),#1583,.T.);
#1680=ADVANCED_FACE('',(#325),#41,.T.);
#1681=ADVANCED_FACE('',(#326),#1584,.T.);
#1682=ADVANCED_FACE('',(#327),#42,.T.);
#1683=ADVANCED_FACE('',(#328),#232,.T.);
#1684=ADVANCED_FACE('',(#329),#43,.F.);
#1685=ADVANCED_FACE('',(#330),#1585,.T.);
#1686=ADVANCED_FACE('',(#331),#44,.T.);
#1687=ADVANCED_FACE('',(#332),#1586,.T.);
#1688=ADVANCED_FACE('',(#333),#45,.T.);
#1689=ADVANCED_FACE('',(#334),#46,.F.);
#1690=ADVANCED_FACE('',(#335),#1587,.T.);
#1691=ADVANCED_FACE('',(#336),#47,.T.);
#1692=ADVANCED_FACE('',(#337),#1588,.T.);
#1693=ADVANCED_FACE('',(#338),#48,.T.);
#1694=ADVANCED_FACE('',(#339),#233,.T.);
#1695=ADVANCED_FACE('',(#340),#49,.F.);
#1696=ADVANCED_FACE('',(#341),#1589,.T.);
#1697=ADVANCED_FACE('',(#342),#50,.T.);
#1698=ADVANCED_FACE('',(#343),#1590,.T.);
#1699=ADVANCED_FACE('',(#344),#51,.T.);
#1700=ADVANCED_FACE('',(#345),#234,.T.);
#1701=ADVANCED_FACE('',(#346),#52,.F.);
#1702=ADVANCED_FACE('',(#347),#53,.F.);
#1703=ADVANCED_FACE('',(#348),#54,.F.);
#1704=ADVANCED_FACE('',(#349),#235,.T.);
#1705=ADVANCED_FACE('',(#350),#55,.T.);
#1706=CLOSED_SHELL('',(#1591,#1592,#1593,#1594,#1595,#1596,#1597,#1598,
#1599,#1600,#1601,#1602,#1603,#1604,#1605,#1606,#1607,#1608,#1609,#1610,
#1611,#1612,#1613,#1614,#1615,#1616,#1617,#1618,#1619,#1620,#1621,#1622,
#1623,#1624,#1625,#1626,#1627,#1628,#1629,#1630,#1631,#1632,#1633,#1634,
#1635,#1636,#1637,#1638,#1639,#1640,#1641,#1642,#1643,#1644,#1645,#1646,
#1647,#1648,#1649,#1650,#1651,#1652,#1653,#1654,#1655,#1656,#1657,#1658,
#1659,#1660,#1661,#1662,#1663,#1664,#1665,#1666,#1667,#1668,#1669,#1670,
#1671,#1672,#1673,#1674,#1675,#1676,#1677,#1678,#1679,#1680,#1681,#1682,
#1683,#1684,#1685,#1686,#1687,#1688,#1689,#1690,#1691,#1692,#1693,#1694,
#1695,#1696,#1697,#1698,#1699,#1700,#1701,#1702,#1703,#1704,#1705));
#1707=DERIVED_UNIT_ELEMENT(#1710,1.);
#1708=DERIVED_UNIT_ELEMENT(#3185,-3.);
#1709=DIMENSIONAL_EXPONENTS(0.,1.,0.,0.,0.,0.,0.);
#1710=(
CONVERSION_BASED_UNIT('gram',#1712)
MASS_UNIT()
NAMED_UNIT(#1709)
);
#1711=(
MASS_UNIT()
NAMED_UNIT(*)
SI_UNIT(.KILO.,.GRAM.)
);
#1712=MASS_MEASURE_WITH_UNIT(MASS_MEASURE(0.001),#1711);
#1713=DERIVED_UNIT((#1707,#1708));
#1714=MEASURE_REPRESENTATION_ITEM('density measure',
POSITIVE_RATIO_MEASURE(1.),#1713);
#1715=PROPERTY_DEFINITION_REPRESENTATION(#1720,#1717);
#1716=PROPERTY_DEFINITION_REPRESENTATION(#1721,#1718);
#1717=REPRESENTATION('material name',(#1719),#3182);
#1718=REPRESENTATION('density',(#1714),#3182);
#1719=DESCRIPTIVE_REPRESENTATION_ITEM('Generic','Generic');
#1720=PROPERTY_DEFINITION('material property','material name',#3192);
#1721=PROPERTY_DEFINITION('material property','density of part',#3192);
#1722=DATE_TIME_ROLE('creation_date');
#1723=APPLIED_DATE_AND_TIME_ASSIGNMENT(#1724,#1722,(#3192));
#1724=DATE_AND_TIME(#1725,#1726);
#1725=CALENDAR_DATE(2026,26,6);
#1726=LOCAL_TIME(0,0,0.,#1727);
#1727=COORDINATED_UNIVERSAL_TIME_OFFSET(0,0,.BEHIND.);
#1728=AXIS2_PLACEMENT_3D('',#2675,#2022,#2023);
#1729=AXIS2_PLACEMENT_3D('',#2676,#2024,#2025);
#1730=AXIS2_PLACEMENT_3D('',#2679,#2026,#2027);
#1731=AXIS2_PLACEMENT_3D('',#2680,#2028,#2029);
#1732=AXIS2_PLACEMENT_3D('',#2682,#2030,#2031);
#1733=AXIS2_PLACEMENT_3D('',#2683,#2032,#2033);
#1734=AXIS2_PLACEMENT_3D('',#2684,#2034,#2035);
#1735=AXIS2_PLACEMENT_3D('',#2686,#2036,#2037);
#1736=AXIS2_PLACEMENT_3D('',#2688,#2038,#2039);
#1737=AXIS2_PLACEMENT_3D('',#2690,#2040,#2041);
#1738=AXIS2_PLACEMENT_3D('',#2692,#2042,#2043);
#1739=AXIS2_PLACEMENT_3D('',#2694,#2044,#2045);
#1740=AXIS2_PLACEMENT_3D('',#2697,#2046,#2047);
#1741=AXIS2_PLACEMENT_3D('',#2701,#2049,#2050);
#1742=AXIS2_PLACEMENT_3D('',#2705,#2052,#2053);
#1743=AXIS2_PLACEMENT_3D('',#2709,#2055,#2056);
#1744=AXIS2_PLACEMENT_3D('',#2713,#2058,#2059);
#1745=AXIS2_PLACEMENT_3D('',#2717,#2061,#2062);
#1746=AXIS2_PLACEMENT_3D('',#2721,#2064,#2065);
#1747=AXIS2_PLACEMENT_3D('',#2725,#2067,#2068);
#1748=AXIS2_PLACEMENT_3D('',#2728,#2070,#2071);
#1749=AXIS2_PLACEMENT_3D('',#2730,#2072,#2073);
#1750=AXIS2_PLACEMENT_3D('',#2732,#2074,#2075);
#1751=AXIS2_PLACEMENT_3D('',#2733,#2076,#2077);
#1752=AXIS2_PLACEMENT_3D('',#2735,#2078,#2079);
#1753=AXIS2_PLACEMENT_3D('',#2737,#2081,#2082);
#1754=AXIS2_PLACEMENT_3D('',#2740,#2083,#2084);
#1755=AXIS2_PLACEMENT_3D('',#2741,#2085,#2086);
#1756=AXIS2_PLACEMENT_3D('',#2742,#2087,#2088);
#1757=AXIS2_PLACEMENT_3D('',#2743,#2089,#2090);
#1758=AXIS2_PLACEMENT_3D('',#2745,#2091,#2092);
#1759=AXIS2_PLACEMENT_3D('',#2747,#2094,#2095);
#1760=AXIS2_PLACEMENT_3D('',#2750,#2096,#2097);
#1761=AXIS2_PLACEMENT_3D('',#2751,#2098,#2099);
#1762=AXIS2_PLACEMENT_3D('',#2752,#2100,#2101);
#1763=AXIS2_PLACEMENT_3D('',#2753,#2102,#2103);
#1764=AXIS2_PLACEMENT_3D('',#2755,#2104,#2105);
#1765=AXIS2_PLACEMENT_3D('',#2757,#2107,#2108);
#1766=AXIS2_PLACEMENT_3D('',#2760,#2109,#2110);
#1767=AXIS2_PLACEMENT_3D('',#2761,#2111,#2112);
#1768=AXIS2_PLACEMENT_3D('',#2762,#2113,#2114);
#1769=AXIS2_PLACEMENT_3D('',#2763,#2115,#2116);
#1770=AXIS2_PLACEMENT_3D('',#2765,#2117,#2118);
#1771=AXIS2_PLACEMENT_3D('',#2767,#2120,#2121);
#1772=AXIS2_PLACEMENT_3D('',#2770,#2122,#2123);
#1773=AXIS2_PLACEMENT_3D('',#2771,#2124,#2125);
#1774=AXIS2_PLACEMENT_3D('',#2772,#2126,#2127);
#1775=AXIS2_PLACEMENT_3D('',#2773,#2128,#2129);
#1776=AXIS2_PLACEMENT_3D('',#2775,#2130,#2131);
#1777=AXIS2_PLACEMENT_3D('',#2777,#2133,#2134);
#1778=AXIS2_PLACEMENT_3D('',#2780,#2135,#2136);
#1779=AXIS2_PLACEMENT_3D('',#2781,#2137,#2138);
#1780=AXIS2_PLACEMENT_3D('',#2782,#2139,#2140);
#1781=AXIS2_PLACEMENT_3D('',#2783,#2141,#2142);
#1782=AXIS2_PLACEMENT_3D('',#2785,#2143,#2144);
#1783=AXIS2_PLACEMENT_3D('',#2787,#2146,#2147);
#1784=AXIS2_PLACEMENT_3D('',#2790,#2148,#2149);
#1785=AXIS2_PLACEMENT_3D('',#2791,#2150,#2151);
#1786=AXIS2_PLACEMENT_3D('',#2792,#2152,#2153);
#1787=AXIS2_PLACEMENT_3D('',#2793,#2154,#2155);
#1788=AXIS2_PLACEMENT_3D('',#2795,#2156,#2157);
#1789=AXIS2_PLACEMENT_3D('',#2797,#2159,#2160);
#1790=AXIS2_PLACEMENT_3D('',#2800,#2161,#2162);
#1791=AXIS2_PLACEMENT_3D('',#2801,#2163,#2164);
#1792=AXIS2_PLACEMENT_3D('',#2802,#2165,#2166);
#1793=AXIS2_PLACEMENT_3D('',#2803,#2167,#2168);
#1794=AXIS2_PLACEMENT_3D('',#2805,#2169,#2170);
#1795=AXIS2_PLACEMENT_3D('',#2807,#2172,#2173);
#1796=AXIS2_PLACEMENT_3D('',#2810,#2174,#2175);
#1797=AXIS2_PLACEMENT_3D('',#2812,#2176,#2177);
#1798=AXIS2_PLACEMENT_3D('',#2813,#2178,#2179);
#1799=AXIS2_PLACEMENT_3D('',#2814,#2180,#2181);
#1800=AXIS2_PLACEMENT_3D('',#2815,#2182,#2183);
#1801=AXIS2_PLACEMENT_3D('',#2817,#2184,#2185);
#1802=AXIS2_PLACEMENT_3D('',#2819,#2187,#2188);
#1803=AXIS2_PLACEMENT_3D('',#2820,#2189,#2190);
#1804=AXIS2_PLACEMENT_3D('',#2823,#2191,#2192);
#1805=AXIS2_PLACEMENT_3D('',#2825,#2193,#2194);
#1806=AXIS2_PLACEMENT_3D('',#2826,#2195,#2196);
#1807=AXIS2_PLACEMENT_3D('',#2827,#2197,#2198);
#1808=AXIS2_PLACEMENT_3D('',#2828,#2199,#2200);
#1809=AXIS2_PLACEMENT_3D('',#2830,#2201,#2202);
#1810=AXIS2_PLACEMENT_3D('',#2832,#2204,#2205);
#1811=AXIS2_PLACEMENT_3D('',#2833,#2206,#2207);
#1812=AXIS2_PLACEMENT_3D('',#2836,#2208,#2209);
#1813=AXIS2_PLACEMENT_3D('',#2838,#2210,#2211);
#1814=AXIS2_PLACEMENT_3D('',#2839,#2212,#2213);
#1815=AXIS2_PLACEMENT_3D('',#2840,#2214,#2215);
#1816=AXIS2_PLACEMENT_3D('',#2841,#2216,#2217);
#1817=AXIS2_PLACEMENT_3D('',#2843,#2218,#2219);
#1818=AXIS2_PLACEMENT_3D('',#2845,#2221,#2222);
#1819=AXIS2_PLACEMENT_3D('',#2846,#2223,#2224);
#1820=AXIS2_PLACEMENT_3D('',#2849,#2225,#2226);
#1821=AXIS2_PLACEMENT_3D('',#2851,#2227,#2228);
#1822=AXIS2_PLACEMENT_3D('',#2852,#2229,#2230);
#1823=AXIS2_PLACEMENT_3D('',#2853,#2231,#2232);
#1824=AXIS2_PLACEMENT_3D('',#2854,#2233,#2234);
#1825=AXIS2_PLACEMENT_3D('',#2856,#2235,#2236);
#1826=AXIS2_PLACEMENT_3D('',#2858,#2238,#2239);
#1827=AXIS2_PLACEMENT_3D('',#2859,#2240,#2241);
#1828=AXIS2_PLACEMENT_3D('',#2862,#2242,#2243);
#1829=AXIS2_PLACEMENT_3D('',#2864,#2244,#2245);
#1830=AXIS2_PLACEMENT_3D('',#2865,#2246,#2247);
#1831=AXIS2_PLACEMENT_3D('',#2866,#2248,#2249);
#1832=AXIS2_PLACEMENT_3D('',#2867,#2250,#2251);
#1833=AXIS2_PLACEMENT_3D('',#2869,#2252,#2253);
#1834=AXIS2_PLACEMENT_3D('',#2871,#2255,#2256);
#1835=AXIS2_PLACEMENT_3D('',#2872,#2257,#2258);
#1836=AXIS2_PLACEMENT_3D('',#2875,#2259,#2260);
#1837=AXIS2_PLACEMENT_3D('',#2877,#2261,#2262);
#1838=AXIS2_PLACEMENT_3D('',#2878,#2263,#2264);
#1839=AXIS2_PLACEMENT_3D('',#2879,#2265,#2266);
#1840=AXIS2_PLACEMENT_3D('',#2880,#2267,#2268);
#1841=AXIS2_PLACEMENT_3D('',#2882,#2269,#2270);
#1842=AXIS2_PLACEMENT_3D('',#2884,#2272,#2273);
#1843=AXIS2_PLACEMENT_3D('',#2885,#2274,#2275);
#1844=AXIS2_PLACEMENT_3D('',#2888,#2276,#2277);
#1845=AXIS2_PLACEMENT_3D('',#2890,#2278,#2279);
#1846=AXIS2_PLACEMENT_3D('',#2891,#2280,#2281);
#1847=AXIS2_PLACEMENT_3D('',#2892,#2282,#2283);
#1848=AXIS2_PLACEMENT_3D('',#2893,#2284,#2285);
#1849=AXIS2_PLACEMENT_3D('',#2895,#2286,#2287);
#1850=AXIS2_PLACEMENT_3D('',#2897,#2289,#2290);
#1851=AXIS2_PLACEMENT_3D('',#2898,#2291,#2292);
#1852=AXIS2_PLACEMENT_3D('',#2901,#2293,#2294);
#1853=AXIS2_PLACEMENT_3D('',#2903,#2295,#2296);
#1854=AXIS2_PLACEMENT_3D('',#2904,#2297,#2298);
#1855=AXIS2_PLACEMENT_3D('',#2905,#2299,#2300);
#1856=AXIS2_PLACEMENT_3D('',#2906,#2301,#2302);
#1857=AXIS2_PLACEMENT_3D('',#2908,#2303,#2304);
#1858=AXIS2_PLACEMENT_3D('',#2910,#2306,#2307);
#1859=AXIS2_PLACEMENT_3D('',#2911,#2308,#2309);
#1860=AXIS2_PLACEMENT_3D('',#2913,#2310,#2311);
#1861=AXIS2_PLACEMENT_3D('',#2914,#2312,#2313);
#1862=AXIS2_PLACEMENT_3D('',#2915,#2314,#2315);
#1863=AXIS2_PLACEMENT_3D('',#2917,#2316,#2317);
#1864=AXIS2_PLACEMENT_3D('',#2918,#2318,#2319);
#1865=AXIS2_PLACEMENT_3D('',#2919,#2320,#2321);
#1866=AXIS2_PLACEMENT_3D('',#2920,#2322,#2323);
#1867=AXIS2_PLACEMENT_3D('',#2922,#2324,#2325);
#1868=AXIS2_PLACEMENT_3D('',#2923,#2326,#2327);
#1869=AXIS2_PLACEMENT_3D('',#2924,#2328,#2329);
#1870=AXIS2_PLACEMENT_3D('',#2926,#2330,#2331);
#1871=AXIS2_PLACEMENT_3D('',#2927,#2332,#2333);
#1872=AXIS2_PLACEMENT_3D('',#2928,#2334,#2335);
#1873=AXIS2_PLACEMENT_3D('',#2929,#2336,#2337);
#1874=AXIS2_PLACEMENT_3D('',#2931,#2338,#2339);
#1875=AXIS2_PLACEMENT_3D('',#2932,#2340,#2341);
#1876=AXIS2_PLACEMENT_3D('',#2933,#2342,#2343);
#1877=AXIS2_PLACEMENT_3D('',#2935,#2344,#2345);
#1878=AXIS2_PLACEMENT_3D('',#2936,#2346,#2347);
#1879=AXIS2_PLACEMENT_3D('',#2937,#2348,#2349);
#1880=AXIS2_PLACEMENT_3D('',#2938,#2350,#2351);
#1881=AXIS2_PLACEMENT_3D('',#2940,#2352,#2353);
#1882=AXIS2_PLACEMENT_3D('',#2941,#2354,#2355);
#1883=AXIS2_PLACEMENT_3D('',#2942,#2356,#2357);
#1884=AXIS2_PLACEMENT_3D('',#2944,#2358,#2359);
#1885=AXIS2_PLACEMENT_3D('',#2945,#2360,#2361);
#1886=AXIS2_PLACEMENT_3D('',#2946,#2362,#2363);
#1887=AXIS2_PLACEMENT_3D('',#2947,#2364,#2365);
#1888=AXIS2_PLACEMENT_3D('',#2949,#2366,#2367);
#1889=AXIS2_PLACEMENT_3D('',#2950,#2368,#2369);
#1890=AXIS2_PLACEMENT_3D('',#2951,#2370,#2371);
#1891=AXIS2_PLACEMENT_3D('',#2953,#2372,#2373);
#1892=AXIS2_PLACEMENT_3D('',#2954,#2374,#2375);
#1893=AXIS2_PLACEMENT_3D('',#2955,#2376,#2377);
#1894=AXIS2_PLACEMENT_3D('',#2956,#2378,#2379);
#1895=AXIS2_PLACEMENT_3D('',#2958,#2380,#2381);
#1896=AXIS2_PLACEMENT_3D('',#2959,#2382,#2383);
#1897=AXIS2_PLACEMENT_3D('',#2960,#2384,#2385);
#1898=AXIS2_PLACEMENT_3D('',#2962,#2386,#2387);
#1899=AXIS2_PLACEMENT_3D('',#2963,#2388,#2389);
#1900=AXIS2_PLACEMENT_3D('',#2964,#2390,#2391);
#1901=AXIS2_PLACEMENT_3D('',#2965,#2392,#2393);
#1902=AXIS2_PLACEMENT_3D('',#2967,#2394,#2395);
#1903=AXIS2_PLACEMENT_3D('',#2968,#2396,#2397);
#1904=AXIS2_PLACEMENT_3D('',#2969,#2398,#2399);
#1905=AXIS2_PLACEMENT_3D('',#2971,#2400,#2401);
#1906=AXIS2_PLACEMENT_3D('',#2972,#2402,#2403);
#1907=AXIS2_PLACEMENT_3D('',#2973,#2404,#2405);
#1908=AXIS2_PLACEMENT_3D('',#2974,#2406,#2407);
#1909=AXIS2_PLACEMENT_3D('',#2976,#2408,#2409);
#1910=AXIS2_PLACEMENT_3D('',#2977,#2410,#2411);
#1911=AXIS2_PLACEMENT_3D('',#2978,#2412,#2413);
#1912=AXIS2_PLACEMENT_3D('',#2980,#2414,#2415);
#1913=AXIS2_PLACEMENT_3D('',#2981,#2416,#2417);
#1914=AXIS2_PLACEMENT_3D('',#2982,#2418,#2419);
#1915=AXIS2_PLACEMENT_3D('',#2983,#2420,#2421);
#1916=AXIS2_PLACEMENT_3D('',#2985,#2422,#2423);
#1917=AXIS2_PLACEMENT_3D('',#2987,#2424,#2425);
#1918=AXIS2_PLACEMENT_3D('',#2988,#2426,#2427);
#1919=AXIS2_PLACEMENT_3D('',#2989,#2428,#2429);
#1920=AXIS2_PLACEMENT_3D('',#2991,#2430,#2431);
#1921=AXIS2_PLACEMENT_3D('',#2993,#2433,#2434);
#1922=AXIS2_PLACEMENT_3D('',#2995,#2435,#2436);
#1923=AXIS2_PLACEMENT_3D('',#2996,#2437,#2438);
#1924=AXIS2_PLACEMENT_3D('',#2997,#2439,#2440);
#1925=AXIS2_PLACEMENT_3D('',#2999,#2442,#2443);
#1926=AXIS2_PLACEMENT_3D('',#3005,#2447,#2448);
#1927=AXIS2_PLACEMENT_3D('',#3008,#2450,#2451);
#1928=AXIS2_PLACEMENT_3D('',#3009,#2452,#2453);
#1929=AXIS2_PLACEMENT_3D('',#3011,#2454,#2455);
#1930=AXIS2_PLACEMENT_3D('',#3013,#2456,#2457);
#1931=AXIS2_PLACEMENT_3D('',#3014,#2458,#2459);
#1932=AXIS2_PLACEMENT_3D('',#3015,#2460,#2461);
#1933=AXIS2_PLACEMENT_3D('',#3017,#2462,#2463);
#1934=AXIS2_PLACEMENT_3D('',#3019,#2465,#2466);
#1935=AXIS2_PLACEMENT_3D('',#3022,#2467,#2468);
#1936=AXIS2_PLACEMENT_3D('',#3023,#2469,#2470);
#1937=AXIS2_PLACEMENT_3D('',#3024,#2471,#2472);
#1938=AXIS2_PLACEMENT_3D('',#3025,#2473,#2474);
#1939=AXIS2_PLACEMENT_3D('',#3028,#2477,#2478);
#1940=AXIS2_PLACEMENT_3D('',#3030,#2480,#2481);
#1941=AXIS2_PLACEMENT_3D('',#3032,#2482,#2483);
#1942=AXIS2_PLACEMENT_3D('',#3035,#2484,#2485);
#1943=AXIS2_PLACEMENT_3D('',#3039,#2487,#2488);
#1944=AXIS2_PLACEMENT_3D('',#3043,#2490,#2491);
#1945=AXIS2_PLACEMENT_3D('',#3047,#2493,#2494);
#1946=AXIS2_PLACEMENT_3D('',#3051,#2496,#2497);
#1947=AXIS2_PLACEMENT_3D('',#3055,#2499,#2500);
#1948=AXIS2_PLACEMENT_3D('',#3057,#2502,#2503);
#1949=AXIS2_PLACEMENT_3D('',#3059,#2504,#2505);
#1950=AXIS2_PLACEMENT_3D('',#3061,#2506,#2507);
#1951=AXIS2_PLACEMENT_3D('',#3062,#2508,#2509);
#1952=AXIS2_PLACEMENT_3D('',#3063,#2510,#2511);
#1953=AXIS2_PLACEMENT_3D('',#3065,#2512,#2513);
#1954=AXIS2_PLACEMENT_3D('',#3067,#2515,#2516);
#1955=AXIS2_PLACEMENT_3D('',#3069,#2517,#2518);
#1956=AXIS2_PLACEMENT_3D('',#3070,#2519,#2520);
#1957=AXIS2_PLACEMENT_3D('',#3071,#2521,#2522);
#1958=AXIS2_PLACEMENT_3D('',#3073,#2524,#2525);
#1959=AXIS2_PLACEMENT_3D('',#3079,#2529,#2530);
#1960=AXIS2_PLACEMENT_3D('',#3082,#2532,#2533);
#1961=AXIS2_PLACEMENT_3D('',#3083,#2534,#2535);
#1962=AXIS2_PLACEMENT_3D('',#3084,#2536,#2537);
#1963=AXIS2_PLACEMENT_3D('',#3085,#2538,#2539);
#1964=AXIS2_PLACEMENT_3D('',#3086,#2540,#2541);
#1965=AXIS2_PLACEMENT_3D('',#3088,#2542,#2543);
#1966=AXIS2_PLACEMENT_3D('',#3090,#2545,#2546);
#1967=AXIS2_PLACEMENT_3D('',#3091,#2547,#2548);
#1968=AXIS2_PLACEMENT_3D('',#3092,#2549,#2550);
#1969=AXIS2_PLACEMENT_3D('',#3093,#2551,#2552);
#1970=AXIS2_PLACEMENT_3D('',#3094,#2553,#2554);
#1971=AXIS2_PLACEMENT_3D('',#3096,#2556,#2557);
#1972=AXIS2_PLACEMENT_3D('',#3098,#2558,#2559);
#1973=AXIS2_PLACEMENT_3D('',#3100,#2560,#2561);
#1974=AXIS2_PLACEMENT_3D('',#3101,#2562,#2563);
#1975=AXIS2_PLACEMENT_3D('',#3102,#2564,#2565);
#1976=AXIS2_PLACEMENT_3D('',#3104,#2566,#2567);
#1977=AXIS2_PLACEMENT_3D('',#3106,#2569,#2570);
#1978=AXIS2_PLACEMENT_3D('',#3108,#2571,#2572);
#1979=AXIS2_PLACEMENT_3D('',#3109,#2573,#2574);
#1980=AXIS2_PLACEMENT_3D('',#3110,#2575,#2576);
#1981=AXIS2_PLACEMENT_3D('',#3112,#2578,#2579);
#1982=AXIS2_PLACEMENT_3D('',#3118,#2583,#2584);
#1983=AXIS2_PLACEMENT_3D('',#3121,#2586,#2587);
#1984=AXIS2_PLACEMENT_3D('',#3122,#2588,#2589);
#1985=AXIS2_PLACEMENT_3D('',#3124,#2590,#2591);
#1986=AXIS2_PLACEMENT_3D('',#3125,#2592,#2593);
#1987=AXIS2_PLACEMENT_3D('',#3126,#2594,#2595);
#1988=AXIS2_PLACEMENT_3D('',#3127,#2596,#2597);
#1989=AXIS2_PLACEMENT_3D('',#3128,#2598,#2599);
#1990=AXIS2_PLACEMENT_3D('',#3129,#2600,#2601);
#1991=AXIS2_PLACEMENT_3D('',#3130,#2602,#2603);
#1992=AXIS2_PLACEMENT_3D('',#3131,#2604,#2605);
#1993=AXIS2_PLACEMENT_3D('',#3133,#2607,#2608);
#1994=AXIS2_PLACEMENT_3D('',#3135,#2610,#2611);
#1995=AXIS2_PLACEMENT_3D('',#3137,#2612,#2613);
#1996=AXIS2_PLACEMENT_3D('',#3139,#2614,#2615);
#1997=AXIS2_PLACEMENT_3D('',#3140,#2616,#2617);
#1998=AXIS2_PLACEMENT_3D('',#3141,#2618,#2619);
#1999=AXIS2_PLACEMENT_3D('',#3143,#2620,#2621);
#2000=AXIS2_PLACEMENT_3D('',#3145,#2623,#2624);
#2001=AXIS2_PLACEMENT_3D('',#3147,#2625,#2626);
#2002=AXIS2_PLACEMENT_3D('',#3148,#2627,#2628);
#2003=AXIS2_PLACEMENT_3D('',#3149,#2629,#2630);
#2004=AXIS2_PLACEMENT_3D('',#3151,#2632,#2633);
#2005=AXIS2_PLACEMENT_3D('',#3157,#2637,#2638);
#2006=AXIS2_PLACEMENT_3D('',#3160,#2640,#2641);
#2007=AXIS2_PLACEMENT_3D('',#3161,#2642,#2643);
#2008=AXIS2_PLACEMENT_3D('',#3162,#2644,#2645);
#2009=AXIS2_PLACEMENT_3D('',#3163,#2646,#2647);
#2010=AXIS2_PLACEMENT_3D('',#3164,#2648,#2649);
#2011=AXIS2_PLACEMENT_3D('',#3166,#2650,#2651);
#2012=AXIS2_PLACEMENT_3D('',#3168,#2653,#2654);
#2013=AXIS2_PLACEMENT_3D('',#3169,#2655,#2656);
#2014=AXIS2_PLACEMENT_3D('',#3170,#2657,#2658);
#2015=AXIS2_PLACEMENT_3D('',#3171,#2659,#2660);
#2016=AXIS2_PLACEMENT_3D('',#3172,#2661,#2662);
#2017=AXIS2_PLACEMENT_3D('',#3174,#2664,#2665);
#2018=AXIS2_PLACEMENT_3D('',#3175,#2666,#2667);
#2019=AXIS2_PLACEMENT_3D('',#3176,#2668,#2669);
#2020=AXIS2_PLACEMENT_3D('',#3177,#2670,#2671);
#2021=AXIS2_PLACEMENT_3D('',#3178,#2672,#2673);
#2022=DIRECTION('axis',(0.,0.,1.));
#2023=DIRECTION('refdir',(1.,0.,0.));
#2024=DIRECTION('center_axis',(0.,0.,-1.));
#2025=DIRECTION('ref_axis',(-1.,0.,0.));
#2026=DIRECTION('center_axis',(0.,0.,-1.));
#2027=DIRECTION('ref_axis',(-1.,0.,0.));
#2028=DIRECTION('center_axis',(0.,0.,-1.));
#2029=DIRECTION('ref_axis',(-1.,0.,0.));
#2030=DIRECTION('center_axis',(0.,-1.,0.));
#2031=DIRECTION('ref_axis',(1.,0.,0.));
#2032=DIRECTION('center_axis',(0.,0.,1.));
#2033=DIRECTION('ref_axis',(-1.,0.,0.));
#2034=DIRECTION('center_axis',(0.,0.,1.));
#2035=DIRECTION('ref_axis',(1.,0.,0.));
#2036=DIRECTION('center_axis',(0.,0.,1.));
#2037=DIRECTION('ref_axis',(1.,0.,0.));
#2038=DIRECTION('center_axis',(0.,0.,1.));
#2039=DIRECTION('ref_axis',(-1.,0.,0.));
#2040=DIRECTION('center_axis',(0.,0.,1.));
#2041=DIRECTION('ref_axis',(-1.,0.,0.));
#2042=DIRECTION('center_axis',(0.,0.,1.));
#2043=DIRECTION('ref_axis',(-1.,0.,0.));
#2044=DIRECTION('center_axis',(0.,0.,1.));
#2045=DIRECTION('ref_axis',(-1.,0.,0.));
#2046=DIRECTION('center_axis',(0.,0.,1.));
#2047=DIRECTION('ref_axis',(-1.,0.,0.));
#2048=DIRECTION('',(-1.,-1.77635683940025E-16,0.));
#2049=DIRECTION('center_axis',(0.,0.,1.));
#2050=DIRECTION('ref_axis',(1.,0.,0.));
#2051=DIRECTION('',(1.,-8.88178419700125E-17,0.));
#2052=DIRECTION('center_axis',(0.,0.,1.));
#2053=DIRECTION('ref_axis',(2.01858731750028E-15,-1.,0.));
#2054=DIRECTION('',(0.,-1.,0.));
#2055=DIRECTION('center_axis',(0.,0.,1.));
#2056=DIRECTION('ref_axis',(0.,1.,0.));
#2057=DIRECTION('',(0.,1.,0.));
#2058=DIRECTION('center_axis',(0.,0.,1.));
#2059=DIRECTION('ref_axis',(-2.01858731750028E-15,1.,0.));
#2060=DIRECTION('',(1.77635683940025E-16,1.,0.));
#2061=DIRECTION('center_axis',(0.,0.,1.));
#2062=DIRECTION('ref_axis',(0.,-1.,0.));
#2063=DIRECTION('',(-1.77635683940025E-16,-1.,0.));
#2064=DIRECTION('center_axis',(0.,0.,1.));
#2065=DIRECTION('ref_axis',(1.,0.,0.));
#2066=DIRECTION('',(1.,1.77635683940025E-16,0.));
#2067=DIRECTION('center_axis',(0.,0.,1.));
#2068=DIRECTION('ref_axis',(-1.,0.,0.));
#2069=DIRECTION('',(-1.,2.66453525910038E-16,0.));
#2070=DIRECTION('center_axis',(0.,0.,1.));
#2071=DIRECTION('ref_axis',(-1.,0.,0.));
#2072=DIRECTION('center_axis',(0.,0.,1.));
#2073=DIRECTION('ref_axis',(-1.,0.,0.));
#2074=DIRECTION('center_axis',(0.,0.,1.));
#2075=DIRECTION('ref_axis',(-1.,0.,0.));
#2076=DIRECTION('center_axis',(0.,0.,1.));
#2077=DIRECTION('ref_axis',(1.,0.,0.));
#2078=DIRECTION('center_axis',(0.,0.,1.));
#2079=DIRECTION('ref_axis',(-1.,0.,0.));
#2080=DIRECTION('',(0.,0.,-1.));
#2081=DIRECTION('center_axis',(0.,0.,-1.));
#2082=DIRECTION('ref_axis',(-1.,0.,0.));
#2083=DIRECTION('center_axis',(0.,0.,-1.));
#2084=DIRECTION('ref_axis',(-1.,0.,0.));
#2085=DIRECTION('center_axis',(0.,0.,-1.));
#2086=DIRECTION('ref_axis',(-1.,0.,0.));
#2087=DIRECTION('center_axis',(0.,-1.,0.));
#2088=DIRECTION('ref_axis',(1.,0.,0.));
#2089=DIRECTION('center_axis',(0.,0.,1.));
#2090=DIRECTION('ref_axis',(1.,0.,0.));
#2091=DIRECTION('center_axis',(0.,0.,1.));
#2092=DIRECTION('ref_axis',(-1.,0.,0.));
#2093=DIRECTION('',(0.,0.,-1.));
#2094=DIRECTION('center_axis',(0.,0.,-1.));
#2095=DIRECTION('ref_axis',(-1.,0.,0.));
#2096=DIRECTION('center_axis',(0.,0.,-1.));
#2097=DIRECTION('ref_axis',(-1.,0.,0.));
#2098=DIRECTION('center_axis',(0.,0.,-1.));
#2099=DIRECTION('ref_axis',(-1.,0.,0.));
#2100=DIRECTION('center_axis',(0.,-1.,0.));
#2101=DIRECTION('ref_axis',(1.,0.,0.));
#2102=DIRECTION('center_axis',(0.,0.,1.));
#2103=DIRECTION('ref_axis',(1.,0.,0.));
#2104=DIRECTION('center_axis',(0.,0.,1.));
#2105=DIRECTION('ref_axis',(-1.,0.,0.));
#2106=DIRECTION('',(0.,0.,-1.));
#2107=DIRECTION('center_axis',(0.,0.,-1.));
#2108=DIRECTION('ref_axis',(-1.,0.,0.));
#2109=DIRECTION('center_axis',(0.,0.,-1.));
#2110=DIRECTION('ref_axis',(-1.,0.,0.));
#2111=DIRECTION('center_axis',(0.,0.,-1.));
#2112=DIRECTION('ref_axis',(-1.,0.,0.));
#2113=DIRECTION('center_axis',(0.,-1.,0.));
#2114=DIRECTION('ref_axis',(1.,0.,0.));
#2115=DIRECTION('center_axis',(0.,0.,1.));
#2116=DIRECTION('ref_axis',(1.,0.,0.));
#2117=DIRECTION('center_axis',(0.,0.,1.));
#2118=DIRECTION('ref_axis',(-1.,0.,0.));
#2119=DIRECTION('',(0.,0.,-1.));
#2120=DIRECTION('center_axis',(0.,0.,-1.));
#2121=DIRECTION('ref_axis',(-1.,0.,0.));
#2122=DIRECTION('center_axis',(0.,0.,-1.));
#2123=DIRECTION('ref_axis',(-1.,0.,0.));
#2124=DIRECTION('center_axis',(0.,0.,-1.));
#2125=DIRECTION('ref_axis',(-1.,0.,0.));
#2126=DIRECTION('center_axis',(0.,-1.,0.));
#2127=DIRECTION('ref_axis',(1.,0.,0.));
#2128=DIRECTION('center_axis',(0.,0.,1.));
#2129=DIRECTION('ref_axis',(1.,0.,0.));
#2130=DIRECTION('center_axis',(0.,0.,1.));
#2131=DIRECTION('ref_axis',(-1.,0.,0.));
#2132=DIRECTION('',(0.,0.,-1.));
#2133=DIRECTION('center_axis',(0.,0.,-1.));
#2134=DIRECTION('ref_axis',(-1.,0.,0.));
#2135=DIRECTION('center_axis',(0.,0.,-1.));
#2136=DIRECTION('ref_axis',(-1.,0.,0.));
#2137=DIRECTION('center_axis',(0.,0.,-1.));
#2138=DIRECTION('ref_axis',(-1.,0.,0.));
#2139=DIRECTION('center_axis',(0.,-1.,0.));
#2140=DIRECTION('ref_axis',(1.,0.,0.));
#2141=DIRECTION('center_axis',(0.,0.,1.));
#2142=DIRECTION('ref_axis',(1.,0.,0.));
#2143=DIRECTION('center_axis',(0.,0.,1.));
#2144=DIRECTION('ref_axis',(-1.,0.,0.));
#2145=DIRECTION('',(0.,0.,-1.));
#2146=DIRECTION('center_axis',(0.,0.,-1.));
#2147=DIRECTION('ref_axis',(-1.,0.,0.));
#2148=DIRECTION('center_axis',(0.,0.,-1.));
#2149=DIRECTION('ref_axis',(-1.,0.,0.));
#2150=DIRECTION('center_axis',(0.,0.,-1.));
#2151=DIRECTION('ref_axis',(-1.,0.,0.));
#2152=DIRECTION('center_axis',(0.,-1.,0.));
#2153=DIRECTION('ref_axis',(1.,0.,0.));
#2154=DIRECTION('center_axis',(0.,0.,1.));
#2155=DIRECTION('ref_axis',(1.,0.,0.));
#2156=DIRECTION('center_axis',(0.,0.,1.));
#2157=DIRECTION('ref_axis',(-1.,0.,0.));
#2158=DIRECTION('',(0.,0.,-1.));
#2159=DIRECTION('center_axis',(0.,0.,-1.));
#2160=DIRECTION('ref_axis',(-1.,0.,0.));
#2161=DIRECTION('center_axis',(0.,0.,-1.));
#2162=DIRECTION('ref_axis',(-1.,0.,0.));
#2163=DIRECTION('center_axis',(0.,0.,-1.));
#2164=DIRECTION('ref_axis',(-1.,0.,0.));
#2165=DIRECTION('center_axis',(0.,-1.,0.));
#2166=DIRECTION('ref_axis',(1.,0.,0.));
#2167=DIRECTION('center_axis',(0.,0.,1.));
#2168=DIRECTION('ref_axis',(1.,0.,0.));
#2169=DIRECTION('center_axis',(0.,0.,1.));
#2170=DIRECTION('ref_axis',(-1.,0.,0.));
#2171=DIRECTION('',(0.,0.,-1.));
#2172=DIRECTION('center_axis',(0.,0.,1.));
#2173=DIRECTION('ref_axis',(1.,0.,0.));
#2174=DIRECTION('center_axis',(0.,0.,1.));
#2175=DIRECTION('ref_axis',(-1.,0.,0.));
#2176=DIRECTION('center_axis',(0.,-1.,0.));
#2177=DIRECTION('ref_axis',(-1.,0.,0.));
#2178=DIRECTION('center_axis',(0.,0.,-1.));
#2179=DIRECTION('ref_axis',(-1.,0.,0.));
#2180=DIRECTION('center_axis',(0.,0.,1.));
#2181=DIRECTION('ref_axis',(-1.,0.,0.));
#2182=DIRECTION('center_axis',(0.,0.,1.));
#2183=DIRECTION('ref_axis',(-1.,0.,0.));
#2184=DIRECTION('center_axis',(0.,0.,-1.));
#2185=DIRECTION('ref_axis',(-1.,0.,0.));
#2186=DIRECTION('',(0.,0.,-1.));
#2187=DIRECTION('center_axis',(0.,0.,1.));
#2188=DIRECTION('ref_axis',(1.,0.,0.));
#2189=DIRECTION('center_axis',(0.,0.,1.));
#2190=DIRECTION('ref_axis',(1.,0.,0.));
#2191=DIRECTION('center_axis',(0.,0.,1.));
#2192=DIRECTION('ref_axis',(-1.,0.,0.));
#2193=DIRECTION('center_axis',(0.,-1.,0.));
#2194=DIRECTION('ref_axis',(-1.,0.,0.));
#2195=DIRECTION('center_axis',(0.,0.,-1.));
#2196=DIRECTION('ref_axis',(-1.,0.,0.));
#2197=DIRECTION('center_axis',(0.,0.,1.));
#2198=DIRECTION('ref_axis',(-1.,0.,0.));
#2199=DIRECTION('center_axis',(0.,0.,1.));
#2200=DIRECTION('ref_axis',(-1.,0.,0.));
#2201=DIRECTION('center_axis',(0.,0.,-1.));
#2202=DIRECTION('ref_axis',(-1.,0.,0.));
#2203=DIRECTION('',(0.,0.,-1.));
#2204=DIRECTION('center_axis',(0.,0.,1.));
#2205=DIRECTION('ref_axis',(1.,0.,0.));
#2206=DIRECTION('center_axis',(0.,0.,1.));
#2207=DIRECTION('ref_axis',(1.,0.,0.));
#2208=DIRECTION('center_axis',(0.,0.,1.));
#2209=DIRECTION('ref_axis',(-1.,0.,0.));
#2210=DIRECTION('center_axis',(0.,-1.,0.));
#2211=DIRECTION('ref_axis',(-1.,0.,0.));
#2212=DIRECTION('center_axis',(0.,0.,-1.));
#2213=DIRECTION('ref_axis',(-1.,0.,0.));
#2214=DIRECTION('center_axis',(0.,0.,1.));
#2215=DIRECTION('ref_axis',(-1.,0.,0.));
#2216=DIRECTION('center_axis',(0.,0.,1.));
#2217=DIRECTION('ref_axis',(-1.,0.,0.));
#2218=DIRECTION('center_axis',(0.,0.,-1.));
#2219=DIRECTION('ref_axis',(-1.,0.,0.));
#2220=DIRECTION('',(0.,0.,-1.));
#2221=DIRECTION('center_axis',(0.,0.,1.));
#2222=DIRECTION('ref_axis',(1.,0.,0.));
#2223=DIRECTION('center_axis',(0.,0.,1.));
#2224=DIRECTION('ref_axis',(1.,0.,0.));
#2225=DIRECTION('center_axis',(0.,0.,1.));
#2226=DIRECTION('ref_axis',(-1.,0.,0.));
#2227=DIRECTION('center_axis',(0.,-1.,0.));
#2228=DIRECTION('ref_axis',(-1.,0.,0.));
#2229=DIRECTION('center_axis',(0.,0.,-1.));
#2230=DIRECTION('ref_axis',(-1.,0.,0.));
#2231=DIRECTION('center_axis',(0.,0.,1.));
#2232=DIRECTION('ref_axis',(-1.,0.,0.));
#2233=DIRECTION('center_axis',(0.,0.,1.));
#2234=DIRECTION('ref_axis',(-1.,0.,0.));
#2235=DIRECTION('center_axis',(0.,0.,-1.));
#2236=DIRECTION('ref_axis',(-1.,0.,0.));
#2237=DIRECTION('',(0.,0.,-1.));
#2238=DIRECTION('center_axis',(0.,0.,1.));
#2239=DIRECTION('ref_axis',(1.,0.,0.));
#2240=DIRECTION('center_axis',(0.,0.,1.));
#2241=DIRECTION('ref_axis',(1.,0.,0.));
#2242=DIRECTION('center_axis',(0.,0.,1.));
#2243=DIRECTION('ref_axis',(-1.,0.,0.));
#2244=DIRECTION('center_axis',(0.,-1.,0.));
#2245=DIRECTION('ref_axis',(-1.,0.,0.));
#2246=DIRECTION('center_axis',(0.,0.,-1.));
#2247=DIRECTION('ref_axis',(-1.,0.,0.));
#2248=DIRECTION('center_axis',(0.,0.,1.));
#2249=DIRECTION('ref_axis',(-1.,0.,0.));
#2250=DIRECTION('center_axis',(0.,0.,1.));
#2251=DIRECTION('ref_axis',(-1.,0.,0.));
#2252=DIRECTION('center_axis',(0.,0.,-1.));
#2253=DIRECTION('ref_axis',(-1.,0.,0.));
#2254=DIRECTION('',(0.,0.,-1.));
#2255=DIRECTION('center_axis',(0.,0.,1.));
#2256=DIRECTION('ref_axis',(1.,0.,0.));
#2257=DIRECTION('center_axis',(0.,0.,1.));
#2258=DIRECTION('ref_axis',(1.,0.,0.));
#2259=DIRECTION('center_axis',(0.,0.,1.));
#2260=DIRECTION('ref_axis',(-1.,0.,0.));
#2261=DIRECTION('center_axis',(0.,-1.,0.));
#2262=DIRECTION('ref_axis',(-1.,0.,0.));
#2263=DIRECTION('center_axis',(0.,0.,-1.));
#2264=DIRECTION('ref_axis',(-1.,0.,0.));
#2265=DIRECTION('center_axis',(0.,0.,1.));
#2266=DIRECTION('ref_axis',(-1.,0.,0.));
#2267=DIRECTION('center_axis',(0.,0.,1.));
#2268=DIRECTION('ref_axis',(-1.,0.,0.));
#2269=DIRECTION('center_axis',(0.,0.,-1.));
#2270=DIRECTION('ref_axis',(-1.,0.,0.));
#2271=DIRECTION('',(0.,0.,-1.));
#2272=DIRECTION('center_axis',(0.,0.,1.));
#2273=DIRECTION('ref_axis',(1.,0.,0.));
#2274=DIRECTION('center_axis',(0.,0.,1.));
#2275=DIRECTION('ref_axis',(1.,0.,0.));
#2276=DIRECTION('center_axis',(0.,0.,1.));
#2277=DIRECTION('ref_axis',(-1.,0.,0.));
#2278=DIRECTION('center_axis',(0.,-1.,0.));
#2279=DIRECTION('ref_axis',(-1.,0.,0.));
#2280=DIRECTION('center_axis',(0.,0.,-1.));
#2281=DIRECTION('ref_axis',(-1.,0.,0.));
#2282=DIRECTION('center_axis',(0.,0.,1.));
#2283=DIRECTION('ref_axis',(-1.,0.,0.));
#2284=DIRECTION('center_axis',(0.,0.,1.));
#2285=DIRECTION('ref_axis',(-1.,0.,0.));
#2286=DIRECTION('center_axis',(0.,0.,-1.));
#2287=DIRECTION('ref_axis',(-1.,0.,0.));
#2288=DIRECTION('',(0.,0.,-1.));
#2289=DIRECTION('center_axis',(0.,0.,1.));
#2290=DIRECTION('ref_axis',(1.,0.,0.));
#2291=DIRECTION('center_axis',(0.,0.,1.));
#2292=DIRECTION('ref_axis',(1.,0.,0.));
#2293=DIRECTION('center_axis',(0.,0.,1.));
#2294=DIRECTION('ref_axis',(-1.,0.,0.));
#2295=DIRECTION('center_axis',(0.,-1.,0.));
#2296=DIRECTION('ref_axis',(-1.,0.,0.));
#2297=DIRECTION('center_axis',(0.,0.,-1.));
#2298=DIRECTION('ref_axis',(-1.,0.,0.));
#2299=DIRECTION('center_axis',(0.,0.,1.));
#2300=DIRECTION('ref_axis',(-1.,0.,0.));
#2301=DIRECTION('center_axis',(0.,0.,1.));
#2302=DIRECTION('ref_axis',(-1.,0.,0.));
#2303=DIRECTION('center_axis',(0.,0.,-1.));
#2304=DIRECTION('ref_axis',(-1.,0.,0.));
#2305=DIRECTION('',(0.,0.,-1.));
#2306=DIRECTION('center_axis',(0.,0.,1.));
#2307=DIRECTION('ref_axis',(1.,0.,0.));
#2308=DIRECTION('center_axis',(0.,0.,-1.));
#2309=DIRECTION('ref_axis',(-1.,0.,0.));
#2310=DIRECTION('center_axis',(0.,0.,1.));
#2311=DIRECTION('ref_axis',(-1.,0.,0.));
#2312=DIRECTION('center_axis',(0.,-1.,0.));
#2313=DIRECTION('ref_axis',(1.,0.,0.));
#2314=DIRECTION('center_axis',(0.,0.,1.));
#2315=DIRECTION('ref_axis',(1.,0.,0.));
#2316=DIRECTION('center_axis',(0.,0.,-1.));
#2317=DIRECTION('ref_axis',(-1.,0.,0.));
#2318=DIRECTION('center_axis',(0.,0.,1.));
#2319=DIRECTION('ref_axis',(1.,0.,0.));
#2320=DIRECTION('center_axis',(0.,-1.,0.));
#2321=DIRECTION('ref_axis',(-1.,0.,0.));
#2322=DIRECTION('center_axis',(0.,0.,-1.));
#2323=DIRECTION('ref_axis',(-1.,0.,0.));
#2324=DIRECTION('center_axis',(0.,0.,1.));
#2325=DIRECTION('ref_axis',(-1.,0.,0.));
#2326=DIRECTION('center_axis',(0.,-1.,0.));
#2327=DIRECTION('ref_axis',(1.,0.,0.));
#2328=DIRECTION('center_axis',(0.,0.,1.));
#2329=DIRECTION('ref_axis',(1.,0.,0.));
#2330=DIRECTION('center_axis',(0.,0.,-1.));
#2331=DIRECTION('ref_axis',(-1.,0.,0.));
#2332=DIRECTION('center_axis',(0.,0.,1.));
#2333=DIRECTION('ref_axis',(1.,0.,0.));
#2334=DIRECTION('center_axis',(0.,-1.,0.));
#2335=DIRECTION('ref_axis',(-1.,0.,0.));
#2336=DIRECTION('center_axis',(0.,0.,-1.));
#2337=DIRECTION('ref_axis',(-1.,0.,0.));
#2338=DIRECTION('center_axis',(0.,0.,1.));
#2339=DIRECTION('ref_axis',(-1.,0.,0.));
#2340=DIRECTION('center_axis',(0.,-1.,0.));
#2341=DIRECTION('ref_axis',(1.,0.,0.));
#2342=DIRECTION('center_axis',(0.,0.,1.));
#2343=DIRECTION('ref_axis',(1.,0.,0.));
#2344=DIRECTION('center_axis',(0.,0.,-1.));
#2345=DIRECTION('ref_axis',(-1.,0.,0.));
#2346=DIRECTION('center_axis',(0.,0.,1.));
#2347=DIRECTION('ref_axis',(1.,0.,0.));
#2348=DIRECTION('center_axis',(0.,-1.,0.));
#2349=DIRECTION('ref_axis',(-1.,0.,0.));
#2350=DIRECTION('center_axis',(0.,0.,-1.));
#2351=DIRECTION('ref_axis',(-1.,0.,0.));
#2352=DIRECTION('center_axis',(0.,0.,1.));
#2353=DIRECTION('ref_axis',(-1.,0.,0.));
#2354=DIRECTION('center_axis',(0.,-1.,0.));
#2355=DIRECTION('ref_axis',(1.,0.,0.));
#2356=DIRECTION('center_axis',(0.,0.,1.));
#2357=DIRECTION('ref_axis',(1.,0.,0.));
#2358=DIRECTION('center_axis',(0.,0.,-1.));
#2359=DIRECTION('ref_axis',(-1.,0.,0.));
#2360=DIRECTION('center_axis',(0.,0.,1.));
#2361=DIRECTION('ref_axis',(1.,0.,0.));
#2362=DIRECTION('center_axis',(0.,-1.,0.));
#2363=DIRECTION('ref_axis',(-1.,0.,0.));
#2364=DIRECTION('center_axis',(0.,0.,-1.));
#2365=DIRECTION('ref_axis',(-1.,0.,0.));
#2366=DIRECTION('center_axis',(0.,0.,1.));
#2367=DIRECTION('ref_axis',(-1.,0.,0.));
#2368=DIRECTION('center_axis',(0.,-1.,0.));
#2369=DIRECTION('ref_axis',(1.,0.,0.));
#2370=DIRECTION('center_axis',(0.,0.,1.));
#2371=DIRECTION('ref_axis',(1.,0.,0.));
#2372=DIRECTION('center_axis',(0.,0.,-1.));
#2373=DIRECTION('ref_axis',(-1.,0.,0.));
#2374=DIRECTION('center_axis',(0.,0.,1.));
#2375=DIRECTION('ref_axis',(1.,0.,0.));
#2376=DIRECTION('center_axis',(0.,-1.,0.));
#2377=DIRECTION('ref_axis',(-1.,0.,0.));
#2378=DIRECTION('center_axis',(0.,0.,-1.));
#2379=DIRECTION('ref_axis',(-1.,0.,0.));
#2380=DIRECTION('center_axis',(0.,0.,1.));
#2381=DIRECTION('ref_axis',(-1.,0.,0.));
#2382=DIRECTION('center_axis',(0.,-1.,0.));
#2383=DIRECTION('ref_axis',(1.,0.,0.));
#2384=DIRECTION('center_axis',(0.,0.,1.));
#2385=DIRECTION('ref_axis',(1.,0.,0.));
#2386=DIRECTION('center_axis',(0.,0.,-1.));
#2387=DIRECTION('ref_axis',(-1.,0.,0.));
#2388=DIRECTION('center_axis',(0.,0.,1.));
#2389=DIRECTION('ref_axis',(1.,0.,0.));
#2390=DIRECTION('center_axis',(0.,-1.,0.));
#2391=DIRECTION('ref_axis',(-1.,0.,0.));
#2392=DIRECTION('center_axis',(0.,0.,-1.));
#2393=DIRECTION('ref_axis',(-1.,0.,0.));
#2394=DIRECTION('center_axis',(0.,0.,1.));
#2395=DIRECTION('ref_axis',(-1.,0.,0.));
#2396=DIRECTION('center_axis',(0.,-1.,0.));
#2397=DIRECTION('ref_axis',(1.,0.,0.));
#2398=DIRECTION('center_axis',(0.,0.,1.));
#2399=DIRECTION('ref_axis',(1.,0.,0.));
#2400=DIRECTION('center_axis',(0.,0.,-1.));
#2401=DIRECTION('ref_axis',(-1.,0.,0.));
#2402=DIRECTION('center_axis',(0.,0.,1.));
#2403=DIRECTION('ref_axis',(1.,0.,0.));
#2404=DIRECTION('center_axis',(0.,-1.,0.));
#2405=DIRECTION('ref_axis',(-1.,0.,0.));
#2406=DIRECTION('center_axis',(0.,0.,-1.));
#2407=DIRECTION('ref_axis',(-1.,0.,0.));
#2408=DIRECTION('center_axis',(0.,0.,1.));
#2409=DIRECTION('ref_axis',(-1.,0.,0.));
#2410=DIRECTION('center_axis',(0.,-1.,0.));
#2411=DIRECTION('ref_axis',(1.,0.,0.));
#2412=DIRECTION('center_axis',(0.,0.,1.));
#2413=DIRECTION('ref_axis',(1.,0.,0.));
#2414=DIRECTION('center_axis',(0.,0.,-1.));
#2415=DIRECTION('ref_axis',(-1.,0.,0.));
#2416=DIRECTION('center_axis',(0.,0.,1.));
#2417=DIRECTION('ref_axis',(1.,0.,0.));
#2418=DIRECTION('center_axis',(0.,-1.,0.));
#2419=DIRECTION('ref_axis',(-1.,0.,0.));
#2420=DIRECTION('center_axis',(0.,0.,-1.));
#2421=DIRECTION('ref_axis',(1.,0.,0.));
#2422=DIRECTION('center_axis',(1.,0.,0.));
#2423=DIRECTION('ref_axis',(0.,0.,1.));
#2424=DIRECTION('center_axis',(0.,0.,-1.));
#2425=DIRECTION('ref_axis',(1.,0.,0.));
#2426=DIRECTION('center_axis',(1.,0.,0.));
#2427=DIRECTION('ref_axis',(0.,1.,0.));
#2428=DIRECTION('center_axis',(-1.,-1.77635683940025E-16,0.));
#2429=DIRECTION('ref_axis',(0.,0.707106781186553,0.707106781186542));
#2430=DIRECTION('center_axis',(1.,-8.88178419700128E-15,0.));
#2431=DIRECTION('ref_axis',(8.88178419700128E-15,1.,0.));
#2432=DIRECTION('',(-1.,-1.77635683940025E-16,0.));
#2433=DIRECTION('center_axis',(0.,0.,-1.));
#2434=DIRECTION('ref_axis',(-1.,0.,0.));
#2435=DIRECTION('center_axis',(-1.,0.,0.));
#2436=DIRECTION('ref_axis',(0.,-1.,0.));
#2437=DIRECTION('center_axis',(0.,0.,-1.));
#2438=DIRECTION('ref_axis',(-1.,0.,0.));
#2439=DIRECTION('center_axis',(1.,-2.66453525910038E-16,0.));
#2440=DIRECTION('ref_axis',(0.,-0.707106781186547,0.707106781186548));
#2441=DIRECTION('',(1.,-2.66453525910038E-16,0.));
#2442=DIRECTION('center_axis',(-1.77635683940025E-16,1.,0.));
#2443=DIRECTION('ref_axis',(-1.,-1.77635683940025E-16,0.));
#2444=DIRECTION('',(0.,0.,1.));
#2445=DIRECTION('',(1.,1.77635683940025E-16,0.));
#2446=DIRECTION('',(0.,0.,1.));
#2447=DIRECTION('center_axis',(0.,0.,1.));
#2448=DIRECTION('ref_axis',(0.,1.,0.));
#2449=DIRECTION('',(0.,0.,1.));
#2450=DIRECTION('center_axis',(0.,0.,1.));
#2451=DIRECTION('ref_axis',(1.,0.,0.));
#2452=DIRECTION('center_axis',(0.,0.,-1.));
#2453=DIRECTION('ref_axis',(1.,0.,0.));
#2454=DIRECTION('center_axis',(1.,0.,0.));
#2455=DIRECTION('ref_axis',(0.,-1.,0.));
#2456=DIRECTION('center_axis',(0.,0.,-1.));
#2457=DIRECTION('ref_axis',(1.,0.,0.));
#2458=DIRECTION('center_axis',(1.,0.,0.));
#2459=DIRECTION('ref_axis',(0.,0.,-1.));
#2460=DIRECTION('center_axis',(-1.,-1.77635683940025E-16,0.));
#2461=DIRECTION('ref_axis',(0.,0.707106781186553,-0.707106781186543));
#2462=DIRECTION('center_axis',(1.,-8.88178419700128E-15,0.));
#2463=DIRECTION('ref_axis',(0.,0.,-1.));
#2464=DIRECTION('',(-1.,-1.77635683940025E-16,0.));
#2465=DIRECTION('center_axis',(0.,0.,-1.));
#2466=DIRECTION('ref_axis',(-1.,0.,0.));
#2467=DIRECTION('center_axis',(-1.,0.,0.));
#2468=DIRECTION('ref_axis',(0.,0.,-1.));
#2469=DIRECTION('center_axis',(0.,0.,1.));
#2470=DIRECTION('ref_axis',(-1.,0.,0.));
#2471=DIRECTION('center_axis',(0.,0.,-1.));
#2472=DIRECTION('ref_axis',(-1.,0.,0.));
#2473=DIRECTION('center_axis',(1.,-2.66453525910038E-16,0.));
#2474=DIRECTION('ref_axis',(0.,-0.707106781186546,-0.707106781186549));
#2475=DIRECTION('',(-1.,2.66453525910038E-16,0.));
#2476=DIRECTION('',(1.,-2.66453525910038E-16,0.));
#2477=DIRECTION('center_axis',(-2.66453525910038E-16,-1.,0.));
#2478=DIRECTION('ref_axis',(1.,-2.66453525910038E-16,0.));
#2479=DIRECTION('',(0.,0.,1.));
#2480=DIRECTION('center_axis',(0.,0.,1.));
#2481=DIRECTION('ref_axis',(1.,0.,0.));
#2482=DIRECTION('center_axis',(0.,0.,1.));
#2483=DIRECTION('ref_axis',(1.,0.,0.));
#2484=DIRECTION('center_axis',(0.,0.,-1.));
#2485=DIRECTION('ref_axis',(-1.,0.,0.));
#2486=DIRECTION('',(-1.,8.88178419700125E-17,0.));
#2487=DIRECTION('center_axis',(0.,0.,-1.));
#2488=DIRECTION('ref_axis',(1.,0.,0.));
#2489=DIRECTION('',(1.,1.77635683940025E-16,0.));
#2490=DIRECTION('center_axis',(0.,0.,-1.));
#2491=DIRECTION('ref_axis',(2.01858731750028E-15,-1.,0.));
#2492=DIRECTION('',(0.,-1.,0.));
#2493=DIRECTION('center_axis',(0.,0.,-1.));
#2494=DIRECTION('ref_axis',(0.,1.,0.));
#2495=DIRECTION('',(0.,1.,0.));
#2496=DIRECTION('center_axis',(0.,0.,-1.));
#2497=DIRECTION('ref_axis',(0.,-1.,0.));
#2498=DIRECTION('',(-1.77635683940025E-16,-1.,0.));
#2499=DIRECTION('center_axis',(0.,0.,-1.));
#2500=DIRECTION('ref_axis',(-2.01858731750028E-15,1.,0.));
#2501=DIRECTION('',(1.77635683940025E-16,1.,0.));
#2502=DIRECTION('center_axis',(0.,0.,-1.));
#2503=DIRECTION('ref_axis',(-1.,0.,0.));
#2504=DIRECTION('center_axis',(-1.,0.,0.));
#2505=DIRECTION('ref_axis',(0.,1.,0.));
#2506=DIRECTION('center_axis',(-1.,0.,0.));
#2507=DIRECTION('ref_axis',(0.,0.,-1.));
#2508=DIRECTION('center_axis',(0.,0.,1.));
#2509=DIRECTION('ref_axis',(-1.,0.,0.));
#2510=DIRECTION('center_axis',(1.,1.77635683940025E-16,0.));
#2511=DIRECTION('ref_axis',(0.,-0.707106781186553,-0.707106781186543));
#2512=DIRECTION('center_axis',(-1.,0.,0.));
#2513=DIRECTION('ref_axis',(0.,0.,-1.));
#2514=DIRECTION('',(-1.,-1.77635683940025E-16,0.));
#2515=DIRECTION('center_axis',(0.,0.,-1.));
#2516=DIRECTION('ref_axis',(1.,0.,0.));
#2517=DIRECTION('center_axis',(1.,0.,0.));
#2518=DIRECTION('ref_axis',(0.,0.,-1.));
#2519=DIRECTION('center_axis',(0.,0.,1.));
#2520=DIRECTION('ref_axis',(1.,0.,0.));
#2521=DIRECTION('center_axis',(-1.,8.88178419700125E-17,0.));
#2522=DIRECTION('ref_axis',(0.,0.70710678118654,-0.707106781186555));
#2523=DIRECTION('',(1.,-8.88178419700125E-17,0.));
#2524=DIRECTION('center_axis',(8.88178419700125E-17,1.,0.));
#2525=DIRECTION('ref_axis',(-1.,8.88178419700125E-17,0.));
#2526=DIRECTION('',(0.,0.,1.));
#2527=DIRECTION('',(-1.,8.88178419700125E-17,0.));
#2528=DIRECTION('',(0.,0.,1.));
#2529=DIRECTION('center_axis',(0.,0.,1.));
#2530=DIRECTION('ref_axis',(0.,-1.,0.));
#2531=DIRECTION('',(0.,0.,1.));
#2532=DIRECTION('center_axis',(0.,0.,-1.));
#2533=DIRECTION('ref_axis',(-1.,0.,0.));
#2534=DIRECTION('center_axis',(0.,0.,-1.));
#2535=DIRECTION('ref_axis',(-1.,0.,0.));
#2536=DIRECTION('center_axis',(-1.,0.,0.));
#2537=DIRECTION('ref_axis',(0.,0.,1.));
#2538=DIRECTION('center_axis',(-1.,0.,0.));
#2539=DIRECTION('ref_axis',(0.,-1.,0.));
#2540=DIRECTION('center_axis',(1.,1.77635683940025E-16,0.));
#2541=DIRECTION('ref_axis',(0.,-0.707106781186553,0.707106781186542));
#2542=DIRECTION('center_axis',(-1.,0.,0.));
#2543=DIRECTION('ref_axis',(0.,-1.,0.));
#2544=DIRECTION('',(1.,1.77635683940025E-16,0.));
#2545=DIRECTION('center_axis',(0.,0.,-1.));
#2546=DIRECTION('ref_axis',(1.,0.,0.));
#2547=DIRECTION('center_axis',(1.,0.,0.));
#2548=DIRECTION('ref_axis',(0.,1.,0.));
#2549=DIRECTION('center_axis',(0.,0.,-1.));
#2550=DIRECTION('ref_axis',(1.,0.,0.));
#2551=DIRECTION('center_axis',(-1.,8.88178419700125E-17,0.));
#2552=DIRECTION('ref_axis',(0.,0.70710678118654,0.707106781186555));
#2553=DIRECTION('center_axis',(1.77635683940025E-16,-1.,0.));
#2554=DIRECTION('ref_axis',(1.,1.77635683940025E-16,0.));
#2555=DIRECTION('',(0.,0.,1.));
#2556=DIRECTION('center_axis',(0.,0.,-1.));
#2557=DIRECTION('ref_axis',(-1.,0.,0.));
#2558=DIRECTION('center_axis',(0.,-1.,0.));
#2559=DIRECTION('ref_axis',(-1.,0.,0.));
#2560=DIRECTION('center_axis',(0.,-1.,0.));
#2561=DIRECTION('ref_axis',(0.,0.,-1.));
#2562=DIRECTION('center_axis',(0.,0.,1.));
#2563=DIRECTION('ref_axis',(0.,-1.,0.));
#2564=DIRECTION('center_axis',(1.77635683940025E-16,1.,0.));
#2565=DIRECTION('ref_axis',(0.707106781186546,0.,-0.707106781186549));
#2566=DIRECTION('center_axis',(0.,-1.,0.));
#2567=DIRECTION('ref_axis',(0.,0.,-1.));
#2568=DIRECTION('',(-1.77635683940025E-16,-1.,0.));
#2569=DIRECTION('center_axis',(0.,0.,-1.));
#2570=DIRECTION('ref_axis',(-1.,0.,0.));
#2571=DIRECTION('center_axis',(0.,1.,0.));
#2572=DIRECTION('ref_axis',(0.,0.,-1.));
#2573=DIRECTION('center_axis',(0.,0.,1.));
#2574=DIRECTION('ref_axis',(-2.01858731750028E-15,1.,0.));
#2575=DIRECTION('center_axis',(-1.77635683940025E-16,-1.,0.));
#2576=DIRECTION('ref_axis',(-0.707106781186546,0.,-0.707106781186549));
#2577=DIRECTION('',(1.77635683940025E-16,1.,0.));
#2578=DIRECTION('center_axis',(-1.,1.77635683940025E-16,0.));
#2579=DIRECTION('ref_axis',(-1.77635683940025E-16,-1.,0.));
#2580=DIRECTION('',(0.,0.,1.));
#2581=DIRECTION('',(-1.77635683940025E-16,-1.,0.));
#2582=DIRECTION('',(0.,0.,1.));
#2583=DIRECTION('center_axis',(0.,0.,1.));
#2584=DIRECTION('ref_axis',(1.,0.,0.));
#2585=DIRECTION('',(0.,0.,1.));
#2586=DIRECTION('center_axis',(0.,0.,-1.));
#2587=DIRECTION('ref_axis',(0.,-1.,0.));
#2588=DIRECTION('center_axis',(0.,0.,-1.));
#2589=DIRECTION('ref_axis',(-1.,0.,0.));
#2590=DIRECTION('center_axis',(0.,1.,0.));
#2591=DIRECTION('ref_axis',(0.,0.,1.));
#2592=DIRECTION('center_axis',(0.,0.,-1.));
#2593=DIRECTION('ref_axis',(-2.01858731750028E-15,1.,0.));
#2594=DIRECTION('center_axis',(0.,1.,0.));
#2595=DIRECTION('ref_axis',(-1.,0.,0.));
#2596=DIRECTION('center_axis',(-1.77635683940025E-16,-1.,0.));
#2597=DIRECTION('ref_axis',(-0.707106781186547,0.,0.707106781186548));
#2598=DIRECTION('center_axis',(0.,1.,0.));
#2599=DIRECTION('ref_axis',(-1.,0.,0.));
#2600=DIRECTION('center_axis',(0.,0.,-1.));
#2601=DIRECTION('ref_axis',(-1.,0.,0.));
#2602=DIRECTION('center_axis',(0.,-1.,0.));
#2603=DIRECTION('ref_axis',(1.,0.,0.));
#2604=DIRECTION('center_axis',(1.77635683940025E-16,1.,0.));
#2605=DIRECTION('ref_axis',(0.707106781186547,0.,0.707106781186548));
#2606=DIRECTION('',(1.77635683940025E-16,1.,0.));
#2607=DIRECTION('center_axis',(0.,0.,1.));
#2608=DIRECTION('ref_axis',(-1.,0.,0.));
#2609=DIRECTION('',(0.,0.,1.));
#2610=DIRECTION('center_axis',(0.,0.,-1.));
#2611=DIRECTION('ref_axis',(-1.,0.,0.));
#2612=DIRECTION('center_axis',(0.,-1.,0.));
#2613=DIRECTION('ref_axis',(-1.,0.,0.));
#2614=DIRECTION('center_axis',(0.,-1.,0.));
#2615=DIRECTION('ref_axis',(0.,0.,-1.));
#2616=DIRECTION('center_axis',(0.,0.,1.));
#2617=DIRECTION('ref_axis',(2.01858731750028E-15,-1.,0.));
#2618=DIRECTION('center_axis',(0.,1.,0.));
#2619=DIRECTION('ref_axis',(0.707106781186546,0.,-0.707106781186549));
#2620=DIRECTION('center_axis',(0.,-1.,0.));
#2621=DIRECTION('ref_axis',(0.,0.,-1.));
#2622=DIRECTION('',(0.,-1.,0.));
#2623=DIRECTION('center_axis',(0.,0.,-1.));
#2624=DIRECTION('ref_axis',(-1.,0.,0.));
#2625=DIRECTION('center_axis',(0.,1.,0.));
#2626=DIRECTION('ref_axis',(0.,0.,-1.));
#2627=DIRECTION('center_axis',(0.,0.,1.));
#2628=DIRECTION('ref_axis',(0.,1.,0.));
#2629=DIRECTION('center_axis',(0.,-1.,0.));
#2630=DIRECTION('ref_axis',(-0.707106781186546,0.,-0.707106781186549));
#2631=DIRECTION('',(0.,1.,0.));
#2632=DIRECTION('center_axis',(-1.,0.,0.));
#2633=DIRECTION('ref_axis',(0.,-1.,0.));
#2634=DIRECTION('',(0.,0.,1.));
#2635=DIRECTION('',(0.,-1.,0.));
#2636=DIRECTION('',(0.,0.,1.));
#2637=DIRECTION('center_axis',(0.,0.,1.));
#2638=DIRECTION('ref_axis',(1.,0.,0.));
#2639=DIRECTION('',(0.,0.,1.));
#2640=DIRECTION('center_axis',(0.,0.,-1.));
#2641=DIRECTION('ref_axis',(2.01858731750028E-15,-1.,0.));
#2642=DIRECTION('center_axis',(0.,0.,-1.));
#2643=DIRECTION('ref_axis',(-1.,0.,0.));
#2644=DIRECTION('center_axis',(0.,-1.,0.));
#2645=DIRECTION('ref_axis',(0.,0.,1.));
#2646=DIRECTION('center_axis',(0.,-1.,0.));
#2647=DIRECTION('ref_axis',(1.,0.,0.));
#2648=DIRECTION('center_axis',(0.,1.,0.));
#2649=DIRECTION('ref_axis',(0.707106781186547,0.,0.707106781186548));
#2650=DIRECTION('center_axis',(0.,-1.,0.));
#2651=DIRECTION('ref_axis',(1.,0.,0.));
#2652=DIRECTION('',(0.,1.,0.));
#2653=DIRECTION('center_axis',(0.,0.,-1.));
#2654=DIRECTION('ref_axis',(-1.,0.,0.));
#2655=DIRECTION('center_axis',(0.,1.,0.));
#2656=DIRECTION('ref_axis',(-1.,0.,0.));
#2657=DIRECTION('center_axis',(0.,0.,-1.));
#2658=DIRECTION('ref_axis',(0.,1.,0.));
#2659=DIRECTION('center_axis',(0.,-1.,0.));
#2660=DIRECTION('ref_axis',(-0.707106781186547,0.,0.707106781186548));
#2661=DIRECTION('center_axis',(1.,0.,0.));
#2662=DIRECTION('ref_axis',(0.,1.,0.));
#2663=DIRECTION('',(0.,0.,1.));
#2664=DIRECTION('center_axis',(0.,0.,1.));
#2665=DIRECTION('ref_axis',(-1.,0.,0.));
#2666=DIRECTION('center_axis',(0.,0.,1.));
#2667=DIRECTION('ref_axis',(0.,1.,0.));
#2668=DIRECTION('center_axis',(0.,0.,1.));
#2669=DIRECTION('ref_axis',(0.,-1.,0.));
#2670=DIRECTION('center_axis',(1.,-1.77635683940025E-16,0.));
#2671=DIRECTION('ref_axis',(1.77635683940025E-16,1.,0.));
#2672=DIRECTION('center_axis',(0.,0.,1.));
#2673=DIRECTION('ref_axis',(1.,0.,0.));
#2674=DIRECTION('',(0.,0.,-1.));
#2675=CARTESIAN_POINT('',(0.,0.,0.));
#2676=CARTESIAN_POINT('Origin',(-63.9323685668558,-24.4990144903515,8.));
#2677=CARTESIAN_POINT('',(-55.9323685668558,-24.4990144903515,8.));
#2678=CARTESIAN_POINT('',(-71.9323685668558,-24.4990144903515,8.));
#2679=CARTESIAN_POINT('Origin',(-63.9323685668558,-24.4990144903515,8.));
#2680=CARTESIAN_POINT('Origin',(-63.9323685668558,-24.4990144903515,8.));
#2681=CARTESIAN_POINT('',(-52.9323685668558,-24.4990144903515,5.));
#2682=CARTESIAN_POINT('Origin',(-52.9323685668558,-24.4990144903515,8.));
#2683=CARTESIAN_POINT('Origin',(-63.9323685668558,-24.4990144903515,5.));
#2684=CARTESIAN_POINT('Origin',(0.,0.,5.));
#2685=CARTESIAN_POINT('',(-100.,-1.22464679914735E-14,5.));
#2686=CARTESIAN_POINT('Origin',(0.,0.,5.));
#2687=CARTESIAN_POINT('',(-52.8813542583895,25.5009594850439,5.));
#2688=CARTESIAN_POINT('Origin',(-63.8813542583895,25.5009594850439,5.));
#2689=CARTESIAN_POINT('',(35.4431769295308,63.4943988889383,5.));
#2690=CARTESIAN_POINT('Origin',(24.4431769295308,63.4943988889383,5.));
#2691=CARTESIAN_POINT('',(73.7316328684148,-24.7238429715966,5.));
#2692=CARTESIAN_POINT('Origin',(62.7316328684148,-24.7238429715966,5.));
#2693=CARTESIAN_POINT('',(-14.5923436666972,-62.8650071143387,5.));
#2694=CARTESIAN_POINT('Origin',(-25.5923436666972,-62.8650071143387,5.));
#2695=CARTESIAN_POINT('',(-25.,42.7,5.));
#2696=CARTESIAN_POINT('',(-25.,37.3,5.));
#2697=CARTESIAN_POINT('Origin',(-25.,40.,5.));
#2698=CARTESIAN_POINT('',(25.,42.7,5.));
#2699=CARTESIAN_POINT('',(-12.5,42.7,5.));
#2700=CARTESIAN_POINT('',(25.,37.3,5.));
#2701=CARTESIAN_POINT('Origin',(25.,40.,5.));
#2702=CARTESIAN_POINT('',(12.5,37.3,5.));
#2703=CARTESIAN_POINT('',(-27.7,-25.,5.));
#2704=CARTESIAN_POINT('',(-22.3,-25.,5.));
#2705=CARTESIAN_POINT('Origin',(-25.,-25.,5.));
#2706=CARTESIAN_POINT('',(-27.7,25.,5.));
#2707=CARTESIAN_POINT('',(-27.7,-12.5,5.));
#2708=CARTESIAN_POINT('',(-22.3,25.,5.));
#2709=CARTESIAN_POINT('Origin',(-25.,25.,5.));
#2710=CARTESIAN_POINT('',(-22.3,12.5,5.));
#2711=CARTESIAN_POINT('',(27.7,25.,5.));
#2712=CARTESIAN_POINT('',(22.3,25.,5.));
#2713=CARTESIAN_POINT('Origin',(25.,25.,5.));
#2714=CARTESIAN_POINT('',(27.7,-25.,5.));
#2715=CARTESIAN_POINT('',(27.7,12.5,5.));
#2716=CARTESIAN_POINT('',(22.3,-25.,5.));
#2717=CARTESIAN_POINT('Origin',(25.,-25.,5.));
#2718=CARTESIAN_POINT('',(22.3,-12.5,5.));
#2719=CARTESIAN_POINT('',(25.,-42.7,5.));
#2720=CARTESIAN_POINT('',(25.,-37.3,5.));
#2721=CARTESIAN_POINT('Origin',(25.,-40.,5.));
#2722=CARTESIAN_POINT('',(-25.,-42.7,5.));
#2723=CARTESIAN_POINT('',(12.5,-42.7,5.));
#2724=CARTESIAN_POINT('',(-25.,-37.3,5.));
#2725=CARTESIAN_POINT('Origin',(-25.,-40.,5.));
#2726=CARTESIAN_POINT('',(-12.5,-37.3,5.));
#2727=CARTESIAN_POINT('',(35.4074500154415,-63.0086446564455,5.));
#2728=CARTESIAN_POINT('Origin',(24.4074500154415,-63.0086446564455,5.));
#2729=CARTESIAN_POINT('',(73.7826471768811,25.276131003799,5.));
#2730=CARTESIAN_POINT('Origin',(62.7826471768811,25.276131003799,5.));
#2731=CARTESIAN_POINT('',(-14.5562221419984,63.73953657656,5.));
#2732=CARTESIAN_POINT('Origin',(-25.5562221419984,63.73953657656,5.));
#2733=CARTESIAN_POINT('Origin',(-63.9323685668558,-24.4990144903515,5.));
#2734=CARTESIAN_POINT('',(-71.9323685668558,-24.4990144903515,24.5));
#2735=CARTESIAN_POINT('Origin',(-63.9323685668558,-24.4990144903515,24.5));
#2736=CARTESIAN_POINT('',(-71.9323685668558,-24.4990144903515,5.));
#2737=CARTESIAN_POINT('Origin',(-63.8813542583895,25.5009594850439,8.));
#2738=CARTESIAN_POINT('',(-55.8813542583895,25.5009594850439,8.));
#2739=CARTESIAN_POINT('',(-71.8813542583895,25.5009594850439,8.));
#2740=CARTESIAN_POINT('Origin',(-63.8813542583895,25.5009594850439,8.));
#2741=CARTESIAN_POINT('Origin',(-63.8813542583895,25.5009594850439,8.));
#2742=CARTESIAN_POINT('Origin',(-52.8813542583895,25.5009594850439,8.));
#2743=CARTESIAN_POINT('Origin',(-63.8813542583895,25.5009594850439,5.));
#2744=CARTESIAN_POINT('',(-71.8813542583895,25.5009594850439,24.5));
#2745=CARTESIAN_POINT('Origin',(-63.8813542583895,25.5009594850439,24.5));
#2746=CARTESIAN_POINT('',(-71.8813542583895,25.5009594850439,5.));
#2747=CARTESIAN_POINT('Origin',(-25.5562221419984,63.73953657656,8.));
#2748=CARTESIAN_POINT('',(-17.5562221419984,63.73953657656,8.));
#2749=CARTESIAN_POINT('',(-33.5562221419984,63.73953657656,8.));
#2750=CARTESIAN_POINT('Origin',(-25.5562221419984,63.73953657656,8.));
#2751=CARTESIAN_POINT('Origin',(-25.5562221419984,63.73953657656,8.));
#2752=CARTESIAN_POINT('Origin',(-14.5562221419984,63.73953657656,8.));
#2753=CARTESIAN_POINT('Origin',(-25.5562221419984,63.73953657656,5.));
#2754=CARTESIAN_POINT('',(-33.5562221419984,63.73953657656,24.5));
#2755=CARTESIAN_POINT('Origin',(-25.5562221419984,63.73953657656,24.5));
#2756=CARTESIAN_POINT('',(-33.5562221419984,63.73953657656,5.));
#2757=CARTESIAN_POINT('Origin',(24.4431769295308,63.4943988889383,8.));
#2758=CARTESIAN_POINT('',(32.4431769295308,63.4943988889383,8.));
#2759=CARTESIAN_POINT('',(16.4431769295308,63.4943988889383,8.));
#2760=CARTESIAN_POINT('Origin',(24.4431769295308,63.4943988889383,8.));
#2761=CARTESIAN_POINT('Origin',(24.4431769295308,63.4943988889383,8.));
#2762=CARTESIAN_POINT('Origin',(35.4431769295308,63.4943988889383,8.));
#2763=CARTESIAN_POINT('Origin',(24.4431769295308,63.4943988889383,5.));
#2764=CARTESIAN_POINT('',(16.4431769295308,63.4943988889383,24.5));
#2765=CARTESIAN_POINT('Origin',(24.4431769295308,63.4943988889383,24.5));
#2766=CARTESIAN_POINT('',(16.4431769295308,63.4943988889383,5.));
#2767=CARTESIAN_POINT('Origin',(62.7826471768811,25.276131003799,8.));
#2768=CARTESIAN_POINT('',(70.7826471768811,25.276131003799,8.));
#2769=CARTESIAN_POINT('',(54.7826471768811,25.276131003799,8.));
#2770=CARTESIAN_POINT('Origin',(62.7826471768811,25.276131003799,8.));
#2771=CARTESIAN_POINT('Origin',(62.7826471768811,25.276131003799,8.));
#2772=CARTESIAN_POINT('Origin',(73.7826471768811,25.276131003799,8.));
#2773=CARTESIAN_POINT('Origin',(62.7826471768811,25.276131003799,5.));
#2774=CARTESIAN_POINT('',(54.7826471768811,25.276131003799,24.5));
#2775=CARTESIAN_POINT('Origin',(62.7826471768811,25.276131003799,24.5));
#2776=CARTESIAN_POINT('',(54.7826471768811,25.276131003799,5.));
#2777=CARTESIAN_POINT('Origin',(62.7316328684148,-24.7238429715966,8.));
#2778=CARTESIAN_POINT('',(70.7316328684148,-24.7238429715966,8.));
#2779=CARTESIAN_POINT('',(54.7316328684148,-24.7238429715966,8.));
#2780=CARTESIAN_POINT('Origin',(62.7316328684148,-24.7238429715966,8.));
#2781=CARTESIAN_POINT('Origin',(62.7316328684148,-24.7238429715966,8.));
#2782=CARTESIAN_POINT('Origin',(73.7316328684148,-24.7238429715966,8.));
#2783=CARTESIAN_POINT('Origin',(62.7316328684148,-24.7238429715966,5.));
#2784=CARTESIAN_POINT('',(54.7316328684148,-24.7238429715966,24.5));
#2785=CARTESIAN_POINT('Origin',(62.7316328684148,-24.7238429715966,24.5));
#2786=CARTESIAN_POINT('',(54.7316328684148,-24.7238429715966,5.));
#2787=CARTESIAN_POINT('Origin',(24.4074500154415,-63.0086446564455,8.));
#2788=CARTESIAN_POINT('',(32.4074500154415,-63.0086446564455,8.));
#2789=CARTESIAN_POINT('',(16.4074500154415,-63.0086446564455,8.));
#2790=CARTESIAN_POINT('Origin',(24.4074500154415,-63.0086446564455,8.));
#2791=CARTESIAN_POINT('Origin',(24.4074500154415,-63.0086446564455,8.));
#2792=CARTESIAN_POINT('Origin',(35.4074500154415,-63.0086446564455,8.));
#2793=CARTESIAN_POINT('Origin',(24.4074500154415,-63.0086446564455,5.));
#2794=CARTESIAN_POINT('',(16.4074500154415,-63.0086446564455,24.5));
#2795=CARTESIAN_POINT('Origin',(24.4074500154415,-63.0086446564455,24.5));
#2796=CARTESIAN_POINT('',(16.4074500154415,-63.0086446564455,5.));
#2797=CARTESIAN_POINT('Origin',(-25.5923436666972,-62.8650071143387,8.));
#2798=CARTESIAN_POINT('',(-17.5923436666972,-62.8650071143387,8.));
#2799=CARTESIAN_POINT('',(-33.5923436666972,-62.8650071143387,8.));
#2800=CARTESIAN_POINT('Origin',(-25.5923436666972,-62.8650071143387,8.));
#2801=CARTESIAN_POINT('Origin',(-25.5923436666972,-62.8650071143387,8.));
#2802=CARTESIAN_POINT('Origin',(-14.5923436666972,-62.8650071143387,8.));
#2803=CARTESIAN_POINT('Origin',(-25.5923436666972,-62.8650071143387,5.));
#2804=CARTESIAN_POINT('',(-33.5923436666972,-62.8650071143387,24.5));
#2805=CARTESIAN_POINT('Origin',(-25.5923436666972,-62.8650071143387,24.5));
#2806=CARTESIAN_POINT('',(-33.5923436666972,-62.8650071143387,5.));
#2807=CARTESIAN_POINT('Origin',(-25.5923436666972,-62.8650071143387,5.5));
#2808=CARTESIAN_POINT('',(-20.5923436666973,-62.8650071143387,5.5));
#2809=CARTESIAN_POINT('',(-30.5923436666972,-62.8650071143387,5.5));
#2810=CARTESIAN_POINT('Origin',(-25.5923436666972,-62.8650071143387,5.5));
#2811=CARTESIAN_POINT('',(-30.0923436666972,-62.8650071143387,5.));
#2812=CARTESIAN_POINT('Origin',(-30.0923436666972,-62.8650071143387,5.5));
#2813=CARTESIAN_POINT('Origin',(-25.5923436666972,-62.8650071143387,5.));
#2814=CARTESIAN_POINT('Origin',(-25.5923436666972,-62.8650071143387,5.5));
#2815=CARTESIAN_POINT('Origin',(-25.5923436666972,-62.8650071143387,5.));
#2816=CARTESIAN_POINT('',(-20.5923436666973,-62.8650071143387,24.5));
#2817=CARTESIAN_POINT('Origin',(-25.5923436666972,-62.8650071143387,24.5));
#2818=CARTESIAN_POINT('',(-20.5923436666973,-62.8650071143387,5.));
#2819=CARTESIAN_POINT('Origin',(0.,0.,5.));
#2820=CARTESIAN_POINT('Origin',(-63.9323685668558,-24.4990144903515,5.5));
#2821=CARTESIAN_POINT('',(-58.9323685668558,-24.4990144903515,5.5));
#2822=CARTESIAN_POINT('',(-68.9323685668557,-24.4990144903515,5.5));
#2823=CARTESIAN_POINT('Origin',(-63.9323685668558,-24.4990144903515,5.5));
#2824=CARTESIAN_POINT('',(-68.4323685668557,-24.4990144903515,5.));
#2825=CARTESIAN_POINT('Origin',(-68.4323685668557,-24.4990144903515,5.5));
#2826=CARTESIAN_POINT('Origin',(-63.9323685668558,-24.4990144903515,5.));
#2827=CARTESIAN_POINT('Origin',(-63.9323685668558,-24.4990144903515,5.5));
#2828=CARTESIAN_POINT('Origin',(-63.9323685668558,-24.4990144903515,5.));
#2829=CARTESIAN_POINT('',(-58.9323685668558,-24.4990144903515,24.5));
#2830=CARTESIAN_POINT('Origin',(-63.9323685668558,-24.4990144903515,24.5));
#2831=CARTESIAN_POINT('',(-58.9323685668558,-24.4990144903515,5.));
#2832=CARTESIAN_POINT('Origin',(0.,0.,5.));
#2833=CARTESIAN_POINT('Origin',(-63.8813542583895,25.5009594850439,5.5));
#2834=CARTESIAN_POINT('',(-58.8813542583896,25.5009594850439,5.5));
#2835=CARTESIAN_POINT('',(-68.8813542583895,25.5009594850439,5.5));
#2836=CARTESIAN_POINT('Origin',(-63.8813542583895,25.5009594850439,5.5));
#2837=CARTESIAN_POINT('',(-68.3813542583895,25.5009594850439,5.));
#2838=CARTESIAN_POINT('Origin',(-68.3813542583895,25.5009594850439,5.5));
#2839=CARTESIAN_POINT('Origin',(-63.8813542583895,25.5009594850439,5.));
#2840=CARTESIAN_POINT('Origin',(-63.8813542583895,25.5009594850439,5.5));
#2841=CARTESIAN_POINT('Origin',(-63.8813542583895,25.5009594850439,5.));
#2842=CARTESIAN_POINT('',(-58.8813542583896,25.5009594850439,24.5));
#2843=CARTESIAN_POINT('Origin',(-63.8813542583895,25.5009594850439,24.5));
#2844=CARTESIAN_POINT('',(-58.8813542583896,25.5009594850439,5.));
#2845=CARTESIAN_POINT('Origin',(0.,0.,5.));
#2846=CARTESIAN_POINT('Origin',(-25.5562221419984,63.73953657656,5.5));
#2847=CARTESIAN_POINT('',(-20.5562221419985,63.73953657656,5.5));
#2848=CARTESIAN_POINT('',(-30.5562221419983,63.73953657656,5.5));
#2849=CARTESIAN_POINT('Origin',(-25.5562221419984,63.73953657656,5.5));
#2850=CARTESIAN_POINT('',(-30.0562221419983,63.73953657656,5.));
#2851=CARTESIAN_POINT('Origin',(-30.0562221419983,63.73953657656,5.5));
#2852=CARTESIAN_POINT('Origin',(-25.5562221419984,63.73953657656,5.));
#2853=CARTESIAN_POINT('Origin',(-25.5562221419984,63.73953657656,5.5));
#2854=CARTESIAN_POINT('Origin',(-25.5562221419984,63.73953657656,5.));
#2855=CARTESIAN_POINT('',(-20.5562221419985,63.73953657656,24.5));
#2856=CARTESIAN_POINT('Origin',(-25.5562221419984,63.73953657656,24.5));
#2857=CARTESIAN_POINT('',(-20.5562221419985,63.73953657656,5.));
#2858=CARTESIAN_POINT('Origin',(0.,0.,5.));
#2859=CARTESIAN_POINT('Origin',(24.4431769295308,63.4943988889383,5.5));
#2860=CARTESIAN_POINT('',(29.4431769295308,63.4943988889383,5.5));
#2861=CARTESIAN_POINT('',(19.4431769295309,63.4943988889383,5.5));
#2862=CARTESIAN_POINT('Origin',(24.4431769295308,63.4943988889383,5.5));
#2863=CARTESIAN_POINT('',(19.9431769295309,63.4943988889383,5.));
#2864=CARTESIAN_POINT('Origin',(19.9431769295309,63.4943988889383,5.5));
#2865=CARTESIAN_POINT('Origin',(24.4431769295308,63.4943988889383,5.));
#2866=CARTESIAN_POINT('Origin',(24.4431769295308,63.4943988889383,5.5));
#2867=CARTESIAN_POINT('Origin',(24.4431769295308,63.4943988889383,5.));
#2868=CARTESIAN_POINT('',(29.4431769295308,63.4943988889383,24.5));
#2869=CARTESIAN_POINT('Origin',(24.4431769295308,63.4943988889383,24.5));
#2870=CARTESIAN_POINT('',(29.4431769295308,63.4943988889383,5.));
#2871=CARTESIAN_POINT('Origin',(0.,0.,5.));
#2872=CARTESIAN_POINT('Origin',(62.7826471768811,25.276131003799,5.5));
#2873=CARTESIAN_POINT('',(67.7826471768811,25.276131003799,5.5));
#2874=CARTESIAN_POINT('',(57.7826471768812,25.276131003799,5.5));
#2875=CARTESIAN_POINT('Origin',(62.7826471768811,25.276131003799,5.5));
#2876=CARTESIAN_POINT('',(58.2826471768811,25.276131003799,5.));
#2877=CARTESIAN_POINT('Origin',(58.2826471768811,25.276131003799,5.5));
#2878=CARTESIAN_POINT('Origin',(62.7826471768811,25.276131003799,5.));
#2879=CARTESIAN_POINT('Origin',(62.7826471768811,25.276131003799,5.5));
#2880=CARTESIAN_POINT('Origin',(62.7826471768811,25.276131003799,5.));
#2881=CARTESIAN_POINT('',(67.7826471768811,25.276131003799,24.5));
#2882=CARTESIAN_POINT('Origin',(62.7826471768811,25.276131003799,24.5));
#2883=CARTESIAN_POINT('',(67.7826471768811,25.276131003799,5.));
#2884=CARTESIAN_POINT('Origin',(0.,0.,5.));
#2885=CARTESIAN_POINT('Origin',(62.7316328684148,-24.7238429715966,5.5));
#2886=CARTESIAN_POINT('',(67.7316328684148,-24.7238429715966,5.5));
#2887=CARTESIAN_POINT('',(57.7316328684149,-24.7238429715966,5.5));
#2888=CARTESIAN_POINT('Origin',(62.7316328684148,-24.7238429715966,5.5));
#2889=CARTESIAN_POINT('',(58.2316328684149,-24.7238429715966,5.));
#2890=CARTESIAN_POINT('Origin',(58.2316328684149,-24.7238429715966,5.5));
#2891=CARTESIAN_POINT('Origin',(62.7316328684148,-24.7238429715966,5.));
#2892=CARTESIAN_POINT('Origin',(62.7316328684148,-24.7238429715966,5.5));
#2893=CARTESIAN_POINT('Origin',(62.7316328684148,-24.7238429715966,5.));
#2894=CARTESIAN_POINT('',(67.7316328684148,-24.7238429715966,24.5));
#2895=CARTESIAN_POINT('Origin',(62.7316328684148,-24.7238429715966,24.5));
#2896=CARTESIAN_POINT('',(67.7316328684148,-24.7238429715966,5.));
#2897=CARTESIAN_POINT('Origin',(0.,0.,5.));
#2898=CARTESIAN_POINT('Origin',(24.4074500154415,-63.0086446564455,5.5));
#2899=CARTESIAN_POINT('',(29.4074500154414,-63.0086446564455,5.5));
#2900=CARTESIAN_POINT('',(19.4074500154416,-63.0086446564455,5.5));
#2901=CARTESIAN_POINT('Origin',(24.4074500154415,-63.0086446564455,5.5));
#2902=CARTESIAN_POINT('',(19.9074500154416,-63.0086446564455,5.));
#2903=CARTESIAN_POINT('Origin',(19.9074500154416,-63.0086446564455,5.5));
#2904=CARTESIAN_POINT('Origin',(24.4074500154415,-63.0086446564455,5.));
#2905=CARTESIAN_POINT('Origin',(24.4074500154415,-63.0086446564455,5.5));
#2906=CARTESIAN_POINT('Origin',(24.4074500154415,-63.0086446564455,5.));
#2907=CARTESIAN_POINT('',(29.4074500154414,-63.0086446564455,24.5));
#2908=CARTESIAN_POINT('Origin',(24.4074500154415,-63.0086446564455,24.5));
#2909=CARTESIAN_POINT('',(29.4074500154414,-63.0086446564455,5.));
#2910=CARTESIAN_POINT('Origin',(0.,0.,5.));
#2911=CARTESIAN_POINT('Origin',(24.4074500154415,-63.0086446564455,24.5));
#2912=CARTESIAN_POINT('',(29.9074500154414,-63.0086446564455,25.));
#2913=CARTESIAN_POINT('Origin',(24.4074500154415,-63.0086446564455,25.));
#2914=CARTESIAN_POINT('Origin',(29.9074500154414,-63.0086446564455,24.5));
#2915=CARTESIAN_POINT('Origin',(24.4074500154415,-63.0086446564455,25.));
#2916=CARTESIAN_POINT('',(16.9074500154415,-63.0086446564455,25.));
#2917=CARTESIAN_POINT('Origin',(24.4074500154415,-63.0086446564455,25.));
#2918=CARTESIAN_POINT('Origin',(24.4074500154415,-63.0086446564455,24.5));
#2919=CARTESIAN_POINT('Origin',(16.9074500154415,-63.0086446564455,24.5));
#2920=CARTESIAN_POINT('Origin',(-25.5923436666972,-62.8650071143387,24.5));
#2921=CARTESIAN_POINT('',(-20.0923436666973,-62.8650071143387,25.));
#2922=CARTESIAN_POINT('Origin',(-25.5923436666972,-62.8650071143387,25.));
#2923=CARTESIAN_POINT('Origin',(-20.0923436666973,-62.8650071143387,24.5));
#2924=CARTESIAN_POINT('Origin',(-25.5923436666972,-62.8650071143387,25.));
#2925=CARTESIAN_POINT('',(-33.0923436666972,-62.8650071143387,25.));
#2926=CARTESIAN_POINT('Origin',(-25.5923436666972,-62.8650071143387,25.));
#2927=CARTESIAN_POINT('Origin',(-25.5923436666972,-62.8650071143387,24.5));
#2928=CARTESIAN_POINT('Origin',(-33.0923436666972,-62.8650071143387,24.5));
#2929=CARTESIAN_POINT('Origin',(-63.9323685668558,-24.4990144903515,24.5));
#2930=CARTESIAN_POINT('',(-58.4323685668558,-24.4990144903515,25.));
#2931=CARTESIAN_POINT('Origin',(-63.9323685668558,-24.4990144903515,25.));
#2932=CARTESIAN_POINT('Origin',(-58.4323685668558,-24.4990144903515,24.5));
#2933=CARTESIAN_POINT('Origin',(-63.9323685668558,-24.4990144903515,25.));
#2934=CARTESIAN_POINT('',(-71.4323685668558,-24.4990144903515,25.));
#2935=CARTESIAN_POINT('Origin',(-63.9323685668558,-24.4990144903515,25.));
#2936=CARTESIAN_POINT('Origin',(-63.9323685668558,-24.4990144903515,24.5));
#2937=CARTESIAN_POINT('Origin',(-71.4323685668558,-24.4990144903515,24.5));
#2938=CARTESIAN_POINT('Origin',(-63.8813542583895,25.5009594850439,24.5));
#2939=CARTESIAN_POINT('',(-58.3813542583896,25.5009594850439,25.));
#2940=CARTESIAN_POINT('Origin',(-63.8813542583895,25.5009594850439,25.));
#2941=CARTESIAN_POINT('Origin',(-58.3813542583896,25.5009594850439,24.5));
#2942=CARTESIAN_POINT('Origin',(-63.8813542583895,25.5009594850439,25.));
#2943=CARTESIAN_POINT('',(-71.3813542583895,25.5009594850439,25.));
#2944=CARTESIAN_POINT('Origin',(-63.8813542583895,25.5009594850439,25.));
#2945=CARTESIAN_POINT('Origin',(-63.8813542583895,25.5009594850439,24.5));
#2946=CARTESIAN_POINT('Origin',(-71.3813542583895,25.5009594850439,24.5));
#2947=CARTESIAN_POINT('Origin',(-25.5562221419984,63.73953657656,24.5));
#2948=CARTESIAN_POINT('',(-20.0562221419985,63.73953657656,25.));
#2949=CARTESIAN_POINT('Origin',(-25.5562221419984,63.73953657656,25.));
#2950=CARTESIAN_POINT('Origin',(-20.0562221419985,63.73953657656,24.5));
#2951=CARTESIAN_POINT('Origin',(-25.5562221419984,63.73953657656,25.));
#2952=CARTESIAN_POINT('',(-33.0562221419984,63.73953657656,25.));
#2953=CARTESIAN_POINT('Origin',(-25.5562221419984,63.73953657656,25.));
#2954=CARTESIAN_POINT('Origin',(-25.5562221419984,63.73953657656,24.5));
#2955=CARTESIAN_POINT('Origin',(-33.0562221419984,63.73953657656,24.5));
#2956=CARTESIAN_POINT('Origin',(24.4431769295308,63.4943988889383,24.5));
#2957=CARTESIAN_POINT('',(29.9431769295308,63.4943988889383,25.));
#2958=CARTESIAN_POINT('Origin',(24.4431769295308,63.4943988889383,25.));
#2959=CARTESIAN_POINT('Origin',(29.9431769295308,63.4943988889383,24.5));
#2960=CARTESIAN_POINT('Origin',(24.4431769295308,63.4943988889383,25.));
#2961=CARTESIAN_POINT('',(16.9431769295308,63.4943988889383,25.));
#2962=CARTESIAN_POINT('Origin',(24.4431769295308,63.4943988889383,25.));
#2963=CARTESIAN_POINT('Origin',(24.4431769295308,63.4943988889383,24.5));
#2964=CARTESIAN_POINT('Origin',(16.9431769295308,63.4943988889383,24.5));
#2965=CARTESIAN_POINT('Origin',(62.7826471768811,25.276131003799,24.5));
#2966=CARTESIAN_POINT('',(68.2826471768811,25.276131003799,25.));
#2967=CARTESIAN_POINT('Origin',(62.7826471768811,25.276131003799,25.));
#2968=CARTESIAN_POINT('Origin',(68.2826471768811,25.276131003799,24.5));
#2969=CARTESIAN_POINT('Origin',(62.7826471768811,25.276131003799,25.));
#2970=CARTESIAN_POINT('',(55.2826471768811,25.276131003799,25.));
#2971=CARTESIAN_POINT('Origin',(62.7826471768811,25.276131003799,25.));
#2972=CARTESIAN_POINT('Origin',(62.7826471768811,25.276131003799,24.5));
#2973=CARTESIAN_POINT('Origin',(55.2826471768811,25.276131003799,24.5));
#2974=CARTESIAN_POINT('Origin',(62.7316328684148,-24.7238429715966,24.5));
#2975=CARTESIAN_POINT('',(68.2316328684148,-24.7238429715966,25.));
#2976=CARTESIAN_POINT('Origin',(62.7316328684148,-24.7238429715966,25.));
#2977=CARTESIAN_POINT('Origin',(68.2316328684148,-24.7238429715966,24.5));
#2978=CARTESIAN_POINT('Origin',(62.7316328684148,-24.7238429715966,25.));
#2979=CARTESIAN_POINT('',(55.2316328684148,-24.7238429715966,25.));
#2980=CARTESIAN_POINT('Origin',(62.7316328684148,-24.7238429715966,25.));
#2981=CARTESIAN_POINT('Origin',(62.7316328684148,-24.7238429715966,24.5));
#2982=CARTESIAN_POINT('Origin',(55.2316328684148,-24.7238429715966,24.5));
#2983=CARTESIAN_POINT('Origin',(25.,-40.,4.5));
#2984=CARTESIAN_POINT('',(25.,-37.8,4.5));
#2985=CARTESIAN_POINT('Origin',(25.,-37.3,4.5));
#2986=CARTESIAN_POINT('',(25.,-42.2,4.5));
#2987=CARTESIAN_POINT('Origin',(25.,-40.,4.5));
#2988=CARTESIAN_POINT('Origin',(25.,-42.7,4.5));
#2989=CARTESIAN_POINT('Origin',(12.5,-42.7,4.5));
#2990=CARTESIAN_POINT('',(-25.,-42.2,4.5));
#2991=CARTESIAN_POINT('Origin',(-25.,-42.7,4.5));
#2992=CARTESIAN_POINT('',(12.5,-42.2,4.5));
#2993=CARTESIAN_POINT('Origin',(-25.,-40.,4.5));
#2994=CARTESIAN_POINT('',(-25.,-37.8,4.5));
#2995=CARTESIAN_POINT('Origin',(-25.,-37.3,4.5));
#2996=CARTESIAN_POINT('Origin',(-25.,-40.,4.5));
#2997=CARTESIAN_POINT('Origin',(-12.5,-37.3,4.5));
#2998=CARTESIAN_POINT('',(-12.5,-37.8,4.5));
#2999=CARTESIAN_POINT('Origin',(25.,-42.2,0.));
#3000=CARTESIAN_POINT('',(25.,-42.2,0.5));
#3001=CARTESIAN_POINT('',(25.,-42.2,0.));
#3002=CARTESIAN_POINT('',(-25.,-42.2,0.5));
#3003=CARTESIAN_POINT('',(12.5,-42.2,0.5));
#3004=CARTESIAN_POINT('',(-25.,-42.2,0.));
#3005=CARTESIAN_POINT('Origin',(25.,-40.,0.));
#3006=CARTESIAN_POINT('',(25.,-37.8,0.5));
#3007=CARTESIAN_POINT('',(25.,-37.8,0.));
#3008=CARTESIAN_POINT('Origin',(25.,-40.,0.5));
#3009=CARTESIAN_POINT('Origin',(25.,-40.,0.5));
#3010=CARTESIAN_POINT('',(25.,-37.3,0.));
#3011=CARTESIAN_POINT('Origin',(25.,-37.3,0.5));
#3012=CARTESIAN_POINT('',(25.,-42.7,0.));
#3013=CARTESIAN_POINT('Origin',(25.,-40.,0.));
#3014=CARTESIAN_POINT('Origin',(25.,-42.7,0.5));
#3015=CARTESIAN_POINT('Origin',(12.5,-42.7,0.5));
#3016=CARTESIAN_POINT('',(-25.,-42.7,0.));
#3017=CARTESIAN_POINT('Origin',(-25.,-42.7,0.5));
#3018=CARTESIAN_POINT('',(12.5,-42.7,0.));
#3019=CARTESIAN_POINT('Origin',(-25.,-40.,0.5));
#3020=CARTESIAN_POINT('',(-25.,-37.3,0.));
#3021=CARTESIAN_POINT('',(-25.,-37.8,0.5));
#3022=CARTESIAN_POINT('Origin',(-25.,-37.3,0.5));
#3023=CARTESIAN_POINT('Origin',(-25.,-40.,0.5));
#3024=CARTESIAN_POINT('Origin',(-25.,-40.,0.));
#3025=CARTESIAN_POINT('Origin',(-12.5,-37.3,0.5));
#3026=CARTESIAN_POINT('',(-12.5,-37.8,0.5));
#3027=CARTESIAN_POINT('',(-12.5,-37.3,0.));
#3028=CARTESIAN_POINT('Origin',(-25.,-37.8,0.));
#3029=CARTESIAN_POINT('',(-25.,-37.8,0.));
#3030=CARTESIAN_POINT('Origin',(0.,0.,0.));
#3031=CARTESIAN_POINT('',(-100.,-1.22464679914735E-14,0.));
#3032=CARTESIAN_POINT('Origin',(0.,0.,0.));
#3033=CARTESIAN_POINT('',(-25.,37.3,0.));
#3034=CARTESIAN_POINT('',(-25.,42.7,0.));
#3035=CARTESIAN_POINT('Origin',(-25.,40.,0.));
#3036=CARTESIAN_POINT('',(25.,37.3,0.));
#3037=CARTESIAN_POINT('',(12.5,37.3,0.));
#3038=CARTESIAN_POINT('',(25.,42.7,0.));
#3039=CARTESIAN_POINT('Origin',(25.,40.,0.));
#3040=CARTESIAN_POINT('',(-12.5,42.7,0.));
#3041=CARTESIAN_POINT('',(-22.3,-25.,0.));
#3042=CARTESIAN_POINT('',(-27.7,-25.,0.));
#3043=CARTESIAN_POINT('Origin',(-25.,-25.,0.));
#3044=CARTESIAN_POINT('',(-22.3,25.,0.));
#3045=CARTESIAN_POINT('',(-22.3,12.5,0.));
#3046=CARTESIAN_POINT('',(-27.7,25.,0.));
#3047=CARTESIAN_POINT('Origin',(-25.,25.,0.));
#3048=CARTESIAN_POINT('',(-27.7,-12.5,0.));
#3049=CARTESIAN_POINT('',(27.7,-25.,0.));
#3050=CARTESIAN_POINT('',(22.3,-25.,0.));
#3051=CARTESIAN_POINT('Origin',(25.,-25.,0.));
#3052=CARTESIAN_POINT('',(27.7,25.,0.));
#3053=CARTESIAN_POINT('',(27.7,12.5,0.));
#3054=CARTESIAN_POINT('',(22.3,25.,0.));
#3055=CARTESIAN_POINT('Origin',(25.,25.,0.));
#3056=CARTESIAN_POINT('',(22.3,-12.5,0.));
#3057=CARTESIAN_POINT('Origin',(-25.,40.,0.5));
#3058=CARTESIAN_POINT('',(-25.,37.8,0.5));
#3059=CARTESIAN_POINT('Origin',(-25.,37.3,0.5));
#3060=CARTESIAN_POINT('',(-25.,42.2,0.5));
#3061=CARTESIAN_POINT('Origin',(-25.,42.7,0.5));
#3062=CARTESIAN_POINT('Origin',(-25.,40.,0.5));
#3063=CARTESIAN_POINT('Origin',(-12.5,42.7,0.5));
#3064=CARTESIAN_POINT('',(25.,42.2,0.5));
#3065=CARTESIAN_POINT('Origin',(25.,42.7,0.5));
#3066=CARTESIAN_POINT('',(-12.5,42.2,0.5));
#3067=CARTESIAN_POINT('Origin',(25.,40.,0.5));
#3068=CARTESIAN_POINT('',(25.,37.8,0.5));
#3069=CARTESIAN_POINT('Origin',(25.,37.3,0.5));
#3070=CARTESIAN_POINT('Origin',(25.,40.,0.5));
#3071=CARTESIAN_POINT('Origin',(12.5,37.3,0.5));
#3072=CARTESIAN_POINT('',(12.5,37.8,0.5));
#3073=CARTESIAN_POINT('Origin',(25.,37.8,0.));
#3074=CARTESIAN_POINT('',(-25.,37.8,4.5));
#3075=CARTESIAN_POINT('',(-25.,37.8,0.));
#3076=CARTESIAN_POINT('',(25.,37.8,4.5));
#3077=CARTESIAN_POINT('',(12.5,37.8,4.5));
#3078=CARTESIAN_POINT('',(25.,37.8,0.));
#3079=CARTESIAN_POINT('Origin',(-25.,40.,0.));
#3080=CARTESIAN_POINT('',(-25.,42.2,4.5));
#3081=CARTESIAN_POINT('',(-25.,42.2,0.));
#3082=CARTESIAN_POINT('Origin',(-25.,40.,4.5));
#3083=CARTESIAN_POINT('Origin',(-25.,40.,4.5));
#3084=CARTESIAN_POINT('Origin',(-25.,37.3,4.5));
#3085=CARTESIAN_POINT('Origin',(-25.,42.7,4.5));
#3086=CARTESIAN_POINT('Origin',(-12.5,42.7,4.5));
#3087=CARTESIAN_POINT('',(25.,42.2,4.5));
#3088=CARTESIAN_POINT('Origin',(25.,42.7,4.5));
#3089=CARTESIAN_POINT('',(-12.5,42.2,4.5));
#3090=CARTESIAN_POINT('Origin',(25.,40.,4.5));
#3091=CARTESIAN_POINT('Origin',(25.,37.3,4.5));
#3092=CARTESIAN_POINT('Origin',(25.,40.,4.5));
#3093=CARTESIAN_POINT('Origin',(12.5,37.3,4.5));
#3094=CARTESIAN_POINT('Origin',(-25.,42.2,0.));
#3095=CARTESIAN_POINT('',(25.,42.2,0.));
#3096=CARTESIAN_POINT('Origin',(25.,-25.,0.5));
#3097=CARTESIAN_POINT('',(27.2,-25.,0.5));
#3098=CARTESIAN_POINT('Origin',(27.7,-25.,0.5));
#3099=CARTESIAN_POINT('',(22.8,-25.,0.5));
#3100=CARTESIAN_POINT('Origin',(22.3,-25.,0.5));
#3101=CARTESIAN_POINT('Origin',(25.,-25.,0.5));
#3102=CARTESIAN_POINT('Origin',(22.3,-12.5,0.5));
#3103=CARTESIAN_POINT('',(22.8,25.,0.5));
#3104=CARTESIAN_POINT('Origin',(22.3,25.,0.5));
#3105=CARTESIAN_POINT('',(22.8,-12.5,0.5));
#3106=CARTESIAN_POINT('Origin',(25.,25.,0.5));
#3107=CARTESIAN_POINT('',(27.2,25.,0.5));
#3108=CARTESIAN_POINT('Origin',(27.7,25.,0.5));
#3109=CARTESIAN_POINT('Origin',(25.,25.,0.5));
#3110=CARTESIAN_POINT('Origin',(27.7,12.5,0.5));
#3111=CARTESIAN_POINT('',(27.2,12.5,0.5));
#3112=CARTESIAN_POINT('Origin',(27.2,25.,0.));
#3113=CARTESIAN_POINT('',(27.2,-25.,4.5));
#3114=CARTESIAN_POINT('',(27.2,-25.,0.));
#3115=CARTESIAN_POINT('',(27.2,25.,4.5));
#3116=CARTESIAN_POINT('',(27.2,12.5,4.5));
#3117=CARTESIAN_POINT('',(27.2,25.,0.));
#3118=CARTESIAN_POINT('Origin',(25.,-25.,0.));
#3119=CARTESIAN_POINT('',(22.8,-25.,4.5));
#3120=CARTESIAN_POINT('',(22.8,-25.,0.));
#3121=CARTESIAN_POINT('Origin',(25.,-25.,4.5));
#3122=CARTESIAN_POINT('Origin',(25.,25.,4.5));
#3123=CARTESIAN_POINT('',(22.8,25.,4.5));
#3124=CARTESIAN_POINT('Origin',(22.3,25.,4.5));
#3125=CARTESIAN_POINT('Origin',(25.,25.,4.5));
#3126=CARTESIAN_POINT('Origin',(27.7,25.,4.5));
#3127=CARTESIAN_POINT('Origin',(27.7,12.5,4.5));
#3128=CARTESIAN_POINT('Origin',(27.7,-25.,4.5));
#3129=CARTESIAN_POINT('Origin',(25.,-25.,4.5));
#3130=CARTESIAN_POINT('Origin',(22.3,-25.,4.5));
#3131=CARTESIAN_POINT('Origin',(22.3,-12.5,4.5));
#3132=CARTESIAN_POINT('',(22.8,-12.5,4.5));
#3133=CARTESIAN_POINT('Origin',(25.,25.,0.));
#3134=CARTESIAN_POINT('',(22.8,25.,0.));
#3135=CARTESIAN_POINT('Origin',(-25.,-25.,0.5));
#3136=CARTESIAN_POINT('',(-22.8,-25.,0.5));
#3137=CARTESIAN_POINT('Origin',(-22.3,-25.,0.5));
#3138=CARTESIAN_POINT('',(-27.2,-25.,0.5));
#3139=CARTESIAN_POINT('Origin',(-27.7,-25.,0.5));
#3140=CARTESIAN_POINT('Origin',(-25.,-25.,0.5));
#3141=CARTESIAN_POINT('Origin',(-27.7,-12.5,0.5));
#3142=CARTESIAN_POINT('',(-27.2,25.,0.5));
#3143=CARTESIAN_POINT('Origin',(-27.7,25.,0.5));
#3144=CARTESIAN_POINT('',(-27.2,-12.5,0.5));
#3145=CARTESIAN_POINT('Origin',(-25.,25.,0.5));
#3146=CARTESIAN_POINT('',(-22.8,25.,0.5));
#3147=CARTESIAN_POINT('Origin',(-22.3,25.,0.5));
#3148=CARTESIAN_POINT('Origin',(-25.,25.,0.5));
#3149=CARTESIAN_POINT('Origin',(-22.3,12.5,0.5));
#3150=CARTESIAN_POINT('',(-22.8,12.5,0.5));
#3151=CARTESIAN_POINT('Origin',(-22.8,25.,0.));
#3152=CARTESIAN_POINT('',(-22.8,-25.,4.5));
#3153=CARTESIAN_POINT('',(-22.8,-25.,0.));
#3154=CARTESIAN_POINT('',(-22.8,25.,4.5));
#3155=CARTESIAN_POINT('',(-22.8,12.5,4.5));
#3156=CARTESIAN_POINT('',(-22.8,25.,0.));
#3157=CARTESIAN_POINT('Origin',(-25.,-25.,0.));
#3158=CARTESIAN_POINT('',(-27.2,-25.,4.5));
#3159=CARTESIAN_POINT('',(-27.2,-25.,0.));
#3160=CARTESIAN_POINT('Origin',(-25.,-25.,4.5));
#3161=CARTESIAN_POINT('Origin',(-25.,-25.,4.5));
#3162=CARTESIAN_POINT('Origin',(-22.3,-25.,4.5));
#3163=CARTESIAN_POINT('Origin',(-27.7,-25.,4.5));
#3164=CARTESIAN_POINT('Origin',(-27.7,-12.5,4.5));
#3165=CARTESIAN_POINT('',(-27.2,25.,4.5));
#3166=CARTESIAN_POINT('Origin',(-27.7,25.,4.5));
#3167=CARTESIAN_POINT('',(-27.2,-12.5,4.5));
#3168=CARTESIAN_POINT('Origin',(-25.,25.,4.5));
#3169=CARTESIAN_POINT('Origin',(-22.3,25.,4.5));
#3170=CARTESIAN_POINT('Origin',(-25.,25.,4.5));
#3171=CARTESIAN_POINT('Origin',(-22.3,12.5,4.5));
#3172=CARTESIAN_POINT('Origin',(-27.2,-25.,0.));
#3173=CARTESIAN_POINT('',(-27.2,25.,0.));
#3174=CARTESIAN_POINT('Origin',(-25.,25.,0.));
#3175=CARTESIAN_POINT('Origin',(25.,40.,0.));
#3176=CARTESIAN_POINT('Origin',(-25.,-40.,0.));
#3177=CARTESIAN_POINT('Origin',(22.8,-25.,0.));
#3178=CARTESIAN_POINT('Origin',(0.,0.,0.));
#3179=CARTESIAN_POINT('',(-100.,-1.22464679914735E-14,0.));
#3180=UNCERTAINTY_MEASURE_WITH_UNIT(LENGTH_MEASURE(0.01),#3184,
'DISTANCE_ACCURACY_VALUE',
'Maximum model space distance between geometric entities at asserted c
onnectivities');
#3181=UNCERTAINTY_MEASURE_WITH_UNIT(LENGTH_MEASURE(0.01),#3184,
'DISTANCE_ACCURACY_VALUE',
'Maximum model space distance between geometric entities at asserted c
onnectivities');
#3182=(
GEOMETRIC_REPRESENTATION_CONTEXT(3)
GLOBAL_UNCERTAINTY_ASSIGNED_CONTEXT((#3180))
GLOBAL_UNIT_ASSIGNED_CONTEXT((#3184,#3186,#3187))
REPRESENTATION_CONTEXT('','3D')
);
#3183=(
GEOMETRIC_REPRESENTATION_CONTEXT(3)
GLOBAL_UNCERTAINTY_ASSIGNED_CONTEXT((#3181))
GLOBAL_UNIT_ASSIGNED_CONTEXT((#3184,#3186,#3187))
REPRESENTATION_CONTEXT('','3D')
);
#3184=(
LENGTH_UNIT()
NAMED_UNIT(*)
SI_UNIT(.MILLI.,.METRE.)
);
#3185=(
LENGTH_UNIT()
NAMED_UNIT(*)
SI_UNIT(.CENTI.,.METRE.)
);
#3186=(
NAMED_UNIT(*)
PLANE_ANGLE_UNIT()
SI_UNIT($,.RADIAN.)
);
#3187=(
NAMED_UNIT(*)
SI_UNIT($,.STERADIAN.)
SOLID_ANGLE_UNIT()
);
#3188=SHAPE_DEFINITION_REPRESENTATION(#3189,#3190);
#3189=PRODUCT_DEFINITION_SHAPE('',$,#3192);
#3190=SHAPE_REPRESENTATION('',(#1728),#3182);
#3191=PRODUCT_DEFINITION_CONTEXT('part definition',#3196,'design');
#3192=PRODUCT_DEFINITION('tableStandTop','tableStandTop',#3193,#3191);
#3193=PRODUCT_DEFINITION_FORMATION('',$,#3198);
#3194=PRODUCT_RELATED_PRODUCT_CATEGORY('tableStandTop','tableStandTop',
(#3198));
#3195=APPLICATION_PROTOCOL_DEFINITION('international standard',
'automotive_design',2009,#3196);
#3196=APPLICATION_CONTEXT(
'Core Data for Automotive Mechanical Design Process');
#3197=PRODUCT_CONTEXT('part definition',#3196,'mechanical');
#3198=PRODUCT('tableStandTop','tableStandTop',$,(#3197));
#3199=PRESENTATION_STYLE_ASSIGNMENT((#3200));
#3200=SURFACE_STYLE_USAGE(.BOTH.,#3203);
#3201=SURFACE_STYLE_RENDERING_WITH_PROPERTIES($,#3207,(#3202));
#3202=SURFACE_STYLE_TRANSPARENT(0.);
#3203=SURFACE_SIDE_STYLE('',(#3204,#3201));
#3204=SURFACE_STYLE_FILL_AREA(#3205);
#3205=FILL_AREA_STYLE('',(#3206));
#3206=FILL_AREA_STYLE_COLOUR('',#3207);
#3207=COLOUR_RGB('',0.749019607843137,0.749019607843137,0.749019607843137);
ENDSEC;
END-ISO-10303-21;
