ISO-10303-21;
HEADER;
/* Generated by software containing ST-Developer
 * from STEP Tools, Inc. (www.steptools.com) 
 */

FILE_DESCRIPTION(
/* description */ (''),
/* implementation_level */ '2;1');

FILE_NAME(
/* name */ 'tableStandBottom.stp',
/* time_stamp */ '2026-06-26T11:18:52+02:00',
/* author */ ('frede'),
/* organization */ (''),
/* preprocessor_version */ 'ST-DEVELOPER v20.1',
/* originating_system */ 'Autodesk Inventor 2026',
/* authorisation */ '');

FILE_SCHEMA (('AUTOMOTIVE_DESIGN { 1 0 10303 214 3 1 1 }'));
ENDSEC;

DATA;
#10=MECHANICAL_DESIGN_GEOMETRIC_PRESENTATION_REPRESENTATION('',(#13),#5545);
#11=SHAPE_REPRESENTATION_RELATIONSHIP('SRR','None',#5552,#12);
#12=ADVANCED_BREP_SHAPE_REPRESENTATION('',(#14),#5544);
#13=STYLED_ITEM('',(#5561),#14);
#14=MANIFOLD_SOLID_BREP('Solid1',#2986);
#15=ELLIPSE('',#3311,0.288675134594813,0.25);
#16=ELLIPSE('',#3312,0.288675134594816,0.25);
#17=ELLIPSE('',#3314,0.288675134594809,0.25);
#18=ELLIPSE('',#3316,0.288675134594816,0.25);
#19=ELLIPSE('',#3318,0.288675134594813,0.25);
#20=ELLIPSE('',#3320,0.28867513459481,0.25);
#21=ELLIPSE('',#3326,0.288675134594813,0.25);
#22=ELLIPSE('',#3327,0.288675134594811,0.25);
#23=ELLIPSE('',#3329,0.288675134594813,0.25);
#24=ELLIPSE('',#3331,0.288675134594813,0.25);
#25=ELLIPSE('',#3333,0.288675134594812,0.25);
#26=ELLIPSE('',#3335,0.288675134594813,0.25);
#27=ELLIPSE('',#3353,0.288675134594811,0.25);
#28=ELLIPSE('',#3354,0.288675134594813,0.25);
#29=ELLIPSE('',#3356,0.288675134594814,0.25);
#30=ELLIPSE('',#3358,0.288675134594812,0.25);
#31=ELLIPSE('',#3359,0.288675134594813,0.25);
#32=ELLIPSE('',#3361,0.288675134594812,0.25);
#33=ELLIPSE('',#3368,0.288675134594813,0.25);
#34=ELLIPSE('',#3369,0.288675134594813,0.25);
#35=ELLIPSE('',#3371,0.288675134594813,0.25);
#36=ELLIPSE('',#3373,0.288675134594812,0.25);
#37=ELLIPSE('',#3375,0.288675134594813,0.25);
#38=ELLIPSE('',#3377,0.288675134594813,0.25);
#39=FACE_BOUND('',#628,.T.);
#40=FACE_BOUND('',#633,.T.);
#41=FACE_BOUND('',#634,.T.);
#42=FACE_BOUND('',#635,.T.);
#43=FACE_BOUND('',#636,.T.);
#44=FACE_BOUND('',#637,.T.);
#45=FACE_BOUND('',#638,.T.);
#46=FACE_BOUND('',#639,.T.);
#47=FACE_BOUND('',#640,.T.);
#48=FACE_BOUND('',#641,.T.);
#49=FACE_BOUND('',#642,.T.);
#50=FACE_BOUND('',#643,.T.);
#51=FACE_BOUND('',#644,.T.);
#52=FACE_BOUND('',#645,.T.);
#53=FACE_BOUND('',#646,.T.);
#54=FACE_BOUND('',#652,.T.);
#55=FACE_BOUND('',#661,.T.);
#56=FACE_BOUND('',#670,.T.);
#57=FACE_BOUND('',#679,.T.);
#58=FACE_BOUND('',#688,.T.);
#59=FACE_BOUND('',#697,.T.);
#60=FACE_BOUND('',#706,.T.);
#61=FACE_BOUND('',#712,.T.);
#62=FACE_BOUND('',#716,.T.);
#63=FACE_BOUND('',#721,.T.);
#64=FACE_BOUND('',#724,.T.);
#65=FACE_BOUND('',#750,.T.);
#66=FACE_BOUND('',#768,.T.);
#67=FACE_BOUND('',#769,.T.);
#68=FACE_BOUND('',#770,.T.);
#69=FACE_BOUND('',#771,.T.);
#70=FACE_BOUND('',#772,.T.);
#71=FACE_BOUND('',#773,.T.);
#72=FACE_BOUND('',#774,.T.);
#73=FACE_BOUND('',#775,.T.);
#74=FACE_BOUND('',#776,.T.);
#75=FACE_BOUND('',#777,.T.);
#76=FACE_BOUND('',#778,.T.);
#77=FACE_BOUND('',#779,.T.);
#78=FACE_BOUND('',#780,.T.);
#79=FACE_BOUND('',#781,.T.);
#80=FACE_BOUND('',#801,.T.);
#81=FACE_BOUND('',#813,.T.);
#82=FACE_BOUND('',#817,.T.);
#83=FACE_BOUND('',#821,.T.);
#84=FACE_BOUND('',#825,.T.);
#85=FACE_BOUND('',#829,.T.);
#86=FACE_BOUND('',#833,.T.);
#87=FACE_BOUND('',#837,.T.);
#88=FACE_BOUND('',#841,.T.);
#89=FACE_BOUND('',#845,.T.);
#90=FACE_BOUND('',#849,.T.);
#91=FACE_BOUND('',#853,.T.);
#92=FACE_BOUND('',#857,.T.);
#93=PLANE('',#3021);
#94=PLANE('',#3033);
#95=PLANE('',#3060);
#96=PLANE('',#3083);
#97=PLANE('',#3106);
#98=PLANE('',#3129);
#99=PLANE('',#3152);
#100=PLANE('',#3175);
#101=PLANE('',#3200);
#102=PLANE('',#3214);
#103=PLANE('',#3224);
#104=PLANE('',#3237);
#105=PLANE('',#3244);
#106=PLANE('',#3309);
#107=PLANE('',#3322);
#108=PLANE('',#3323);
#109=PLANE('',#3324);
#110=PLANE('',#3337);
#111=PLANE('',#3338);
#112=PLANE('',#3364);
#113=PLANE('',#3365);
#114=PLANE('',#3366);
#115=PLANE('',#3379);
#116=PLANE('',#3380);
#117=PLANE('',#3381);
#118=PLANE('',#3382);
#119=PLANE('',#3391);
#120=PLANE('',#3392);
#121=PLANE('',#3407);
#122=PLANE('',#3415);
#123=PLANE('',#3423);
#124=PLANE('',#3431);
#125=PLANE('',#3439);
#126=PLANE('',#3447);
#127=PLANE('',#3455);
#128=PLANE('',#3463);
#129=PLANE('',#3471);
#130=PLANE('',#3479);
#131=PLANE('',#3487);
#132=PLANE('',#3495);
#133=CONICAL_SURFACE('',#3016,2.6,0.785398163397448);
#134=CONICAL_SURFACE('',#3055,2.6,0.785398163397448);
#135=CONICAL_SURFACE('',#3078,2.6,0.785398163397448);
#136=CONICAL_SURFACE('',#3101,2.6,0.785398163397448);
#137=CONICAL_SURFACE('',#3124,2.6,0.785398163397448);
#138=CONICAL_SURFACE('',#3147,2.6,0.785398163397448);
#139=CONICAL_SURFACE('',#3170,2.6,0.785398163397448);
#140=CONICAL_SURFACE('',#3193,2.6,0.785398163397448);
#141=CONICAL_SURFACE('',#3256,2.6,0.785398163397448);
#142=CONICAL_SURFACE('',#3273,2.6,0.785398163397448);
#143=CONICAL_SURFACE('',#3282,2.6,0.785398163397448);
#144=CONICAL_SURFACE('',#3291,2.6,0.785398163397448);
#145=LINE('',#4664,#256);
#146=LINE('',#4671,#257);
#147=LINE('',#4690,#258);
#148=LINE('',#4732,#259);
#149=LINE('',#4739,#260);
#150=LINE('',#4758,#261);
#151=LINE('',#4769,#262);
#152=LINE('',#4776,#263);
#153=LINE('',#4795,#264);
#154=LINE('',#4806,#265);
#155=LINE('',#4813,#266);
#156=LINE('',#4832,#267);
#157=LINE('',#4843,#268);
#158=LINE('',#4850,#269);
#159=LINE('',#4869,#270);
#160=LINE('',#4880,#271);
#161=LINE('',#4887,#272);
#162=LINE('',#4906,#273);
#163=LINE('',#4917,#274);
#164=LINE('',#4924,#275);
#165=LINE('',#4943,#276);
#166=LINE('',#4954,#277);
#167=LINE('',#4961,#278);
#168=LINE('',#4978,#279);
#169=LINE('',#4999,#280);
#170=LINE('',#5016,#281);
#171=LINE('',#5030,#282);
#172=LINE('',#5050,#283);
#173=LINE('',#5059,#284);
#174=LINE('',#5066,#285);
#175=LINE('',#5082,#286);
#176=LINE('',#5090,#287);
#177=LINE('',#5099,#288);
#178=LINE('',#5106,#289);
#179=LINE('',#5115,#290);
#180=LINE('',#5122,#291);
#181=LINE('',#5138,#292);
#182=LINE('',#5146,#293);
#183=LINE('',#5148,#294);
#184=LINE('',#5150,#295);
#185=LINE('',#5152,#296);
#186=LINE('',#5154,#297);
#187=LINE('',#5155,#298);
#188=LINE('',#5160,#299);
#189=LINE('',#5165,#300);
#190=LINE('',#5168,#301);
#191=LINE('',#5172,#302);
#192=LINE('',#5176,#303);
#193=LINE('',#5179,#304);
#194=LINE('',#5182,#305);
#195=LINE('',#5184,#306);
#196=LINE('',#5185,#307);
#197=LINE('',#5188,#308);
#198=LINE('',#5189,#309);
#199=LINE('',#5192,#310);
#200=LINE('',#5193,#311);
#201=LINE('',#5197,#312);
#202=LINE('',#5202,#313);
#203=LINE('',#5207,#314);
#204=LINE('',#5210,#315);
#205=LINE('',#5213,#316);
#206=LINE('',#5216,#317);
#207=LINE('',#5219,#318);
#208=LINE('',#5221,#319);
#209=LINE('',#5222,#320);
#210=LINE('',#5224,#321);
#211=LINE('',#5230,#322);
#212=LINE('',#5232,#323);
#213=LINE('',#5234,#324);
#214=LINE('',#5236,#325);
#215=LINE('',#5238,#326);
#216=LINE('',#5239,#327);
#217=LINE('',#5268,#328);
#218=LINE('',#5273,#329);
#219=LINE('',#5278,#330);
#220=LINE('',#5282,#331);
#221=LINE('',#5285,#332);
#222=LINE('',#5287,#333);
#223=LINE('',#5290,#334);
#224=LINE('',#5292,#335);
#225=LINE('',#5293,#336);
#226=LINE('',#5296,#337);
#227=LINE('',#5297,#338);
#228=LINE('',#5300,#339);
#229=LINE('',#5301,#340);
#230=LINE('',#5305,#341);
#231=LINE('',#5308,#342);
#232=LINE('',#5312,#343);
#233=LINE('',#5316,#344);
#234=LINE('',#5320,#345);
#235=LINE('',#5324,#346);
#236=LINE('',#5326,#347);
#237=LINE('',#5329,#348);
#238=LINE('',#5330,#349);
#239=LINE('',#5332,#350);
#240=LINE('',#5334,#351);
#241=LINE('',#5346,#352);
#242=LINE('',#5350,#353);
#243=LINE('',#5358,#354);
#244=LINE('',#5372,#355);
#245=LINE('',#5385,#356);
#246=LINE('',#5398,#357);
#247=LINE('',#5411,#358);
#248=LINE('',#5424,#359);
#249=LINE('',#5437,#360);
#250=LINE('',#5450,#361);
#251=LINE('',#5463,#362);
#252=LINE('',#5476,#363);
#253=LINE('',#5489,#364);
#254=LINE('',#5502,#365);
#255=LINE('',#5515,#366);
#256=VECTOR('',#3532,2.2);
#257=VECTOR('',#3541,2.6);
#258=VECTOR('',#3566,4.);
#259=VECTOR('',#3613,2.2);
#260=VECTOR('',#3622,2.6);
#261=VECTOR('',#3647,4.);
#262=VECTOR('',#3662,2.2);
#263=VECTOR('',#3671,2.6);
#264=VECTOR('',#3696,4.);
#265=VECTOR('',#3711,2.2);
#266=VECTOR('',#3720,2.6);
#267=VECTOR('',#3745,4.);
#268=VECTOR('',#3760,2.2);
#269=VECTOR('',#3769,2.6);
#270=VECTOR('',#3794,4.);
#271=VECTOR('',#3809,2.2);
#272=VECTOR('',#3818,2.6);
#273=VECTOR('',#3843,4.);
#274=VECTOR('',#3858,2.2);
#275=VECTOR('',#3867,2.6);
#276=VECTOR('',#3892,4.);
#277=VECTOR('',#3907,2.2);
#278=VECTOR('',#3916,2.6);
#279=VECTOR('',#3937,4.);
#280=VECTOR('',#3966,4.);
#281=VECTOR('',#3987,4.);
#282=VECTOR('',#4004,4.);
#283=VECTOR('',#4029,4.);
#284=VECTOR('',#4040,2.2);
#285=VECTOR('',#4049,2.6);
#286=VECTOR('',#4074,2.2);
#287=VECTOR('',#4085,2.6);
#288=VECTOR('',#4096,2.2);
#289=VECTOR('',#4105,2.6);
#290=VECTOR('',#4116,2.2);
#291=VECTOR('',#4125,2.6);
#292=VECTOR('',#4152,2.2);
#293=VECTOR('',#4161,10.);
#294=VECTOR('',#4162,10.);
#295=VECTOR('',#4163,10.);
#296=VECTOR('',#4164,10.);
#297=VECTOR('',#4165,10.);
#298=VECTOR('',#4166,10.);
#299=VECTOR('',#4171,10.);
#300=VECTOR('',#4178,10.);
#301=VECTOR('',#4181,10.);
#302=VECTOR('',#4186,10.);
#303=VECTOR('',#4191,10.);
#304=VECTOR('',#4196,10.);
#305=VECTOR('',#4199,10.);
#306=VECTOR('',#4200,10.);
#307=VECTOR('',#4201,10.);
#308=VECTOR('',#4204,10.);
#309=VECTOR('',#4205,10.);
#310=VECTOR('',#4208,10.);
#311=VECTOR('',#4209,10.);
#312=VECTOR('',#4212,10.);
#313=VECTOR('',#4219,10.);
#314=VECTOR('',#4226,10.);
#315=VECTOR('',#4229,10.);
#316=VECTOR('',#4232,10.);
#317=VECTOR('',#4235,10.);
#318=VECTOR('',#4238,10.);
#319=VECTOR('',#4241,10.);
#320=VECTOR('',#4242,10.);
#321=VECTOR('',#4245,10.);
#322=VECTOR('',#4250,10.);
#323=VECTOR('',#4251,10.);
#324=VECTOR('',#4252,10.);
#325=VECTOR('',#4253,10.);
#326=VECTOR('',#4254,10.);
#327=VECTOR('',#4255,10.);
#328=VECTOR('',#4284,10.);
#329=VECTOR('',#4291,10.);
#330=VECTOR('',#4296,10.);
#331=VECTOR('',#4301,10.);
#332=VECTOR('',#4306,10.);
#333=VECTOR('',#4309,10.);
#334=VECTOR('',#4312,10.);
#335=VECTOR('',#4313,10.);
#336=VECTOR('',#4314,10.);
#337=VECTOR('',#4317,10.);
#338=VECTOR('',#4318,10.);
#339=VECTOR('',#4321,10.);
#340=VECTOR('',#4322,10.);
#341=VECTOR('',#4325,10.);
#342=VECTOR('',#4328,10.);
#343=VECTOR('',#4333,10.);
#344=VECTOR('',#4338,10.);
#345=VECTOR('',#4343,10.);
#346=VECTOR('',#4348,10.);
#347=VECTOR('',#4349,10.);
#348=VECTOR('',#4354,10.);
#349=VECTOR('',#4355,10.);
#350=VECTOR('',#4358,10.);
#351=VECTOR('',#4361,10.);
#352=VECTOR('',#4378,2.2);
#353=VECTOR('',#4385,10.);
#354=VECTOR('',#4396,100.);
#355=VECTOR('',#4415,7.9);
#356=VECTOR('',#4432,7.9);
#357=VECTOR('',#4449,7.9);
#358=VECTOR('',#4466,7.9);
#359=VECTOR('',#4483,7.9);
#360=VECTOR('',#4500,7.9);
#361=VECTOR('',#4517,7.89999999999999);
#362=VECTOR('',#4534,7.9);
#363=VECTOR('',#4551,7.90000000000001);
#364=VECTOR('',#4568,7.9);
#365=VECTOR('',#4585,7.9);
#366=VECTOR('',#4602,7.9);
#367=CYLINDRICAL_SURFACE('',#3013,2.2);
#368=CYLINDRICAL_SURFACE('',#3027,4.);
#369=CYLINDRICAL_SURFACE('',#3052,2.2);
#370=CYLINDRICAL_SURFACE('',#3066,4.);
#371=CYLINDRICAL_SURFACE('',#3075,2.2);
#372=CYLINDRICAL_SURFACE('',#3089,4.);
#373=CYLINDRICAL_SURFACE('',#3098,2.2);
#374=CYLINDRICAL_SURFACE('',#3112,4.);
#375=CYLINDRICAL_SURFACE('',#3121,2.2);
#376=CYLINDRICAL_SURFACE('',#3135,4.);
#377=CYLINDRICAL_SURFACE('',#3144,2.2);
#378=CYLINDRICAL_SURFACE('',#3158,4.);
#379=CYLINDRICAL_SURFACE('',#3167,2.2);
#380=CYLINDRICAL_SURFACE('',#3181,4.);
#381=CYLINDRICAL_SURFACE('',#3190,2.2);
#382=CYLINDRICAL_SURFACE('',#3202,4.);
#383=CYLINDRICAL_SURFACE('',#3216,4.);
#384=CYLINDRICAL_SURFACE('',#3226,4.);
#385=CYLINDRICAL_SURFACE('',#3234,4.);
#386=CYLINDRICAL_SURFACE('',#3246,4.);
#387=CYLINDRICAL_SURFACE('',#3253,2.2);
#388=CYLINDRICAL_SURFACE('',#3268,2.2);
#389=CYLINDRICAL_SURFACE('',#3279,2.2);
#390=CYLINDRICAL_SURFACE('',#3288,2.2);
#391=CYLINDRICAL_SURFACE('',#3304,2.2);
#392=CYLINDRICAL_SURFACE('',#3310,0.25);
#393=CYLINDRICAL_SURFACE('',#3313,0.25);
#394=CYLINDRICAL_SURFACE('',#3315,0.25);
#395=CYLINDRICAL_SURFACE('',#3317,0.25);
#396=CYLINDRICAL_SURFACE('',#3319,0.25);
#397=CYLINDRICAL_SURFACE('',#3321,0.25);
#398=CYLINDRICAL_SURFACE('',#3325,0.25);
#399=CYLINDRICAL_SURFACE('',#3328,0.25);
#400=CYLINDRICAL_SURFACE('',#3330,0.25);
#401=CYLINDRICAL_SURFACE('',#3332,0.25);
#402=CYLINDRICAL_SURFACE('',#3334,0.25);
#403=CYLINDRICAL_SURFACE('',#3336,0.25);
#404=CYLINDRICAL_SURFACE('',#3352,0.25);
#405=CYLINDRICAL_SURFACE('',#3355,0.25);
#406=CYLINDRICAL_SURFACE('',#3357,0.25);
#407=CYLINDRICAL_SURFACE('',#3360,0.25);
#408=CYLINDRICAL_SURFACE('',#3362,0.25);
#409=CYLINDRICAL_SURFACE('',#3363,0.25);
#410=CYLINDRICAL_SURFACE('',#3367,0.25);
#411=CYLINDRICAL_SURFACE('',#3370,0.25);
#412=CYLINDRICAL_SURFACE('',#3372,0.25);
#413=CYLINDRICAL_SURFACE('',#3374,0.25);
#414=CYLINDRICAL_SURFACE('',#3376,0.25);
#415=CYLINDRICAL_SURFACE('',#3378,0.25);
#416=CYLINDRICAL_SURFACE('',#3387,2.2);
#417=CYLINDRICAL_SURFACE('',#3396,100.);
#418=CYLINDRICAL_SURFACE('',#3405,7.9);
#419=CYLINDRICAL_SURFACE('',#3413,7.9);
#420=CYLINDRICAL_SURFACE('',#3421,7.9);
#421=CYLINDRICAL_SURFACE('',#3429,7.9);
#422=CYLINDRICAL_SURFACE('',#3437,7.9);
#423=CYLINDRICAL_SURFACE('',#3445,7.9);
#424=CYLINDRICAL_SURFACE('',#3453,7.89999999999999);
#425=CYLINDRICAL_SURFACE('',#3461,7.9);
#426=CYLINDRICAL_SURFACE('',#3469,7.90000000000001);
#427=CYLINDRICAL_SURFACE('',#3477,7.9);
#428=CYLINDRICAL_SURFACE('',#3485,7.9);
#429=CYLINDRICAL_SURFACE('',#3493,7.9);
#430=FACE_OUTER_BOUND('',#623,.T.);
#431=FACE_OUTER_BOUND('',#624,.T.);
#432=FACE_OUTER_BOUND('',#625,.T.);
#433=FACE_OUTER_BOUND('',#626,.T.);
#434=FACE_OUTER_BOUND('',#627,.T.);
#435=FACE_OUTER_BOUND('',#629,.T.);
#436=FACE_OUTER_BOUND('',#630,.T.);
#437=FACE_OUTER_BOUND('',#631,.T.);
#438=FACE_OUTER_BOUND('',#632,.T.);
#439=FACE_OUTER_BOUND('',#647,.T.);
#440=FACE_OUTER_BOUND('',#648,.T.);
#441=FACE_OUTER_BOUND('',#649,.T.);
#442=FACE_OUTER_BOUND('',#650,.T.);
#443=FACE_OUTER_BOUND('',#651,.T.);
#444=FACE_OUTER_BOUND('',#653,.T.);
#445=FACE_OUTER_BOUND('',#654,.T.);
#446=FACE_OUTER_BOUND('',#655,.T.);
#447=FACE_OUTER_BOUND('',#656,.T.);
#448=FACE_OUTER_BOUND('',#657,.T.);
#449=FACE_OUTER_BOUND('',#658,.T.);
#450=FACE_OUTER_BOUND('',#659,.T.);
#451=FACE_OUTER_BOUND('',#660,.T.);
#452=FACE_OUTER_BOUND('',#662,.T.);
#453=FACE_OUTER_BOUND('',#663,.T.);
#454=FACE_OUTER_BOUND('',#664,.T.);
#455=FACE_OUTER_BOUND('',#665,.T.);
#456=FACE_OUTER_BOUND('',#666,.T.);
#457=FACE_OUTER_BOUND('',#667,.T.);
#458=FACE_OUTER_BOUND('',#668,.T.);
#459=FACE_OUTER_BOUND('',#669,.T.);
#460=FACE_OUTER_BOUND('',#671,.T.);
#461=FACE_OUTER_BOUND('',#672,.T.);
#462=FACE_OUTER_BOUND('',#673,.T.);
#463=FACE_OUTER_BOUND('',#674,.T.);
#464=FACE_OUTER_BOUND('',#675,.T.);
#465=FACE_OUTER_BOUND('',#676,.T.);
#466=FACE_OUTER_BOUND('',#677,.T.);
#467=FACE_OUTER_BOUND('',#678,.T.);
#468=FACE_OUTER_BOUND('',#680,.T.);
#469=FACE_OUTER_BOUND('',#681,.T.);
#470=FACE_OUTER_BOUND('',#682,.T.);
#471=FACE_OUTER_BOUND('',#683,.T.);
#472=FACE_OUTER_BOUND('',#684,.T.);
#473=FACE_OUTER_BOUND('',#685,.T.);
#474=FACE_OUTER_BOUND('',#686,.T.);
#475=FACE_OUTER_BOUND('',#687,.T.);
#476=FACE_OUTER_BOUND('',#689,.T.);
#477=FACE_OUTER_BOUND('',#690,.T.);
#478=FACE_OUTER_BOUND('',#691,.T.);
#479=FACE_OUTER_BOUND('',#692,.T.);
#480=FACE_OUTER_BOUND('',#693,.T.);
#481=FACE_OUTER_BOUND('',#694,.T.);
#482=FACE_OUTER_BOUND('',#695,.T.);
#483=FACE_OUTER_BOUND('',#696,.T.);
#484=FACE_OUTER_BOUND('',#698,.T.);
#485=FACE_OUTER_BOUND('',#699,.T.);
#486=FACE_OUTER_BOUND('',#700,.T.);
#487=FACE_OUTER_BOUND('',#701,.T.);
#488=FACE_OUTER_BOUND('',#702,.T.);
#489=FACE_OUTER_BOUND('',#703,.T.);
#490=FACE_OUTER_BOUND('',#704,.T.);
#491=FACE_OUTER_BOUND('',#705,.T.);
#492=FACE_OUTER_BOUND('',#707,.T.);
#493=FACE_OUTER_BOUND('',#708,.T.);
#494=FACE_OUTER_BOUND('',#709,.T.);
#495=FACE_OUTER_BOUND('',#710,.T.);
#496=FACE_OUTER_BOUND('',#711,.T.);
#497=FACE_OUTER_BOUND('',#713,.T.);
#498=FACE_OUTER_BOUND('',#714,.T.);
#499=FACE_OUTER_BOUND('',#715,.T.);
#500=FACE_OUTER_BOUND('',#717,.T.);
#501=FACE_OUTER_BOUND('',#718,.T.);
#502=FACE_OUTER_BOUND('',#719,.T.);
#503=FACE_OUTER_BOUND('',#720,.T.);
#504=FACE_OUTER_BOUND('',#722,.T.);
#505=FACE_OUTER_BOUND('',#723,.T.);
#506=FACE_OUTER_BOUND('',#725,.T.);
#507=FACE_OUTER_BOUND('',#726,.T.);
#508=FACE_OUTER_BOUND('',#727,.T.);
#509=FACE_OUTER_BOUND('',#728,.T.);
#510=FACE_OUTER_BOUND('',#729,.T.);
#511=FACE_OUTER_BOUND('',#730,.T.);
#512=FACE_OUTER_BOUND('',#731,.T.);
#513=FACE_OUTER_BOUND('',#732,.T.);
#514=FACE_OUTER_BOUND('',#733,.T.);
#515=FACE_OUTER_BOUND('',#734,.T.);
#516=FACE_OUTER_BOUND('',#735,.T.);
#517=FACE_OUTER_BOUND('',#736,.T.);
#518=FACE_OUTER_BOUND('',#737,.T.);
#519=FACE_OUTER_BOUND('',#738,.T.);
#520=FACE_OUTER_BOUND('',#739,.T.);
#521=FACE_OUTER_BOUND('',#740,.T.);
#522=FACE_OUTER_BOUND('',#741,.T.);
#523=FACE_OUTER_BOUND('',#742,.T.);
#524=FACE_OUTER_BOUND('',#743,.T.);
#525=FACE_OUTER_BOUND('',#744,.T.);
#526=FACE_OUTER_BOUND('',#745,.T.);
#527=FACE_OUTER_BOUND('',#746,.T.);
#528=FACE_OUTER_BOUND('',#747,.T.);
#529=FACE_OUTER_BOUND('',#748,.T.);
#530=FACE_OUTER_BOUND('',#749,.T.);
#531=FACE_OUTER_BOUND('',#751,.T.);
#532=FACE_OUTER_BOUND('',#752,.T.);
#533=FACE_OUTER_BOUND('',#753,.T.);
#534=FACE_OUTER_BOUND('',#754,.T.);
#535=FACE_OUTER_BOUND('',#755,.T.);
#536=FACE_OUTER_BOUND('',#756,.T.);
#537=FACE_OUTER_BOUND('',#757,.T.);
#538=FACE_OUTER_BOUND('',#758,.T.);
#539=FACE_OUTER_BOUND('',#759,.T.);
#540=FACE_OUTER_BOUND('',#760,.T.);
#541=FACE_OUTER_BOUND('',#761,.T.);
#542=FACE_OUTER_BOUND('',#762,.T.);
#543=FACE_OUTER_BOUND('',#763,.T.);
#544=FACE_OUTER_BOUND('',#764,.T.);
#545=FACE_OUTER_BOUND('',#765,.T.);
#546=FACE_OUTER_BOUND('',#766,.T.);
#547=FACE_OUTER_BOUND('',#767,.T.);
#548=FACE_OUTER_BOUND('',#782,.T.);
#549=FACE_OUTER_BOUND('',#783,.T.);
#550=FACE_OUTER_BOUND('',#784,.T.);
#551=FACE_OUTER_BOUND('',#785,.T.);
#552=FACE_OUTER_BOUND('',#786,.T.);
#553=FACE_OUTER_BOUND('',#787,.T.);
#554=FACE_OUTER_BOUND('',#788,.T.);
#555=FACE_OUTER_BOUND('',#789,.T.);
#556=FACE_OUTER_BOUND('',#790,.T.);
#557=FACE_OUTER_BOUND('',#791,.T.);
#558=FACE_OUTER_BOUND('',#792,.T.);
#559=FACE_OUTER_BOUND('',#793,.T.);
#560=FACE_OUTER_BOUND('',#794,.T.);
#561=FACE_OUTER_BOUND('',#795,.T.);
#562=FACE_OUTER_BOUND('',#796,.T.);
#563=FACE_OUTER_BOUND('',#797,.T.);
#564=FACE_OUTER_BOUND('',#798,.T.);
#565=FACE_OUTER_BOUND('',#799,.T.);
#566=FACE_OUTER_BOUND('',#800,.T.);
#567=FACE_OUTER_BOUND('',#802,.T.);
#568=FACE_OUTER_BOUND('',#803,.T.);
#569=FACE_OUTER_BOUND('',#804,.T.);
#570=FACE_OUTER_BOUND('',#805,.T.);
#571=FACE_OUTER_BOUND('',#806,.T.);
#572=FACE_OUTER_BOUND('',#807,.T.);
#573=FACE_OUTER_BOUND('',#808,.T.);
#574=FACE_OUTER_BOUND('',#809,.T.);
#575=FACE_OUTER_BOUND('',#810,.T.);
#576=FACE_OUTER_BOUND('',#811,.T.);
#577=FACE_OUTER_BOUND('',#812,.T.);
#578=FACE_OUTER_BOUND('',#814,.T.);
#579=FACE_OUTER_BOUND('',#815,.T.);
#580=FACE_OUTER_BOUND('',#816,.T.);
#581=FACE_OUTER_BOUND('',#818,.T.);
#582=FACE_OUTER_BOUND('',#819,.T.);
#583=FACE_OUTER_BOUND('',#820,.T.);
#584=FACE_OUTER_BOUND('',#822,.T.);
#585=FACE_OUTER_BOUND('',#823,.T.);
#586=FACE_OUTER_BOUND('',#824,.T.);
#587=FACE_OUTER_BOUND('',#826,.T.);
#588=FACE_OUTER_BOUND('',#827,.T.);
#589=FACE_OUTER_BOUND('',#828,.T.);
#590=FACE_OUTER_BOUND('',#830,.T.);
#591=FACE_OUTER_BOUND('',#831,.T.);
#592=FACE_OUTER_BOUND('',#832,.T.);
#593=FACE_OUTER_BOUND('',#834,.T.);
#594=FACE_OUTER_BOUND('',#835,.T.);
#595=FACE_OUTER_BOUND('',#836,.T.);
#596=FACE_OUTER_BOUND('',#838,.T.);
#597=FACE_OUTER_BOUND('',#839,.T.);
#598=FACE_OUTER_BOUND('',#840,.T.);
#599=FACE_OUTER_BOUND('',#842,.T.);
#600=FACE_OUTER_BOUND('',#843,.T.);
#601=FACE_OUTER_BOUND('',#844,.T.);
#602=FACE_OUTER_BOUND('',#846,.T.);
#603=FACE_OUTER_BOUND('',#847,.T.);
#604=FACE_OUTER_BOUND('',#848,.T.);
#605=FACE_OUTER_BOUND('',#850,.T.);
#606=FACE_OUTER_BOUND('',#851,.T.);
#607=FACE_OUTER_BOUND('',#852,.T.);
#608=FACE_OUTER_BOUND('',#854,.T.);
#609=FACE_OUTER_BOUND('',#855,.T.);
#610=FACE_OUTER_BOUND('',#856,.T.);
#611=FACE_OUTER_BOUND('',#858,.T.);
#612=FACE_OUTER_BOUND('',#859,.T.);
#613=FACE_OUTER_BOUND('',#860,.T.);
#614=FACE_OUTER_BOUND('',#861,.T.);
#615=FACE_OUTER_BOUND('',#862,.T.);
#616=FACE_OUTER_BOUND('',#863,.T.);
#617=FACE_OUTER_BOUND('',#864,.T.);
#618=FACE_OUTER_BOUND('',#865,.T.);
#619=FACE_OUTER_BOUND('',#866,.T.);
#620=FACE_OUTER_BOUND('',#867,.T.);
#621=FACE_OUTER_BOUND('',#868,.T.);
#622=FACE_OUTER_BOUND('',#869,.T.);
#623=EDGE_LOOP('',(#1857,#1858,#1859,#1860));
#624=EDGE_LOOP('',(#1861,#1862,#1863,#1864,#1865));
#625=EDGE_LOOP('',(#1866,#1867,#1868,#1869));
#626=EDGE_LOOP('',(#1870,#1871,#1872,#1873,#1874));
#627=EDGE_LOOP('',(#1875));
#628=EDGE_LOOP('',(#1876));
#629=EDGE_LOOP('',(#1877,#1878,#1879,#1880,#1881));
#630=EDGE_LOOP('',(#1882,#1883,#1884,#1885,#1886,#1887));
#631=EDGE_LOOP('',(#1888,#1889,#1890,#1891,#1892));
#632=EDGE_LOOP('',(#1893));
#633=EDGE_LOOP('',(#1894));
#634=EDGE_LOOP('',(#1895));
#635=EDGE_LOOP('',(#1896));
#636=EDGE_LOOP('',(#1897));
#637=EDGE_LOOP('',(#1898));
#638=EDGE_LOOP('',(#1899));
#639=EDGE_LOOP('',(#1900));
#640=EDGE_LOOP('',(#1901));
#641=EDGE_LOOP('',(#1902));
#642=EDGE_LOOP('',(#1903));
#643=EDGE_LOOP('',(#1904));
#644=EDGE_LOOP('',(#1905));
#645=EDGE_LOOP('',(#1906));
#646=EDGE_LOOP('',(#1907));
#647=EDGE_LOOP('',(#1908,#1909,#1910,#1911));
#648=EDGE_LOOP('',(#1912,#1913,#1914,#1915,#1916));
#649=EDGE_LOOP('',(#1917,#1918,#1919,#1920));
#650=EDGE_LOOP('',(#1921,#1922,#1923,#1924,#1925));
#651=EDGE_LOOP('',(#1926));
#652=EDGE_LOOP('',(#1927));
#653=EDGE_LOOP('',(#1928,#1929,#1930,#1931,#1932));
#654=EDGE_LOOP('',(#1933,#1934,#1935,#1936,#1937,#1938));
#655=EDGE_LOOP('',(#1939,#1940,#1941,#1942,#1943));
#656=EDGE_LOOP('',(#1944,#1945,#1946,#1947));
#657=EDGE_LOOP('',(#1948,#1949,#1950,#1951,#1952));
#658=EDGE_LOOP('',(#1953,#1954,#1955,#1956));
#659=EDGE_LOOP('',(#1957,#1958,#1959,#1960,#1961));
#660=EDGE_LOOP('',(#1962));
#661=EDGE_LOOP('',(#1963));
#662=EDGE_LOOP('',(#1964,#1965,#1966,#1967,#1968));
#663=EDGE_LOOP('',(#1969,#1970,#1971,#1972,#1973,#1974));
#664=EDGE_LOOP('',(#1975,#1976,#1977,#1978,#1979));
#665=EDGE_LOOP('',(#1980,#1981,#1982,#1983));
#666=EDGE_LOOP('',(#1984,#1985,#1986,#1987,#1988));
#667=EDGE_LOOP('',(#1989,#1990,#1991,#1992));
#668=EDGE_LOOP('',(#1993,#1994,#1995,#1996,#1997));
#669=EDGE_LOOP('',(#1998));
#670=EDGE_LOOP('',(#1999));
#671=EDGE_LOOP('',(#2000,#2001,#2002,#2003,#2004));
#672=EDGE_LOOP('',(#2005,#2006,#2007,#2008,#2009,#2010));
#673=EDGE_LOOP('',(#2011,#2012,#2013,#2014,#2015));
#674=EDGE_LOOP('',(#2016,#2017,#2018,#2019));
#675=EDGE_LOOP('',(#2020,#2021,#2022,#2023,#2024));
#676=EDGE_LOOP('',(#2025,#2026,#2027,#2028));
#677=EDGE_LOOP('',(#2029,#2030,#2031,#2032,#2033));
#678=EDGE_LOOP('',(#2034));
#679=EDGE_LOOP('',(#2035));
#680=EDGE_LOOP('',(#2036,#2037,#2038,#2039,#2040));
#681=EDGE_LOOP('',(#2041,#2042,#2043,#2044,#2045,#2046));
#682=EDGE_LOOP('',(#2047,#2048,#2049,#2050,#2051));
#683=EDGE_LOOP('',(#2052,#2053,#2054,#2055));
#684=EDGE_LOOP('',(#2056,#2057,#2058,#2059,#2060));
#685=EDGE_LOOP('',(#2061,#2062,#2063,#2064));
#686=EDGE_LOOP('',(#2065,#2066,#2067,#2068,#2069));
#687=EDGE_LOOP('',(#2070));
#688=EDGE_LOOP('',(#2071));
#689=EDGE_LOOP('',(#2072,#2073,#2074,#2075,#2076));
#690=EDGE_LOOP('',(#2077,#2078,#2079,#2080,#2081,#2082));
#691=EDGE_LOOP('',(#2083,#2084,#2085,#2086,#2087));
#692=EDGE_LOOP('',(#2088,#2089,#2090,#2091));
#693=EDGE_LOOP('',(#2092,#2093,#2094,#2095,#2096));
#694=EDGE_LOOP('',(#2097,#2098,#2099,#2100));
#695=EDGE_LOOP('',(#2101,#2102,#2103,#2104,#2105));
#696=EDGE_LOOP('',(#2106));
#697=EDGE_LOOP('',(#2107));
#698=EDGE_LOOP('',(#2108,#2109,#2110,#2111,#2112));
#699=EDGE_LOOP('',(#2113,#2114,#2115,#2116,#2117,#2118));
#700=EDGE_LOOP('',(#2119,#2120,#2121,#2122,#2123));
#701=EDGE_LOOP('',(#2124,#2125,#2126,#2127));
#702=EDGE_LOOP('',(#2128,#2129,#2130,#2131,#2132));
#703=EDGE_LOOP('',(#2133,#2134,#2135,#2136));
#704=EDGE_LOOP('',(#2137,#2138,#2139,#2140,#2141));
#705=EDGE_LOOP('',(#2142));
#706=EDGE_LOOP('',(#2143));
#707=EDGE_LOOP('',(#2144,#2145,#2146,#2147,#2148,#2149));
#708=EDGE_LOOP('',(#2150,#2151,#2152,#2153,#2154));
#709=EDGE_LOOP('',(#2155,#2156,#2157,#2158,#2159));
#710=EDGE_LOOP('',(#2160,#2161,#2162,#2163,#2164));
#711=EDGE_LOOP('',(#2165));
#712=EDGE_LOOP('',(#2166));
#713=EDGE_LOOP('',(#2167,#2168,#2169,#2170,#2171,#2172));
#714=EDGE_LOOP('',(#2173,#2174,#2175,#2176,#2177));
#715=EDGE_LOOP('',(#2178));
#716=EDGE_LOOP('',(#2179));
#717=EDGE_LOOP('',(#2180,#2181,#2182,#2183,#2184,#2185));
#718=EDGE_LOOP('',(#2186,#2187,#2188,#2189,#2190));
#719=EDGE_LOOP('',(#2191,#2192,#2193,#2194,#2195,#2196));
#720=EDGE_LOOP('',(#2197));
#721=EDGE_LOOP('',(#2198));
#722=EDGE_LOOP('',(#2199,#2200,#2201,#2202,#2203));
#723=EDGE_LOOP('',(#2204));
#724=EDGE_LOOP('',(#2205));
#725=EDGE_LOOP('',(#2206,#2207,#2208,#2209,#2210,#2211));
#726=EDGE_LOOP('',(#2212,#2213,#2214,#2215));
#727=EDGE_LOOP('',(#2216,#2217,#2218,#2219,#2220));
#728=EDGE_LOOP('',(#2221,#2222,#2223,#2224));
#729=EDGE_LOOP('',(#2225,#2226,#2227,#2228,#2229));
#730=EDGE_LOOP('',(#2230,#2231,#2232,#2233,#2234));
#731=EDGE_LOOP('',(#2235,#2236,#2237,#2238,#2239));
#732=EDGE_LOOP('',(#2240,#2241,#2242,#2243,#2244));
#733=EDGE_LOOP('',(#2245,#2246,#2247,#2248,#2249));
#734=EDGE_LOOP('',(#2250,#2251,#2252,#2253));
#735=EDGE_LOOP('',(#2254,#2255,#2256,#2257));
#736=EDGE_LOOP('',(#2258,#2259,#2260,#2261));
#737=EDGE_LOOP('',(#2262,#2263,#2264,#2265,#2266));
#738=EDGE_LOOP('',(#2267,#2268,#2269,#2270));
#739=EDGE_LOOP('',(#2271,#2272,#2273,#2274));
#740=EDGE_LOOP('',(#2275,#2276,#2277,#2278,#2279));
#741=EDGE_LOOP('',(#2280,#2281,#2282,#2283));
#742=EDGE_LOOP('',(#2284,#2285,#2286,#2287,#2288));
#743=EDGE_LOOP('',(#2289,#2290,#2291,#2292,#2293));
#744=EDGE_LOOP('',(#2294,#2295,#2296,#2297,#2298));
#745=EDGE_LOOP('',(#2299,#2300,#2301,#2302,#2303));
#746=EDGE_LOOP('',(#2304,#2305,#2306,#2307));
#747=EDGE_LOOP('',(#2308,#2309,#2310,#2311));
#748=EDGE_LOOP('',(#2312,#2313,#2314,#2315));
#749=EDGE_LOOP('',(#2316,#2317,#2318,#2319,#2320,#2321));
#750=EDGE_LOOP('',(#2322));
#751=EDGE_LOOP('',(#2323,#2324,#2325,#2326));
#752=EDGE_LOOP('',(#2327,#2328,#2329,#2330));
#753=EDGE_LOOP('',(#2331,#2332,#2333,#2334));
#754=EDGE_LOOP('',(#2335,#2336,#2337,#2338));
#755=EDGE_LOOP('',(#2339,#2340,#2341,#2342));
#756=EDGE_LOOP('',(#2343,#2344,#2345,#2346));
#757=EDGE_LOOP('',(#2347,#2348,#2349,#2350));
#758=EDGE_LOOP('',(#2351,#2352,#2353,#2354));
#759=EDGE_LOOP('',(#2355,#2356,#2357,#2358));
#760=EDGE_LOOP('',(#2359,#2360,#2361,#2362));
#761=EDGE_LOOP('',(#2363,#2364,#2365,#2366));
#762=EDGE_LOOP('',(#2367,#2368,#2369,#2370));
#763=EDGE_LOOP('',(#2371,#2372,#2373,#2374));
#764=EDGE_LOOP('',(#2375,#2376,#2377,#2378));
#765=EDGE_LOOP('',(#2379,#2380,#2381,#2382));
#766=EDGE_LOOP('',(#2383,#2384,#2385,#2386));
#767=EDGE_LOOP('',(#2387));
#768=EDGE_LOOP('',(#2388,#2389,#2390,#2391,#2392,#2393));
#769=EDGE_LOOP('',(#2394));
#770=EDGE_LOOP('',(#2395));
#771=EDGE_LOOP('',(#2396));
#772=EDGE_LOOP('',(#2397));
#773=EDGE_LOOP('',(#2398));
#774=EDGE_LOOP('',(#2399));
#775=EDGE_LOOP('',(#2400));
#776=EDGE_LOOP('',(#2401));
#777=EDGE_LOOP('',(#2402));
#778=EDGE_LOOP('',(#2403));
#779=EDGE_LOOP('',(#2404));
#780=EDGE_LOOP('',(#2405));
#781=EDGE_LOOP('',(#2406,#2407,#2408,#2409,#2410,#2411));
#782=EDGE_LOOP('',(#2412,#2413,#2414,#2415));
#783=EDGE_LOOP('',(#2416,#2417,#2418,#2419));
#784=EDGE_LOOP('',(#2420,#2421,#2422,#2423));
#785=EDGE_LOOP('',(#2424,#2425,#2426,#2427));
#786=EDGE_LOOP('',(#2428,#2429,#2430,#2431));
#787=EDGE_LOOP('',(#2432,#2433,#2434,#2435));
#788=EDGE_LOOP('',(#2436,#2437,#2438,#2439));
#789=EDGE_LOOP('',(#2440,#2441,#2442,#2443));
#790=EDGE_LOOP('',(#2444,#2445,#2446,#2447));
#791=EDGE_LOOP('',(#2448,#2449,#2450,#2451));
#792=EDGE_LOOP('',(#2452,#2453,#2454,#2455));
#793=EDGE_LOOP('',(#2456,#2457,#2458,#2459));
#794=EDGE_LOOP('',(#2460,#2461,#2462,#2463));
#795=EDGE_LOOP('',(#2464,#2465,#2466,#2467));
#796=EDGE_LOOP('',(#2468,#2469,#2470,#2471));
#797=EDGE_LOOP('',(#2472,#2473,#2474,#2475));
#798=EDGE_LOOP('',(#2476,#2477,#2478,#2479));
#799=EDGE_LOOP('',(#2480,#2481,#2482,#2483));
#800=EDGE_LOOP('',(#2484,#2485,#2486,#2487,#2488,#2489));
#801=EDGE_LOOP('',(#2490));
#802=EDGE_LOOP('',(#2491,#2492,#2493,#2494));
#803=EDGE_LOOP('',(#2495,#2496,#2497,#2498));
#804=EDGE_LOOP('',(#2499,#2500,#2501,#2502));
#805=EDGE_LOOP('',(#2503,#2504,#2505,#2506));
#806=EDGE_LOOP('',(#2507,#2508,#2509,#2510));
#807=EDGE_LOOP('',(#2511,#2512,#2513,#2514));
#808=EDGE_LOOP('',(#2515,#2516,#2517,#2518));
#809=EDGE_LOOP('',(#2519,#2520,#2521,#2522));
#810=EDGE_LOOP('',(#2523,#2524,#2525,#2526,#2527));
#811=EDGE_LOOP('',(#2528,#2529,#2530,#2531,#2532));
#812=EDGE_LOOP('',(#2533));
#813=EDGE_LOOP('',(#2534));
#814=EDGE_LOOP('',(#2535,#2536,#2537,#2538,#2539));
#815=EDGE_LOOP('',(#2540,#2541,#2542,#2543,#2544));
#816=EDGE_LOOP('',(#2545));
#817=EDGE_LOOP('',(#2546));
#818=EDGE_LOOP('',(#2547,#2548,#2549,#2550,#2551));
#819=EDGE_LOOP('',(#2552,#2553,#2554,#2555,#2556));
#820=EDGE_LOOP('',(#2557));
#821=EDGE_LOOP('',(#2558));
#822=EDGE_LOOP('',(#2559,#2560,#2561,#2562,#2563));
#823=EDGE_LOOP('',(#2564,#2565,#2566,#2567,#2568));
#824=EDGE_LOOP('',(#2569));
#825=EDGE_LOOP('',(#2570));
#826=EDGE_LOOP('',(#2571,#2572,#2573,#2574,#2575));
#827=EDGE_LOOP('',(#2576,#2577,#2578,#2579,#2580));
#828=EDGE_LOOP('',(#2581));
#829=EDGE_LOOP('',(#2582));
#830=EDGE_LOOP('',(#2583,#2584,#2585,#2586,#2587));
#831=EDGE_LOOP('',(#2588,#2589,#2590,#2591,#2592));
#832=EDGE_LOOP('',(#2593));
#833=EDGE_LOOP('',(#2594));
#834=EDGE_LOOP('',(#2595,#2596,#2597,#2598,#2599));
#835=EDGE_LOOP('',(#2600,#2601,#2602,#2603,#2604));
#836=EDGE_LOOP('',(#2605));
#837=EDGE_LOOP('',(#2606));
#838=EDGE_LOOP('',(#2607,#2608,#2609,#2610,#2611));
#839=EDGE_LOOP('',(#2612,#2613,#2614,#2615,#2616));
#840=EDGE_LOOP('',(#2617));
#841=EDGE_LOOP('',(#2618));
#842=EDGE_LOOP('',(#2619,#2620,#2621,#2622,#2623));
#843=EDGE_LOOP('',(#2624,#2625,#2626,#2627,#2628));
#844=EDGE_LOOP('',(#2629));
#845=EDGE_LOOP('',(#2630));
#846=EDGE_LOOP('',(#2631,#2632,#2633,#2634,#2635));
#847=EDGE_LOOP('',(#2636,#2637,#2638,#2639,#2640));
#848=EDGE_LOOP('',(#2641));
#849=EDGE_LOOP('',(#2642));
#850=EDGE_LOOP('',(#2643,#2644,#2645,#2646,#2647));
#851=EDGE_LOOP('',(#2648,#2649,#2650,#2651,#2652));
#852=EDGE_LOOP('',(#2653));
#853=EDGE_LOOP('',(#2654));
#854=EDGE_LOOP('',(#2655,#2656,#2657,#2658,#2659));
#855=EDGE_LOOP('',(#2660,#2661,#2662,#2663,#2664));
#856=EDGE_LOOP('',(#2665));
#857=EDGE_LOOP('',(#2666));
#858=EDGE_LOOP('',(#2667,#2668,#2669,#2670));
#859=EDGE_LOOP('',(#2671,#2672,#2673,#2674));
#860=EDGE_LOOP('',(#2675,#2676,#2677,#2678));
#861=EDGE_LOOP('',(#2679,#2680,#2681,#2682));
#862=EDGE_LOOP('',(#2683,#2684,#2685,#2686));
#863=EDGE_LOOP('',(#2687,#2688,#2689,#2690));
#864=EDGE_LOOP('',(#2691,#2692,#2693,#2694));
#865=EDGE_LOOP('',(#2695,#2696,#2697,#2698));
#866=EDGE_LOOP('',(#2699,#2700,#2701,#2702));
#867=EDGE_LOOP('',(#2703,#2704,#2705,#2706));
#868=EDGE_LOOP('',(#2707,#2708,#2709,#2710));
#869=EDGE_LOOP('',(#2711,#2712,#2713,#2714));
#870=CIRCLE('',#3010,2.2);
#871=CIRCLE('',#3011,0.25);
#872=CIRCLE('',#3012,2.27322330470336);
#873=CIRCLE('',#3014,2.2);
#874=CIRCLE('',#3015,2.2);
#875=CIRCLE('',#3017,3.);
#876=CIRCLE('',#3019,0.25);
#877=CIRCLE('',#3020,2.45);
#878=CIRCLE('',#3022,3.75);
#879=CIRCLE('',#3024,0.25);
#880=CIRCLE('',#3025,4.);
#881=CIRCLE('',#3026,4.);
#882=CIRCLE('',#3028,4.);
#883=CIRCLE('',#3029,4.);
#884=CIRCLE('',#3031,4.25);
#885=CIRCLE('',#3032,0.25);
#886=CIRCLE('',#3034,99.);
#887=CIRCLE('',#3035,4.25);
#888=CIRCLE('',#3036,4.25);
#889=CIRCLE('',#3037,4.25);
#890=CIRCLE('',#3038,4.25);
#891=CIRCLE('',#3039,4.25);
#892=CIRCLE('',#3040,4.25);
#893=CIRCLE('',#3041,2.45);
#894=CIRCLE('',#3042,2.45);
#895=CIRCLE('',#3043,4.25);
#896=CIRCLE('',#3044,4.25);
#897=CIRCLE('',#3045,4.25);
#898=CIRCLE('',#3046,4.25);
#899=CIRCLE('',#3047,4.25);
#900=CIRCLE('',#3049,2.2);
#901=CIRCLE('',#3050,0.25);
#902=CIRCLE('',#3051,2.27322330470336);
#903=CIRCLE('',#3053,2.2);
#904=CIRCLE('',#3054,2.2);
#905=CIRCLE('',#3056,3.);
#906=CIRCLE('',#3058,0.25);
#907=CIRCLE('',#3059,2.45);
#908=CIRCLE('',#3061,3.75);
#909=CIRCLE('',#3063,0.25);
#910=CIRCLE('',#3064,4.);
#911=CIRCLE('',#3065,4.);
#912=CIRCLE('',#3067,4.);
#913=CIRCLE('',#3068,4.);
#914=CIRCLE('',#3070,0.25);
#915=CIRCLE('',#3072,2.2);
#916=CIRCLE('',#3073,0.25);
#917=CIRCLE('',#3074,2.27322330470336);
#918=CIRCLE('',#3076,2.2);
#919=CIRCLE('',#3077,2.2);
#920=CIRCLE('',#3079,3.);
#921=CIRCLE('',#3081,0.25);
#922=CIRCLE('',#3082,2.45);
#923=CIRCLE('',#3084,3.75);
#924=CIRCLE('',#3086,0.25);
#925=CIRCLE('',#3087,4.);
#926=CIRCLE('',#3088,4.);
#927=CIRCLE('',#3090,4.);
#928=CIRCLE('',#3091,4.);
#929=CIRCLE('',#3093,0.25);
#930=CIRCLE('',#3095,2.2);
#931=CIRCLE('',#3096,0.25);
#932=CIRCLE('',#3097,2.27322330470336);
#933=CIRCLE('',#3099,2.2);
#934=CIRCLE('',#3100,2.2);
#935=CIRCLE('',#3102,3.);
#936=CIRCLE('',#3104,0.25);
#937=CIRCLE('',#3105,2.45);
#938=CIRCLE('',#3107,3.75);
#939=CIRCLE('',#3109,0.25);
#940=CIRCLE('',#3110,4.);
#941=CIRCLE('',#3111,4.);
#942=CIRCLE('',#3113,4.);
#943=CIRCLE('',#3114,4.);
#944=CIRCLE('',#3116,0.25);
#945=CIRCLE('',#3118,2.2);
#946=CIRCLE('',#3119,0.25);
#947=CIRCLE('',#3120,2.27322330470336);
#948=CIRCLE('',#3122,2.2);
#949=CIRCLE('',#3123,2.2);
#950=CIRCLE('',#3125,3.);
#951=CIRCLE('',#3127,0.25);
#952=CIRCLE('',#3128,2.45);
#953=CIRCLE('',#3130,3.75);
#954=CIRCLE('',#3132,0.25);
#955=CIRCLE('',#3133,4.);
#956=CIRCLE('',#3134,4.);
#957=CIRCLE('',#3136,4.);
#958=CIRCLE('',#3137,4.);
#959=CIRCLE('',#3139,0.25);
#960=CIRCLE('',#3141,2.2);
#961=CIRCLE('',#3142,0.25);
#962=CIRCLE('',#3143,2.27322330470336);
#963=CIRCLE('',#3145,2.2);
#964=CIRCLE('',#3146,2.2);
#965=CIRCLE('',#3148,3.);
#966=CIRCLE('',#3150,0.25);
#967=CIRCLE('',#3151,2.45);
#968=CIRCLE('',#3153,3.75);
#969=CIRCLE('',#3155,0.25);
#970=CIRCLE('',#3156,4.);
#971=CIRCLE('',#3157,4.);
#972=CIRCLE('',#3159,4.);
#973=CIRCLE('',#3160,4.);
#974=CIRCLE('',#3162,0.25);
#975=CIRCLE('',#3164,2.2);
#976=CIRCLE('',#3165,0.25);
#977=CIRCLE('',#3166,2.27322330470336);
#978=CIRCLE('',#3168,2.2);
#979=CIRCLE('',#3169,2.2);
#980=CIRCLE('',#3171,3.);
#981=CIRCLE('',#3173,0.25);
#982=CIRCLE('',#3174,2.45);
#983=CIRCLE('',#3176,3.75);
#984=CIRCLE('',#3178,0.25);
#985=CIRCLE('',#3179,4.);
#986=CIRCLE('',#3180,4.);
#987=CIRCLE('',#3182,4.);
#988=CIRCLE('',#3183,4.);
#989=CIRCLE('',#3185,0.25);
#990=CIRCLE('',#3187,2.2);
#991=CIRCLE('',#3188,0.25);
#992=CIRCLE('',#3189,2.27322330470336);
#993=CIRCLE('',#3191,2.2);
#994=CIRCLE('',#3192,2.2);
#995=CIRCLE('',#3194,3.);
#996=CIRCLE('',#3196,3.75);
#997=CIRCLE('',#3197,0.25);
#998=CIRCLE('',#3198,4.);
#999=CIRCLE('',#3199,4.);
#1000=CIRCLE('',#3201,2.45);
#1001=CIRCLE('',#3203,4.);
#1002=CIRCLE('',#3204,4.);
#1003=CIRCLE('',#3206,0.25);
#1004=CIRCLE('',#3208,0.25);
#1005=CIRCLE('',#3210,3.75);
#1006=CIRCLE('',#3211,0.25);
#1007=CIRCLE('',#3212,4.);
#1008=CIRCLE('',#3213,4.);
#1009=CIRCLE('',#3215,2.45);
#1010=CIRCLE('',#3217,4.);
#1011=CIRCLE('',#3218,4.);
#1012=CIRCLE('',#3220,3.75);
#1013=CIRCLE('',#3221,0.25);
#1014=CIRCLE('',#3222,4.);
#1015=CIRCLE('',#3223,4.);
#1016=CIRCLE('',#3225,2.45);
#1017=CIRCLE('',#3227,4.);
#1018=CIRCLE('',#3228,4.);
#1019=CIRCLE('',#3230,3.75);
#1020=CIRCLE('',#3231,0.25);
#1021=CIRCLE('',#3232,4.);
#1022=CIRCLE('',#3233,4.);
#1023=CIRCLE('',#3235,4.);
#1024=CIRCLE('',#3236,4.);
#1025=CIRCLE('',#3238,2.45);
#1026=CIRCLE('',#3240,3.75);
#1027=CIRCLE('',#3241,0.25);
#1028=CIRCLE('',#3242,4.);
#1029=CIRCLE('',#3243,4.);
#1030=CIRCLE('',#3245,2.45);
#1031=CIRCLE('',#3247,4.);
#1032=CIRCLE('',#3248,4.);
#1033=CIRCLE('',#3250,2.2);
#1034=CIRCLE('',#3251,0.25);
#1035=CIRCLE('',#3252,2.27322330470336);
#1036=CIRCLE('',#3254,2.2);
#1037=CIRCLE('',#3255,2.2);
#1038=CIRCLE('',#3257,3.);
#1039=CIRCLE('',#3259,0.25);
#1040=CIRCLE('',#3261,0.25);
#1041=CIRCLE('',#3263,0.25);
#1042=CIRCLE('',#3265,2.2);
#1043=CIRCLE('',#3266,0.25);
#1044=CIRCLE('',#3267,2.2);
#1045=CIRCLE('',#3269,2.2);
#1046=CIRCLE('',#3271,0.25);
#1047=CIRCLE('',#3272,2.27322330470336);
#1048=CIRCLE('',#3274,3.);
#1049=CIRCLE('',#3276,2.2);
#1050=CIRCLE('',#3277,0.25);
#1051=CIRCLE('',#3278,2.27322330470336);
#1052=CIRCLE('',#3280,2.2);
#1053=CIRCLE('',#3281,2.2);
#1054=CIRCLE('',#3283,3.);
#1055=CIRCLE('',#3285,2.2);
#1056=CIRCLE('',#3286,0.25);
#1057=CIRCLE('',#3287,2.27322330470336);
#1058=CIRCLE('',#3289,2.2);
#1059=CIRCLE('',#3290,2.2);
#1060=CIRCLE('',#3292,3.);
#1061=CIRCLE('',#3294,0.25);
#1062=CIRCLE('',#3296,0.25);
#1063=CIRCLE('',#3298,0.25);
#1064=CIRCLE('',#3300,0.25);
#1065=CIRCLE('',#3302,0.25);
#1066=CIRCLE('',#3303,2.2);
#1067=CIRCLE('',#3305,2.2);
#1068=CIRCLE('',#3307,0.25);
#1069=CIRCLE('',#3308,2.45);
#1070=CIRCLE('',#3339,99.);
#1071=CIRCLE('',#3340,8.9);
#1072=CIRCLE('',#3341,8.90000000000001);
#1073=CIRCLE('',#3342,8.9);
#1074=CIRCLE('',#3343,8.9);
#1075=CIRCLE('',#3344,8.9);
#1076=CIRCLE('',#3345,8.9);
#1077=CIRCLE('',#3346,8.9);
#1078=CIRCLE('',#3347,8.9);
#1079=CIRCLE('',#3348,8.9);
#1080=CIRCLE('',#3349,8.89999999999999);
#1081=CIRCLE('',#3350,8.9);
#1082=CIRCLE('',#3351,8.9);
#1083=CIRCLE('',#3383,2.45);
#1084=CIRCLE('',#3385,0.25);
#1085=CIRCLE('',#3386,2.2);
#1086=CIRCLE('',#3388,2.2);
#1087=CIRCLE('',#3390,0.25);
#1088=CIRCLE('',#3394,1.);
#1089=CIRCLE('',#3395,100.);
#1090=CIRCLE('',#3397,100.);
#1091=CIRCLE('',#3399,1.);
#1092=CIRCLE('',#3401,6.9);
#1093=CIRCLE('',#3402,1.);
#1094=CIRCLE('',#3403,7.9);
#1095=CIRCLE('',#3404,7.9);
#1096=CIRCLE('',#3406,7.9);
#1097=CIRCLE('',#3409,6.9);
#1098=CIRCLE('',#3410,1.);
#1099=CIRCLE('',#3411,7.9);
#1100=CIRCLE('',#3412,7.9);
#1101=CIRCLE('',#3414,7.9);
#1102=CIRCLE('',#3417,6.9);
#1103=CIRCLE('',#3418,1.);
#1104=CIRCLE('',#3419,7.9);
#1105=CIRCLE('',#3420,7.9);
#1106=CIRCLE('',#3422,7.9);
#1107=CIRCLE('',#3425,6.9);
#1108=CIRCLE('',#3426,1.);
#1109=CIRCLE('',#3427,7.9);
#1110=CIRCLE('',#3428,7.9);
#1111=CIRCLE('',#3430,7.9);
#1112=CIRCLE('',#3433,6.9);
#1113=CIRCLE('',#3434,1.);
#1114=CIRCLE('',#3435,7.9);
#1115=CIRCLE('',#3436,7.9);
#1116=CIRCLE('',#3438,7.9);
#1117=CIRCLE('',#3441,6.9);
#1118=CIRCLE('',#3442,1.);
#1119=CIRCLE('',#3443,7.9);
#1120=CIRCLE('',#3444,7.9);
#1121=CIRCLE('',#3446,7.9);
#1122=CIRCLE('',#3449,6.89999999999999);
#1123=CIRCLE('',#3450,1.);
#1124=CIRCLE('',#3451,7.89999999999999);
#1125=CIRCLE('',#3452,7.89999999999999);
#1126=CIRCLE('',#3454,7.89999999999999);
#1127=CIRCLE('',#3457,6.9);
#1128=CIRCLE('',#3458,1.);
#1129=CIRCLE('',#3459,7.9);
#1130=CIRCLE('',#3460,7.9);
#1131=CIRCLE('',#3462,7.9);
#1132=CIRCLE('',#3465,6.90000000000001);
#1133=CIRCLE('',#3466,1.);
#1134=CIRCLE('',#3467,7.90000000000001);
#1135=CIRCLE('',#3468,7.90000000000001);
#1136=CIRCLE('',#3470,7.90000000000001);
#1137=CIRCLE('',#3473,6.9);
#1138=CIRCLE('',#3474,1.);
#1139=CIRCLE('',#3475,7.9);
#1140=CIRCLE('',#3476,7.9);
#1141=CIRCLE('',#3478,7.9);
#1142=CIRCLE('',#3481,6.9);
#1143=CIRCLE('',#3482,1.);
#1144=CIRCLE('',#3483,7.9);
#1145=CIRCLE('',#3484,7.9);
#1146=CIRCLE('',#3486,7.9);
#1147=CIRCLE('',#3489,6.9);
#1148=CIRCLE('',#3490,1.);
#1149=CIRCLE('',#3491,7.9);
#1150=CIRCLE('',#3492,7.9);
#1151=CIRCLE('',#3494,7.9);
#1152=CIRCLE('',#3497,1.);
#1153=CIRCLE('',#3499,1.);
#1154=CIRCLE('',#3501,1.);
#1155=CIRCLE('',#3503,1.);
#1156=CIRCLE('',#3505,1.);
#1157=CIRCLE('',#3507,1.);
#1158=CIRCLE('',#3509,1.);
#1159=CIRCLE('',#3511,1.);
#1160=CIRCLE('',#3513,1.);
#1161=CIRCLE('',#3515,1.);
#1162=CIRCLE('',#3517,1.);
#1163=CIRCLE('',#3519,1.);
#1164=VERTEX_POINT('',#4657);
#1165=VERTEX_POINT('',#4659);
#1166=VERTEX_POINT('',#4663);
#1167=VERTEX_POINT('',#4665);
#1168=VERTEX_POINT('',#4669);
#1169=VERTEX_POINT('',#4673);
#1170=VERTEX_POINT('',#4677);
#1171=VERTEX_POINT('',#4680);
#1172=VERTEX_POINT('',#4682);
#1173=VERTEX_POINT('',#4686);
#1174=VERTEX_POINT('',#4687);
#1175=VERTEX_POINT('',#4692);
#1176=VERTEX_POINT('',#4696);
#1177=VERTEX_POINT('',#4698);
#1178=VERTEX_POINT('',#4700);
#1179=VERTEX_POINT('',#4702);
#1180=VERTEX_POINT('',#4704);
#1181=VERTEX_POINT('',#4706);
#1182=VERTEX_POINT('',#4708);
#1183=VERTEX_POINT('',#4710);
#1184=VERTEX_POINT('',#4712);
#1185=VERTEX_POINT('',#4714);
#1186=VERTEX_POINT('',#4716);
#1187=VERTEX_POINT('',#4718);
#1188=VERTEX_POINT('',#4720);
#1189=VERTEX_POINT('',#4722);
#1190=VERTEX_POINT('',#4725);
#1191=VERTEX_POINT('',#4727);
#1192=VERTEX_POINT('',#4731);
#1193=VERTEX_POINT('',#4733);
#1194=VERTEX_POINT('',#4737);
#1195=VERTEX_POINT('',#4741);
#1196=VERTEX_POINT('',#4745);
#1197=VERTEX_POINT('',#4748);
#1198=VERTEX_POINT('',#4750);
#1199=VERTEX_POINT('',#4754);
#1200=VERTEX_POINT('',#4755);
#1201=VERTEX_POINT('',#4762);
#1202=VERTEX_POINT('',#4764);
#1203=VERTEX_POINT('',#4768);
#1204=VERTEX_POINT('',#4770);
#1205=VERTEX_POINT('',#4774);
#1206=VERTEX_POINT('',#4778);
#1207=VERTEX_POINT('',#4782);
#1208=VERTEX_POINT('',#4785);
#1209=VERTEX_POINT('',#4787);
#1210=VERTEX_POINT('',#4791);
#1211=VERTEX_POINT('',#4792);
#1212=VERTEX_POINT('',#4799);
#1213=VERTEX_POINT('',#4801);
#1214=VERTEX_POINT('',#4805);
#1215=VERTEX_POINT('',#4807);
#1216=VERTEX_POINT('',#4811);
#1217=VERTEX_POINT('',#4815);
#1218=VERTEX_POINT('',#4819);
#1219=VERTEX_POINT('',#4822);
#1220=VERTEX_POINT('',#4824);
#1221=VERTEX_POINT('',#4828);
#1222=VERTEX_POINT('',#4829);
#1223=VERTEX_POINT('',#4836);
#1224=VERTEX_POINT('',#4838);
#1225=VERTEX_POINT('',#4842);
#1226=VERTEX_POINT('',#4844);
#1227=VERTEX_POINT('',#4848);
#1228=VERTEX_POINT('',#4852);
#1229=VERTEX_POINT('',#4856);
#1230=VERTEX_POINT('',#4859);
#1231=VERTEX_POINT('',#4861);
#1232=VERTEX_POINT('',#4865);
#1233=VERTEX_POINT('',#4866);
#1234=VERTEX_POINT('',#4873);
#1235=VERTEX_POINT('',#4875);
#1236=VERTEX_POINT('',#4879);
#1237=VERTEX_POINT('',#4881);
#1238=VERTEX_POINT('',#4885);
#1239=VERTEX_POINT('',#4889);
#1240=VERTEX_POINT('',#4893);
#1241=VERTEX_POINT('',#4896);
#1242=VERTEX_POINT('',#4898);
#1243=VERTEX_POINT('',#4902);
#1244=VERTEX_POINT('',#4903);
#1245=VERTEX_POINT('',#4910);
#1246=VERTEX_POINT('',#4912);
#1247=VERTEX_POINT('',#4916);
#1248=VERTEX_POINT('',#4918);
#1249=VERTEX_POINT('',#4922);
#1250=VERTEX_POINT('',#4926);
#1251=VERTEX_POINT('',#4930);
#1252=VERTEX_POINT('',#4933);
#1253=VERTEX_POINT('',#4935);
#1254=VERTEX_POINT('',#4939);
#1255=VERTEX_POINT('',#4940);
#1256=VERTEX_POINT('',#4947);
#1257=VERTEX_POINT('',#4949);
#1258=VERTEX_POINT('',#4953);
#1259=VERTEX_POINT('',#4955);
#1260=VERTEX_POINT('',#4959);
#1261=VERTEX_POINT('',#4963);
#1262=VERTEX_POINT('',#4965);
#1263=VERTEX_POINT('',#4967);
#1264=VERTEX_POINT('',#4971);
#1265=VERTEX_POINT('',#4974);
#1266=VERTEX_POINT('',#4975);
#1267=VERTEX_POINT('',#4984);
#1268=VERTEX_POINT('',#4986);
#1269=VERTEX_POINT('',#4988);
#1270=VERTEX_POINT('',#4992);
#1271=VERTEX_POINT('',#4995);
#1272=VERTEX_POINT('',#4996);
#1273=VERTEX_POINT('',#5001);
#1274=VERTEX_POINT('',#5003);
#1275=VERTEX_POINT('',#5005);
#1276=VERTEX_POINT('',#5009);
#1277=VERTEX_POINT('',#5012);
#1278=VERTEX_POINT('',#5013);
#1279=VERTEX_POINT('',#5018);
#1280=VERTEX_POINT('',#5020);
#1281=VERTEX_POINT('',#5022);
#1282=VERTEX_POINT('',#5026);
#1283=VERTEX_POINT('',#5027);
#1284=VERTEX_POINT('',#5032);
#1285=VERTEX_POINT('',#5035);
#1286=VERTEX_POINT('',#5037);
#1287=VERTEX_POINT('',#5039);
#1288=VERTEX_POINT('',#5043);
#1289=VERTEX_POINT('',#5046);
#1290=VERTEX_POINT('',#5047);
#1291=VERTEX_POINT('',#5052);
#1292=VERTEX_POINT('',#5054);
#1293=VERTEX_POINT('',#5058);
#1294=VERTEX_POINT('',#5060);
#1295=VERTEX_POINT('',#5064);
#1296=VERTEX_POINT('',#5074);
#1297=VERTEX_POINT('',#5075);
#1298=VERTEX_POINT('',#5080);
#1299=VERTEX_POINT('',#5084);
#1300=VERTEX_POINT('',#5088);
#1301=VERTEX_POINT('',#5092);
#1302=VERTEX_POINT('',#5094);
#1303=VERTEX_POINT('',#5098);
#1304=VERTEX_POINT('',#5100);
#1305=VERTEX_POINT('',#5104);
#1306=VERTEX_POINT('',#5108);
#1307=VERTEX_POINT('',#5110);
#1308=VERTEX_POINT('',#5114);
#1309=VERTEX_POINT('',#5116);
#1310=VERTEX_POINT('',#5120);
#1311=VERTEX_POINT('',#5132);
#1312=VERTEX_POINT('',#5136);
#1313=VERTEX_POINT('',#5140);
#1314=VERTEX_POINT('',#5144);
#1315=VERTEX_POINT('',#5145);
#1316=VERTEX_POINT('',#5147);
#1317=VERTEX_POINT('',#5149);
#1318=VERTEX_POINT('',#5151);
#1319=VERTEX_POINT('',#5153);
#1320=VERTEX_POINT('',#5157);
#1321=VERTEX_POINT('',#5159);
#1322=VERTEX_POINT('',#5163);
#1323=VERTEX_POINT('',#5167);
#1324=VERTEX_POINT('',#5171);
#1325=VERTEX_POINT('',#5175);
#1326=VERTEX_POINT('',#5181);
#1327=VERTEX_POINT('',#5183);
#1328=VERTEX_POINT('',#5187);
#1329=VERTEX_POINT('',#5191);
#1330=VERTEX_POINT('',#5195);
#1331=VERTEX_POINT('',#5196);
#1332=VERTEX_POINT('',#5201);
#1333=VERTEX_POINT('',#5205);
#1334=VERTEX_POINT('',#5209);
#1335=VERTEX_POINT('',#5211);
#1336=VERTEX_POINT('',#5215);
#1337=VERTEX_POINT('',#5217);
#1338=VERTEX_POINT('',#5226);
#1339=VERTEX_POINT('',#5228);
#1340=VERTEX_POINT('',#5229);
#1341=VERTEX_POINT('',#5231);
#1342=VERTEX_POINT('',#5233);
#1343=VERTEX_POINT('',#5235);
#1344=VERTEX_POINT('',#5237);
#1345=VERTEX_POINT('',#5240);
#1346=VERTEX_POINT('',#5242);
#1347=VERTEX_POINT('',#5244);
#1348=VERTEX_POINT('',#5246);
#1349=VERTEX_POINT('',#5248);
#1350=VERTEX_POINT('',#5250);
#1351=VERTEX_POINT('',#5252);
#1352=VERTEX_POINT('',#5254);
#1353=VERTEX_POINT('',#5256);
#1354=VERTEX_POINT('',#5258);
#1355=VERTEX_POINT('',#5260);
#1356=VERTEX_POINT('',#5262);
#1357=VERTEX_POINT('',#5265);
#1358=VERTEX_POINT('',#5267);
#1359=VERTEX_POINT('',#5271);
#1360=VERTEX_POINT('',#5275);
#1361=VERTEX_POINT('',#5277);
#1362=VERTEX_POINT('',#5281);
#1363=VERTEX_POINT('',#5289);
#1364=VERTEX_POINT('',#5291);
#1365=VERTEX_POINT('',#5295);
#1366=VERTEX_POINT('',#5299);
#1367=VERTEX_POINT('',#5303);
#1368=VERTEX_POINT('',#5304);
#1369=VERTEX_POINT('',#5307);
#1370=VERTEX_POINT('',#5311);
#1371=VERTEX_POINT('',#5315);
#1372=VERTEX_POINT('',#5319);
#1373=VERTEX_POINT('',#5323);
#1374=VERTEX_POINT('',#5325);
#1375=VERTEX_POINT('',#5337);
#1376=VERTEX_POINT('',#5340);
#1377=VERTEX_POINT('',#5344);
#1378=VERTEX_POINT('',#5353);
#1379=VERTEX_POINT('',#5357);
#1380=VERTEX_POINT('',#5363);
#1381=VERTEX_POINT('',#5365);
#1382=VERTEX_POINT('',#5367);
#1383=VERTEX_POINT('',#5371);
#1384=VERTEX_POINT('',#5376);
#1385=VERTEX_POINT('',#5378);
#1386=VERTEX_POINT('',#5380);
#1387=VERTEX_POINT('',#5384);
#1388=VERTEX_POINT('',#5389);
#1389=VERTEX_POINT('',#5391);
#1390=VERTEX_POINT('',#5393);
#1391=VERTEX_POINT('',#5397);
#1392=VERTEX_POINT('',#5402);
#1393=VERTEX_POINT('',#5404);
#1394=VERTEX_POINT('',#5406);
#1395=VERTEX_POINT('',#5410);
#1396=VERTEX_POINT('',#5415);
#1397=VERTEX_POINT('',#5417);
#1398=VERTEX_POINT('',#5419);
#1399=VERTEX_POINT('',#5423);
#1400=VERTEX_POINT('',#5428);
#1401=VERTEX_POINT('',#5430);
#1402=VERTEX_POINT('',#5432);
#1403=VERTEX_POINT('',#5436);
#1404=VERTEX_POINT('',#5441);
#1405=VERTEX_POINT('',#5443);
#1406=VERTEX_POINT('',#5445);
#1407=VERTEX_POINT('',#5449);
#1408=VERTEX_POINT('',#5454);
#1409=VERTEX_POINT('',#5456);
#1410=VERTEX_POINT('',#5458);
#1411=VERTEX_POINT('',#5462);
#1412=VERTEX_POINT('',#5467);
#1413=VERTEX_POINT('',#5469);
#1414=VERTEX_POINT('',#5471);
#1415=VERTEX_POINT('',#5475);
#1416=VERTEX_POINT('',#5480);
#1417=VERTEX_POINT('',#5482);
#1418=VERTEX_POINT('',#5484);
#1419=VERTEX_POINT('',#5488);
#1420=VERTEX_POINT('',#5493);
#1421=VERTEX_POINT('',#5495);
#1422=VERTEX_POINT('',#5497);
#1423=VERTEX_POINT('',#5501);
#1424=VERTEX_POINT('',#5506);
#1425=VERTEX_POINT('',#5508);
#1426=VERTEX_POINT('',#5510);
#1427=VERTEX_POINT('',#5514);
#1428=EDGE_CURVE('',#1164,#1164,#870,.T.);
#1429=EDGE_CURVE('',#1164,#1165,#871,.T.);
#1430=EDGE_CURVE('',#1165,#1165,#872,.T.);
#1431=EDGE_CURVE('',#1164,#1166,#145,.T.);
#1432=EDGE_CURVE('',#1167,#1166,#873,.T.);
#1433=EDGE_CURVE('',#1166,#1167,#874,.T.);
#1434=EDGE_CURVE('',#1168,#1168,#875,.T.);
#1435=EDGE_CURVE('',#1168,#1165,#146,.T.);
#1436=EDGE_CURVE('',#1167,#1169,#876,.T.);
#1437=EDGE_CURVE('',#1169,#1169,#877,.T.);
#1438=EDGE_CURVE('',#1170,#1170,#878,.T.);
#1439=EDGE_CURVE('',#1170,#1171,#879,.T.);
#1440=EDGE_CURVE('',#1171,#1172,#880,.T.);
#1441=EDGE_CURVE('',#1172,#1171,#881,.T.);
#1442=EDGE_CURVE('',#1173,#1174,#882,.T.);
#1443=EDGE_CURVE('',#1174,#1173,#883,.T.);
#1444=EDGE_CURVE('',#1174,#1172,#147,.T.);
#1445=EDGE_CURVE('',#1175,#1175,#884,.T.);
#1446=EDGE_CURVE('',#1175,#1173,#885,.T.);
#1447=EDGE_CURVE('',#1176,#1176,#886,.T.);
#1448=EDGE_CURVE('',#1177,#1177,#887,.T.);
#1449=EDGE_CURVE('',#1178,#1178,#888,.T.);
#1450=EDGE_CURVE('',#1179,#1179,#889,.T.);
#1451=EDGE_CURVE('',#1180,#1180,#890,.T.);
#1452=EDGE_CURVE('',#1181,#1181,#891,.T.);
#1453=EDGE_CURVE('',#1182,#1182,#892,.T.);
#1454=EDGE_CURVE('',#1183,#1183,#893,.T.);
#1455=EDGE_CURVE('',#1184,#1184,#894,.T.);
#1456=EDGE_CURVE('',#1185,#1185,#895,.T.);
#1457=EDGE_CURVE('',#1186,#1186,#896,.T.);
#1458=EDGE_CURVE('',#1187,#1187,#897,.T.);
#1459=EDGE_CURVE('',#1188,#1188,#898,.T.);
#1460=EDGE_CURVE('',#1189,#1189,#899,.T.);
#1461=EDGE_CURVE('',#1190,#1190,#900,.T.);
#1462=EDGE_CURVE('',#1190,#1191,#901,.T.);
#1463=EDGE_CURVE('',#1191,#1191,#902,.T.);
#1464=EDGE_CURVE('',#1190,#1192,#148,.T.);
#1465=EDGE_CURVE('',#1193,#1192,#903,.T.);
#1466=EDGE_CURVE('',#1192,#1193,#904,.T.);
#1467=EDGE_CURVE('',#1194,#1194,#905,.T.);
#1468=EDGE_CURVE('',#1194,#1191,#149,.T.);
#1469=EDGE_CURVE('',#1193,#1195,#906,.T.);
#1470=EDGE_CURVE('',#1195,#1195,#907,.T.);
#1471=EDGE_CURVE('',#1196,#1196,#908,.T.);
#1472=EDGE_CURVE('',#1196,#1197,#909,.T.);
#1473=EDGE_CURVE('',#1197,#1198,#910,.T.);
#1474=EDGE_CURVE('',#1198,#1197,#911,.T.);
#1475=EDGE_CURVE('',#1199,#1200,#912,.T.);
#1476=EDGE_CURVE('',#1200,#1199,#913,.T.);
#1477=EDGE_CURVE('',#1200,#1198,#150,.T.);
#1478=EDGE_CURVE('',#1177,#1199,#914,.T.);
#1479=EDGE_CURVE('',#1201,#1201,#915,.T.);
#1480=EDGE_CURVE('',#1201,#1202,#916,.T.);
#1481=EDGE_CURVE('',#1202,#1202,#917,.T.);
#1482=EDGE_CURVE('',#1201,#1203,#151,.T.);
#1483=EDGE_CURVE('',#1204,#1203,#918,.T.);
#1484=EDGE_CURVE('',#1203,#1204,#919,.T.);
#1485=EDGE_CURVE('',#1205,#1205,#920,.T.);
#1486=EDGE_CURVE('',#1205,#1202,#152,.T.);
#1487=EDGE_CURVE('',#1204,#1206,#921,.T.);
#1488=EDGE_CURVE('',#1206,#1206,#922,.T.);
#1489=EDGE_CURVE('',#1207,#1207,#923,.T.);
#1490=EDGE_CURVE('',#1207,#1208,#924,.T.);
#1491=EDGE_CURVE('',#1208,#1209,#925,.T.);
#1492=EDGE_CURVE('',#1209,#1208,#926,.T.);
#1493=EDGE_CURVE('',#1210,#1211,#927,.T.);
#1494=EDGE_CURVE('',#1211,#1210,#928,.T.);
#1495=EDGE_CURVE('',#1211,#1209,#153,.T.);
#1496=EDGE_CURVE('',#1189,#1210,#929,.T.);
#1497=EDGE_CURVE('',#1212,#1212,#930,.T.);
#1498=EDGE_CURVE('',#1212,#1213,#931,.T.);
#1499=EDGE_CURVE('',#1213,#1213,#932,.T.);
#1500=EDGE_CURVE('',#1212,#1214,#154,.T.);
#1501=EDGE_CURVE('',#1215,#1214,#933,.T.);
#1502=EDGE_CURVE('',#1214,#1215,#934,.T.);
#1503=EDGE_CURVE('',#1216,#1216,#935,.T.);
#1504=EDGE_CURVE('',#1216,#1213,#155,.T.);
#1505=EDGE_CURVE('',#1215,#1217,#936,.T.);
#1506=EDGE_CURVE('',#1217,#1217,#937,.T.);
#1507=EDGE_CURVE('',#1218,#1218,#938,.T.);
#1508=EDGE_CURVE('',#1218,#1219,#939,.T.);
#1509=EDGE_CURVE('',#1219,#1220,#940,.T.);
#1510=EDGE_CURVE('',#1220,#1219,#941,.T.);
#1511=EDGE_CURVE('',#1221,#1222,#942,.T.);
#1512=EDGE_CURVE('',#1222,#1221,#943,.T.);
#1513=EDGE_CURVE('',#1222,#1220,#156,.T.);
#1514=EDGE_CURVE('',#1178,#1221,#944,.T.);
#1515=EDGE_CURVE('',#1223,#1223,#945,.T.);
#1516=EDGE_CURVE('',#1223,#1224,#946,.T.);
#1517=EDGE_CURVE('',#1224,#1224,#947,.T.);
#1518=EDGE_CURVE('',#1223,#1225,#157,.T.);
#1519=EDGE_CURVE('',#1226,#1225,#948,.T.);
#1520=EDGE_CURVE('',#1225,#1226,#949,.T.);
#1521=EDGE_CURVE('',#1227,#1227,#950,.T.);
#1522=EDGE_CURVE('',#1227,#1224,#158,.T.);
#1523=EDGE_CURVE('',#1226,#1228,#951,.T.);
#1524=EDGE_CURVE('',#1228,#1228,#952,.T.);
#1525=EDGE_CURVE('',#1229,#1229,#953,.T.);
#1526=EDGE_CURVE('',#1229,#1230,#954,.T.);
#1527=EDGE_CURVE('',#1230,#1231,#955,.T.);
#1528=EDGE_CURVE('',#1231,#1230,#956,.T.);
#1529=EDGE_CURVE('',#1232,#1233,#957,.T.);
#1530=EDGE_CURVE('',#1233,#1232,#958,.T.);
#1531=EDGE_CURVE('',#1233,#1231,#159,.T.);
#1532=EDGE_CURVE('',#1188,#1232,#959,.T.);
#1533=EDGE_CURVE('',#1234,#1234,#960,.T.);
#1534=EDGE_CURVE('',#1234,#1235,#961,.T.);
#1535=EDGE_CURVE('',#1235,#1235,#962,.T.);
#1536=EDGE_CURVE('',#1234,#1236,#160,.T.);
#1537=EDGE_CURVE('',#1237,#1236,#963,.T.);
#1538=EDGE_CURVE('',#1236,#1237,#964,.T.);
#1539=EDGE_CURVE('',#1238,#1238,#965,.T.);
#1540=EDGE_CURVE('',#1238,#1235,#161,.T.);
#1541=EDGE_CURVE('',#1237,#1239,#966,.T.);
#1542=EDGE_CURVE('',#1239,#1239,#967,.T.);
#1543=EDGE_CURVE('',#1240,#1240,#968,.T.);
#1544=EDGE_CURVE('',#1240,#1241,#969,.T.);
#1545=EDGE_CURVE('',#1241,#1242,#970,.T.);
#1546=EDGE_CURVE('',#1242,#1241,#971,.T.);
#1547=EDGE_CURVE('',#1243,#1244,#972,.T.);
#1548=EDGE_CURVE('',#1244,#1243,#973,.T.);
#1549=EDGE_CURVE('',#1244,#1242,#162,.T.);
#1550=EDGE_CURVE('',#1179,#1243,#974,.T.);
#1551=EDGE_CURVE('',#1245,#1245,#975,.T.);
#1552=EDGE_CURVE('',#1245,#1246,#976,.T.);
#1553=EDGE_CURVE('',#1246,#1246,#977,.T.);
#1554=EDGE_CURVE('',#1245,#1247,#163,.T.);
#1555=EDGE_CURVE('',#1248,#1247,#978,.T.);
#1556=EDGE_CURVE('',#1247,#1248,#979,.T.);
#1557=EDGE_CURVE('',#1249,#1249,#980,.T.);
#1558=EDGE_CURVE('',#1249,#1246,#164,.T.);
#1559=EDGE_CURVE('',#1248,#1250,#981,.T.);
#1560=EDGE_CURVE('',#1250,#1250,#982,.T.);
#1561=EDGE_CURVE('',#1251,#1251,#983,.T.);
#1562=EDGE_CURVE('',#1251,#1252,#984,.T.);
#1563=EDGE_CURVE('',#1252,#1253,#985,.T.);
#1564=EDGE_CURVE('',#1253,#1252,#986,.T.);
#1565=EDGE_CURVE('',#1254,#1255,#987,.T.);
#1566=EDGE_CURVE('',#1255,#1254,#988,.T.);
#1567=EDGE_CURVE('',#1255,#1253,#165,.T.);
#1568=EDGE_CURVE('',#1187,#1254,#989,.T.);
#1569=EDGE_CURVE('',#1256,#1256,#990,.T.);
#1570=EDGE_CURVE('',#1256,#1257,#991,.T.);
#1571=EDGE_CURVE('',#1257,#1257,#992,.T.);
#1572=EDGE_CURVE('',#1256,#1258,#166,.T.);
#1573=EDGE_CURVE('',#1259,#1258,#993,.T.);
#1574=EDGE_CURVE('',#1258,#1259,#994,.T.);
#1575=EDGE_CURVE('',#1260,#1260,#995,.T.);
#1576=EDGE_CURVE('',#1260,#1257,#167,.T.);
#1577=EDGE_CURVE('',#1261,#1261,#996,.T.);
#1578=EDGE_CURVE('',#1261,#1262,#997,.T.);
#1579=EDGE_CURVE('',#1262,#1263,#998,.T.);
#1580=EDGE_CURVE('',#1263,#1262,#999,.T.);
#1581=EDGE_CURVE('',#1264,#1264,#1000,.T.);
#1582=EDGE_CURVE('',#1265,#1266,#1001,.T.);
#1583=EDGE_CURVE('',#1266,#1265,#1002,.T.);
#1584=EDGE_CURVE('',#1266,#1263,#168,.T.);
#1585=EDGE_CURVE('',#1259,#1264,#1003,.T.);
#1586=EDGE_CURVE('',#1180,#1265,#1004,.T.);
#1587=EDGE_CURVE('',#1267,#1267,#1005,.T.);
#1588=EDGE_CURVE('',#1267,#1268,#1006,.T.);
#1589=EDGE_CURVE('',#1268,#1269,#1007,.T.);
#1590=EDGE_CURVE('',#1269,#1268,#1008,.T.);
#1591=EDGE_CURVE('',#1270,#1270,#1009,.T.);
#1592=EDGE_CURVE('',#1271,#1272,#1010,.T.);
#1593=EDGE_CURVE('',#1272,#1271,#1011,.T.);
#1594=EDGE_CURVE('',#1272,#1269,#169,.T.);
#1595=EDGE_CURVE('',#1273,#1273,#1012,.T.);
#1596=EDGE_CURVE('',#1273,#1274,#1013,.T.);
#1597=EDGE_CURVE('',#1274,#1275,#1014,.T.);
#1598=EDGE_CURVE('',#1275,#1274,#1015,.T.);
#1599=EDGE_CURVE('',#1276,#1276,#1016,.T.);
#1600=EDGE_CURVE('',#1277,#1278,#1017,.T.);
#1601=EDGE_CURVE('',#1278,#1277,#1018,.T.);
#1602=EDGE_CURVE('',#1278,#1275,#170,.T.);
#1603=EDGE_CURVE('',#1279,#1279,#1019,.T.);
#1604=EDGE_CURVE('',#1279,#1280,#1020,.T.);
#1605=EDGE_CURVE('',#1280,#1281,#1021,.T.);
#1606=EDGE_CURVE('',#1281,#1280,#1022,.T.);
#1607=EDGE_CURVE('',#1282,#1283,#1023,.T.);
#1608=EDGE_CURVE('',#1283,#1282,#1024,.T.);
#1609=EDGE_CURVE('',#1283,#1281,#171,.T.);
#1610=EDGE_CURVE('',#1284,#1284,#1025,.T.);
#1611=EDGE_CURVE('',#1285,#1285,#1026,.T.);
#1612=EDGE_CURVE('',#1285,#1286,#1027,.T.);
#1613=EDGE_CURVE('',#1286,#1287,#1028,.T.);
#1614=EDGE_CURVE('',#1287,#1286,#1029,.T.);
#1615=EDGE_CURVE('',#1288,#1288,#1030,.T.);
#1616=EDGE_CURVE('',#1289,#1290,#1031,.T.);
#1617=EDGE_CURVE('',#1290,#1289,#1032,.T.);
#1618=EDGE_CURVE('',#1290,#1287,#172,.T.);
#1619=EDGE_CURVE('',#1291,#1291,#1033,.T.);
#1620=EDGE_CURVE('',#1291,#1292,#1034,.T.);
#1621=EDGE_CURVE('',#1292,#1292,#1035,.T.);
#1622=EDGE_CURVE('',#1291,#1293,#173,.T.);
#1623=EDGE_CURVE('',#1294,#1293,#1036,.T.);
#1624=EDGE_CURVE('',#1293,#1294,#1037,.T.);
#1625=EDGE_CURVE('',#1295,#1295,#1038,.T.);
#1626=EDGE_CURVE('',#1295,#1292,#174,.T.);
#1627=EDGE_CURVE('',#1294,#1288,#1039,.T.);
#1628=EDGE_CURVE('',#1186,#1289,#1040,.T.);
#1629=EDGE_CURVE('',#1181,#1282,#1041,.T.);
#1630=EDGE_CURVE('',#1296,#1297,#1042,.T.);
#1631=EDGE_CURVE('',#1297,#1284,#1043,.T.);
#1632=EDGE_CURVE('',#1297,#1296,#1044,.T.);
#1633=EDGE_CURVE('',#1298,#1298,#1045,.T.);
#1634=EDGE_CURVE('',#1298,#1296,#175,.T.);
#1635=EDGE_CURVE('',#1298,#1299,#1046,.T.);
#1636=EDGE_CURVE('',#1299,#1299,#1047,.T.);
#1637=EDGE_CURVE('',#1300,#1300,#1048,.T.);
#1638=EDGE_CURVE('',#1300,#1299,#176,.T.);
#1639=EDGE_CURVE('',#1301,#1301,#1049,.T.);
#1640=EDGE_CURVE('',#1301,#1302,#1050,.T.);
#1641=EDGE_CURVE('',#1302,#1302,#1051,.T.);
#1642=EDGE_CURVE('',#1301,#1303,#177,.T.);
#1643=EDGE_CURVE('',#1304,#1303,#1052,.T.);
#1644=EDGE_CURVE('',#1303,#1304,#1053,.T.);
#1645=EDGE_CURVE('',#1305,#1305,#1054,.T.);
#1646=EDGE_CURVE('',#1305,#1302,#178,.T.);
#1647=EDGE_CURVE('',#1306,#1306,#1055,.T.);
#1648=EDGE_CURVE('',#1306,#1307,#1056,.T.);
#1649=EDGE_CURVE('',#1307,#1307,#1057,.T.);
#1650=EDGE_CURVE('',#1306,#1308,#179,.T.);
#1651=EDGE_CURVE('',#1309,#1308,#1058,.T.);
#1652=EDGE_CURVE('',#1308,#1309,#1059,.T.);
#1653=EDGE_CURVE('',#1310,#1310,#1060,.T.);
#1654=EDGE_CURVE('',#1310,#1307,#180,.T.);
#1655=EDGE_CURVE('',#1309,#1270,#1061,.T.);
#1656=EDGE_CURVE('',#1185,#1271,#1062,.T.);
#1657=EDGE_CURVE('',#1304,#1276,#1063,.T.);
#1658=EDGE_CURVE('',#1182,#1277,#1064,.T.);
#1659=EDGE_CURVE('',#1184,#1311,#1065,.T.);
#1660=EDGE_CURVE('',#1311,#1311,#1066,.T.);
#1661=EDGE_CURVE('',#1312,#1312,#1067,.T.);
#1662=EDGE_CURVE('',#1312,#1311,#181,.T.);
#1663=EDGE_CURVE('',#1312,#1313,#1068,.T.);
#1664=EDGE_CURVE('',#1313,#1313,#1069,.T.);
#1665=EDGE_CURVE('',#1314,#1315,#182,.T.);
#1666=EDGE_CURVE('',#1316,#1314,#183,.T.);
#1667=EDGE_CURVE('',#1317,#1316,#184,.T.);
#1668=EDGE_CURVE('',#1318,#1317,#185,.T.);
#1669=EDGE_CURVE('',#1319,#1318,#186,.T.);
#1670=EDGE_CURVE('',#1315,#1319,#187,.T.);
#1671=EDGE_CURVE('',#1315,#1320,#15,.T.);
#1672=EDGE_CURVE('',#1320,#1321,#188,.T.);
#1673=EDGE_CURVE('',#1314,#1321,#16,.T.);
#1674=EDGE_CURVE('',#1319,#1322,#17,.T.);
#1675=EDGE_CURVE('',#1322,#1320,#189,.T.);
#1676=EDGE_CURVE('',#1323,#1322,#190,.T.);
#1677=EDGE_CURVE('',#1318,#1323,#18,.T.);
#1678=EDGE_CURVE('',#1324,#1323,#191,.T.);
#1679=EDGE_CURVE('',#1317,#1324,#19,.T.);
#1680=EDGE_CURVE('',#1325,#1324,#192,.T.);
#1681=EDGE_CURVE('',#1316,#1325,#20,.T.);
#1682=EDGE_CURVE('',#1321,#1325,#193,.T.);
#1683=EDGE_CURVE('',#1326,#1325,#194,.T.);
#1684=EDGE_CURVE('',#1327,#1326,#195,.T.);
#1685=EDGE_CURVE('',#1327,#1324,#196,.T.);
#1686=EDGE_CURVE('',#1328,#1321,#197,.T.);
#1687=EDGE_CURVE('',#1326,#1328,#198,.T.);
#1688=EDGE_CURVE('',#1329,#1320,#199,.T.);
#1689=EDGE_CURVE('',#1328,#1329,#200,.T.);
#1690=EDGE_CURVE('',#1330,#1331,#201,.T.);
#1691=EDGE_CURVE('',#1331,#1326,#21,.T.);
#1692=EDGE_CURVE('',#1330,#1328,#22,.T.);
#1693=EDGE_CURVE('',#1331,#1332,#202,.T.);
#1694=EDGE_CURVE('',#1332,#1327,#23,.T.);
#1695=EDGE_CURVE('',#1329,#1333,#24,.T.);
#1696=EDGE_CURVE('',#1333,#1330,#203,.T.);
#1697=EDGE_CURVE('',#1332,#1334,#204,.T.);
#1698=EDGE_CURVE('',#1334,#1335,#25,.T.);
#1699=EDGE_CURVE('',#1335,#1327,#205,.T.);
#1700=EDGE_CURVE('',#1334,#1336,#206,.T.);
#1701=EDGE_CURVE('',#1336,#1337,#26,.T.);
#1702=EDGE_CURVE('',#1337,#1335,#207,.T.);
#1703=EDGE_CURVE('',#1329,#1337,#208,.T.);
#1704=EDGE_CURVE('',#1336,#1333,#209,.T.);
#1705=EDGE_CURVE('',#1337,#1322,#210,.T.);
#1706=EDGE_CURVE('',#1338,#1338,#1070,.T.);
#1707=EDGE_CURVE('',#1339,#1340,#211,.T.);
#1708=EDGE_CURVE('',#1341,#1339,#212,.T.);
#1709=EDGE_CURVE('',#1342,#1341,#213,.T.);
#1710=EDGE_CURVE('',#1343,#1342,#214,.T.);
#1711=EDGE_CURVE('',#1344,#1343,#215,.T.);
#1712=EDGE_CURVE('',#1340,#1344,#216,.T.);
#1713=EDGE_CURVE('',#1345,#1345,#1071,.T.);
#1714=EDGE_CURVE('',#1346,#1346,#1072,.T.);
#1715=EDGE_CURVE('',#1347,#1347,#1073,.T.);
#1716=EDGE_CURVE('',#1348,#1348,#1074,.T.);
#1717=EDGE_CURVE('',#1349,#1349,#1075,.T.);
#1718=EDGE_CURVE('',#1350,#1350,#1076,.T.);
#1719=EDGE_CURVE('',#1351,#1351,#1077,.T.);
#1720=EDGE_CURVE('',#1352,#1352,#1078,.T.);
#1721=EDGE_CURVE('',#1353,#1353,#1079,.T.);
#1722=EDGE_CURVE('',#1354,#1354,#1080,.T.);
#1723=EDGE_CURVE('',#1355,#1355,#1081,.T.);
#1724=EDGE_CURVE('',#1356,#1356,#1082,.T.);
#1725=EDGE_CURVE('',#1342,#1357,#27,.T.);
#1726=EDGE_CURVE('',#1357,#1358,#217,.T.);
#1727=EDGE_CURVE('',#1343,#1358,#28,.T.);
#1728=EDGE_CURVE('',#1341,#1359,#29,.T.);
#1729=EDGE_CURVE('',#1359,#1357,#218,.T.);
#1730=EDGE_CURVE('',#1340,#1360,#30,.T.);
#1731=EDGE_CURVE('',#1360,#1361,#219,.T.);
#1732=EDGE_CURVE('',#1361,#1339,#31,.T.);
#1733=EDGE_CURVE('',#1362,#1360,#220,.T.);
#1734=EDGE_CURVE('',#1344,#1362,#32,.T.);
#1735=EDGE_CURVE('',#1361,#1359,#221,.T.);
#1736=EDGE_CURVE('',#1358,#1362,#222,.T.);
#1737=EDGE_CURVE('',#1359,#1363,#223,.T.);
#1738=EDGE_CURVE('',#1364,#1363,#224,.T.);
#1739=EDGE_CURVE('',#1357,#1364,#225,.T.);
#1740=EDGE_CURVE('',#1361,#1365,#226,.T.);
#1741=EDGE_CURVE('',#1363,#1365,#227,.T.);
#1742=EDGE_CURVE('',#1360,#1366,#228,.T.);
#1743=EDGE_CURVE('',#1365,#1366,#229,.T.);
#1744=EDGE_CURVE('',#1367,#1368,#230,.T.);
#1745=EDGE_CURVE('',#1368,#1366,#33,.T.);
#1746=EDGE_CURVE('',#1366,#1369,#231,.T.);
#1747=EDGE_CURVE('',#1367,#1369,#34,.T.);
#1748=EDGE_CURVE('',#1368,#1370,#232,.T.);
#1749=EDGE_CURVE('',#1370,#1365,#35,.T.);
#1750=EDGE_CURVE('',#1370,#1371,#233,.T.);
#1751=EDGE_CURVE('',#1371,#1363,#36,.T.);
#1752=EDGE_CURVE('',#1371,#1372,#234,.T.);
#1753=EDGE_CURVE('',#1372,#1364,#37,.T.);
#1754=EDGE_CURVE('',#1373,#1364,#235,.T.);
#1755=EDGE_CURVE('',#1372,#1374,#236,.T.);
#1756=EDGE_CURVE('',#1374,#1373,#38,.T.);
#1757=EDGE_CURVE('',#1369,#1373,#237,.T.);
#1758=EDGE_CURVE('',#1374,#1367,#238,.T.);
#1759=EDGE_CURVE('',#1358,#1373,#239,.T.);
#1760=EDGE_CURVE('',#1362,#1369,#240,.T.);
#1761=EDGE_CURVE('',#1375,#1375,#1083,.T.);
#1762=EDGE_CURVE('',#1183,#1376,#1084,.T.);
#1763=EDGE_CURVE('',#1376,#1376,#1085,.T.);
#1764=EDGE_CURVE('',#1377,#1377,#1086,.T.);
#1765=EDGE_CURVE('',#1377,#1376,#241,.T.);
#1766=EDGE_CURVE('',#1377,#1375,#1087,.T.);
#1767=EDGE_CURVE('',#1335,#1323,#242,.T.);
#1768=EDGE_CURVE('',#1176,#1378,#1088,.T.);
#1769=EDGE_CURVE('',#1378,#1378,#1089,.T.);
#1770=EDGE_CURVE('',#1378,#1379,#243,.T.);
#1771=EDGE_CURVE('',#1379,#1379,#1090,.T.);
#1772=EDGE_CURVE('',#1379,#1338,#1091,.T.);
#1773=EDGE_CURVE('',#1380,#1380,#1092,.T.);
#1774=EDGE_CURVE('',#1380,#1381,#1093,.T.);
#1775=EDGE_CURVE('',#1381,#1382,#1094,.T.);
#1776=EDGE_CURVE('',#1382,#1381,#1095,.T.);
#1777=EDGE_CURVE('',#1382,#1383,#244,.T.);
#1778=EDGE_CURVE('',#1383,#1383,#1096,.T.);
#1779=EDGE_CURVE('',#1384,#1384,#1097,.T.);
#1780=EDGE_CURVE('',#1384,#1385,#1098,.T.);
#1781=EDGE_CURVE('',#1385,#1386,#1099,.T.);
#1782=EDGE_CURVE('',#1386,#1385,#1100,.T.);
#1783=EDGE_CURVE('',#1386,#1387,#245,.T.);
#1784=EDGE_CURVE('',#1387,#1387,#1101,.T.);
#1785=EDGE_CURVE('',#1388,#1388,#1102,.T.);
#1786=EDGE_CURVE('',#1388,#1389,#1103,.T.);
#1787=EDGE_CURVE('',#1389,#1390,#1104,.T.);
#1788=EDGE_CURVE('',#1390,#1389,#1105,.T.);
#1789=EDGE_CURVE('',#1390,#1391,#246,.T.);
#1790=EDGE_CURVE('',#1391,#1391,#1106,.T.);
#1791=EDGE_CURVE('',#1392,#1392,#1107,.T.);
#1792=EDGE_CURVE('',#1392,#1393,#1108,.T.);
#1793=EDGE_CURVE('',#1393,#1394,#1109,.T.);
#1794=EDGE_CURVE('',#1394,#1393,#1110,.T.);
#1795=EDGE_CURVE('',#1394,#1395,#247,.T.);
#1796=EDGE_CURVE('',#1395,#1395,#1111,.T.);
#1797=EDGE_CURVE('',#1396,#1396,#1112,.T.);
#1798=EDGE_CURVE('',#1396,#1397,#1113,.T.);
#1799=EDGE_CURVE('',#1397,#1398,#1114,.T.);
#1800=EDGE_CURVE('',#1398,#1397,#1115,.T.);
#1801=EDGE_CURVE('',#1398,#1399,#248,.T.);
#1802=EDGE_CURVE('',#1399,#1399,#1116,.T.);
#1803=EDGE_CURVE('',#1400,#1400,#1117,.T.);
#1804=EDGE_CURVE('',#1400,#1401,#1118,.T.);
#1805=EDGE_CURVE('',#1401,#1402,#1119,.T.);
#1806=EDGE_CURVE('',#1402,#1401,#1120,.T.);
#1807=EDGE_CURVE('',#1402,#1403,#249,.T.);
#1808=EDGE_CURVE('',#1403,#1403,#1121,.T.);
#1809=EDGE_CURVE('',#1404,#1404,#1122,.T.);
#1810=EDGE_CURVE('',#1404,#1405,#1123,.T.);
#1811=EDGE_CURVE('',#1405,#1406,#1124,.T.);
#1812=EDGE_CURVE('',#1406,#1405,#1125,.T.);
#1813=EDGE_CURVE('',#1406,#1407,#250,.T.);
#1814=EDGE_CURVE('',#1407,#1407,#1126,.T.);
#1815=EDGE_CURVE('',#1408,#1408,#1127,.T.);
#1816=EDGE_CURVE('',#1408,#1409,#1128,.T.);
#1817=EDGE_CURVE('',#1409,#1410,#1129,.T.);
#1818=EDGE_CURVE('',#1410,#1409,#1130,.T.);
#1819=EDGE_CURVE('',#1410,#1411,#251,.T.);
#1820=EDGE_CURVE('',#1411,#1411,#1131,.T.);
#1821=EDGE_CURVE('',#1412,#1412,#1132,.T.);
#1822=EDGE_CURVE('',#1412,#1413,#1133,.T.);
#1823=EDGE_CURVE('',#1413,#1414,#1134,.T.);
#1824=EDGE_CURVE('',#1414,#1413,#1135,.T.);
#1825=EDGE_CURVE('',#1414,#1415,#252,.T.);
#1826=EDGE_CURVE('',#1415,#1415,#1136,.T.);
#1827=EDGE_CURVE('',#1416,#1416,#1137,.T.);
#1828=EDGE_CURVE('',#1416,#1417,#1138,.T.);
#1829=EDGE_CURVE('',#1417,#1418,#1139,.T.);
#1830=EDGE_CURVE('',#1418,#1417,#1140,.T.);
#1831=EDGE_CURVE('',#1418,#1419,#253,.T.);
#1832=EDGE_CURVE('',#1419,#1419,#1141,.T.);
#1833=EDGE_CURVE('',#1420,#1420,#1142,.T.);
#1834=EDGE_CURVE('',#1420,#1421,#1143,.T.);
#1835=EDGE_CURVE('',#1421,#1422,#1144,.T.);
#1836=EDGE_CURVE('',#1422,#1421,#1145,.T.);
#1837=EDGE_CURVE('',#1422,#1423,#254,.T.);
#1838=EDGE_CURVE('',#1423,#1423,#1146,.T.);
#1839=EDGE_CURVE('',#1424,#1424,#1147,.T.);
#1840=EDGE_CURVE('',#1424,#1425,#1148,.T.);
#1841=EDGE_CURVE('',#1425,#1426,#1149,.T.);
#1842=EDGE_CURVE('',#1426,#1425,#1150,.T.);
#1843=EDGE_CURVE('',#1426,#1427,#255,.T.);
#1844=EDGE_CURVE('',#1427,#1427,#1151,.T.);
#1845=EDGE_CURVE('',#1427,#1345,#1152,.T.);
#1846=EDGE_CURVE('',#1423,#1356,#1153,.T.);
#1847=EDGE_CURVE('',#1415,#1346,#1154,.T.);
#1848=EDGE_CURVE('',#1419,#1355,#1155,.T.);
#1849=EDGE_CURVE('',#1411,#1347,#1156,.T.);
#1850=EDGE_CURVE('',#1407,#1354,#1157,.T.);
#1851=EDGE_CURVE('',#1403,#1348,#1158,.T.);
#1852=EDGE_CURVE('',#1399,#1353,#1159,.T.);
#1853=EDGE_CURVE('',#1395,#1349,#1160,.T.);
#1854=EDGE_CURVE('',#1391,#1352,#1161,.T.);
#1855=EDGE_CURVE('',#1387,#1350,#1162,.T.);
#1856=EDGE_CURVE('',#1383,#1351,#1163,.T.);
#1857=ORIENTED_EDGE('',*,*,#1428,.T.);
#1858=ORIENTED_EDGE('',*,*,#1429,.T.);
#1859=ORIENTED_EDGE('',*,*,#1430,.T.);
#1860=ORIENTED_EDGE('',*,*,#1429,.F.);
#1861=ORIENTED_EDGE('',*,*,#1428,.F.);
#1862=ORIENTED_EDGE('',*,*,#1431,.T.);
#1863=ORIENTED_EDGE('',*,*,#1432,.F.);
#1864=ORIENTED_EDGE('',*,*,#1433,.F.);
#1865=ORIENTED_EDGE('',*,*,#1431,.F.);
#1866=ORIENTED_EDGE('',*,*,#1434,.F.);
#1867=ORIENTED_EDGE('',*,*,#1435,.T.);
#1868=ORIENTED_EDGE('',*,*,#1430,.F.);
#1869=ORIENTED_EDGE('',*,*,#1435,.F.);
#1870=ORIENTED_EDGE('',*,*,#1433,.T.);
#1871=ORIENTED_EDGE('',*,*,#1436,.T.);
#1872=ORIENTED_EDGE('',*,*,#1437,.T.);
#1873=ORIENTED_EDGE('',*,*,#1436,.F.);
#1874=ORIENTED_EDGE('',*,*,#1432,.T.);
#1875=ORIENTED_EDGE('',*,*,#1438,.F.);
#1876=ORIENTED_EDGE('',*,*,#1437,.F.);
#1877=ORIENTED_EDGE('',*,*,#1438,.T.);
#1878=ORIENTED_EDGE('',*,*,#1439,.T.);
#1879=ORIENTED_EDGE('',*,*,#1440,.T.);
#1880=ORIENTED_EDGE('',*,*,#1441,.T.);
#1881=ORIENTED_EDGE('',*,*,#1439,.F.);
#1882=ORIENTED_EDGE('',*,*,#1442,.F.);
#1883=ORIENTED_EDGE('',*,*,#1443,.F.);
#1884=ORIENTED_EDGE('',*,*,#1444,.T.);
#1885=ORIENTED_EDGE('',*,*,#1440,.F.);
#1886=ORIENTED_EDGE('',*,*,#1441,.F.);
#1887=ORIENTED_EDGE('',*,*,#1444,.F.);
#1888=ORIENTED_EDGE('',*,*,#1445,.T.);
#1889=ORIENTED_EDGE('',*,*,#1446,.T.);
#1890=ORIENTED_EDGE('',*,*,#1442,.T.);
#1891=ORIENTED_EDGE('',*,*,#1443,.T.);
#1892=ORIENTED_EDGE('',*,*,#1446,.F.);
#1893=ORIENTED_EDGE('',*,*,#1447,.F.);
#1894=ORIENTED_EDGE('',*,*,#1448,.F.);
#1895=ORIENTED_EDGE('',*,*,#1449,.F.);
#1896=ORIENTED_EDGE('',*,*,#1450,.F.);
#1897=ORIENTED_EDGE('',*,*,#1451,.F.);
#1898=ORIENTED_EDGE('',*,*,#1452,.F.);
#1899=ORIENTED_EDGE('',*,*,#1453,.F.);
#1900=ORIENTED_EDGE('',*,*,#1454,.F.);
#1901=ORIENTED_EDGE('',*,*,#1455,.F.);
#1902=ORIENTED_EDGE('',*,*,#1456,.F.);
#1903=ORIENTED_EDGE('',*,*,#1457,.F.);
#1904=ORIENTED_EDGE('',*,*,#1458,.F.);
#1905=ORIENTED_EDGE('',*,*,#1459,.F.);
#1906=ORIENTED_EDGE('',*,*,#1460,.F.);
#1907=ORIENTED_EDGE('',*,*,#1445,.F.);
#1908=ORIENTED_EDGE('',*,*,#1461,.T.);
#1909=ORIENTED_EDGE('',*,*,#1462,.T.);
#1910=ORIENTED_EDGE('',*,*,#1463,.T.);
#1911=ORIENTED_EDGE('',*,*,#1462,.F.);
#1912=ORIENTED_EDGE('',*,*,#1461,.F.);
#1913=ORIENTED_EDGE('',*,*,#1464,.T.);
#1914=ORIENTED_EDGE('',*,*,#1465,.F.);
#1915=ORIENTED_EDGE('',*,*,#1466,.F.);
#1916=ORIENTED_EDGE('',*,*,#1464,.F.);
#1917=ORIENTED_EDGE('',*,*,#1467,.F.);
#1918=ORIENTED_EDGE('',*,*,#1468,.T.);
#1919=ORIENTED_EDGE('',*,*,#1463,.F.);
#1920=ORIENTED_EDGE('',*,*,#1468,.F.);
#1921=ORIENTED_EDGE('',*,*,#1466,.T.);
#1922=ORIENTED_EDGE('',*,*,#1469,.T.);
#1923=ORIENTED_EDGE('',*,*,#1470,.T.);
#1924=ORIENTED_EDGE('',*,*,#1469,.F.);
#1925=ORIENTED_EDGE('',*,*,#1465,.T.);
#1926=ORIENTED_EDGE('',*,*,#1471,.F.);
#1927=ORIENTED_EDGE('',*,*,#1470,.F.);
#1928=ORIENTED_EDGE('',*,*,#1471,.T.);
#1929=ORIENTED_EDGE('',*,*,#1472,.T.);
#1930=ORIENTED_EDGE('',*,*,#1473,.T.);
#1931=ORIENTED_EDGE('',*,*,#1474,.T.);
#1932=ORIENTED_EDGE('',*,*,#1472,.F.);
#1933=ORIENTED_EDGE('',*,*,#1475,.F.);
#1934=ORIENTED_EDGE('',*,*,#1476,.F.);
#1935=ORIENTED_EDGE('',*,*,#1477,.T.);
#1936=ORIENTED_EDGE('',*,*,#1473,.F.);
#1937=ORIENTED_EDGE('',*,*,#1474,.F.);
#1938=ORIENTED_EDGE('',*,*,#1477,.F.);
#1939=ORIENTED_EDGE('',*,*,#1448,.T.);
#1940=ORIENTED_EDGE('',*,*,#1478,.T.);
#1941=ORIENTED_EDGE('',*,*,#1475,.T.);
#1942=ORIENTED_EDGE('',*,*,#1476,.T.);
#1943=ORIENTED_EDGE('',*,*,#1478,.F.);
#1944=ORIENTED_EDGE('',*,*,#1479,.T.);
#1945=ORIENTED_EDGE('',*,*,#1480,.T.);
#1946=ORIENTED_EDGE('',*,*,#1481,.T.);
#1947=ORIENTED_EDGE('',*,*,#1480,.F.);
#1948=ORIENTED_EDGE('',*,*,#1479,.F.);
#1949=ORIENTED_EDGE('',*,*,#1482,.T.);
#1950=ORIENTED_EDGE('',*,*,#1483,.F.);
#1951=ORIENTED_EDGE('',*,*,#1484,.F.);
#1952=ORIENTED_EDGE('',*,*,#1482,.F.);
#1953=ORIENTED_EDGE('',*,*,#1485,.F.);
#1954=ORIENTED_EDGE('',*,*,#1486,.T.);
#1955=ORIENTED_EDGE('',*,*,#1481,.F.);
#1956=ORIENTED_EDGE('',*,*,#1486,.F.);
#1957=ORIENTED_EDGE('',*,*,#1484,.T.);
#1958=ORIENTED_EDGE('',*,*,#1487,.T.);
#1959=ORIENTED_EDGE('',*,*,#1488,.T.);
#1960=ORIENTED_EDGE('',*,*,#1487,.F.);
#1961=ORIENTED_EDGE('',*,*,#1483,.T.);
#1962=ORIENTED_EDGE('',*,*,#1489,.F.);
#1963=ORIENTED_EDGE('',*,*,#1488,.F.);
#1964=ORIENTED_EDGE('',*,*,#1489,.T.);
#1965=ORIENTED_EDGE('',*,*,#1490,.T.);
#1966=ORIENTED_EDGE('',*,*,#1491,.T.);
#1967=ORIENTED_EDGE('',*,*,#1492,.T.);
#1968=ORIENTED_EDGE('',*,*,#1490,.F.);
#1969=ORIENTED_EDGE('',*,*,#1493,.F.);
#1970=ORIENTED_EDGE('',*,*,#1494,.F.);
#1971=ORIENTED_EDGE('',*,*,#1495,.T.);
#1972=ORIENTED_EDGE('',*,*,#1491,.F.);
#1973=ORIENTED_EDGE('',*,*,#1492,.F.);
#1974=ORIENTED_EDGE('',*,*,#1495,.F.);
#1975=ORIENTED_EDGE('',*,*,#1460,.T.);
#1976=ORIENTED_EDGE('',*,*,#1496,.T.);
#1977=ORIENTED_EDGE('',*,*,#1493,.T.);
#1978=ORIENTED_EDGE('',*,*,#1494,.T.);
#1979=ORIENTED_EDGE('',*,*,#1496,.F.);
#1980=ORIENTED_EDGE('',*,*,#1497,.T.);
#1981=ORIENTED_EDGE('',*,*,#1498,.T.);
#1982=ORIENTED_EDGE('',*,*,#1499,.T.);
#1983=ORIENTED_EDGE('',*,*,#1498,.F.);
#1984=ORIENTED_EDGE('',*,*,#1497,.F.);
#1985=ORIENTED_EDGE('',*,*,#1500,.T.);
#1986=ORIENTED_EDGE('',*,*,#1501,.F.);
#1987=ORIENTED_EDGE('',*,*,#1502,.F.);
#1988=ORIENTED_EDGE('',*,*,#1500,.F.);
#1989=ORIENTED_EDGE('',*,*,#1503,.F.);
#1990=ORIENTED_EDGE('',*,*,#1504,.T.);
#1991=ORIENTED_EDGE('',*,*,#1499,.F.);
#1992=ORIENTED_EDGE('',*,*,#1504,.F.);
#1993=ORIENTED_EDGE('',*,*,#1502,.T.);
#1994=ORIENTED_EDGE('',*,*,#1505,.T.);
#1995=ORIENTED_EDGE('',*,*,#1506,.T.);
#1996=ORIENTED_EDGE('',*,*,#1505,.F.);
#1997=ORIENTED_EDGE('',*,*,#1501,.T.);
#1998=ORIENTED_EDGE('',*,*,#1507,.F.);
#1999=ORIENTED_EDGE('',*,*,#1506,.F.);
#2000=ORIENTED_EDGE('',*,*,#1507,.T.);
#2001=ORIENTED_EDGE('',*,*,#1508,.T.);
#2002=ORIENTED_EDGE('',*,*,#1509,.T.);
#2003=ORIENTED_EDGE('',*,*,#1510,.T.);
#2004=ORIENTED_EDGE('',*,*,#1508,.F.);
#2005=ORIENTED_EDGE('',*,*,#1511,.F.);
#2006=ORIENTED_EDGE('',*,*,#1512,.F.);
#2007=ORIENTED_EDGE('',*,*,#1513,.T.);
#2008=ORIENTED_EDGE('',*,*,#1509,.F.);
#2009=ORIENTED_EDGE('',*,*,#1510,.F.);
#2010=ORIENTED_EDGE('',*,*,#1513,.F.);
#2011=ORIENTED_EDGE('',*,*,#1449,.T.);
#2012=ORIENTED_EDGE('',*,*,#1514,.T.);
#2013=ORIENTED_EDGE('',*,*,#1511,.T.);
#2014=ORIENTED_EDGE('',*,*,#1512,.T.);
#2015=ORIENTED_EDGE('',*,*,#1514,.F.);
#2016=ORIENTED_EDGE('',*,*,#1515,.T.);
#2017=ORIENTED_EDGE('',*,*,#1516,.T.);
#2018=ORIENTED_EDGE('',*,*,#1517,.T.);
#2019=ORIENTED_EDGE('',*,*,#1516,.F.);
#2020=ORIENTED_EDGE('',*,*,#1515,.F.);
#2021=ORIENTED_EDGE('',*,*,#1518,.T.);
#2022=ORIENTED_EDGE('',*,*,#1519,.F.);
#2023=ORIENTED_EDGE('',*,*,#1520,.F.);
#2024=ORIENTED_EDGE('',*,*,#1518,.F.);
#2025=ORIENTED_EDGE('',*,*,#1521,.F.);
#2026=ORIENTED_EDGE('',*,*,#1522,.T.);
#2027=ORIENTED_EDGE('',*,*,#1517,.F.);
#2028=ORIENTED_EDGE('',*,*,#1522,.F.);
#2029=ORIENTED_EDGE('',*,*,#1520,.T.);
#2030=ORIENTED_EDGE('',*,*,#1523,.T.);
#2031=ORIENTED_EDGE('',*,*,#1524,.T.);
#2032=ORIENTED_EDGE('',*,*,#1523,.F.);
#2033=ORIENTED_EDGE('',*,*,#1519,.T.);
#2034=ORIENTED_EDGE('',*,*,#1525,.F.);
#2035=ORIENTED_EDGE('',*,*,#1524,.F.);
#2036=ORIENTED_EDGE('',*,*,#1525,.T.);
#2037=ORIENTED_EDGE('',*,*,#1526,.T.);
#2038=ORIENTED_EDGE('',*,*,#1527,.T.);
#2039=ORIENTED_EDGE('',*,*,#1528,.T.);
#2040=ORIENTED_EDGE('',*,*,#1526,.F.);
#2041=ORIENTED_EDGE('',*,*,#1529,.F.);
#2042=ORIENTED_EDGE('',*,*,#1530,.F.);
#2043=ORIENTED_EDGE('',*,*,#1531,.T.);
#2044=ORIENTED_EDGE('',*,*,#1527,.F.);
#2045=ORIENTED_EDGE('',*,*,#1528,.F.);
#2046=ORIENTED_EDGE('',*,*,#1531,.F.);
#2047=ORIENTED_EDGE('',*,*,#1459,.T.);
#2048=ORIENTED_EDGE('',*,*,#1532,.T.);
#2049=ORIENTED_EDGE('',*,*,#1529,.T.);
#2050=ORIENTED_EDGE('',*,*,#1530,.T.);
#2051=ORIENTED_EDGE('',*,*,#1532,.F.);
#2052=ORIENTED_EDGE('',*,*,#1533,.T.);
#2053=ORIENTED_EDGE('',*,*,#1534,.T.);
#2054=ORIENTED_EDGE('',*,*,#1535,.T.);
#2055=ORIENTED_EDGE('',*,*,#1534,.F.);
#2056=ORIENTED_EDGE('',*,*,#1533,.F.);
#2057=ORIENTED_EDGE('',*,*,#1536,.T.);
#2058=ORIENTED_EDGE('',*,*,#1537,.F.);
#2059=ORIENTED_EDGE('',*,*,#1538,.F.);
#2060=ORIENTED_EDGE('',*,*,#1536,.F.);
#2061=ORIENTED_EDGE('',*,*,#1539,.F.);
#2062=ORIENTED_EDGE('',*,*,#1540,.T.);
#2063=ORIENTED_EDGE('',*,*,#1535,.F.);
#2064=ORIENTED_EDGE('',*,*,#1540,.F.);
#2065=ORIENTED_EDGE('',*,*,#1538,.T.);
#2066=ORIENTED_EDGE('',*,*,#1541,.T.);
#2067=ORIENTED_EDGE('',*,*,#1542,.T.);
#2068=ORIENTED_EDGE('',*,*,#1541,.F.);
#2069=ORIENTED_EDGE('',*,*,#1537,.T.);
#2070=ORIENTED_EDGE('',*,*,#1543,.F.);
#2071=ORIENTED_EDGE('',*,*,#1542,.F.);
#2072=ORIENTED_EDGE('',*,*,#1543,.T.);
#2073=ORIENTED_EDGE('',*,*,#1544,.T.);
#2074=ORIENTED_EDGE('',*,*,#1545,.T.);
#2075=ORIENTED_EDGE('',*,*,#1546,.T.);
#2076=ORIENTED_EDGE('',*,*,#1544,.F.);
#2077=ORIENTED_EDGE('',*,*,#1547,.F.);
#2078=ORIENTED_EDGE('',*,*,#1548,.F.);
#2079=ORIENTED_EDGE('',*,*,#1549,.T.);
#2080=ORIENTED_EDGE('',*,*,#1545,.F.);
#2081=ORIENTED_EDGE('',*,*,#1546,.F.);
#2082=ORIENTED_EDGE('',*,*,#1549,.F.);
#2083=ORIENTED_EDGE('',*,*,#1450,.T.);
#2084=ORIENTED_EDGE('',*,*,#1550,.T.);
#2085=ORIENTED_EDGE('',*,*,#1547,.T.);
#2086=ORIENTED_EDGE('',*,*,#1548,.T.);
#2087=ORIENTED_EDGE('',*,*,#1550,.F.);
#2088=ORIENTED_EDGE('',*,*,#1551,.T.);
#2089=ORIENTED_EDGE('',*,*,#1552,.T.);
#2090=ORIENTED_EDGE('',*,*,#1553,.T.);
#2091=ORIENTED_EDGE('',*,*,#1552,.F.);
#2092=ORIENTED_EDGE('',*,*,#1551,.F.);
#2093=ORIENTED_EDGE('',*,*,#1554,.T.);
#2094=ORIENTED_EDGE('',*,*,#1555,.F.);
#2095=ORIENTED_EDGE('',*,*,#1556,.F.);
#2096=ORIENTED_EDGE('',*,*,#1554,.F.);
#2097=ORIENTED_EDGE('',*,*,#1557,.F.);
#2098=ORIENTED_EDGE('',*,*,#1558,.T.);
#2099=ORIENTED_EDGE('',*,*,#1553,.F.);
#2100=ORIENTED_EDGE('',*,*,#1558,.F.);
#2101=ORIENTED_EDGE('',*,*,#1556,.T.);
#2102=ORIENTED_EDGE('',*,*,#1559,.T.);
#2103=ORIENTED_EDGE('',*,*,#1560,.T.);
#2104=ORIENTED_EDGE('',*,*,#1559,.F.);
#2105=ORIENTED_EDGE('',*,*,#1555,.T.);
#2106=ORIENTED_EDGE('',*,*,#1561,.F.);
#2107=ORIENTED_EDGE('',*,*,#1560,.F.);
#2108=ORIENTED_EDGE('',*,*,#1561,.T.);
#2109=ORIENTED_EDGE('',*,*,#1562,.T.);
#2110=ORIENTED_EDGE('',*,*,#1563,.T.);
#2111=ORIENTED_EDGE('',*,*,#1564,.T.);
#2112=ORIENTED_EDGE('',*,*,#1562,.F.);
#2113=ORIENTED_EDGE('',*,*,#1565,.F.);
#2114=ORIENTED_EDGE('',*,*,#1566,.F.);
#2115=ORIENTED_EDGE('',*,*,#1567,.T.);
#2116=ORIENTED_EDGE('',*,*,#1563,.F.);
#2117=ORIENTED_EDGE('',*,*,#1564,.F.);
#2118=ORIENTED_EDGE('',*,*,#1567,.F.);
#2119=ORIENTED_EDGE('',*,*,#1458,.T.);
#2120=ORIENTED_EDGE('',*,*,#1568,.T.);
#2121=ORIENTED_EDGE('',*,*,#1565,.T.);
#2122=ORIENTED_EDGE('',*,*,#1566,.T.);
#2123=ORIENTED_EDGE('',*,*,#1568,.F.);
#2124=ORIENTED_EDGE('',*,*,#1569,.T.);
#2125=ORIENTED_EDGE('',*,*,#1570,.T.);
#2126=ORIENTED_EDGE('',*,*,#1571,.T.);
#2127=ORIENTED_EDGE('',*,*,#1570,.F.);
#2128=ORIENTED_EDGE('',*,*,#1569,.F.);
#2129=ORIENTED_EDGE('',*,*,#1572,.T.);
#2130=ORIENTED_EDGE('',*,*,#1573,.F.);
#2131=ORIENTED_EDGE('',*,*,#1574,.F.);
#2132=ORIENTED_EDGE('',*,*,#1572,.F.);
#2133=ORIENTED_EDGE('',*,*,#1575,.F.);
#2134=ORIENTED_EDGE('',*,*,#1576,.T.);
#2135=ORIENTED_EDGE('',*,*,#1571,.F.);
#2136=ORIENTED_EDGE('',*,*,#1576,.F.);
#2137=ORIENTED_EDGE('',*,*,#1577,.T.);
#2138=ORIENTED_EDGE('',*,*,#1578,.T.);
#2139=ORIENTED_EDGE('',*,*,#1579,.T.);
#2140=ORIENTED_EDGE('',*,*,#1580,.T.);
#2141=ORIENTED_EDGE('',*,*,#1578,.F.);
#2142=ORIENTED_EDGE('',*,*,#1577,.F.);
#2143=ORIENTED_EDGE('',*,*,#1581,.F.);
#2144=ORIENTED_EDGE('',*,*,#1582,.F.);
#2145=ORIENTED_EDGE('',*,*,#1583,.F.);
#2146=ORIENTED_EDGE('',*,*,#1584,.T.);
#2147=ORIENTED_EDGE('',*,*,#1579,.F.);
#2148=ORIENTED_EDGE('',*,*,#1580,.F.);
#2149=ORIENTED_EDGE('',*,*,#1584,.F.);
#2150=ORIENTED_EDGE('',*,*,#1574,.T.);
#2151=ORIENTED_EDGE('',*,*,#1585,.T.);
#2152=ORIENTED_EDGE('',*,*,#1581,.T.);
#2153=ORIENTED_EDGE('',*,*,#1585,.F.);
#2154=ORIENTED_EDGE('',*,*,#1573,.T.);
#2155=ORIENTED_EDGE('',*,*,#1451,.T.);
#2156=ORIENTED_EDGE('',*,*,#1586,.T.);
#2157=ORIENTED_EDGE('',*,*,#1582,.T.);
#2158=ORIENTED_EDGE('',*,*,#1583,.T.);
#2159=ORIENTED_EDGE('',*,*,#1586,.F.);
#2160=ORIENTED_EDGE('',*,*,#1587,.T.);
#2161=ORIENTED_EDGE('',*,*,#1588,.T.);
#2162=ORIENTED_EDGE('',*,*,#1589,.T.);
#2163=ORIENTED_EDGE('',*,*,#1590,.T.);
#2164=ORIENTED_EDGE('',*,*,#1588,.F.);
#2165=ORIENTED_EDGE('',*,*,#1587,.F.);
#2166=ORIENTED_EDGE('',*,*,#1591,.F.);
#2167=ORIENTED_EDGE('',*,*,#1592,.F.);
#2168=ORIENTED_EDGE('',*,*,#1593,.F.);
#2169=ORIENTED_EDGE('',*,*,#1594,.T.);
#2170=ORIENTED_EDGE('',*,*,#1589,.F.);
#2171=ORIENTED_EDGE('',*,*,#1590,.F.);
#2172=ORIENTED_EDGE('',*,*,#1594,.F.);
#2173=ORIENTED_EDGE('',*,*,#1595,.T.);
#2174=ORIENTED_EDGE('',*,*,#1596,.T.);
#2175=ORIENTED_EDGE('',*,*,#1597,.T.);
#2176=ORIENTED_EDGE('',*,*,#1598,.T.);
#2177=ORIENTED_EDGE('',*,*,#1596,.F.);
#2178=ORIENTED_EDGE('',*,*,#1595,.F.);
#2179=ORIENTED_EDGE('',*,*,#1599,.F.);
#2180=ORIENTED_EDGE('',*,*,#1600,.F.);
#2181=ORIENTED_EDGE('',*,*,#1601,.F.);
#2182=ORIENTED_EDGE('',*,*,#1602,.T.);
#2183=ORIENTED_EDGE('',*,*,#1597,.F.);
#2184=ORIENTED_EDGE('',*,*,#1598,.F.);
#2185=ORIENTED_EDGE('',*,*,#1602,.F.);
#2186=ORIENTED_EDGE('',*,*,#1603,.T.);
#2187=ORIENTED_EDGE('',*,*,#1604,.T.);
#2188=ORIENTED_EDGE('',*,*,#1605,.T.);
#2189=ORIENTED_EDGE('',*,*,#1606,.T.);
#2190=ORIENTED_EDGE('',*,*,#1604,.F.);
#2191=ORIENTED_EDGE('',*,*,#1607,.F.);
#2192=ORIENTED_EDGE('',*,*,#1608,.F.);
#2193=ORIENTED_EDGE('',*,*,#1609,.T.);
#2194=ORIENTED_EDGE('',*,*,#1605,.F.);
#2195=ORIENTED_EDGE('',*,*,#1606,.F.);
#2196=ORIENTED_EDGE('',*,*,#1609,.F.);
#2197=ORIENTED_EDGE('',*,*,#1603,.F.);
#2198=ORIENTED_EDGE('',*,*,#1610,.F.);
#2199=ORIENTED_EDGE('',*,*,#1611,.T.);
#2200=ORIENTED_EDGE('',*,*,#1612,.T.);
#2201=ORIENTED_EDGE('',*,*,#1613,.T.);
#2202=ORIENTED_EDGE('',*,*,#1614,.T.);
#2203=ORIENTED_EDGE('',*,*,#1612,.F.);
#2204=ORIENTED_EDGE('',*,*,#1611,.F.);
#2205=ORIENTED_EDGE('',*,*,#1615,.F.);
#2206=ORIENTED_EDGE('',*,*,#1616,.F.);
#2207=ORIENTED_EDGE('',*,*,#1617,.F.);
#2208=ORIENTED_EDGE('',*,*,#1618,.T.);
#2209=ORIENTED_EDGE('',*,*,#1613,.F.);
#2210=ORIENTED_EDGE('',*,*,#1614,.F.);
#2211=ORIENTED_EDGE('',*,*,#1618,.F.);
#2212=ORIENTED_EDGE('',*,*,#1619,.T.);
#2213=ORIENTED_EDGE('',*,*,#1620,.T.);
#2214=ORIENTED_EDGE('',*,*,#1621,.T.);
#2215=ORIENTED_EDGE('',*,*,#1620,.F.);
#2216=ORIENTED_EDGE('',*,*,#1619,.F.);
#2217=ORIENTED_EDGE('',*,*,#1622,.T.);
#2218=ORIENTED_EDGE('',*,*,#1623,.F.);
#2219=ORIENTED_EDGE('',*,*,#1624,.F.);
#2220=ORIENTED_EDGE('',*,*,#1622,.F.);
#2221=ORIENTED_EDGE('',*,*,#1625,.F.);
#2222=ORIENTED_EDGE('',*,*,#1626,.T.);
#2223=ORIENTED_EDGE('',*,*,#1621,.F.);
#2224=ORIENTED_EDGE('',*,*,#1626,.F.);
#2225=ORIENTED_EDGE('',*,*,#1624,.T.);
#2226=ORIENTED_EDGE('',*,*,#1627,.T.);
#2227=ORIENTED_EDGE('',*,*,#1615,.T.);
#2228=ORIENTED_EDGE('',*,*,#1627,.F.);
#2229=ORIENTED_EDGE('',*,*,#1623,.T.);
#2230=ORIENTED_EDGE('',*,*,#1457,.T.);
#2231=ORIENTED_EDGE('',*,*,#1628,.T.);
#2232=ORIENTED_EDGE('',*,*,#1616,.T.);
#2233=ORIENTED_EDGE('',*,*,#1617,.T.);
#2234=ORIENTED_EDGE('',*,*,#1628,.F.);
#2235=ORIENTED_EDGE('',*,*,#1452,.T.);
#2236=ORIENTED_EDGE('',*,*,#1629,.T.);
#2237=ORIENTED_EDGE('',*,*,#1607,.T.);
#2238=ORIENTED_EDGE('',*,*,#1608,.T.);
#2239=ORIENTED_EDGE('',*,*,#1629,.F.);
#2240=ORIENTED_EDGE('',*,*,#1630,.T.);
#2241=ORIENTED_EDGE('',*,*,#1631,.T.);
#2242=ORIENTED_EDGE('',*,*,#1610,.T.);
#2243=ORIENTED_EDGE('',*,*,#1631,.F.);
#2244=ORIENTED_EDGE('',*,*,#1632,.T.);
#2245=ORIENTED_EDGE('',*,*,#1633,.F.);
#2246=ORIENTED_EDGE('',*,*,#1634,.T.);
#2247=ORIENTED_EDGE('',*,*,#1632,.F.);
#2248=ORIENTED_EDGE('',*,*,#1630,.F.);
#2249=ORIENTED_EDGE('',*,*,#1634,.F.);
#2250=ORIENTED_EDGE('',*,*,#1633,.T.);
#2251=ORIENTED_EDGE('',*,*,#1635,.T.);
#2252=ORIENTED_EDGE('',*,*,#1636,.T.);
#2253=ORIENTED_EDGE('',*,*,#1635,.F.);
#2254=ORIENTED_EDGE('',*,*,#1637,.F.);
#2255=ORIENTED_EDGE('',*,*,#1638,.T.);
#2256=ORIENTED_EDGE('',*,*,#1636,.F.);
#2257=ORIENTED_EDGE('',*,*,#1638,.F.);
#2258=ORIENTED_EDGE('',*,*,#1639,.T.);
#2259=ORIENTED_EDGE('',*,*,#1640,.T.);
#2260=ORIENTED_EDGE('',*,*,#1641,.T.);
#2261=ORIENTED_EDGE('',*,*,#1640,.F.);
#2262=ORIENTED_EDGE('',*,*,#1639,.F.);
#2263=ORIENTED_EDGE('',*,*,#1642,.T.);
#2264=ORIENTED_EDGE('',*,*,#1643,.F.);
#2265=ORIENTED_EDGE('',*,*,#1644,.F.);
#2266=ORIENTED_EDGE('',*,*,#1642,.F.);
#2267=ORIENTED_EDGE('',*,*,#1645,.F.);
#2268=ORIENTED_EDGE('',*,*,#1646,.T.);
#2269=ORIENTED_EDGE('',*,*,#1641,.F.);
#2270=ORIENTED_EDGE('',*,*,#1646,.F.);
#2271=ORIENTED_EDGE('',*,*,#1647,.T.);
#2272=ORIENTED_EDGE('',*,*,#1648,.T.);
#2273=ORIENTED_EDGE('',*,*,#1649,.T.);
#2274=ORIENTED_EDGE('',*,*,#1648,.F.);
#2275=ORIENTED_EDGE('',*,*,#1647,.F.);
#2276=ORIENTED_EDGE('',*,*,#1650,.T.);
#2277=ORIENTED_EDGE('',*,*,#1651,.F.);
#2278=ORIENTED_EDGE('',*,*,#1652,.F.);
#2279=ORIENTED_EDGE('',*,*,#1650,.F.);
#2280=ORIENTED_EDGE('',*,*,#1653,.F.);
#2281=ORIENTED_EDGE('',*,*,#1654,.T.);
#2282=ORIENTED_EDGE('',*,*,#1649,.F.);
#2283=ORIENTED_EDGE('',*,*,#1654,.F.);
#2284=ORIENTED_EDGE('',*,*,#1652,.T.);
#2285=ORIENTED_EDGE('',*,*,#1655,.T.);
#2286=ORIENTED_EDGE('',*,*,#1591,.T.);
#2287=ORIENTED_EDGE('',*,*,#1655,.F.);
#2288=ORIENTED_EDGE('',*,*,#1651,.T.);
#2289=ORIENTED_EDGE('',*,*,#1456,.T.);
#2290=ORIENTED_EDGE('',*,*,#1656,.T.);
#2291=ORIENTED_EDGE('',*,*,#1592,.T.);
#2292=ORIENTED_EDGE('',*,*,#1593,.T.);
#2293=ORIENTED_EDGE('',*,*,#1656,.F.);
#2294=ORIENTED_EDGE('',*,*,#1644,.T.);
#2295=ORIENTED_EDGE('',*,*,#1657,.T.);
#2296=ORIENTED_EDGE('',*,*,#1599,.T.);
#2297=ORIENTED_EDGE('',*,*,#1657,.F.);
#2298=ORIENTED_EDGE('',*,*,#1643,.T.);
#2299=ORIENTED_EDGE('',*,*,#1453,.T.);
#2300=ORIENTED_EDGE('',*,*,#1658,.T.);
#2301=ORIENTED_EDGE('',*,*,#1600,.T.);
#2302=ORIENTED_EDGE('',*,*,#1601,.T.);
#2303=ORIENTED_EDGE('',*,*,#1658,.F.);
#2304=ORIENTED_EDGE('',*,*,#1455,.T.);
#2305=ORIENTED_EDGE('',*,*,#1659,.T.);
#2306=ORIENTED_EDGE('',*,*,#1660,.T.);
#2307=ORIENTED_EDGE('',*,*,#1659,.F.);
#2308=ORIENTED_EDGE('',*,*,#1661,.F.);
#2309=ORIENTED_EDGE('',*,*,#1662,.T.);
#2310=ORIENTED_EDGE('',*,*,#1660,.F.);
#2311=ORIENTED_EDGE('',*,*,#1662,.F.);
#2312=ORIENTED_EDGE('',*,*,#1661,.T.);
#2313=ORIENTED_EDGE('',*,*,#1663,.T.);
#2314=ORIENTED_EDGE('',*,*,#1664,.T.);
#2315=ORIENTED_EDGE('',*,*,#1663,.F.);
#2316=ORIENTED_EDGE('',*,*,#1665,.F.);
#2317=ORIENTED_EDGE('',*,*,#1666,.F.);
#2318=ORIENTED_EDGE('',*,*,#1667,.F.);
#2319=ORIENTED_EDGE('',*,*,#1668,.F.);
#2320=ORIENTED_EDGE('',*,*,#1669,.F.);
#2321=ORIENTED_EDGE('',*,*,#1670,.F.);
#2322=ORIENTED_EDGE('',*,*,#1664,.F.);
#2323=ORIENTED_EDGE('',*,*,#1665,.T.);
#2324=ORIENTED_EDGE('',*,*,#1671,.T.);
#2325=ORIENTED_EDGE('',*,*,#1672,.T.);
#2326=ORIENTED_EDGE('',*,*,#1673,.F.);
#2327=ORIENTED_EDGE('',*,*,#1670,.T.);
#2328=ORIENTED_EDGE('',*,*,#1674,.T.);
#2329=ORIENTED_EDGE('',*,*,#1675,.T.);
#2330=ORIENTED_EDGE('',*,*,#1671,.F.);
#2331=ORIENTED_EDGE('',*,*,#1676,.T.);
#2332=ORIENTED_EDGE('',*,*,#1674,.F.);
#2333=ORIENTED_EDGE('',*,*,#1669,.T.);
#2334=ORIENTED_EDGE('',*,*,#1677,.T.);
#2335=ORIENTED_EDGE('',*,*,#1678,.T.);
#2336=ORIENTED_EDGE('',*,*,#1677,.F.);
#2337=ORIENTED_EDGE('',*,*,#1668,.T.);
#2338=ORIENTED_EDGE('',*,*,#1679,.T.);
#2339=ORIENTED_EDGE('',*,*,#1680,.T.);
#2340=ORIENTED_EDGE('',*,*,#1679,.F.);
#2341=ORIENTED_EDGE('',*,*,#1667,.T.);
#2342=ORIENTED_EDGE('',*,*,#1681,.T.);
#2343=ORIENTED_EDGE('',*,*,#1682,.T.);
#2344=ORIENTED_EDGE('',*,*,#1681,.F.);
#2345=ORIENTED_EDGE('',*,*,#1666,.T.);
#2346=ORIENTED_EDGE('',*,*,#1673,.T.);
#2347=ORIENTED_EDGE('',*,*,#1680,.F.);
#2348=ORIENTED_EDGE('',*,*,#1683,.F.);
#2349=ORIENTED_EDGE('',*,*,#1684,.F.);
#2350=ORIENTED_EDGE('',*,*,#1685,.T.);
#2351=ORIENTED_EDGE('',*,*,#1682,.F.);
#2352=ORIENTED_EDGE('',*,*,#1686,.F.);
#2353=ORIENTED_EDGE('',*,*,#1687,.F.);
#2354=ORIENTED_EDGE('',*,*,#1683,.T.);
#2355=ORIENTED_EDGE('',*,*,#1672,.F.);
#2356=ORIENTED_EDGE('',*,*,#1688,.F.);
#2357=ORIENTED_EDGE('',*,*,#1689,.F.);
#2358=ORIENTED_EDGE('',*,*,#1686,.T.);
#2359=ORIENTED_EDGE('',*,*,#1690,.T.);
#2360=ORIENTED_EDGE('',*,*,#1691,.T.);
#2361=ORIENTED_EDGE('',*,*,#1687,.T.);
#2362=ORIENTED_EDGE('',*,*,#1692,.F.);
#2363=ORIENTED_EDGE('',*,*,#1693,.T.);
#2364=ORIENTED_EDGE('',*,*,#1694,.T.);
#2365=ORIENTED_EDGE('',*,*,#1684,.T.);
#2366=ORIENTED_EDGE('',*,*,#1691,.F.);
#2367=ORIENTED_EDGE('',*,*,#1689,.T.);
#2368=ORIENTED_EDGE('',*,*,#1695,.T.);
#2369=ORIENTED_EDGE('',*,*,#1696,.T.);
#2370=ORIENTED_EDGE('',*,*,#1692,.T.);
#2371=ORIENTED_EDGE('',*,*,#1697,.T.);
#2372=ORIENTED_EDGE('',*,*,#1698,.T.);
#2373=ORIENTED_EDGE('',*,*,#1699,.T.);
#2374=ORIENTED_EDGE('',*,*,#1694,.F.);
#2375=ORIENTED_EDGE('',*,*,#1700,.T.);
#2376=ORIENTED_EDGE('',*,*,#1701,.T.);
#2377=ORIENTED_EDGE('',*,*,#1702,.T.);
#2378=ORIENTED_EDGE('',*,*,#1698,.F.);
#2379=ORIENTED_EDGE('',*,*,#1703,.T.);
#2380=ORIENTED_EDGE('',*,*,#1701,.F.);
#2381=ORIENTED_EDGE('',*,*,#1704,.T.);
#2382=ORIENTED_EDGE('',*,*,#1695,.F.);
#2383=ORIENTED_EDGE('',*,*,#1675,.F.);
#2384=ORIENTED_EDGE('',*,*,#1705,.F.);
#2385=ORIENTED_EDGE('',*,*,#1703,.F.);
#2386=ORIENTED_EDGE('',*,*,#1688,.T.);
#2387=ORIENTED_EDGE('',*,*,#1706,.F.);
#2388=ORIENTED_EDGE('',*,*,#1707,.F.);
#2389=ORIENTED_EDGE('',*,*,#1708,.F.);
#2390=ORIENTED_EDGE('',*,*,#1709,.F.);
#2391=ORIENTED_EDGE('',*,*,#1710,.F.);
#2392=ORIENTED_EDGE('',*,*,#1711,.F.);
#2393=ORIENTED_EDGE('',*,*,#1712,.F.);
#2394=ORIENTED_EDGE('',*,*,#1713,.F.);
#2395=ORIENTED_EDGE('',*,*,#1714,.F.);
#2396=ORIENTED_EDGE('',*,*,#1715,.F.);
#2397=ORIENTED_EDGE('',*,*,#1716,.F.);
#2398=ORIENTED_EDGE('',*,*,#1717,.F.);
#2399=ORIENTED_EDGE('',*,*,#1718,.F.);
#2400=ORIENTED_EDGE('',*,*,#1719,.F.);
#2401=ORIENTED_EDGE('',*,*,#1720,.F.);
#2402=ORIENTED_EDGE('',*,*,#1721,.F.);
#2403=ORIENTED_EDGE('',*,*,#1722,.F.);
#2404=ORIENTED_EDGE('',*,*,#1723,.F.);
#2405=ORIENTED_EDGE('',*,*,#1724,.F.);
#2406=ORIENTED_EDGE('',*,*,#1690,.F.);
#2407=ORIENTED_EDGE('',*,*,#1696,.F.);
#2408=ORIENTED_EDGE('',*,*,#1704,.F.);
#2409=ORIENTED_EDGE('',*,*,#1700,.F.);
#2410=ORIENTED_EDGE('',*,*,#1697,.F.);
#2411=ORIENTED_EDGE('',*,*,#1693,.F.);
#2412=ORIENTED_EDGE('',*,*,#1710,.T.);
#2413=ORIENTED_EDGE('',*,*,#1725,.T.);
#2414=ORIENTED_EDGE('',*,*,#1726,.T.);
#2415=ORIENTED_EDGE('',*,*,#1727,.F.);
#2416=ORIENTED_EDGE('',*,*,#1709,.T.);
#2417=ORIENTED_EDGE('',*,*,#1728,.T.);
#2418=ORIENTED_EDGE('',*,*,#1729,.T.);
#2419=ORIENTED_EDGE('',*,*,#1725,.F.);
#2420=ORIENTED_EDGE('',*,*,#1707,.T.);
#2421=ORIENTED_EDGE('',*,*,#1730,.T.);
#2422=ORIENTED_EDGE('',*,*,#1731,.T.);
#2423=ORIENTED_EDGE('',*,*,#1732,.T.);
#2424=ORIENTED_EDGE('',*,*,#1733,.T.);
#2425=ORIENTED_EDGE('',*,*,#1730,.F.);
#2426=ORIENTED_EDGE('',*,*,#1712,.T.);
#2427=ORIENTED_EDGE('',*,*,#1734,.T.);
#2428=ORIENTED_EDGE('',*,*,#1708,.T.);
#2429=ORIENTED_EDGE('',*,*,#1732,.F.);
#2430=ORIENTED_EDGE('',*,*,#1735,.T.);
#2431=ORIENTED_EDGE('',*,*,#1728,.F.);
#2432=ORIENTED_EDGE('',*,*,#1736,.T.);
#2433=ORIENTED_EDGE('',*,*,#1734,.F.);
#2434=ORIENTED_EDGE('',*,*,#1711,.T.);
#2435=ORIENTED_EDGE('',*,*,#1727,.T.);
#2436=ORIENTED_EDGE('',*,*,#1729,.F.);
#2437=ORIENTED_EDGE('',*,*,#1737,.T.);
#2438=ORIENTED_EDGE('',*,*,#1738,.F.);
#2439=ORIENTED_EDGE('',*,*,#1739,.F.);
#2440=ORIENTED_EDGE('',*,*,#1735,.F.);
#2441=ORIENTED_EDGE('',*,*,#1740,.T.);
#2442=ORIENTED_EDGE('',*,*,#1741,.F.);
#2443=ORIENTED_EDGE('',*,*,#1737,.F.);
#2444=ORIENTED_EDGE('',*,*,#1731,.F.);
#2445=ORIENTED_EDGE('',*,*,#1742,.T.);
#2446=ORIENTED_EDGE('',*,*,#1743,.F.);
#2447=ORIENTED_EDGE('',*,*,#1740,.F.);
#2448=ORIENTED_EDGE('',*,*,#1744,.T.);
#2449=ORIENTED_EDGE('',*,*,#1745,.T.);
#2450=ORIENTED_EDGE('',*,*,#1746,.T.);
#2451=ORIENTED_EDGE('',*,*,#1747,.F.);
#2452=ORIENTED_EDGE('',*,*,#1748,.T.);
#2453=ORIENTED_EDGE('',*,*,#1749,.T.);
#2454=ORIENTED_EDGE('',*,*,#1743,.T.);
#2455=ORIENTED_EDGE('',*,*,#1745,.F.);
#2456=ORIENTED_EDGE('',*,*,#1741,.T.);
#2457=ORIENTED_EDGE('',*,*,#1749,.F.);
#2458=ORIENTED_EDGE('',*,*,#1750,.T.);
#2459=ORIENTED_EDGE('',*,*,#1751,.T.);
#2460=ORIENTED_EDGE('',*,*,#1738,.T.);
#2461=ORIENTED_EDGE('',*,*,#1751,.F.);
#2462=ORIENTED_EDGE('',*,*,#1752,.T.);
#2463=ORIENTED_EDGE('',*,*,#1753,.T.);
#2464=ORIENTED_EDGE('',*,*,#1754,.T.);
#2465=ORIENTED_EDGE('',*,*,#1753,.F.);
#2466=ORIENTED_EDGE('',*,*,#1755,.T.);
#2467=ORIENTED_EDGE('',*,*,#1756,.T.);
#2468=ORIENTED_EDGE('',*,*,#1757,.T.);
#2469=ORIENTED_EDGE('',*,*,#1756,.F.);
#2470=ORIENTED_EDGE('',*,*,#1758,.T.);
#2471=ORIENTED_EDGE('',*,*,#1747,.T.);
#2472=ORIENTED_EDGE('',*,*,#1726,.F.);
#2473=ORIENTED_EDGE('',*,*,#1739,.T.);
#2474=ORIENTED_EDGE('',*,*,#1754,.F.);
#2475=ORIENTED_EDGE('',*,*,#1759,.F.);
#2476=ORIENTED_EDGE('',*,*,#1736,.F.);
#2477=ORIENTED_EDGE('',*,*,#1759,.T.);
#2478=ORIENTED_EDGE('',*,*,#1757,.F.);
#2479=ORIENTED_EDGE('',*,*,#1760,.F.);
#2480=ORIENTED_EDGE('',*,*,#1733,.F.);
#2481=ORIENTED_EDGE('',*,*,#1760,.T.);
#2482=ORIENTED_EDGE('',*,*,#1746,.F.);
#2483=ORIENTED_EDGE('',*,*,#1742,.F.);
#2484=ORIENTED_EDGE('',*,*,#1744,.F.);
#2485=ORIENTED_EDGE('',*,*,#1758,.F.);
#2486=ORIENTED_EDGE('',*,*,#1755,.F.);
#2487=ORIENTED_EDGE('',*,*,#1752,.F.);
#2488=ORIENTED_EDGE('',*,*,#1750,.F.);
#2489=ORIENTED_EDGE('',*,*,#1748,.F.);
#2490=ORIENTED_EDGE('',*,*,#1761,.F.);
#2491=ORIENTED_EDGE('',*,*,#1454,.T.);
#2492=ORIENTED_EDGE('',*,*,#1762,.T.);
#2493=ORIENTED_EDGE('',*,*,#1763,.T.);
#2494=ORIENTED_EDGE('',*,*,#1762,.F.);
#2495=ORIENTED_EDGE('',*,*,#1764,.F.);
#2496=ORIENTED_EDGE('',*,*,#1765,.T.);
#2497=ORIENTED_EDGE('',*,*,#1763,.F.);
#2498=ORIENTED_EDGE('',*,*,#1765,.F.);
#2499=ORIENTED_EDGE('',*,*,#1764,.T.);
#2500=ORIENTED_EDGE('',*,*,#1766,.T.);
#2501=ORIENTED_EDGE('',*,*,#1761,.T.);
#2502=ORIENTED_EDGE('',*,*,#1766,.F.);
#2503=ORIENTED_EDGE('',*,*,#1678,.F.);
#2504=ORIENTED_EDGE('',*,*,#1685,.F.);
#2505=ORIENTED_EDGE('',*,*,#1699,.F.);
#2506=ORIENTED_EDGE('',*,*,#1767,.T.);
#2507=ORIENTED_EDGE('',*,*,#1676,.F.);
#2508=ORIENTED_EDGE('',*,*,#1767,.F.);
#2509=ORIENTED_EDGE('',*,*,#1702,.F.);
#2510=ORIENTED_EDGE('',*,*,#1705,.T.);
#2511=ORIENTED_EDGE('',*,*,#1447,.T.);
#2512=ORIENTED_EDGE('',*,*,#1768,.T.);
#2513=ORIENTED_EDGE('',*,*,#1769,.T.);
#2514=ORIENTED_EDGE('',*,*,#1768,.F.);
#2515=ORIENTED_EDGE('',*,*,#1769,.F.);
#2516=ORIENTED_EDGE('',*,*,#1770,.T.);
#2517=ORIENTED_EDGE('',*,*,#1771,.F.);
#2518=ORIENTED_EDGE('',*,*,#1770,.F.);
#2519=ORIENTED_EDGE('',*,*,#1771,.T.);
#2520=ORIENTED_EDGE('',*,*,#1772,.T.);
#2521=ORIENTED_EDGE('',*,*,#1706,.T.);
#2522=ORIENTED_EDGE('',*,*,#1772,.F.);
#2523=ORIENTED_EDGE('',*,*,#1773,.T.);
#2524=ORIENTED_EDGE('',*,*,#1774,.T.);
#2525=ORIENTED_EDGE('',*,*,#1775,.T.);
#2526=ORIENTED_EDGE('',*,*,#1776,.T.);
#2527=ORIENTED_EDGE('',*,*,#1774,.F.);
#2528=ORIENTED_EDGE('',*,*,#1775,.F.);
#2529=ORIENTED_EDGE('',*,*,#1776,.F.);
#2530=ORIENTED_EDGE('',*,*,#1777,.T.);
#2531=ORIENTED_EDGE('',*,*,#1778,.F.);
#2532=ORIENTED_EDGE('',*,*,#1777,.F.);
#2533=ORIENTED_EDGE('',*,*,#1773,.F.);
#2534=ORIENTED_EDGE('',*,*,#1503,.T.);
#2535=ORIENTED_EDGE('',*,*,#1779,.T.);
#2536=ORIENTED_EDGE('',*,*,#1780,.T.);
#2537=ORIENTED_EDGE('',*,*,#1781,.T.);
#2538=ORIENTED_EDGE('',*,*,#1782,.T.);
#2539=ORIENTED_EDGE('',*,*,#1780,.F.);
#2540=ORIENTED_EDGE('',*,*,#1781,.F.);
#2541=ORIENTED_EDGE('',*,*,#1782,.F.);
#2542=ORIENTED_EDGE('',*,*,#1783,.T.);
#2543=ORIENTED_EDGE('',*,*,#1784,.F.);
#2544=ORIENTED_EDGE('',*,*,#1783,.F.);
#2545=ORIENTED_EDGE('',*,*,#1779,.F.);
#2546=ORIENTED_EDGE('',*,*,#1485,.T.);
#2547=ORIENTED_EDGE('',*,*,#1785,.T.);
#2548=ORIENTED_EDGE('',*,*,#1786,.T.);
#2549=ORIENTED_EDGE('',*,*,#1787,.T.);
#2550=ORIENTED_EDGE('',*,*,#1788,.T.);
#2551=ORIENTED_EDGE('',*,*,#1786,.F.);
#2552=ORIENTED_EDGE('',*,*,#1787,.F.);
#2553=ORIENTED_EDGE('',*,*,#1788,.F.);
#2554=ORIENTED_EDGE('',*,*,#1789,.T.);
#2555=ORIENTED_EDGE('',*,*,#1790,.F.);
#2556=ORIENTED_EDGE('',*,*,#1789,.F.);
#2557=ORIENTED_EDGE('',*,*,#1785,.F.);
#2558=ORIENTED_EDGE('',*,*,#1467,.T.);
#2559=ORIENTED_EDGE('',*,*,#1791,.T.);
#2560=ORIENTED_EDGE('',*,*,#1792,.T.);
#2561=ORIENTED_EDGE('',*,*,#1793,.T.);
#2562=ORIENTED_EDGE('',*,*,#1794,.T.);
#2563=ORIENTED_EDGE('',*,*,#1792,.F.);
#2564=ORIENTED_EDGE('',*,*,#1793,.F.);
#2565=ORIENTED_EDGE('',*,*,#1794,.F.);
#2566=ORIENTED_EDGE('',*,*,#1795,.T.);
#2567=ORIENTED_EDGE('',*,*,#1796,.F.);
#2568=ORIENTED_EDGE('',*,*,#1795,.F.);
#2569=ORIENTED_EDGE('',*,*,#1791,.F.);
#2570=ORIENTED_EDGE('',*,*,#1653,.T.);
#2571=ORIENTED_EDGE('',*,*,#1797,.T.);
#2572=ORIENTED_EDGE('',*,*,#1798,.T.);
#2573=ORIENTED_EDGE('',*,*,#1799,.T.);
#2574=ORIENTED_EDGE('',*,*,#1800,.T.);
#2575=ORIENTED_EDGE('',*,*,#1798,.F.);
#2576=ORIENTED_EDGE('',*,*,#1799,.F.);
#2577=ORIENTED_EDGE('',*,*,#1800,.F.);
#2578=ORIENTED_EDGE('',*,*,#1801,.T.);
#2579=ORIENTED_EDGE('',*,*,#1802,.F.);
#2580=ORIENTED_EDGE('',*,*,#1801,.F.);
#2581=ORIENTED_EDGE('',*,*,#1797,.F.);
#2582=ORIENTED_EDGE('',*,*,#1645,.T.);
#2583=ORIENTED_EDGE('',*,*,#1803,.T.);
#2584=ORIENTED_EDGE('',*,*,#1804,.T.);
#2585=ORIENTED_EDGE('',*,*,#1805,.T.);
#2586=ORIENTED_EDGE('',*,*,#1806,.T.);
#2587=ORIENTED_EDGE('',*,*,#1804,.F.);
#2588=ORIENTED_EDGE('',*,*,#1805,.F.);
#2589=ORIENTED_EDGE('',*,*,#1806,.F.);
#2590=ORIENTED_EDGE('',*,*,#1807,.T.);
#2591=ORIENTED_EDGE('',*,*,#1808,.F.);
#2592=ORIENTED_EDGE('',*,*,#1807,.F.);
#2593=ORIENTED_EDGE('',*,*,#1803,.F.);
#2594=ORIENTED_EDGE('',*,*,#1521,.T.);
#2595=ORIENTED_EDGE('',*,*,#1809,.T.);
#2596=ORIENTED_EDGE('',*,*,#1810,.T.);
#2597=ORIENTED_EDGE('',*,*,#1811,.T.);
#2598=ORIENTED_EDGE('',*,*,#1812,.T.);
#2599=ORIENTED_EDGE('',*,*,#1810,.F.);
#2600=ORIENTED_EDGE('',*,*,#1811,.F.);
#2601=ORIENTED_EDGE('',*,*,#1812,.F.);
#2602=ORIENTED_EDGE('',*,*,#1813,.T.);
#2603=ORIENTED_EDGE('',*,*,#1814,.F.);
#2604=ORIENTED_EDGE('',*,*,#1813,.F.);
#2605=ORIENTED_EDGE('',*,*,#1809,.F.);
#2606=ORIENTED_EDGE('',*,*,#1539,.T.);
#2607=ORIENTED_EDGE('',*,*,#1815,.T.);
#2608=ORIENTED_EDGE('',*,*,#1816,.T.);
#2609=ORIENTED_EDGE('',*,*,#1817,.T.);
#2610=ORIENTED_EDGE('',*,*,#1818,.T.);
#2611=ORIENTED_EDGE('',*,*,#1816,.F.);
#2612=ORIENTED_EDGE('',*,*,#1817,.F.);
#2613=ORIENTED_EDGE('',*,*,#1818,.F.);
#2614=ORIENTED_EDGE('',*,*,#1819,.T.);
#2615=ORIENTED_EDGE('',*,*,#1820,.F.);
#2616=ORIENTED_EDGE('',*,*,#1819,.F.);
#2617=ORIENTED_EDGE('',*,*,#1815,.F.);
#2618=ORIENTED_EDGE('',*,*,#1637,.T.);
#2619=ORIENTED_EDGE('',*,*,#1821,.T.);
#2620=ORIENTED_EDGE('',*,*,#1822,.T.);
#2621=ORIENTED_EDGE('',*,*,#1823,.T.);
#2622=ORIENTED_EDGE('',*,*,#1824,.T.);
#2623=ORIENTED_EDGE('',*,*,#1822,.F.);
#2624=ORIENTED_EDGE('',*,*,#1823,.F.);
#2625=ORIENTED_EDGE('',*,*,#1824,.F.);
#2626=ORIENTED_EDGE('',*,*,#1825,.T.);
#2627=ORIENTED_EDGE('',*,*,#1826,.F.);
#2628=ORIENTED_EDGE('',*,*,#1825,.F.);
#2629=ORIENTED_EDGE('',*,*,#1821,.F.);
#2630=ORIENTED_EDGE('',*,*,#1434,.T.);
#2631=ORIENTED_EDGE('',*,*,#1827,.T.);
#2632=ORIENTED_EDGE('',*,*,#1828,.T.);
#2633=ORIENTED_EDGE('',*,*,#1829,.T.);
#2634=ORIENTED_EDGE('',*,*,#1830,.T.);
#2635=ORIENTED_EDGE('',*,*,#1828,.F.);
#2636=ORIENTED_EDGE('',*,*,#1829,.F.);
#2637=ORIENTED_EDGE('',*,*,#1830,.F.);
#2638=ORIENTED_EDGE('',*,*,#1831,.T.);
#2639=ORIENTED_EDGE('',*,*,#1832,.F.);
#2640=ORIENTED_EDGE('',*,*,#1831,.F.);
#2641=ORIENTED_EDGE('',*,*,#1827,.F.);
#2642=ORIENTED_EDGE('',*,*,#1625,.T.);
#2643=ORIENTED_EDGE('',*,*,#1833,.T.);
#2644=ORIENTED_EDGE('',*,*,#1834,.T.);
#2645=ORIENTED_EDGE('',*,*,#1835,.T.);
#2646=ORIENTED_EDGE('',*,*,#1836,.T.);
#2647=ORIENTED_EDGE('',*,*,#1834,.F.);
#2648=ORIENTED_EDGE('',*,*,#1835,.F.);
#2649=ORIENTED_EDGE('',*,*,#1836,.F.);
#2650=ORIENTED_EDGE('',*,*,#1837,.T.);
#2651=ORIENTED_EDGE('',*,*,#1838,.F.);
#2652=ORIENTED_EDGE('',*,*,#1837,.F.);
#2653=ORIENTED_EDGE('',*,*,#1833,.F.);
#2654=ORIENTED_EDGE('',*,*,#1575,.T.);
#2655=ORIENTED_EDGE('',*,*,#1839,.T.);
#2656=ORIENTED_EDGE('',*,*,#1840,.T.);
#2657=ORIENTED_EDGE('',*,*,#1841,.T.);
#2658=ORIENTED_EDGE('',*,*,#1842,.T.);
#2659=ORIENTED_EDGE('',*,*,#1840,.F.);
#2660=ORIENTED_EDGE('',*,*,#1841,.F.);
#2661=ORIENTED_EDGE('',*,*,#1842,.F.);
#2662=ORIENTED_EDGE('',*,*,#1843,.T.);
#2663=ORIENTED_EDGE('',*,*,#1844,.F.);
#2664=ORIENTED_EDGE('',*,*,#1843,.F.);
#2665=ORIENTED_EDGE('',*,*,#1839,.F.);
#2666=ORIENTED_EDGE('',*,*,#1557,.T.);
#2667=ORIENTED_EDGE('',*,*,#1844,.T.);
#2668=ORIENTED_EDGE('',*,*,#1845,.T.);
#2669=ORIENTED_EDGE('',*,*,#1713,.T.);
#2670=ORIENTED_EDGE('',*,*,#1845,.F.);
#2671=ORIENTED_EDGE('',*,*,#1838,.T.);
#2672=ORIENTED_EDGE('',*,*,#1846,.T.);
#2673=ORIENTED_EDGE('',*,*,#1724,.T.);
#2674=ORIENTED_EDGE('',*,*,#1846,.F.);
#2675=ORIENTED_EDGE('',*,*,#1826,.T.);
#2676=ORIENTED_EDGE('',*,*,#1847,.T.);
#2677=ORIENTED_EDGE('',*,*,#1714,.T.);
#2678=ORIENTED_EDGE('',*,*,#1847,.F.);
#2679=ORIENTED_EDGE('',*,*,#1832,.T.);
#2680=ORIENTED_EDGE('',*,*,#1848,.T.);
#2681=ORIENTED_EDGE('',*,*,#1723,.T.);
#2682=ORIENTED_EDGE('',*,*,#1848,.F.);
#2683=ORIENTED_EDGE('',*,*,#1820,.T.);
#2684=ORIENTED_EDGE('',*,*,#1849,.T.);
#2685=ORIENTED_EDGE('',*,*,#1715,.T.);
#2686=ORIENTED_EDGE('',*,*,#1849,.F.);
#2687=ORIENTED_EDGE('',*,*,#1814,.T.);
#2688=ORIENTED_EDGE('',*,*,#1850,.T.);
#2689=ORIENTED_EDGE('',*,*,#1722,.T.);
#2690=ORIENTED_EDGE('',*,*,#1850,.F.);
#2691=ORIENTED_EDGE('',*,*,#1808,.T.);
#2692=ORIENTED_EDGE('',*,*,#1851,.T.);
#2693=ORIENTED_EDGE('',*,*,#1716,.T.);
#2694=ORIENTED_EDGE('',*,*,#1851,.F.);
#2695=ORIENTED_EDGE('',*,*,#1802,.T.);
#2696=ORIENTED_EDGE('',*,*,#1852,.T.);
#2697=ORIENTED_EDGE('',*,*,#1721,.T.);
#2698=ORIENTED_EDGE('',*,*,#1852,.F.);
#2699=ORIENTED_EDGE('',*,*,#1796,.T.);
#2700=ORIENTED_EDGE('',*,*,#1853,.T.);
#2701=ORIENTED_EDGE('',*,*,#1717,.T.);
#2702=ORIENTED_EDGE('',*,*,#1853,.F.);
#2703=ORIENTED_EDGE('',*,*,#1790,.T.);
#2704=ORIENTED_EDGE('',*,*,#1854,.T.);
#2705=ORIENTED_EDGE('',*,*,#1720,.T.);
#2706=ORIENTED_EDGE('',*,*,#1854,.F.);
#2707=ORIENTED_EDGE('',*,*,#1784,.T.);
#2708=ORIENTED_EDGE('',*,*,#1855,.T.);
#2709=ORIENTED_EDGE('',*,*,#1718,.T.);
#2710=ORIENTED_EDGE('',*,*,#1855,.F.);
#2711=ORIENTED_EDGE('',*,*,#1778,.T.);
#2712=ORIENTED_EDGE('',*,*,#1856,.T.);
#2713=ORIENTED_EDGE('',*,*,#1719,.T.);
#2714=ORIENTED_EDGE('',*,*,#1856,.F.);
#2715=TOROIDAL_SURFACE('',#3009,2.45,0.25);
#2716=TOROIDAL_SURFACE('',#3018,2.45,0.25);
#2717=TOROIDAL_SURFACE('',#3023,3.75,0.25);
#2718=TOROIDAL_SURFACE('',#3030,4.25,0.25);
#2719=TOROIDAL_SURFACE('',#3048,2.45,0.25);
#2720=TOROIDAL_SURFACE('',#3057,2.45,0.25);
#2721=TOROIDAL_SURFACE('',#3062,3.75,0.25);
#2722=TOROIDAL_SURFACE('',#3069,4.25,0.25);
#2723=TOROIDAL_SURFACE('',#3071,2.45,0.25);
#2724=TOROIDAL_SURFACE('',#3080,2.45,0.25);
#2725=TOROIDAL_SURFACE('',#3085,3.75,0.25);
#2726=TOROIDAL_SURFACE('',#3092,4.25,0.25);
#2727=TOROIDAL_SURFACE('',#3094,2.45,0.25);
#2728=TOROIDAL_SURFACE('',#3103,2.45,0.25);
#2729=TOROIDAL_SURFACE('',#3108,3.75,0.25);
#2730=TOROIDAL_SURFACE('',#3115,4.25,0.25);
#2731=TOROIDAL_SURFACE('',#3117,2.45,0.25);
#2732=TOROIDAL_SURFACE('',#3126,2.45,0.25);
#2733=TOROIDAL_SURFACE('',#3131,3.75,0.25);
#2734=TOROIDAL_SURFACE('',#3138,4.25,0.25);
#2735=TOROIDAL_SURFACE('',#3140,2.45,0.25);
#2736=TOROIDAL_SURFACE('',#3149,2.45,0.25);
#2737=TOROIDAL_SURFACE('',#3154,3.75,0.25);
#2738=TOROIDAL_SURFACE('',#3161,4.25,0.25);
#2739=TOROIDAL_SURFACE('',#3163,2.45,0.25);
#2740=TOROIDAL_SURFACE('',#3172,2.45,0.25);
#2741=TOROIDAL_SURFACE('',#3177,3.75,0.25);
#2742=TOROIDAL_SURFACE('',#3184,4.25,0.25);
#2743=TOROIDAL_SURFACE('',#3186,2.45,0.25);
#2744=TOROIDAL_SURFACE('',#3195,3.75,0.25);
#2745=TOROIDAL_SURFACE('',#3205,2.45,0.25);
#2746=TOROIDAL_SURFACE('',#3207,4.25,0.25);
#2747=TOROIDAL_SURFACE('',#3209,3.75,0.25);
#2748=TOROIDAL_SURFACE('',#3219,3.75,0.25);
#2749=TOROIDAL_SURFACE('',#3229,3.75,0.25);
#2750=TOROIDAL_SURFACE('',#3239,3.75,0.25);
#2751=TOROIDAL_SURFACE('',#3249,2.45,0.25);
#2752=TOROIDAL_SURFACE('',#3258,2.45,0.25);
#2753=TOROIDAL_SURFACE('',#3260,4.25,0.25);
#2754=TOROIDAL_SURFACE('',#3262,4.25,0.25);
#2755=TOROIDAL_SURFACE('',#3264,2.45,0.25);
#2756=TOROIDAL_SURFACE('',#3270,2.45,0.25);
#2757=TOROIDAL_SURFACE('',#3275,2.45,0.25);
#2758=TOROIDAL_SURFACE('',#3284,2.45,0.25);
#2759=TOROIDAL_SURFACE('',#3293,2.45,0.25);
#2760=TOROIDAL_SURFACE('',#3295,4.25,0.25);
#2761=TOROIDAL_SURFACE('',#3297,2.45,0.25);
#2762=TOROIDAL_SURFACE('',#3299,4.25,0.25);
#2763=TOROIDAL_SURFACE('',#3301,2.45,0.25);
#2764=TOROIDAL_SURFACE('',#3306,2.45,0.25);
#2765=TOROIDAL_SURFACE('',#3384,2.45,0.25);
#2766=TOROIDAL_SURFACE('',#3389,2.45,0.25);
#2767=TOROIDAL_SURFACE('',#3393,99.,1.);
#2768=TOROIDAL_SURFACE('',#3398,99.,1.);
#2769=TOROIDAL_SURFACE('',#3400,6.9,1.);
#2770=TOROIDAL_SURFACE('',#3408,6.9,1.);
#2771=TOROIDAL_SURFACE('',#3416,6.9,1.);
#2772=TOROIDAL_SURFACE('',#3424,6.9,1.);
#2773=TOROIDAL_SURFACE('',#3432,6.9,1.);
#2774=TOROIDAL_SURFACE('',#3440,6.9,1.);
#2775=TOROIDAL_SURFACE('',#3448,6.89999999999999,1.);
#2776=TOROIDAL_SURFACE('',#3456,6.9,1.);
#2777=TOROIDAL_SURFACE('',#3464,6.90000000000001,1.);
#2778=TOROIDAL_SURFACE('',#3472,6.9,1.);
#2779=TOROIDAL_SURFACE('',#3480,6.9,1.);
#2780=TOROIDAL_SURFACE('',#3488,6.9,1.);
#2781=TOROIDAL_SURFACE('',#3496,8.9,1.);
#2782=TOROIDAL_SURFACE('',#3498,8.9,1.);
#2783=TOROIDAL_SURFACE('',#3500,8.90000000000001,1.);
#2784=TOROIDAL_SURFACE('',#3502,8.9,1.);
#2785=TOROIDAL_SURFACE('',#3504,8.9,1.);
#2786=TOROIDAL_SURFACE('',#3506,8.89999999999999,1.);
#2787=TOROIDAL_SURFACE('',#3508,8.9,1.);
#2788=TOROIDAL_SURFACE('',#3510,8.9,1.);
#2789=TOROIDAL_SURFACE('',#3512,8.9,1.);
#2790=TOROIDAL_SURFACE('',#3514,8.9,1.);
#2791=TOROIDAL_SURFACE('',#3516,8.9,1.);
#2792=TOROIDAL_SURFACE('',#3518,8.9,1.);
#2793=ADVANCED_FACE('',(#430),#2715,.T.);
#2794=ADVANCED_FACE('',(#431),#367,.F.);
#2795=ADVANCED_FACE('',(#432),#133,.F.);
#2796=ADVANCED_FACE('',(#433),#2716,.T.);
#2797=ADVANCED_FACE('',(#434,#39),#93,.T.);
#2798=ADVANCED_FACE('',(#435),#2717,.F.);
#2799=ADVANCED_FACE('',(#436),#368,.F.);
#2800=ADVANCED_FACE('',(#437),#2718,.T.);
#2801=ADVANCED_FACE('',(#438,#40,#41,#42,#43,#44,#45,#46,#47,#48,#49,#50,
#51,#52,#53),#94,.T.);
#2802=ADVANCED_FACE('',(#439),#2719,.T.);
#2803=ADVANCED_FACE('',(#440),#369,.F.);
#2804=ADVANCED_FACE('',(#441),#134,.F.);
#2805=ADVANCED_FACE('',(#442),#2720,.T.);
#2806=ADVANCED_FACE('',(#443,#54),#95,.T.);
#2807=ADVANCED_FACE('',(#444),#2721,.F.);
#2808=ADVANCED_FACE('',(#445),#370,.F.);
#2809=ADVANCED_FACE('',(#446),#2722,.T.);
#2810=ADVANCED_FACE('',(#447),#2723,.T.);
#2811=ADVANCED_FACE('',(#448),#371,.F.);
#2812=ADVANCED_FACE('',(#449),#135,.F.);
#2813=ADVANCED_FACE('',(#450),#2724,.T.);
#2814=ADVANCED_FACE('',(#451,#55),#96,.T.);
#2815=ADVANCED_FACE('',(#452),#2725,.F.);
#2816=ADVANCED_FACE('',(#453),#372,.F.);
#2817=ADVANCED_FACE('',(#454),#2726,.T.);
#2818=ADVANCED_FACE('',(#455),#2727,.T.);
#2819=ADVANCED_FACE('',(#456),#373,.F.);
#2820=ADVANCED_FACE('',(#457),#136,.F.);
#2821=ADVANCED_FACE('',(#458),#2728,.T.);
#2822=ADVANCED_FACE('',(#459,#56),#97,.T.);
#2823=ADVANCED_FACE('',(#460),#2729,.F.);
#2824=ADVANCED_FACE('',(#461),#374,.F.);
#2825=ADVANCED_FACE('',(#462),#2730,.T.);
#2826=ADVANCED_FACE('',(#463),#2731,.T.);
#2827=ADVANCED_FACE('',(#464),#375,.F.);
#2828=ADVANCED_FACE('',(#465),#137,.F.);
#2829=ADVANCED_FACE('',(#466),#2732,.T.);
#2830=ADVANCED_FACE('',(#467,#57),#98,.T.);
#2831=ADVANCED_FACE('',(#468),#2733,.F.);
#2832=ADVANCED_FACE('',(#469),#376,.F.);
#2833=ADVANCED_FACE('',(#470),#2734,.T.);
#2834=ADVANCED_FACE('',(#471),#2735,.T.);
#2835=ADVANCED_FACE('',(#472),#377,.F.);
#2836=ADVANCED_FACE('',(#473),#138,.F.);
#2837=ADVANCED_FACE('',(#474),#2736,.T.);
#2838=ADVANCED_FACE('',(#475,#58),#99,.T.);
#2839=ADVANCED_FACE('',(#476),#2737,.F.);
#2840=ADVANCED_FACE('',(#477),#378,.F.);
#2841=ADVANCED_FACE('',(#478),#2738,.T.);
#2842=ADVANCED_FACE('',(#479),#2739,.T.);
#2843=ADVANCED_FACE('',(#480),#379,.F.);
#2844=ADVANCED_FACE('',(#481),#139,.F.);
#2845=ADVANCED_FACE('',(#482),#2740,.T.);
#2846=ADVANCED_FACE('',(#483,#59),#100,.T.);
#2847=ADVANCED_FACE('',(#484),#2741,.F.);
#2848=ADVANCED_FACE('',(#485),#380,.F.);
#2849=ADVANCED_FACE('',(#486),#2742,.T.);
#2850=ADVANCED_FACE('',(#487),#2743,.T.);
#2851=ADVANCED_FACE('',(#488),#381,.F.);
#2852=ADVANCED_FACE('',(#489),#140,.F.);
#2853=ADVANCED_FACE('',(#490),#2744,.F.);
#2854=ADVANCED_FACE('',(#491,#60),#101,.T.);
#2855=ADVANCED_FACE('',(#492),#382,.F.);
#2856=ADVANCED_FACE('',(#493),#2745,.T.);
#2857=ADVANCED_FACE('',(#494),#2746,.T.);
#2858=ADVANCED_FACE('',(#495),#2747,.F.);
#2859=ADVANCED_FACE('',(#496,#61),#102,.T.);
#2860=ADVANCED_FACE('',(#497),#383,.F.);
#2861=ADVANCED_FACE('',(#498),#2748,.F.);
#2862=ADVANCED_FACE('',(#499,#62),#103,.T.);
#2863=ADVANCED_FACE('',(#500),#384,.F.);
#2864=ADVANCED_FACE('',(#501),#2749,.F.);
#2865=ADVANCED_FACE('',(#502),#385,.F.);
#2866=ADVANCED_FACE('',(#503,#63),#104,.T.);
#2867=ADVANCED_FACE('',(#504),#2750,.F.);
#2868=ADVANCED_FACE('',(#505,#64),#105,.T.);
#2869=ADVANCED_FACE('',(#506),#386,.F.);
#2870=ADVANCED_FACE('',(#507),#2751,.T.);
#2871=ADVANCED_FACE('',(#508),#387,.F.);
#2872=ADVANCED_FACE('',(#509),#141,.F.);
#2873=ADVANCED_FACE('',(#510),#2752,.T.);
#2874=ADVANCED_FACE('',(#511),#2753,.T.);
#2875=ADVANCED_FACE('',(#512),#2754,.T.);
#2876=ADVANCED_FACE('',(#513),#2755,.T.);
#2877=ADVANCED_FACE('',(#514),#388,.F.);
#2878=ADVANCED_FACE('',(#515),#2756,.T.);
#2879=ADVANCED_FACE('',(#516),#142,.F.);
#2880=ADVANCED_FACE('',(#517),#2757,.T.);
#2881=ADVANCED_FACE('',(#518),#389,.F.);
#2882=ADVANCED_FACE('',(#519),#143,.F.);
#2883=ADVANCED_FACE('',(#520),#2758,.T.);
#2884=ADVANCED_FACE('',(#521),#390,.F.);
#2885=ADVANCED_FACE('',(#522),#144,.F.);
#2886=ADVANCED_FACE('',(#523),#2759,.T.);
#2887=ADVANCED_FACE('',(#524),#2760,.T.);
#2888=ADVANCED_FACE('',(#525),#2761,.T.);
#2889=ADVANCED_FACE('',(#526),#2762,.T.);
#2890=ADVANCED_FACE('',(#527),#2763,.T.);
#2891=ADVANCED_FACE('',(#528),#391,.F.);
#2892=ADVANCED_FACE('',(#529),#2764,.T.);
#2893=ADVANCED_FACE('',(#530,#65),#106,.F.);
#2894=ADVANCED_FACE('',(#531),#392,.F.);
#2895=ADVANCED_FACE('',(#532),#393,.F.);
#2896=ADVANCED_FACE('',(#533),#394,.F.);
#2897=ADVANCED_FACE('',(#534),#395,.F.);
#2898=ADVANCED_FACE('',(#535),#396,.F.);
#2899=ADVANCED_FACE('',(#536),#397,.F.);
#2900=ADVANCED_FACE('',(#537),#107,.F.);
#2901=ADVANCED_FACE('',(#538),#108,.F.);
#2902=ADVANCED_FACE('',(#539),#109,.F.);
#2903=ADVANCED_FACE('',(#540),#398,.T.);
#2904=ADVANCED_FACE('',(#541),#399,.T.);
#2905=ADVANCED_FACE('',(#542),#400,.T.);
#2906=ADVANCED_FACE('',(#543),#401,.T.);
#2907=ADVANCED_FACE('',(#544),#402,.T.);
#2908=ADVANCED_FACE('',(#545),#403,.T.);
#2909=ADVANCED_FACE('',(#546),#110,.F.);
#2910=ADVANCED_FACE('',(#547,#66,#67,#68,#69,#70,#71,#72,#73,#74,#75,#76,
#77,#78,#79),#111,.F.);
#2911=ADVANCED_FACE('',(#548),#404,.T.);
#2912=ADVANCED_FACE('',(#549),#405,.T.);
#2913=ADVANCED_FACE('',(#550),#406,.T.);
#2914=ADVANCED_FACE('',(#551),#407,.T.);
#2915=ADVANCED_FACE('',(#552),#408,.T.);
#2916=ADVANCED_FACE('',(#553),#409,.T.);
#2917=ADVANCED_FACE('',(#554),#112,.F.);
#2918=ADVANCED_FACE('',(#555),#113,.F.);
#2919=ADVANCED_FACE('',(#556),#114,.F.);
#2920=ADVANCED_FACE('',(#557),#410,.F.);
#2921=ADVANCED_FACE('',(#558),#411,.F.);
#2922=ADVANCED_FACE('',(#559),#412,.F.);
#2923=ADVANCED_FACE('',(#560),#413,.F.);
#2924=ADVANCED_FACE('',(#561),#414,.F.);
#2925=ADVANCED_FACE('',(#562),#415,.F.);
#2926=ADVANCED_FACE('',(#563),#115,.F.);
#2927=ADVANCED_FACE('',(#564),#116,.F.);
#2928=ADVANCED_FACE('',(#565),#117,.F.);
#2929=ADVANCED_FACE('',(#566,#80),#118,.F.);
#2930=ADVANCED_FACE('',(#567),#2765,.T.);
#2931=ADVANCED_FACE('',(#568),#416,.F.);
#2932=ADVANCED_FACE('',(#569),#2766,.T.);
#2933=ADVANCED_FACE('',(#570),#119,.F.);
#2934=ADVANCED_FACE('',(#571),#120,.F.);
#2935=ADVANCED_FACE('',(#572),#2767,.T.);
#2936=ADVANCED_FACE('',(#573),#417,.T.);
#2937=ADVANCED_FACE('',(#574),#2768,.T.);
#2938=ADVANCED_FACE('',(#575),#2769,.T.);
#2939=ADVANCED_FACE('',(#576),#418,.T.);
#2940=ADVANCED_FACE('',(#577,#81),#121,.F.);
#2941=ADVANCED_FACE('',(#578),#2770,.T.);
#2942=ADVANCED_FACE('',(#579),#419,.T.);
#2943=ADVANCED_FACE('',(#580,#82),#122,.F.);
#2944=ADVANCED_FACE('',(#581),#2771,.T.);
#2945=ADVANCED_FACE('',(#582),#420,.T.);
#2946=ADVANCED_FACE('',(#583,#83),#123,.F.);
#2947=ADVANCED_FACE('',(#584),#2772,.T.);
#2948=ADVANCED_FACE('',(#585),#421,.T.);
#2949=ADVANCED_FACE('',(#586,#84),#124,.F.);
#2950=ADVANCED_FACE('',(#587),#2773,.T.);
#2951=ADVANCED_FACE('',(#588),#422,.T.);
#2952=ADVANCED_FACE('',(#589,#85),#125,.F.);
#2953=ADVANCED_FACE('',(#590),#2774,.T.);
#2954=ADVANCED_FACE('',(#591),#423,.T.);
#2955=ADVANCED_FACE('',(#592,#86),#126,.F.);
#2956=ADVANCED_FACE('',(#593),#2775,.T.);
#2957=ADVANCED_FACE('',(#594),#424,.T.);
#2958=ADVANCED_FACE('',(#595,#87),#127,.F.);
#2959=ADVANCED_FACE('',(#596),#2776,.T.);
#2960=ADVANCED_FACE('',(#597),#425,.T.);
#2961=ADVANCED_FACE('',(#598,#88),#128,.F.);
#2962=ADVANCED_FACE('',(#599),#2777,.T.);
#2963=ADVANCED_FACE('',(#600),#426,.T.);
#2964=ADVANCED_FACE('',(#601,#89),#129,.F.);
#2965=ADVANCED_FACE('',(#602),#2778,.T.);
#2966=ADVANCED_FACE('',(#603),#427,.T.);
#2967=ADVANCED_FACE('',(#604,#90),#130,.F.);
#2968=ADVANCED_FACE('',(#605),#2779,.T.);
#2969=ADVANCED_FACE('',(#606),#428,.T.);
#2970=ADVANCED_FACE('',(#607,#91),#131,.F.);
#2971=ADVANCED_FACE('',(#608),#2780,.T.);
#2972=ADVANCED_FACE('',(#609),#429,.T.);
#2973=ADVANCED_FACE('',(#610,#92),#132,.F.);
#2974=ADVANCED_FACE('',(#611),#2781,.F.);
#2975=ADVANCED_FACE('',(#612),#2782,.F.);
#2976=ADVANCED_FACE('',(#613),#2783,.F.);
#2977=ADVANCED_FACE('',(#614),#2784,.F.);
#2978=ADVANCED_FACE('',(#615),#2785,.F.);
#2979=ADVANCED_FACE('',(#616),#2786,.F.);
#2980=ADVANCED_FACE('',(#617),#2787,.F.);
#2981=ADVANCED_FACE('',(#618),#2788,.F.);
#2982=ADVANCED_FACE('',(#619),#2789,.F.);
#2983=ADVANCED_FACE('',(#620),#2790,.F.);
#2984=ADVANCED_FACE('',(#621),#2791,.F.);
#2985=ADVANCED_FACE('',(#622),#2792,.F.);
#2986=CLOSED_SHELL('',(#2793,#2794,#2795,#2796,#2797,#2798,#2799,#2800,
#2801,#2802,#2803,#2804,#2805,#2806,#2807,#2808,#2809,#2810,#2811,#2812,
#2813,#2814,#2815,#2816,#2817,#2818,#2819,#2820,#2821,#2822,#2823,#2824,
#2825,#2826,#2827,#2828,#2829,#2830,#2831,#2832,#2833,#2834,#2835,#2836,
#2837,#2838,#2839,#2840,#2841,#2842,#2843,#2844,#2845,#2846,#2847,#2848,
#2849,#2850,#2851,#2852,#2853,#2854,#2855,#2856,#2857,#2858,#2859,#2860,
#2861,#2862,#2863,#2864,#2865,#2866,#2867,#2868,#2869,#2870,#2871,#2872,
#2873,#2874,#2875,#2876,#2877,#2878,#2879,#2880,#2881,#2882,#2883,#2884,
#2885,#2886,#2887,#2888,#2889,#2890,#2891,#2892,#2893,#2894,#2895,#2896,
#2897,#2898,#2899,#2900,#2901,#2902,#2903,#2904,#2905,#2906,#2907,#2908,
#2909,#2910,#2911,#2912,#2913,#2914,#2915,#2916,#2917,#2918,#2919,#2920,
#2921,#2922,#2923,#2924,#2925,#2926,#2927,#2928,#2929,#2930,#2931,#2932,
#2933,#2934,#2935,#2936,#2937,#2938,#2939,#2940,#2941,#2942,#2943,#2944,
#2945,#2946,#2947,#2948,#2949,#2950,#2951,#2952,#2953,#2954,#2955,#2956,
#2957,#2958,#2959,#2960,#2961,#2962,#2963,#2964,#2965,#2966,#2967,#2968,
#2969,#2970,#2971,#2972,#2973,#2974,#2975,#2976,#2977,#2978,#2979,#2980,
#2981,#2982,#2983,#2984,#2985));
#2987=DERIVED_UNIT_ELEMENT(#2990,1.);
#2988=DERIVED_UNIT_ELEMENT(#5547,-3.);
#2989=DIMENSIONAL_EXPONENTS(0.,1.,0.,0.,0.,0.,0.);
#2990=(
CONVERSION_BASED_UNIT('gram',#2992)
MASS_UNIT()
NAMED_UNIT(#2989)
);
#2991=(
MASS_UNIT()
NAMED_UNIT(*)
SI_UNIT(.KILO.,.GRAM.)
);
#2992=MASS_MEASURE_WITH_UNIT(MASS_MEASURE(0.001),#2991);
#2993=DERIVED_UNIT((#2987,#2988));
#2994=MEASURE_REPRESENTATION_ITEM('density measure',
POSITIVE_RATIO_MEASURE(1.),#2993);
#2995=PROPERTY_DEFINITION_REPRESENTATION(#3000,#2997);
#2996=PROPERTY_DEFINITION_REPRESENTATION(#3001,#2998);
#2997=REPRESENTATION('material name',(#2999),#5544);
#2998=REPRESENTATION('density',(#2994),#5544);
#2999=DESCRIPTIVE_REPRESENTATION_ITEM('Generic','Generic');
#3000=PROPERTY_DEFINITION('material property','material name',#5554);
#3001=PROPERTY_DEFINITION('material property','density of part',#5554);
#3002=DATE_TIME_ROLE('creation_date');
#3003=APPLIED_DATE_AND_TIME_ASSIGNMENT(#3004,#3002,(#5554));
#3004=DATE_AND_TIME(#3005,#3006);
#3005=CALENDAR_DATE(2026,26,6);
#3006=LOCAL_TIME(0,0,0.,#3007);
#3007=COORDINATED_UNIVERSAL_TIME_OFFSET(0,0,.BEHIND.);
#3008=AXIS2_PLACEMENT_3D('',#4655,#3520,#3521);
#3009=AXIS2_PLACEMENT_3D('',#4656,#3522,#3523);
#3010=AXIS2_PLACEMENT_3D('',#4658,#3524,#3525);
#3011=AXIS2_PLACEMENT_3D('',#4660,#3526,#3527);
#3012=AXIS2_PLACEMENT_3D('',#4661,#3528,#3529);
#3013=AXIS2_PLACEMENT_3D('',#4662,#3530,#3531);
#3014=AXIS2_PLACEMENT_3D('',#4666,#3533,#3534);
#3015=AXIS2_PLACEMENT_3D('',#4667,#3535,#3536);
#3016=AXIS2_PLACEMENT_3D('',#4668,#3537,#3538);
#3017=AXIS2_PLACEMENT_3D('',#4670,#3539,#3540);
#3018=AXIS2_PLACEMENT_3D('',#4672,#3542,#3543);
#3019=AXIS2_PLACEMENT_3D('',#4674,#3544,#3545);
#3020=AXIS2_PLACEMENT_3D('',#4675,#3546,#3547);
#3021=AXIS2_PLACEMENT_3D('',#4676,#3548,#3549);
#3022=AXIS2_PLACEMENT_3D('',#4678,#3550,#3551);
#3023=AXIS2_PLACEMENT_3D('',#4679,#3552,#3553);
#3024=AXIS2_PLACEMENT_3D('',#4681,#3554,#3555);
#3025=AXIS2_PLACEMENT_3D('',#4683,#3556,#3557);
#3026=AXIS2_PLACEMENT_3D('',#4684,#3558,#3559);
#3027=AXIS2_PLACEMENT_3D('',#4685,#3560,#3561);
#3028=AXIS2_PLACEMENT_3D('',#4688,#3562,#3563);
#3029=AXIS2_PLACEMENT_3D('',#4689,#3564,#3565);
#3030=AXIS2_PLACEMENT_3D('',#4691,#3567,#3568);
#3031=AXIS2_PLACEMENT_3D('',#4693,#3569,#3570);
#3032=AXIS2_PLACEMENT_3D('',#4694,#3571,#3572);
#3033=AXIS2_PLACEMENT_3D('',#4695,#3573,#3574);
#3034=AXIS2_PLACEMENT_3D('',#4697,#3575,#3576);
#3035=AXIS2_PLACEMENT_3D('',#4699,#3577,#3578);
#3036=AXIS2_PLACEMENT_3D('',#4701,#3579,#3580);
#3037=AXIS2_PLACEMENT_3D('',#4703,#3581,#3582);
#3038=AXIS2_PLACEMENT_3D('',#4705,#3583,#3584);
#3039=AXIS2_PLACEMENT_3D('',#4707,#3585,#3586);
#3040=AXIS2_PLACEMENT_3D('',#4709,#3587,#3588);
#3041=AXIS2_PLACEMENT_3D('',#4711,#3589,#3590);
#3042=AXIS2_PLACEMENT_3D('',#4713,#3591,#3592);
#3043=AXIS2_PLACEMENT_3D('',#4715,#3593,#3594);
#3044=AXIS2_PLACEMENT_3D('',#4717,#3595,#3596);
#3045=AXIS2_PLACEMENT_3D('',#4719,#3597,#3598);
#3046=AXIS2_PLACEMENT_3D('',#4721,#3599,#3600);
#3047=AXIS2_PLACEMENT_3D('',#4723,#3601,#3602);
#3048=AXIS2_PLACEMENT_3D('',#4724,#3603,#3604);
#3049=AXIS2_PLACEMENT_3D('',#4726,#3605,#3606);
#3050=AXIS2_PLACEMENT_3D('',#4728,#3607,#3608);
#3051=AXIS2_PLACEMENT_3D('',#4729,#3609,#3610);
#3052=AXIS2_PLACEMENT_3D('',#4730,#3611,#3612);
#3053=AXIS2_PLACEMENT_3D('',#4734,#3614,#3615);
#3054=AXIS2_PLACEMENT_3D('',#4735,#3616,#3617);
#3055=AXIS2_PLACEMENT_3D('',#4736,#3618,#3619);
#3056=AXIS2_PLACEMENT_3D('',#4738,#3620,#3621);
#3057=AXIS2_PLACEMENT_3D('',#4740,#3623,#3624);
#3058=AXIS2_PLACEMENT_3D('',#4742,#3625,#3626);
#3059=AXIS2_PLACEMENT_3D('',#4743,#3627,#3628);
#3060=AXIS2_PLACEMENT_3D('',#4744,#3629,#3630);
#3061=AXIS2_PLACEMENT_3D('',#4746,#3631,#3632);
#3062=AXIS2_PLACEMENT_3D('',#4747,#3633,#3634);
#3063=AXIS2_PLACEMENT_3D('',#4749,#3635,#3636);
#3064=AXIS2_PLACEMENT_3D('',#4751,#3637,#3638);
#3065=AXIS2_PLACEMENT_3D('',#4752,#3639,#3640);
#3066=AXIS2_PLACEMENT_3D('',#4753,#3641,#3642);
#3067=AXIS2_PLACEMENT_3D('',#4756,#3643,#3644);
#3068=AXIS2_PLACEMENT_3D('',#4757,#3645,#3646);
#3069=AXIS2_PLACEMENT_3D('',#4759,#3648,#3649);
#3070=AXIS2_PLACEMENT_3D('',#4760,#3650,#3651);
#3071=AXIS2_PLACEMENT_3D('',#4761,#3652,#3653);
#3072=AXIS2_PLACEMENT_3D('',#4763,#3654,#3655);
#3073=AXIS2_PLACEMENT_3D('',#4765,#3656,#3657);
#3074=AXIS2_PLACEMENT_3D('',#4766,#3658,#3659);
#3075=AXIS2_PLACEMENT_3D('',#4767,#3660,#3661);
#3076=AXIS2_PLACEMENT_3D('',#4771,#3663,#3664);
#3077=AXIS2_PLACEMENT_3D('',#4772,#3665,#3666);
#3078=AXIS2_PLACEMENT_3D('',#4773,#3667,#3668);
#3079=AXIS2_PLACEMENT_3D('',#4775,#3669,#3670);
#3080=AXIS2_PLACEMENT_3D('',#4777,#3672,#3673);
#3081=AXIS2_PLACEMENT_3D('',#4779,#3674,#3675);
#3082=AXIS2_PLACEMENT_3D('',#4780,#3676,#3677);
#3083=AXIS2_PLACEMENT_3D('',#4781,#3678,#3679);
#3084=AXIS2_PLACEMENT_3D('',#4783,#3680,#3681);
#3085=AXIS2_PLACEMENT_3D('',#4784,#3682,#3683);
#3086=AXIS2_PLACEMENT_3D('',#4786,#3684,#3685);
#3087=AXIS2_PLACEMENT_3D('',#4788,#3686,#3687);
#3088=AXIS2_PLACEMENT_3D('',#4789,#3688,#3689);
#3089=AXIS2_PLACEMENT_3D('',#4790,#3690,#3691);
#3090=AXIS2_PLACEMENT_3D('',#4793,#3692,#3693);
#3091=AXIS2_PLACEMENT_3D('',#4794,#3694,#3695);
#3092=AXIS2_PLACEMENT_3D('',#4796,#3697,#3698);
#3093=AXIS2_PLACEMENT_3D('',#4797,#3699,#3700);
#3094=AXIS2_PLACEMENT_3D('',#4798,#3701,#3702);
#3095=AXIS2_PLACEMENT_3D('',#4800,#3703,#3704);
#3096=AXIS2_PLACEMENT_3D('',#4802,#3705,#3706);
#3097=AXIS2_PLACEMENT_3D('',#4803,#3707,#3708);
#3098=AXIS2_PLACEMENT_3D('',#4804,#3709,#3710);
#3099=AXIS2_PLACEMENT_3D('',#4808,#3712,#3713);
#3100=AXIS2_PLACEMENT_3D('',#4809,#3714,#3715);
#3101=AXIS2_PLACEMENT_3D('',#4810,#3716,#3717);
#3102=AXIS2_PLACEMENT_3D('',#4812,#3718,#3719);
#3103=AXIS2_PLACEMENT_3D('',#4814,#3721,#3722);
#3104=AXIS2_PLACEMENT_3D('',#4816,#3723,#3724);
#3105=AXIS2_PLACEMENT_3D('',#4817,#3725,#3726);
#3106=AXIS2_PLACEMENT_3D('',#4818,#3727,#3728);
#3107=AXIS2_PLACEMENT_3D('',#4820,#3729,#3730);
#3108=AXIS2_PLACEMENT_3D('',#4821,#3731,#3732);
#3109=AXIS2_PLACEMENT_3D('',#4823,#3733,#3734);
#3110=AXIS2_PLACEMENT_3D('',#4825,#3735,#3736);
#3111=AXIS2_PLACEMENT_3D('',#4826,#3737,#3738);
#3112=AXIS2_PLACEMENT_3D('',#4827,#3739,#3740);
#3113=AXIS2_PLACEMENT_3D('',#4830,#3741,#3742);
#3114=AXIS2_PLACEMENT_3D('',#4831,#3743,#3744);
#3115=AXIS2_PLACEMENT_3D('',#4833,#3746,#3747);
#3116=AXIS2_PLACEMENT_3D('',#4834,#3748,#3749);
#3117=AXIS2_PLACEMENT_3D('',#4835,#3750,#3751);
#3118=AXIS2_PLACEMENT_3D('',#4837,#3752,#3753);
#3119=AXIS2_PLACEMENT_3D('',#4839,#3754,#3755);
#3120=AXIS2_PLACEMENT_3D('',#4840,#3756,#3757);
#3121=AXIS2_PLACEMENT_3D('',#4841,#3758,#3759);
#3122=AXIS2_PLACEMENT_3D('',#4845,#3761,#3762);
#3123=AXIS2_PLACEMENT_3D('',#4846,#3763,#3764);
#3124=AXIS2_PLACEMENT_3D('',#4847,#3765,#3766);
#3125=AXIS2_PLACEMENT_3D('',#4849,#3767,#3768);
#3126=AXIS2_PLACEMENT_3D('',#4851,#3770,#3771);
#3127=AXIS2_PLACEMENT_3D('',#4853,#3772,#3773);
#3128=AXIS2_PLACEMENT_3D('',#4854,#3774,#3775);
#3129=AXIS2_PLACEMENT_3D('',#4855,#3776,#3777);
#3130=AXIS2_PLACEMENT_3D('',#4857,#3778,#3779);
#3131=AXIS2_PLACEMENT_3D('',#4858,#3780,#3781);
#3132=AXIS2_PLACEMENT_3D('',#4860,#3782,#3783);
#3133=AXIS2_PLACEMENT_3D('',#4862,#3784,#3785);
#3134=AXIS2_PLACEMENT_3D('',#4863,#3786,#3787);
#3135=AXIS2_PLACEMENT_3D('',#4864,#3788,#3789);
#3136=AXIS2_PLACEMENT_3D('',#4867,#3790,#3791);
#3137=AXIS2_PLACEMENT_3D('',#4868,#3792,#3793);
#3138=AXIS2_PLACEMENT_3D('',#4870,#3795,#3796);
#3139=AXIS2_PLACEMENT_3D('',#4871,#3797,#3798);
#3140=AXIS2_PLACEMENT_3D('',#4872,#3799,#3800);
#3141=AXIS2_PLACEMENT_3D('',#4874,#3801,#3802);
#3142=AXIS2_PLACEMENT_3D('',#4876,#3803,#3804);
#3143=AXIS2_PLACEMENT_3D('',#4877,#3805,#3806);
#3144=AXIS2_PLACEMENT_3D('',#4878,#3807,#3808);
#3145=AXIS2_PLACEMENT_3D('',#4882,#3810,#3811);
#3146=AXIS2_PLACEMENT_3D('',#4883,#3812,#3813);
#3147=AXIS2_PLACEMENT_3D('',#4884,#3814,#3815);
#3148=AXIS2_PLACEMENT_3D('',#4886,#3816,#3817);
#3149=AXIS2_PLACEMENT_3D('',#4888,#3819,#3820);
#3150=AXIS2_PLACEMENT_3D('',#4890,#3821,#3822);
#3151=AXIS2_PLACEMENT_3D('',#4891,#3823,#3824);
#3152=AXIS2_PLACEMENT_3D('',#4892,#3825,#3826);
#3153=AXIS2_PLACEMENT_3D('',#4894,#3827,#3828);
#3154=AXIS2_PLACEMENT_3D('',#4895,#3829,#3830);
#3155=AXIS2_PLACEMENT_3D('',#4897,#3831,#3832);
#3156=AXIS2_PLACEMENT_3D('',#4899,#3833,#3834);
#3157=AXIS2_PLACEMENT_3D('',#4900,#3835,#3836);
#3158=AXIS2_PLACEMENT_3D('',#4901,#3837,#3838);
#3159=AXIS2_PLACEMENT_3D('',#4904,#3839,#3840);
#3160=AXIS2_PLACEMENT_3D('',#4905,#3841,#3842);
#3161=AXIS2_PLACEMENT_3D('',#4907,#3844,#3845);
#3162=AXIS2_PLACEMENT_3D('',#4908,#3846,#3847);
#3163=AXIS2_PLACEMENT_3D('',#4909,#3848,#3849);
#3164=AXIS2_PLACEMENT_3D('',#4911,#3850,#3851);
#3165=AXIS2_PLACEMENT_3D('',#4913,#3852,#3853);
#3166=AXIS2_PLACEMENT_3D('',#4914,#3854,#3855);
#3167=AXIS2_PLACEMENT_3D('',#4915,#3856,#3857);
#3168=AXIS2_PLACEMENT_3D('',#4919,#3859,#3860);
#3169=AXIS2_PLACEMENT_3D('',#4920,#3861,#3862);
#3170=AXIS2_PLACEMENT_3D('',#4921,#3863,#3864);
#3171=AXIS2_PLACEMENT_3D('',#4923,#3865,#3866);
#3172=AXIS2_PLACEMENT_3D('',#4925,#3868,#3869);
#3173=AXIS2_PLACEMENT_3D('',#4927,#3870,#3871);
#3174=AXIS2_PLACEMENT_3D('',#4928,#3872,#3873);
#3175=AXIS2_PLACEMENT_3D('',#4929,#3874,#3875);
#3176=AXIS2_PLACEMENT_3D('',#4931,#3876,#3877);
#3177=AXIS2_PLACEMENT_3D('',#4932,#3878,#3879);
#3178=AXIS2_PLACEMENT_3D('',#4934,#3880,#3881);
#3179=AXIS2_PLACEMENT_3D('',#4936,#3882,#3883);
#3180=AXIS2_PLACEMENT_3D('',#4937,#3884,#3885);
#3181=AXIS2_PLACEMENT_3D('',#4938,#3886,#3887);
#3182=AXIS2_PLACEMENT_3D('',#4941,#3888,#3889);
#3183=AXIS2_PLACEMENT_3D('',#4942,#3890,#3891);
#3184=AXIS2_PLACEMENT_3D('',#4944,#3893,#3894);
#3185=AXIS2_PLACEMENT_3D('',#4945,#3895,#3896);
#3186=AXIS2_PLACEMENT_3D('',#4946,#3897,#3898);
#3187=AXIS2_PLACEMENT_3D('',#4948,#3899,#3900);
#3188=AXIS2_PLACEMENT_3D('',#4950,#3901,#3902);
#3189=AXIS2_PLACEMENT_3D('',#4951,#3903,#3904);
#3190=AXIS2_PLACEMENT_3D('',#4952,#3905,#3906);
#3191=AXIS2_PLACEMENT_3D('',#4956,#3908,#3909);
#3192=AXIS2_PLACEMENT_3D('',#4957,#3910,#3911);
#3193=AXIS2_PLACEMENT_3D('',#4958,#3912,#3913);
#3194=AXIS2_PLACEMENT_3D('',#4960,#3914,#3915);
#3195=AXIS2_PLACEMENT_3D('',#4962,#3917,#3918);
#3196=AXIS2_PLACEMENT_3D('',#4964,#3919,#3920);
#3197=AXIS2_PLACEMENT_3D('',#4966,#3921,#3922);
#3198=AXIS2_PLACEMENT_3D('',#4968,#3923,#3924);
#3199=AXIS2_PLACEMENT_3D('',#4969,#3925,#3926);
#3200=AXIS2_PLACEMENT_3D('',#4970,#3927,#3928);
#3201=AXIS2_PLACEMENT_3D('',#4972,#3929,#3930);
#3202=AXIS2_PLACEMENT_3D('',#4973,#3931,#3932);
#3203=AXIS2_PLACEMENT_3D('',#4976,#3933,#3934);
#3204=AXIS2_PLACEMENT_3D('',#4977,#3935,#3936);
#3205=AXIS2_PLACEMENT_3D('',#4979,#3938,#3939);
#3206=AXIS2_PLACEMENT_3D('',#4980,#3940,#3941);
#3207=AXIS2_PLACEMENT_3D('',#4981,#3942,#3943);
#3208=AXIS2_PLACEMENT_3D('',#4982,#3944,#3945);
#3209=AXIS2_PLACEMENT_3D('',#4983,#3946,#3947);
#3210=AXIS2_PLACEMENT_3D('',#4985,#3948,#3949);
#3211=AXIS2_PLACEMENT_3D('',#4987,#3950,#3951);
#3212=AXIS2_PLACEMENT_3D('',#4989,#3952,#3953);
#3213=AXIS2_PLACEMENT_3D('',#4990,#3954,#3955);
#3214=AXIS2_PLACEMENT_3D('',#4991,#3956,#3957);
#3215=AXIS2_PLACEMENT_3D('',#4993,#3958,#3959);
#3216=AXIS2_PLACEMENT_3D('',#4994,#3960,#3961);
#3217=AXIS2_PLACEMENT_3D('',#4997,#3962,#3963);
#3218=AXIS2_PLACEMENT_3D('',#4998,#3964,#3965);
#3219=AXIS2_PLACEMENT_3D('',#5000,#3967,#3968);
#3220=AXIS2_PLACEMENT_3D('',#5002,#3969,#3970);
#3221=AXIS2_PLACEMENT_3D('',#5004,#3971,#3972);
#3222=AXIS2_PLACEMENT_3D('',#5006,#3973,#3974);
#3223=AXIS2_PLACEMENT_3D('',#5007,#3975,#3976);
#3224=AXIS2_PLACEMENT_3D('',#5008,#3977,#3978);
#3225=AXIS2_PLACEMENT_3D('',#5010,#3979,#3980);
#3226=AXIS2_PLACEMENT_3D('',#5011,#3981,#3982);
#3227=AXIS2_PLACEMENT_3D('',#5014,#3983,#3984);
#3228=AXIS2_PLACEMENT_3D('',#5015,#3985,#3986);
#3229=AXIS2_PLACEMENT_3D('',#5017,#3988,#3989);
#3230=AXIS2_PLACEMENT_3D('',#5019,#3990,#3991);
#3231=AXIS2_PLACEMENT_3D('',#5021,#3992,#3993);
#3232=AXIS2_PLACEMENT_3D('',#5023,#3994,#3995);
#3233=AXIS2_PLACEMENT_3D('',#5024,#3996,#3997);
#3234=AXIS2_PLACEMENT_3D('',#5025,#3998,#3999);
#3235=AXIS2_PLACEMENT_3D('',#5028,#4000,#4001);
#3236=AXIS2_PLACEMENT_3D('',#5029,#4002,#4003);
#3237=AXIS2_PLACEMENT_3D('',#5031,#4005,#4006);
#3238=AXIS2_PLACEMENT_3D('',#5033,#4007,#4008);
#3239=AXIS2_PLACEMENT_3D('',#5034,#4009,#4010);
#3240=AXIS2_PLACEMENT_3D('',#5036,#4011,#4012);
#3241=AXIS2_PLACEMENT_3D('',#5038,#4013,#4014);
#3242=AXIS2_PLACEMENT_3D('',#5040,#4015,#4016);
#3243=AXIS2_PLACEMENT_3D('',#5041,#4017,#4018);
#3244=AXIS2_PLACEMENT_3D('',#5042,#4019,#4020);
#3245=AXIS2_PLACEMENT_3D('',#5044,#4021,#4022);
#3246=AXIS2_PLACEMENT_3D('',#5045,#4023,#4024);
#3247=AXIS2_PLACEMENT_3D('',#5048,#4025,#4026);
#3248=AXIS2_PLACEMENT_3D('',#5049,#4027,#4028);
#3249=AXIS2_PLACEMENT_3D('',#5051,#4030,#4031);
#3250=AXIS2_PLACEMENT_3D('',#5053,#4032,#4033);
#3251=AXIS2_PLACEMENT_3D('',#5055,#4034,#4035);
#3252=AXIS2_PLACEMENT_3D('',#5056,#4036,#4037);
#3253=AXIS2_PLACEMENT_3D('',#5057,#4038,#4039);
#3254=AXIS2_PLACEMENT_3D('',#5061,#4041,#4042);
#3255=AXIS2_PLACEMENT_3D('',#5062,#4043,#4044);
#3256=AXIS2_PLACEMENT_3D('',#5063,#4045,#4046);
#3257=AXIS2_PLACEMENT_3D('',#5065,#4047,#4048);
#3258=AXIS2_PLACEMENT_3D('',#5067,#4050,#4051);
#3259=AXIS2_PLACEMENT_3D('',#5068,#4052,#4053);
#3260=AXIS2_PLACEMENT_3D('',#5069,#4054,#4055);
#3261=AXIS2_PLACEMENT_3D('',#5070,#4056,#4057);
#3262=AXIS2_PLACEMENT_3D('',#5071,#4058,#4059);
#3263=AXIS2_PLACEMENT_3D('',#5072,#4060,#4061);
#3264=AXIS2_PLACEMENT_3D('',#5073,#4062,#4063);
#3265=AXIS2_PLACEMENT_3D('',#5076,#4064,#4065);
#3266=AXIS2_PLACEMENT_3D('',#5077,#4066,#4067);
#3267=AXIS2_PLACEMENT_3D('',#5078,#4068,#4069);
#3268=AXIS2_PLACEMENT_3D('',#5079,#4070,#4071);
#3269=AXIS2_PLACEMENT_3D('',#5081,#4072,#4073);
#3270=AXIS2_PLACEMENT_3D('',#5083,#4075,#4076);
#3271=AXIS2_PLACEMENT_3D('',#5085,#4077,#4078);
#3272=AXIS2_PLACEMENT_3D('',#5086,#4079,#4080);
#3273=AXIS2_PLACEMENT_3D('',#5087,#4081,#4082);
#3274=AXIS2_PLACEMENT_3D('',#5089,#4083,#4084);
#3275=AXIS2_PLACEMENT_3D('',#5091,#4086,#4087);
#3276=AXIS2_PLACEMENT_3D('',#5093,#4088,#4089);
#3277=AXIS2_PLACEMENT_3D('',#5095,#4090,#4091);
#3278=AXIS2_PLACEMENT_3D('',#5096,#4092,#4093);
#3279=AXIS2_PLACEMENT_3D('',#5097,#4094,#4095);
#3280=AXIS2_PLACEMENT_3D('',#5101,#4097,#4098);
#3281=AXIS2_PLACEMENT_3D('',#5102,#4099,#4100);
#3282=AXIS2_PLACEMENT_3D('',#5103,#4101,#4102);
#3283=AXIS2_PLACEMENT_3D('',#5105,#4103,#4104);
#3284=AXIS2_PLACEMENT_3D('',#5107,#4106,#4107);
#3285=AXIS2_PLACEMENT_3D('',#5109,#4108,#4109);
#3286=AXIS2_PLACEMENT_3D('',#5111,#4110,#4111);
#3287=AXIS2_PLACEMENT_3D('',#5112,#4112,#4113);
#3288=AXIS2_PLACEMENT_3D('',#5113,#4114,#4115);
#3289=AXIS2_PLACEMENT_3D('',#5117,#4117,#4118);
#3290=AXIS2_PLACEMENT_3D('',#5118,#4119,#4120);
#3291=AXIS2_PLACEMENT_3D('',#5119,#4121,#4122);
#3292=AXIS2_PLACEMENT_3D('',#5121,#4123,#4124);
#3293=AXIS2_PLACEMENT_3D('',#5123,#4126,#4127);
#3294=AXIS2_PLACEMENT_3D('',#5124,#4128,#4129);
#3295=AXIS2_PLACEMENT_3D('',#5125,#4130,#4131);
#3296=AXIS2_PLACEMENT_3D('',#5126,#4132,#4133);
#3297=AXIS2_PLACEMENT_3D('',#5127,#4134,#4135);
#3298=AXIS2_PLACEMENT_3D('',#5128,#4136,#4137);
#3299=AXIS2_PLACEMENT_3D('',#5129,#4138,#4139);
#3300=AXIS2_PLACEMENT_3D('',#5130,#4140,#4141);
#3301=AXIS2_PLACEMENT_3D('',#5131,#4142,#4143);
#3302=AXIS2_PLACEMENT_3D('',#5133,#4144,#4145);
#3303=AXIS2_PLACEMENT_3D('',#5134,#4146,#4147);
#3304=AXIS2_PLACEMENT_3D('',#5135,#4148,#4149);
#3305=AXIS2_PLACEMENT_3D('',#5137,#4150,#4151);
#3306=AXIS2_PLACEMENT_3D('',#5139,#4153,#4154);
#3307=AXIS2_PLACEMENT_3D('',#5141,#4155,#4156);
#3308=AXIS2_PLACEMENT_3D('',#5142,#4157,#4158);
#3309=AXIS2_PLACEMENT_3D('',#5143,#4159,#4160);
#3310=AXIS2_PLACEMENT_3D('',#5156,#4167,#4168);
#3311=AXIS2_PLACEMENT_3D('',#5158,#4169,#4170);
#3312=AXIS2_PLACEMENT_3D('',#5161,#4172,#4173);
#3313=AXIS2_PLACEMENT_3D('',#5162,#4174,#4175);
#3314=AXIS2_PLACEMENT_3D('',#5164,#4176,#4177);
#3315=AXIS2_PLACEMENT_3D('',#5166,#4179,#4180);
#3316=AXIS2_PLACEMENT_3D('',#5169,#4182,#4183);
#3317=AXIS2_PLACEMENT_3D('',#5170,#4184,#4185);
#3318=AXIS2_PLACEMENT_3D('',#5173,#4187,#4188);
#3319=AXIS2_PLACEMENT_3D('',#5174,#4189,#4190);
#3320=AXIS2_PLACEMENT_3D('',#5177,#4192,#4193);
#3321=AXIS2_PLACEMENT_3D('',#5178,#4194,#4195);
#3322=AXIS2_PLACEMENT_3D('',#5180,#4197,#4198);
#3323=AXIS2_PLACEMENT_3D('',#5186,#4202,#4203);
#3324=AXIS2_PLACEMENT_3D('',#5190,#4206,#4207);
#3325=AXIS2_PLACEMENT_3D('',#5194,#4210,#4211);
#3326=AXIS2_PLACEMENT_3D('',#5198,#4213,#4214);
#3327=AXIS2_PLACEMENT_3D('',#5199,#4215,#4216);
#3328=AXIS2_PLACEMENT_3D('',#5200,#4217,#4218);
#3329=AXIS2_PLACEMENT_3D('',#5203,#4220,#4221);
#3330=AXIS2_PLACEMENT_3D('',#5204,#4222,#4223);
#3331=AXIS2_PLACEMENT_3D('',#5206,#4224,#4225);
#3332=AXIS2_PLACEMENT_3D('',#5208,#4227,#4228);
#3333=AXIS2_PLACEMENT_3D('',#5212,#4230,#4231);
#3334=AXIS2_PLACEMENT_3D('',#5214,#4233,#4234);
#3335=AXIS2_PLACEMENT_3D('',#5218,#4236,#4237);
#3336=AXIS2_PLACEMENT_3D('',#5220,#4239,#4240);
#3337=AXIS2_PLACEMENT_3D('',#5223,#4243,#4244);
#3338=AXIS2_PLACEMENT_3D('',#5225,#4246,#4247);
#3339=AXIS2_PLACEMENT_3D('',#5227,#4248,#4249);
#3340=AXIS2_PLACEMENT_3D('',#5241,#4256,#4257);
#3341=AXIS2_PLACEMENT_3D('',#5243,#4258,#4259);
#3342=AXIS2_PLACEMENT_3D('',#5245,#4260,#4261);
#3343=AXIS2_PLACEMENT_3D('',#5247,#4262,#4263);
#3344=AXIS2_PLACEMENT_3D('',#5249,#4264,#4265);
#3345=AXIS2_PLACEMENT_3D('',#5251,#4266,#4267);
#3346=AXIS2_PLACEMENT_3D('',#5253,#4268,#4269);
#3347=AXIS2_PLACEMENT_3D('',#5255,#4270,#4271);
#3348=AXIS2_PLACEMENT_3D('',#5257,#4272,#4273);
#3349=AXIS2_PLACEMENT_3D('',#5259,#4274,#4275);
#3350=AXIS2_PLACEMENT_3D('',#5261,#4276,#4277);
#3351=AXIS2_PLACEMENT_3D('',#5263,#4278,#4279);
#3352=AXIS2_PLACEMENT_3D('',#5264,#4280,#4281);
#3353=AXIS2_PLACEMENT_3D('',#5266,#4282,#4283);
#3354=AXIS2_PLACEMENT_3D('',#5269,#4285,#4286);
#3355=AXIS2_PLACEMENT_3D('',#5270,#4287,#4288);
#3356=AXIS2_PLACEMENT_3D('',#5272,#4289,#4290);
#3357=AXIS2_PLACEMENT_3D('',#5274,#4292,#4293);
#3358=AXIS2_PLACEMENT_3D('',#5276,#4294,#4295);
#3359=AXIS2_PLACEMENT_3D('',#5279,#4297,#4298);
#3360=AXIS2_PLACEMENT_3D('',#5280,#4299,#4300);
#3361=AXIS2_PLACEMENT_3D('',#5283,#4302,#4303);
#3362=AXIS2_PLACEMENT_3D('',#5284,#4304,#4305);
#3363=AXIS2_PLACEMENT_3D('',#5286,#4307,#4308);
#3364=AXIS2_PLACEMENT_3D('',#5288,#4310,#4311);
#3365=AXIS2_PLACEMENT_3D('',#5294,#4315,#4316);
#3366=AXIS2_PLACEMENT_3D('',#5298,#4319,#4320);
#3367=AXIS2_PLACEMENT_3D('',#5302,#4323,#4324);
#3368=AXIS2_PLACEMENT_3D('',#5306,#4326,#4327);
#3369=AXIS2_PLACEMENT_3D('',#5309,#4329,#4330);
#3370=AXIS2_PLACEMENT_3D('',#5310,#4331,#4332);
#3371=AXIS2_PLACEMENT_3D('',#5313,#4334,#4335);
#3372=AXIS2_PLACEMENT_3D('',#5314,#4336,#4337);
#3373=AXIS2_PLACEMENT_3D('',#5317,#4339,#4340);
#3374=AXIS2_PLACEMENT_3D('',#5318,#4341,#4342);
#3375=AXIS2_PLACEMENT_3D('',#5321,#4344,#4345);
#3376=AXIS2_PLACEMENT_3D('',#5322,#4346,#4347);
#3377=AXIS2_PLACEMENT_3D('',#5327,#4350,#4351);
#3378=AXIS2_PLACEMENT_3D('',#5328,#4352,#4353);
#3379=AXIS2_PLACEMENT_3D('',#5331,#4356,#4357);
#3380=AXIS2_PLACEMENT_3D('',#5333,#4359,#4360);
#3381=AXIS2_PLACEMENT_3D('',#5335,#4362,#4363);
#3382=AXIS2_PLACEMENT_3D('',#5336,#4364,#4365);
#3383=AXIS2_PLACEMENT_3D('',#5338,#4366,#4367);
#3384=AXIS2_PLACEMENT_3D('',#5339,#4368,#4369);
#3385=AXIS2_PLACEMENT_3D('',#5341,#4370,#4371);
#3386=AXIS2_PLACEMENT_3D('',#5342,#4372,#4373);
#3387=AXIS2_PLACEMENT_3D('',#5343,#4374,#4375);
#3388=AXIS2_PLACEMENT_3D('',#5345,#4376,#4377);
#3389=AXIS2_PLACEMENT_3D('',#5347,#4379,#4380);
#3390=AXIS2_PLACEMENT_3D('',#5348,#4381,#4382);
#3391=AXIS2_PLACEMENT_3D('',#5349,#4383,#4384);
#3392=AXIS2_PLACEMENT_3D('',#5351,#4386,#4387);
#3393=AXIS2_PLACEMENT_3D('',#5352,#4388,#4389);
#3394=AXIS2_PLACEMENT_3D('',#5354,#4390,#4391);
#3395=AXIS2_PLACEMENT_3D('',#5355,#4392,#4393);
#3396=AXIS2_PLACEMENT_3D('',#5356,#4394,#4395);
#3397=AXIS2_PLACEMENT_3D('',#5359,#4397,#4398);
#3398=AXIS2_PLACEMENT_3D('',#5360,#4399,#4400);
#3399=AXIS2_PLACEMENT_3D('',#5361,#4401,#4402);
#3400=AXIS2_PLACEMENT_3D('',#5362,#4403,#4404);
#3401=AXIS2_PLACEMENT_3D('',#5364,#4405,#4406);
#3402=AXIS2_PLACEMENT_3D('',#5366,#4407,#4408);
#3403=AXIS2_PLACEMENT_3D('',#5368,#4409,#4410);
#3404=AXIS2_PLACEMENT_3D('',#5369,#4411,#4412);
#3405=AXIS2_PLACEMENT_3D('',#5370,#4413,#4414);
#3406=AXIS2_PLACEMENT_3D('',#5373,#4416,#4417);
#3407=AXIS2_PLACEMENT_3D('',#5374,#4418,#4419);
#3408=AXIS2_PLACEMENT_3D('',#5375,#4420,#4421);
#3409=AXIS2_PLACEMENT_3D('',#5377,#4422,#4423);
#3410=AXIS2_PLACEMENT_3D('',#5379,#4424,#4425);
#3411=AXIS2_PLACEMENT_3D('',#5381,#4426,#4427);
#3412=AXIS2_PLACEMENT_3D('',#5382,#4428,#4429);
#3413=AXIS2_PLACEMENT_3D('',#5383,#4430,#4431);
#3414=AXIS2_PLACEMENT_3D('',#5386,#4433,#4434);
#3415=AXIS2_PLACEMENT_3D('',#5387,#4435,#4436);
#3416=AXIS2_PLACEMENT_3D('',#5388,#4437,#4438);
#3417=AXIS2_PLACEMENT_3D('',#5390,#4439,#4440);
#3418=AXIS2_PLACEMENT_3D('',#5392,#4441,#4442);
#3419=AXIS2_PLACEMENT_3D('',#5394,#4443,#4444);
#3420=AXIS2_PLACEMENT_3D('',#5395,#4445,#4446);
#3421=AXIS2_PLACEMENT_3D('',#5396,#4447,#4448);
#3422=AXIS2_PLACEMENT_3D('',#5399,#4450,#4451);
#3423=AXIS2_PLACEMENT_3D('',#5400,#4452,#4453);
#3424=AXIS2_PLACEMENT_3D('',#5401,#4454,#4455);
#3425=AXIS2_PLACEMENT_3D('',#5403,#4456,#4457);
#3426=AXIS2_PLACEMENT_3D('',#5405,#4458,#4459);
#3427=AXIS2_PLACEMENT_3D('',#5407,#4460,#4461);
#3428=AXIS2_PLACEMENT_3D('',#5408,#4462,#4463);
#3429=AXIS2_PLACEMENT_3D('',#5409,#4464,#4465);
#3430=AXIS2_PLACEMENT_3D('',#5412,#4467,#4468);
#3431=AXIS2_PLACEMENT_3D('',#5413,#4469,#4470);
#3432=AXIS2_PLACEMENT_3D('',#5414,#4471,#4472);
#3433=AXIS2_PLACEMENT_3D('',#5416,#4473,#4474);
#3434=AXIS2_PLACEMENT_3D('',#5418,#4475,#4476);
#3435=AXIS2_PLACEMENT_3D('',#5420,#4477,#4478);
#3436=AXIS2_PLACEMENT_3D('',#5421,#4479,#4480);
#3437=AXIS2_PLACEMENT_3D('',#5422,#4481,#4482);
#3438=AXIS2_PLACEMENT_3D('',#5425,#4484,#4485);
#3439=AXIS2_PLACEMENT_3D('',#5426,#4486,#4487);
#3440=AXIS2_PLACEMENT_3D('',#5427,#4488,#4489);
#3441=AXIS2_PLACEMENT_3D('',#5429,#4490,#4491);
#3442=AXIS2_PLACEMENT_3D('',#5431,#4492,#4493);
#3443=AXIS2_PLACEMENT_3D('',#5433,#4494,#4495);
#3444=AXIS2_PLACEMENT_3D('',#5434,#4496,#4497);
#3445=AXIS2_PLACEMENT_3D('',#5435,#4498,#4499);
#3446=AXIS2_PLACEMENT_3D('',#5438,#4501,#4502);
#3447=AXIS2_PLACEMENT_3D('',#5439,#4503,#4504);
#3448=AXIS2_PLACEMENT_3D('',#5440,#4505,#4506);
#3449=AXIS2_PLACEMENT_3D('',#5442,#4507,#4508);
#3450=AXIS2_PLACEMENT_3D('',#5444,#4509,#4510);
#3451=AXIS2_PLACEMENT_3D('',#5446,#4511,#4512);
#3452=AXIS2_PLACEMENT_3D('',#5447,#4513,#4514);
#3453=AXIS2_PLACEMENT_3D('',#5448,#4515,#4516);
#3454=AXIS2_PLACEMENT_3D('',#5451,#4518,#4519);
#3455=AXIS2_PLACEMENT_3D('',#5452,#4520,#4521);
#3456=AXIS2_PLACEMENT_3D('',#5453,#4522,#4523);
#3457=AXIS2_PLACEMENT_3D('',#5455,#4524,#4525);
#3458=AXIS2_PLACEMENT_3D('',#5457,#4526,#4527);
#3459=AXIS2_PLACEMENT_3D('',#5459,#4528,#4529);
#3460=AXIS2_PLACEMENT_3D('',#5460,#4530,#4531);
#3461=AXIS2_PLACEMENT_3D('',#5461,#4532,#4533);
#3462=AXIS2_PLACEMENT_3D('',#5464,#4535,#4536);
#3463=AXIS2_PLACEMENT_3D('',#5465,#4537,#4538);
#3464=AXIS2_PLACEMENT_3D('',#5466,#4539,#4540);
#3465=AXIS2_PLACEMENT_3D('',#5468,#4541,#4542);
#3466=AXIS2_PLACEMENT_3D('',#5470,#4543,#4544);
#3467=AXIS2_PLACEMENT_3D('',#5472,#4545,#4546);
#3468=AXIS2_PLACEMENT_3D('',#5473,#4547,#4548);
#3469=AXIS2_PLACEMENT_3D('',#5474,#4549,#4550);
#3470=AXIS2_PLACEMENT_3D('',#5477,#4552,#4553);
#3471=AXIS2_PLACEMENT_3D('',#5478,#4554,#4555);
#3472=AXIS2_PLACEMENT_3D('',#5479,#4556,#4557);
#3473=AXIS2_PLACEMENT_3D('',#5481,#4558,#4559);
#3474=AXIS2_PLACEMENT_3D('',#5483,#4560,#4561);
#3475=AXIS2_PLACEMENT_3D('',#5485,#4562,#4563);
#3476=AXIS2_PLACEMENT_3D('',#5486,#4564,#4565);
#3477=AXIS2_PLACEMENT_3D('',#5487,#4566,#4567);
#3478=AXIS2_PLACEMENT_3D('',#5490,#4569,#4570);
#3479=AXIS2_PLACEMENT_3D('',#5491,#4571,#4572);
#3480=AXIS2_PLACEMENT_3D('',#5492,#4573,#4574);
#3481=AXIS2_PLACEMENT_3D('',#5494,#4575,#4576);
#3482=AXIS2_PLACEMENT_3D('',#5496,#4577,#4578);
#3483=AXIS2_PLACEMENT_3D('',#5498,#4579,#4580);
#3484=AXIS2_PLACEMENT_3D('',#5499,#4581,#4582);
#3485=AXIS2_PLACEMENT_3D('',#5500,#4583,#4584);
#3486=AXIS2_PLACEMENT_3D('',#5503,#4586,#4587);
#3487=AXIS2_PLACEMENT_3D('',#5504,#4588,#4589);
#3488=AXIS2_PLACEMENT_3D('',#5505,#4590,#4591);
#3489=AXIS2_PLACEMENT_3D('',#5507,#4592,#4593);
#3490=AXIS2_PLACEMENT_3D('',#5509,#4594,#4595);
#3491=AXIS2_PLACEMENT_3D('',#5511,#4596,#4597);
#3492=AXIS2_PLACEMENT_3D('',#5512,#4598,#4599);
#3493=AXIS2_PLACEMENT_3D('',#5513,#4600,#4601);
#3494=AXIS2_PLACEMENT_3D('',#5516,#4603,#4604);
#3495=AXIS2_PLACEMENT_3D('',#5517,#4605,#4606);
#3496=AXIS2_PLACEMENT_3D('',#5518,#4607,#4608);
#3497=AXIS2_PLACEMENT_3D('',#5519,#4609,#4610);
#3498=AXIS2_PLACEMENT_3D('',#5520,#4611,#4612);
#3499=AXIS2_PLACEMENT_3D('',#5521,#4613,#4614);
#3500=AXIS2_PLACEMENT_3D('',#5522,#4615,#4616);
#3501=AXIS2_PLACEMENT_3D('',#5523,#4617,#4618);
#3502=AXIS2_PLACEMENT_3D('',#5524,#4619,#4620);
#3503=AXIS2_PLACEMENT_3D('',#5525,#4621,#4622);
#3504=AXIS2_PLACEMENT_3D('',#5526,#4623,#4624);
#3505=AXIS2_PLACEMENT_3D('',#5527,#4625,#4626);
#3506=AXIS2_PLACEMENT_3D('',#5528,#4627,#4628);
#3507=AXIS2_PLACEMENT_3D('',#5529,#4629,#4630);
#3508=AXIS2_PLACEMENT_3D('',#5530,#4631,#4632);
#3509=AXIS2_PLACEMENT_3D('',#5531,#4633,#4634);
#3510=AXIS2_PLACEMENT_3D('',#5532,#4635,#4636);
#3511=AXIS2_PLACEMENT_3D('',#5533,#4637,#4638);
#3512=AXIS2_PLACEMENT_3D('',#5534,#4639,#4640);
#3513=AXIS2_PLACEMENT_3D('',#5535,#4641,#4642);
#3514=AXIS2_PLACEMENT_3D('',#5536,#4643,#4644);
#3515=AXIS2_PLACEMENT_3D('',#5537,#4645,#4646);
#3516=AXIS2_PLACEMENT_3D('',#5538,#4647,#4648);
#3517=AXIS2_PLACEMENT_3D('',#5539,#4649,#4650);
#3518=AXIS2_PLACEMENT_3D('',#5540,#4651,#4652);
#3519=AXIS2_PLACEMENT_3D('',#5541,#4653,#4654);
#3520=DIRECTION('axis',(0.,0.,1.));
#3521=DIRECTION('refdir',(1.,0.,0.));
#3522=DIRECTION('center_axis',(0.,0.,-1.));
#3523=DIRECTION('ref_axis',(-1.,0.,0.));
#3524=DIRECTION('center_axis',(0.,0.,1.));
#3525=DIRECTION('ref_axis',(1.,0.,0.));
#3526=DIRECTION('center_axis',(0.,-1.,0.));
#3527=DIRECTION('ref_axis',(1.,0.,0.));
#3528=DIRECTION('center_axis',(0.,0.,-1.));
#3529=DIRECTION('ref_axis',(1.,0.,0.));
#3530=DIRECTION('center_axis',(0.,0.,-1.));
#3531=DIRECTION('ref_axis',(-1.,0.,0.));
#3532=DIRECTION('',(0.,0.,1.));
#3533=DIRECTION('center_axis',(0.,0.,-1.));
#3534=DIRECTION('ref_axis',(-1.,0.,0.));
#3535=DIRECTION('center_axis',(0.,0.,-1.));
#3536=DIRECTION('ref_axis',(-1.,0.,0.));
#3537=DIRECTION('center_axis',(0.,0.,-1.));
#3538=DIRECTION('ref_axis',(-1.,0.,0.));
#3539=DIRECTION('center_axis',(0.,0.,1.));
#3540=DIRECTION('ref_axis',(-1.,0.,0.));
#3541=DIRECTION('',(-0.707106781186547,8.65956056235493E-17,0.707106781186548));
#3542=DIRECTION('center_axis',(0.,0.,1.));
#3543=DIRECTION('ref_axis',(1.,0.,0.));
#3544=DIRECTION('center_axis',(0.,-1.,0.));
#3545=DIRECTION('ref_axis',(-1.,0.,0.));
#3546=DIRECTION('center_axis',(0.,0.,1.));
#3547=DIRECTION('ref_axis',(-1.,0.,0.));
#3548=DIRECTION('center_axis',(0.,0.,1.));
#3549=DIRECTION('ref_axis',(1.,0.,0.));
#3550=DIRECTION('center_axis',(0.,0.,-1.));
#3551=DIRECTION('ref_axis',(-1.,0.,0.));
#3552=DIRECTION('center_axis',(0.,0.,-1.));
#3553=DIRECTION('ref_axis',(-1.,0.,0.));
#3554=DIRECTION('center_axis',(0.,-1.,0.));
#3555=DIRECTION('ref_axis',(1.,0.,0.));
#3556=DIRECTION('center_axis',(0.,0.,1.));
#3557=DIRECTION('ref_axis',(-1.,0.,0.));
#3558=DIRECTION('center_axis',(0.,0.,1.));
#3559=DIRECTION('ref_axis',(-1.,0.,0.));
#3560=DIRECTION('center_axis',(0.,0.,-1.));
#3561=DIRECTION('ref_axis',(1.,0.,0.));
#3562=DIRECTION('center_axis',(0.,0.,-1.));
#3563=DIRECTION('ref_axis',(-1.,0.,0.));
#3564=DIRECTION('center_axis',(0.,0.,-1.));
#3565=DIRECTION('ref_axis',(-1.,0.,0.));
#3566=DIRECTION('',(0.,0.,-1.));
#3567=DIRECTION('center_axis',(0.,0.,-1.));
#3568=DIRECTION('ref_axis',(-1.,0.,0.));
#3569=DIRECTION('center_axis',(0.,0.,1.));
#3570=DIRECTION('ref_axis',(-1.,0.,0.));
#3571=DIRECTION('center_axis',(0.,-1.,0.));
#3572=DIRECTION('ref_axis',(1.,0.,0.));
#3573=DIRECTION('center_axis',(0.,0.,1.));
#3574=DIRECTION('ref_axis',(1.,0.,0.));
#3575=DIRECTION('center_axis',(0.,0.,-1.));
#3576=DIRECTION('ref_axis',(-1.,1.22464679914735E-16,0.));
#3577=DIRECTION('center_axis',(0.,0.,1.));
#3578=DIRECTION('ref_axis',(-1.,0.,0.));
#3579=DIRECTION('center_axis',(0.,0.,1.));
#3580=DIRECTION('ref_axis',(-1.,0.,0.));
#3581=DIRECTION('center_axis',(0.,0.,1.));
#3582=DIRECTION('ref_axis',(-1.,0.,0.));
#3583=DIRECTION('center_axis',(0.,0.,1.));
#3584=DIRECTION('ref_axis',(-1.,0.,0.));
#3585=DIRECTION('center_axis',(0.,0.,1.));
#3586=DIRECTION('ref_axis',(-1.,0.,0.));
#3587=DIRECTION('center_axis',(0.,0.,1.));
#3588=DIRECTION('ref_axis',(-1.,0.,0.));
#3589=DIRECTION('center_axis',(0.,0.,1.));
#3590=DIRECTION('ref_axis',(-1.,0.,0.));
#3591=DIRECTION('center_axis',(0.,0.,1.));
#3592=DIRECTION('ref_axis',(-1.,0.,0.));
#3593=DIRECTION('center_axis',(0.,0.,1.));
#3594=DIRECTION('ref_axis',(-1.,0.,0.));
#3595=DIRECTION('center_axis',(0.,0.,1.));
#3596=DIRECTION('ref_axis',(-1.,0.,0.));
#3597=DIRECTION('center_axis',(0.,0.,1.));
#3598=DIRECTION('ref_axis',(-1.,0.,0.));
#3599=DIRECTION('center_axis',(0.,0.,1.));
#3600=DIRECTION('ref_axis',(-1.,0.,0.));
#3601=DIRECTION('center_axis',(0.,0.,1.));
#3602=DIRECTION('ref_axis',(-1.,0.,0.));
#3603=DIRECTION('center_axis',(0.,0.,-1.));
#3604=DIRECTION('ref_axis',(-1.,0.,0.));
#3605=DIRECTION('center_axis',(0.,0.,1.));
#3606=DIRECTION('ref_axis',(1.,0.,0.));
#3607=DIRECTION('center_axis',(0.,-1.,0.));
#3608=DIRECTION('ref_axis',(1.,0.,0.));
#3609=DIRECTION('center_axis',(0.,0.,-1.));
#3610=DIRECTION('ref_axis',(1.,0.,0.));
#3611=DIRECTION('center_axis',(0.,0.,-1.));
#3612=DIRECTION('ref_axis',(-1.,0.,0.));
#3613=DIRECTION('',(0.,0.,1.));
#3614=DIRECTION('center_axis',(0.,0.,-1.));
#3615=DIRECTION('ref_axis',(-1.,0.,0.));
#3616=DIRECTION('center_axis',(0.,0.,-1.));
#3617=DIRECTION('ref_axis',(-1.,0.,0.));
#3618=DIRECTION('center_axis',(0.,0.,-1.));
#3619=DIRECTION('ref_axis',(-1.,0.,0.));
#3620=DIRECTION('center_axis',(0.,0.,1.));
#3621=DIRECTION('ref_axis',(-1.,0.,0.));
#3622=DIRECTION('',(-0.707106781186547,8.65956056235493E-17,0.707106781186548));
#3623=DIRECTION('center_axis',(0.,0.,1.));
#3624=DIRECTION('ref_axis',(1.,0.,0.));
#3625=DIRECTION('center_axis',(0.,-1.,0.));
#3626=DIRECTION('ref_axis',(-1.,0.,0.));
#3627=DIRECTION('center_axis',(0.,0.,1.));
#3628=DIRECTION('ref_axis',(-1.,0.,0.));
#3629=DIRECTION('center_axis',(0.,0.,1.));
#3630=DIRECTION('ref_axis',(1.,0.,0.));
#3631=DIRECTION('center_axis',(0.,0.,-1.));
#3632=DIRECTION('ref_axis',(-1.,0.,0.));
#3633=DIRECTION('center_axis',(0.,0.,-1.));
#3634=DIRECTION('ref_axis',(-1.,0.,0.));
#3635=DIRECTION('center_axis',(0.,-1.,0.));
#3636=DIRECTION('ref_axis',(1.,0.,0.));
#3637=DIRECTION('center_axis',(0.,0.,1.));
#3638=DIRECTION('ref_axis',(-1.,0.,0.));
#3639=DIRECTION('center_axis',(0.,0.,1.));
#3640=DIRECTION('ref_axis',(-1.,0.,0.));
#3641=DIRECTION('center_axis',(0.,0.,-1.));
#3642=DIRECTION('ref_axis',(1.,0.,0.));
#3643=DIRECTION('center_axis',(0.,0.,-1.));
#3644=DIRECTION('ref_axis',(-1.,0.,0.));
#3645=DIRECTION('center_axis',(0.,0.,-1.));
#3646=DIRECTION('ref_axis',(-1.,0.,0.));
#3647=DIRECTION('',(0.,0.,-1.));
#3648=DIRECTION('center_axis',(0.,0.,-1.));
#3649=DIRECTION('ref_axis',(-1.,0.,0.));
#3650=DIRECTION('center_axis',(0.,-1.,0.));
#3651=DIRECTION('ref_axis',(1.,0.,0.));
#3652=DIRECTION('center_axis',(0.,0.,-1.));
#3653=DIRECTION('ref_axis',(-1.,0.,0.));
#3654=DIRECTION('center_axis',(0.,0.,1.));
#3655=DIRECTION('ref_axis',(1.,0.,0.));
#3656=DIRECTION('center_axis',(0.,-1.,0.));
#3657=DIRECTION('ref_axis',(1.,0.,0.));
#3658=DIRECTION('center_axis',(0.,0.,-1.));
#3659=DIRECTION('ref_axis',(1.,0.,0.));
#3660=DIRECTION('center_axis',(0.,0.,-1.));
#3661=DIRECTION('ref_axis',(-1.,0.,0.));
#3662=DIRECTION('',(0.,0.,1.));
#3663=DIRECTION('center_axis',(0.,0.,-1.));
#3664=DIRECTION('ref_axis',(-1.,0.,0.));
#3665=DIRECTION('center_axis',(0.,0.,-1.));
#3666=DIRECTION('ref_axis',(-1.,0.,0.));
#3667=DIRECTION('center_axis',(0.,0.,-1.));
#3668=DIRECTION('ref_axis',(-1.,0.,0.));
#3669=DIRECTION('center_axis',(0.,0.,1.));
#3670=DIRECTION('ref_axis',(-1.,0.,0.));
#3671=DIRECTION('',(-0.707106781186547,8.65956056235493E-17,0.707106781186548));
#3672=DIRECTION('center_axis',(0.,0.,1.));
#3673=DIRECTION('ref_axis',(1.,0.,0.));
#3674=DIRECTION('center_axis',(0.,-1.,0.));
#3675=DIRECTION('ref_axis',(-1.,0.,0.));
#3676=DIRECTION('center_axis',(0.,0.,1.));
#3677=DIRECTION('ref_axis',(-1.,0.,0.));
#3678=DIRECTION('center_axis',(0.,0.,1.));
#3679=DIRECTION('ref_axis',(1.,0.,0.));
#3680=DIRECTION('center_axis',(0.,0.,-1.));
#3681=DIRECTION('ref_axis',(-1.,0.,0.));
#3682=DIRECTION('center_axis',(0.,0.,-1.));
#3683=DIRECTION('ref_axis',(-1.,0.,0.));
#3684=DIRECTION('center_axis',(0.,-1.,0.));
#3685=DIRECTION('ref_axis',(1.,0.,0.));
#3686=DIRECTION('center_axis',(0.,0.,1.));
#3687=DIRECTION('ref_axis',(-1.,0.,0.));
#3688=DIRECTION('center_axis',(0.,0.,1.));
#3689=DIRECTION('ref_axis',(-1.,0.,0.));
#3690=DIRECTION('center_axis',(0.,0.,-1.));
#3691=DIRECTION('ref_axis',(1.,0.,0.));
#3692=DIRECTION('center_axis',(0.,0.,-1.));
#3693=DIRECTION('ref_axis',(-1.,0.,0.));
#3694=DIRECTION('center_axis',(0.,0.,-1.));
#3695=DIRECTION('ref_axis',(-1.,0.,0.));
#3696=DIRECTION('',(0.,0.,-1.));
#3697=DIRECTION('center_axis',(0.,0.,-1.));
#3698=DIRECTION('ref_axis',(-1.,0.,0.));
#3699=DIRECTION('center_axis',(0.,-1.,0.));
#3700=DIRECTION('ref_axis',(1.,0.,0.));
#3701=DIRECTION('center_axis',(0.,0.,-1.));
#3702=DIRECTION('ref_axis',(-1.,0.,0.));
#3703=DIRECTION('center_axis',(0.,0.,1.));
#3704=DIRECTION('ref_axis',(1.,0.,0.));
#3705=DIRECTION('center_axis',(0.,-1.,0.));
#3706=DIRECTION('ref_axis',(1.,0.,0.));
#3707=DIRECTION('center_axis',(0.,0.,-1.));
#3708=DIRECTION('ref_axis',(1.,0.,0.));
#3709=DIRECTION('center_axis',(0.,0.,-1.));
#3710=DIRECTION('ref_axis',(-1.,0.,0.));
#3711=DIRECTION('',(0.,0.,1.));
#3712=DIRECTION('center_axis',(0.,0.,-1.));
#3713=DIRECTION('ref_axis',(-1.,0.,0.));
#3714=DIRECTION('center_axis',(0.,0.,-1.));
#3715=DIRECTION('ref_axis',(-1.,0.,0.));
#3716=DIRECTION('center_axis',(0.,0.,-1.));
#3717=DIRECTION('ref_axis',(-1.,0.,0.));
#3718=DIRECTION('center_axis',(0.,0.,1.));
#3719=DIRECTION('ref_axis',(-1.,0.,0.));
#3720=DIRECTION('',(-0.707106781186547,8.65956056235493E-17,0.707106781186548));
#3721=DIRECTION('center_axis',(0.,0.,1.));
#3722=DIRECTION('ref_axis',(1.,0.,0.));
#3723=DIRECTION('center_axis',(0.,-1.,0.));
#3724=DIRECTION('ref_axis',(-1.,0.,0.));
#3725=DIRECTION('center_axis',(0.,0.,1.));
#3726=DIRECTION('ref_axis',(-1.,0.,0.));
#3727=DIRECTION('center_axis',(0.,0.,1.));
#3728=DIRECTION('ref_axis',(1.,0.,0.));
#3729=DIRECTION('center_axis',(0.,0.,-1.));
#3730=DIRECTION('ref_axis',(-1.,0.,0.));
#3731=DIRECTION('center_axis',(0.,0.,-1.));
#3732=DIRECTION('ref_axis',(-1.,0.,0.));
#3733=DIRECTION('center_axis',(0.,-1.,0.));
#3734=DIRECTION('ref_axis',(1.,0.,0.));
#3735=DIRECTION('center_axis',(0.,0.,1.));
#3736=DIRECTION('ref_axis',(-1.,0.,0.));
#3737=DIRECTION('center_axis',(0.,0.,1.));
#3738=DIRECTION('ref_axis',(-1.,0.,0.));
#3739=DIRECTION('center_axis',(0.,0.,-1.));
#3740=DIRECTION('ref_axis',(1.,0.,0.));
#3741=DIRECTION('center_axis',(0.,0.,-1.));
#3742=DIRECTION('ref_axis',(-1.,0.,0.));
#3743=DIRECTION('center_axis',(0.,0.,-1.));
#3744=DIRECTION('ref_axis',(-1.,0.,0.));
#3745=DIRECTION('',(0.,0.,-1.));
#3746=DIRECTION('center_axis',(0.,0.,-1.));
#3747=DIRECTION('ref_axis',(-1.,0.,0.));
#3748=DIRECTION('center_axis',(0.,-1.,0.));
#3749=DIRECTION('ref_axis',(1.,0.,0.));
#3750=DIRECTION('center_axis',(0.,0.,-1.));
#3751=DIRECTION('ref_axis',(-1.,0.,0.));
#3752=DIRECTION('center_axis',(0.,0.,1.));
#3753=DIRECTION('ref_axis',(1.,0.,0.));
#3754=DIRECTION('center_axis',(0.,-1.,0.));
#3755=DIRECTION('ref_axis',(1.,0.,0.));
#3756=DIRECTION('center_axis',(0.,0.,-1.));
#3757=DIRECTION('ref_axis',(1.,0.,0.));
#3758=DIRECTION('center_axis',(0.,0.,-1.));
#3759=DIRECTION('ref_axis',(-1.,0.,0.));
#3760=DIRECTION('',(0.,0.,1.));
#3761=DIRECTION('center_axis',(0.,0.,-1.));
#3762=DIRECTION('ref_axis',(-1.,0.,0.));
#3763=DIRECTION('center_axis',(0.,0.,-1.));
#3764=DIRECTION('ref_axis',(-1.,0.,0.));
#3765=DIRECTION('center_axis',(0.,0.,-1.));
#3766=DIRECTION('ref_axis',(-1.,0.,0.));
#3767=DIRECTION('center_axis',(0.,0.,1.));
#3768=DIRECTION('ref_axis',(-1.,0.,0.));
#3769=DIRECTION('',(-0.707106781186547,8.65956056235493E-17,0.707106781186548));
#3770=DIRECTION('center_axis',(0.,0.,1.));
#3771=DIRECTION('ref_axis',(1.,0.,0.));
#3772=DIRECTION('center_axis',(0.,-1.,0.));
#3773=DIRECTION('ref_axis',(-1.,0.,0.));
#3774=DIRECTION('center_axis',(0.,0.,1.));
#3775=DIRECTION('ref_axis',(-1.,0.,0.));
#3776=DIRECTION('center_axis',(0.,0.,1.));
#3777=DIRECTION('ref_axis',(1.,0.,0.));
#3778=DIRECTION('center_axis',(0.,0.,-1.));
#3779=DIRECTION('ref_axis',(-1.,0.,0.));
#3780=DIRECTION('center_axis',(0.,0.,-1.));
#3781=DIRECTION('ref_axis',(-1.,0.,0.));
#3782=DIRECTION('center_axis',(0.,-1.,0.));
#3783=DIRECTION('ref_axis',(1.,0.,0.));
#3784=DIRECTION('center_axis',(0.,0.,1.));
#3785=DIRECTION('ref_axis',(-1.,0.,0.));
#3786=DIRECTION('center_axis',(0.,0.,1.));
#3787=DIRECTION('ref_axis',(-1.,0.,0.));
#3788=DIRECTION('center_axis',(0.,0.,-1.));
#3789=DIRECTION('ref_axis',(1.,0.,0.));
#3790=DIRECTION('center_axis',(0.,0.,-1.));
#3791=DIRECTION('ref_axis',(-1.,0.,0.));
#3792=DIRECTION('center_axis',(0.,0.,-1.));
#3793=DIRECTION('ref_axis',(-1.,0.,0.));
#3794=DIRECTION('',(0.,0.,-1.));
#3795=DIRECTION('center_axis',(0.,0.,-1.));
#3796=DIRECTION('ref_axis',(-1.,0.,0.));
#3797=DIRECTION('center_axis',(0.,-1.,0.));
#3798=DIRECTION('ref_axis',(1.,0.,0.));
#3799=DIRECTION('center_axis',(0.,0.,-1.));
#3800=DIRECTION('ref_axis',(-1.,0.,0.));
#3801=DIRECTION('center_axis',(0.,0.,1.));
#3802=DIRECTION('ref_axis',(1.,0.,0.));
#3803=DIRECTION('center_axis',(0.,-1.,0.));
#3804=DIRECTION('ref_axis',(1.,0.,0.));
#3805=DIRECTION('center_axis',(0.,0.,-1.));
#3806=DIRECTION('ref_axis',(1.,0.,0.));
#3807=DIRECTION('center_axis',(0.,0.,-1.));
#3808=DIRECTION('ref_axis',(-1.,0.,0.));
#3809=DIRECTION('',(0.,0.,1.));
#3810=DIRECTION('center_axis',(0.,0.,-1.));
#3811=DIRECTION('ref_axis',(-1.,0.,0.));
#3812=DIRECTION('center_axis',(0.,0.,-1.));
#3813=DIRECTION('ref_axis',(-1.,0.,0.));
#3814=DIRECTION('center_axis',(0.,0.,-1.));
#3815=DIRECTION('ref_axis',(-1.,0.,0.));
#3816=DIRECTION('center_axis',(0.,0.,1.));
#3817=DIRECTION('ref_axis',(-1.,0.,0.));
#3818=DIRECTION('',(-0.707106781186547,8.65956056235493E-17,0.707106781186548));
#3819=DIRECTION('center_axis',(0.,0.,1.));
#3820=DIRECTION('ref_axis',(1.,0.,0.));
#3821=DIRECTION('center_axis',(0.,-1.,0.));
#3822=DIRECTION('ref_axis',(-1.,0.,0.));
#3823=DIRECTION('center_axis',(0.,0.,1.));
#3824=DIRECTION('ref_axis',(-1.,0.,0.));
#3825=DIRECTION('center_axis',(0.,0.,1.));
#3826=DIRECTION('ref_axis',(1.,0.,0.));
#3827=DIRECTION('center_axis',(0.,0.,-1.));
#3828=DIRECTION('ref_axis',(-1.,0.,0.));
#3829=DIRECTION('center_axis',(0.,0.,-1.));
#3830=DIRECTION('ref_axis',(-1.,0.,0.));
#3831=DIRECTION('center_axis',(0.,-1.,0.));
#3832=DIRECTION('ref_axis',(1.,0.,0.));
#3833=DIRECTION('center_axis',(0.,0.,1.));
#3834=DIRECTION('ref_axis',(-1.,0.,0.));
#3835=DIRECTION('center_axis',(0.,0.,1.));
#3836=DIRECTION('ref_axis',(-1.,0.,0.));
#3837=DIRECTION('center_axis',(0.,0.,-1.));
#3838=DIRECTION('ref_axis',(1.,0.,0.));
#3839=DIRECTION('center_axis',(0.,0.,-1.));
#3840=DIRECTION('ref_axis',(-1.,0.,0.));
#3841=DIRECTION('center_axis',(0.,0.,-1.));
#3842=DIRECTION('ref_axis',(-1.,0.,0.));
#3843=DIRECTION('',(0.,0.,-1.));
#3844=DIRECTION('center_axis',(0.,0.,-1.));
#3845=DIRECTION('ref_axis',(-1.,0.,0.));
#3846=DIRECTION('center_axis',(0.,-1.,0.));
#3847=DIRECTION('ref_axis',(1.,0.,0.));
#3848=DIRECTION('center_axis',(0.,0.,-1.));
#3849=DIRECTION('ref_axis',(-1.,0.,0.));
#3850=DIRECTION('center_axis',(0.,0.,1.));
#3851=DIRECTION('ref_axis',(1.,0.,0.));
#3852=DIRECTION('center_axis',(0.,-1.,0.));
#3853=DIRECTION('ref_axis',(1.,0.,0.));
#3854=DIRECTION('center_axis',(0.,0.,-1.));
#3855=DIRECTION('ref_axis',(1.,0.,0.));
#3856=DIRECTION('center_axis',(0.,0.,-1.));
#3857=DIRECTION('ref_axis',(-1.,0.,0.));
#3858=DIRECTION('',(0.,0.,1.));
#3859=DIRECTION('center_axis',(0.,0.,-1.));
#3860=DIRECTION('ref_axis',(-1.,0.,0.));
#3861=DIRECTION('center_axis',(0.,0.,-1.));
#3862=DIRECTION('ref_axis',(-1.,0.,0.));
#3863=DIRECTION('center_axis',(0.,0.,-1.));
#3864=DIRECTION('ref_axis',(-1.,0.,0.));
#3865=DIRECTION('center_axis',(0.,0.,1.));
#3866=DIRECTION('ref_axis',(-1.,0.,0.));
#3867=DIRECTION('',(-0.707106781186547,8.65956056235493E-17,0.707106781186548));
#3868=DIRECTION('center_axis',(0.,0.,1.));
#3869=DIRECTION('ref_axis',(1.,0.,0.));
#3870=DIRECTION('center_axis',(0.,-1.,0.));
#3871=DIRECTION('ref_axis',(-1.,0.,0.));
#3872=DIRECTION('center_axis',(0.,0.,1.));
#3873=DIRECTION('ref_axis',(-1.,0.,0.));
#3874=DIRECTION('center_axis',(0.,0.,1.));
#3875=DIRECTION('ref_axis',(1.,0.,0.));
#3876=DIRECTION('center_axis',(0.,0.,-1.));
#3877=DIRECTION('ref_axis',(-1.,0.,0.));
#3878=DIRECTION('center_axis',(0.,0.,-1.));
#3879=DIRECTION('ref_axis',(-1.,0.,0.));
#3880=DIRECTION('center_axis',(0.,-1.,0.));
#3881=DIRECTION('ref_axis',(1.,0.,0.));
#3882=DIRECTION('center_axis',(0.,0.,1.));
#3883=DIRECTION('ref_axis',(-1.,0.,0.));
#3884=DIRECTION('center_axis',(0.,0.,1.));
#3885=DIRECTION('ref_axis',(-1.,0.,0.));
#3886=DIRECTION('center_axis',(0.,0.,-1.));
#3887=DIRECTION('ref_axis',(1.,0.,0.));
#3888=DIRECTION('center_axis',(0.,0.,-1.));
#3889=DIRECTION('ref_axis',(-1.,0.,0.));
#3890=DIRECTION('center_axis',(0.,0.,-1.));
#3891=DIRECTION('ref_axis',(-1.,0.,0.));
#3892=DIRECTION('',(0.,0.,-1.));
#3893=DIRECTION('center_axis',(0.,0.,-1.));
#3894=DIRECTION('ref_axis',(-1.,0.,0.));
#3895=DIRECTION('center_axis',(0.,-1.,0.));
#3896=DIRECTION('ref_axis',(1.,0.,0.));
#3897=DIRECTION('center_axis',(0.,0.,-1.));
#3898=DIRECTION('ref_axis',(-1.,0.,0.));
#3899=DIRECTION('center_axis',(0.,0.,1.));
#3900=DIRECTION('ref_axis',(1.,0.,0.));
#3901=DIRECTION('center_axis',(0.,-1.,0.));
#3902=DIRECTION('ref_axis',(1.,0.,0.));
#3903=DIRECTION('center_axis',(0.,0.,-1.));
#3904=DIRECTION('ref_axis',(1.,0.,0.));
#3905=DIRECTION('center_axis',(0.,0.,-1.));
#3906=DIRECTION('ref_axis',(-1.,0.,0.));
#3907=DIRECTION('',(0.,0.,1.));
#3908=DIRECTION('center_axis',(0.,0.,-1.));
#3909=DIRECTION('ref_axis',(-1.,0.,0.));
#3910=DIRECTION('center_axis',(0.,0.,-1.));
#3911=DIRECTION('ref_axis',(-1.,0.,0.));
#3912=DIRECTION('center_axis',(0.,0.,-1.));
#3913=DIRECTION('ref_axis',(-1.,0.,0.));
#3914=DIRECTION('center_axis',(0.,0.,1.));
#3915=DIRECTION('ref_axis',(-1.,0.,0.));
#3916=DIRECTION('',(-0.707106781186547,8.65956056235493E-17,0.707106781186548));
#3917=DIRECTION('center_axis',(0.,0.,-1.));
#3918=DIRECTION('ref_axis',(-1.,0.,0.));
#3919=DIRECTION('center_axis',(0.,0.,-1.));
#3920=DIRECTION('ref_axis',(-1.,0.,0.));
#3921=DIRECTION('center_axis',(0.,-1.,0.));
#3922=DIRECTION('ref_axis',(1.,0.,0.));
#3923=DIRECTION('center_axis',(0.,0.,1.));
#3924=DIRECTION('ref_axis',(-1.,0.,0.));
#3925=DIRECTION('center_axis',(0.,0.,1.));
#3926=DIRECTION('ref_axis',(-1.,0.,0.));
#3927=DIRECTION('center_axis',(0.,0.,1.));
#3928=DIRECTION('ref_axis',(1.,0.,0.));
#3929=DIRECTION('center_axis',(0.,0.,1.));
#3930=DIRECTION('ref_axis',(-1.,0.,0.));
#3931=DIRECTION('center_axis',(0.,0.,-1.));
#3932=DIRECTION('ref_axis',(1.,0.,0.));
#3933=DIRECTION('center_axis',(0.,0.,-1.));
#3934=DIRECTION('ref_axis',(-1.,0.,0.));
#3935=DIRECTION('center_axis',(0.,0.,-1.));
#3936=DIRECTION('ref_axis',(-1.,0.,0.));
#3937=DIRECTION('',(0.,0.,-1.));
#3938=DIRECTION('center_axis',(0.,0.,1.));
#3939=DIRECTION('ref_axis',(1.,0.,0.));
#3940=DIRECTION('center_axis',(0.,-1.,0.));
#3941=DIRECTION('ref_axis',(-1.,0.,0.));
#3942=DIRECTION('center_axis',(0.,0.,-1.));
#3943=DIRECTION('ref_axis',(-1.,0.,0.));
#3944=DIRECTION('center_axis',(0.,-1.,0.));
#3945=DIRECTION('ref_axis',(1.,0.,0.));
#3946=DIRECTION('center_axis',(0.,0.,-1.));
#3947=DIRECTION('ref_axis',(-1.,0.,0.));
#3948=DIRECTION('center_axis',(0.,0.,-1.));
#3949=DIRECTION('ref_axis',(-1.,0.,0.));
#3950=DIRECTION('center_axis',(0.,-1.,0.));
#3951=DIRECTION('ref_axis',(1.,0.,0.));
#3952=DIRECTION('center_axis',(0.,0.,1.));
#3953=DIRECTION('ref_axis',(-1.,0.,0.));
#3954=DIRECTION('center_axis',(0.,0.,1.));
#3955=DIRECTION('ref_axis',(-1.,0.,0.));
#3956=DIRECTION('center_axis',(0.,0.,1.));
#3957=DIRECTION('ref_axis',(1.,0.,0.));
#3958=DIRECTION('center_axis',(0.,0.,1.));
#3959=DIRECTION('ref_axis',(-1.,0.,0.));
#3960=DIRECTION('center_axis',(0.,0.,-1.));
#3961=DIRECTION('ref_axis',(1.,0.,0.));
#3962=DIRECTION('center_axis',(0.,0.,-1.));
#3963=DIRECTION('ref_axis',(-1.,0.,0.));
#3964=DIRECTION('center_axis',(0.,0.,-1.));
#3965=DIRECTION('ref_axis',(-1.,0.,0.));
#3966=DIRECTION('',(0.,0.,-1.));
#3967=DIRECTION('center_axis',(0.,0.,-1.));
#3968=DIRECTION('ref_axis',(-1.,0.,0.));
#3969=DIRECTION('center_axis',(0.,0.,-1.));
#3970=DIRECTION('ref_axis',(-1.,0.,0.));
#3971=DIRECTION('center_axis',(0.,-1.,0.));
#3972=DIRECTION('ref_axis',(1.,0.,0.));
#3973=DIRECTION('center_axis',(0.,0.,1.));
#3974=DIRECTION('ref_axis',(-1.,0.,0.));
#3975=DIRECTION('center_axis',(0.,0.,1.));
#3976=DIRECTION('ref_axis',(-1.,0.,0.));
#3977=DIRECTION('center_axis',(0.,0.,1.));
#3978=DIRECTION('ref_axis',(1.,0.,0.));
#3979=DIRECTION('center_axis',(0.,0.,1.));
#3980=DIRECTION('ref_axis',(-1.,0.,0.));
#3981=DIRECTION('center_axis',(0.,0.,-1.));
#3982=DIRECTION('ref_axis',(1.,0.,0.));
#3983=DIRECTION('center_axis',(0.,0.,-1.));
#3984=DIRECTION('ref_axis',(-1.,0.,0.));
#3985=DIRECTION('center_axis',(0.,0.,-1.));
#3986=DIRECTION('ref_axis',(-1.,0.,0.));
#3987=DIRECTION('',(0.,0.,-1.));
#3988=DIRECTION('center_axis',(0.,0.,-1.));
#3989=DIRECTION('ref_axis',(-1.,0.,0.));
#3990=DIRECTION('center_axis',(0.,0.,-1.));
#3991=DIRECTION('ref_axis',(-1.,0.,0.));
#3992=DIRECTION('center_axis',(0.,-1.,0.));
#3993=DIRECTION('ref_axis',(1.,0.,0.));
#3994=DIRECTION('center_axis',(0.,0.,1.));
#3995=DIRECTION('ref_axis',(-1.,0.,0.));
#3996=DIRECTION('center_axis',(0.,0.,1.));
#3997=DIRECTION('ref_axis',(-1.,0.,0.));
#3998=DIRECTION('center_axis',(0.,0.,-1.));
#3999=DIRECTION('ref_axis',(1.,0.,0.));
#4000=DIRECTION('center_axis',(0.,0.,-1.));
#4001=DIRECTION('ref_axis',(-1.,0.,0.));
#4002=DIRECTION('center_axis',(0.,0.,-1.));
#4003=DIRECTION('ref_axis',(-1.,0.,0.));
#4004=DIRECTION('',(0.,0.,-1.));
#4005=DIRECTION('center_axis',(0.,0.,1.));
#4006=DIRECTION('ref_axis',(1.,0.,0.));
#4007=DIRECTION('center_axis',(0.,0.,1.));
#4008=DIRECTION('ref_axis',(-1.,0.,0.));
#4009=DIRECTION('center_axis',(0.,0.,-1.));
#4010=DIRECTION('ref_axis',(-1.,0.,0.));
#4011=DIRECTION('center_axis',(0.,0.,-1.));
#4012=DIRECTION('ref_axis',(-1.,0.,0.));
#4013=DIRECTION('center_axis',(0.,-1.,0.));
#4014=DIRECTION('ref_axis',(1.,0.,0.));
#4015=DIRECTION('center_axis',(0.,0.,1.));
#4016=DIRECTION('ref_axis',(-1.,0.,0.));
#4017=DIRECTION('center_axis',(0.,0.,1.));
#4018=DIRECTION('ref_axis',(-1.,0.,0.));
#4019=DIRECTION('center_axis',(0.,0.,1.));
#4020=DIRECTION('ref_axis',(1.,0.,0.));
#4021=DIRECTION('center_axis',(0.,0.,1.));
#4022=DIRECTION('ref_axis',(-1.,0.,0.));
#4023=DIRECTION('center_axis',(0.,0.,-1.));
#4024=DIRECTION('ref_axis',(1.,0.,0.));
#4025=DIRECTION('center_axis',(0.,0.,-1.));
#4026=DIRECTION('ref_axis',(-1.,0.,0.));
#4027=DIRECTION('center_axis',(0.,0.,-1.));
#4028=DIRECTION('ref_axis',(-1.,0.,0.));
#4029=DIRECTION('',(0.,0.,-1.));
#4030=DIRECTION('center_axis',(0.,0.,-1.));
#4031=DIRECTION('ref_axis',(-1.,0.,0.));
#4032=DIRECTION('center_axis',(0.,0.,1.));
#4033=DIRECTION('ref_axis',(1.,0.,0.));
#4034=DIRECTION('center_axis',(0.,-1.,0.));
#4035=DIRECTION('ref_axis',(1.,0.,0.));
#4036=DIRECTION('center_axis',(0.,0.,-1.));
#4037=DIRECTION('ref_axis',(1.,0.,0.));
#4038=DIRECTION('center_axis',(0.,0.,-1.));
#4039=DIRECTION('ref_axis',(-1.,0.,0.));
#4040=DIRECTION('',(0.,0.,1.));
#4041=DIRECTION('center_axis',(0.,0.,-1.));
#4042=DIRECTION('ref_axis',(-1.,0.,0.));
#4043=DIRECTION('center_axis',(0.,0.,-1.));
#4044=DIRECTION('ref_axis',(-1.,0.,0.));
#4045=DIRECTION('center_axis',(0.,0.,-1.));
#4046=DIRECTION('ref_axis',(-1.,0.,0.));
#4047=DIRECTION('center_axis',(0.,0.,1.));
#4048=DIRECTION('ref_axis',(-1.,0.,0.));
#4049=DIRECTION('',(-0.707106781186547,8.65956056235493E-17,0.707106781186548));
#4050=DIRECTION('center_axis',(0.,0.,1.));
#4051=DIRECTION('ref_axis',(1.,0.,0.));
#4052=DIRECTION('center_axis',(0.,-1.,0.));
#4053=DIRECTION('ref_axis',(-1.,0.,0.));
#4054=DIRECTION('center_axis',(0.,0.,-1.));
#4055=DIRECTION('ref_axis',(-1.,0.,0.));
#4056=DIRECTION('center_axis',(0.,-1.,0.));
#4057=DIRECTION('ref_axis',(1.,0.,0.));
#4058=DIRECTION('center_axis',(0.,0.,-1.));
#4059=DIRECTION('ref_axis',(-1.,0.,0.));
#4060=DIRECTION('center_axis',(0.,-1.,0.));
#4061=DIRECTION('ref_axis',(1.,0.,0.));
#4062=DIRECTION('center_axis',(0.,0.,1.));
#4063=DIRECTION('ref_axis',(1.,0.,0.));
#4064=DIRECTION('center_axis',(0.,0.,-1.));
#4065=DIRECTION('ref_axis',(-1.,0.,0.));
#4066=DIRECTION('center_axis',(0.,-1.,0.));
#4067=DIRECTION('ref_axis',(-1.,0.,0.));
#4068=DIRECTION('center_axis',(0.,0.,-1.));
#4069=DIRECTION('ref_axis',(-1.,0.,0.));
#4070=DIRECTION('center_axis',(0.,0.,-1.));
#4071=DIRECTION('ref_axis',(-1.,0.,0.));
#4072=DIRECTION('center_axis',(0.,0.,1.));
#4073=DIRECTION('ref_axis',(1.,0.,0.));
#4074=DIRECTION('',(0.,0.,1.));
#4075=DIRECTION('center_axis',(0.,0.,-1.));
#4076=DIRECTION('ref_axis',(-1.,0.,0.));
#4077=DIRECTION('center_axis',(0.,-1.,0.));
#4078=DIRECTION('ref_axis',(1.,0.,0.));
#4079=DIRECTION('center_axis',(0.,0.,-1.));
#4080=DIRECTION('ref_axis',(1.,0.,0.));
#4081=DIRECTION('center_axis',(0.,0.,-1.));
#4082=DIRECTION('ref_axis',(-1.,0.,0.));
#4083=DIRECTION('center_axis',(0.,0.,1.));
#4084=DIRECTION('ref_axis',(-1.,0.,0.));
#4085=DIRECTION('',(-0.707106781186547,8.65956056235493E-17,0.707106781186548));
#4086=DIRECTION('center_axis',(0.,0.,-1.));
#4087=DIRECTION('ref_axis',(-1.,0.,0.));
#4088=DIRECTION('center_axis',(0.,0.,1.));
#4089=DIRECTION('ref_axis',(1.,0.,0.));
#4090=DIRECTION('center_axis',(0.,-1.,0.));
#4091=DIRECTION('ref_axis',(1.,0.,0.));
#4092=DIRECTION('center_axis',(0.,0.,-1.));
#4093=DIRECTION('ref_axis',(1.,0.,0.));
#4094=DIRECTION('center_axis',(0.,0.,-1.));
#4095=DIRECTION('ref_axis',(-1.,0.,0.));
#4096=DIRECTION('',(0.,0.,1.));
#4097=DIRECTION('center_axis',(0.,0.,-1.));
#4098=DIRECTION('ref_axis',(-1.,0.,0.));
#4099=DIRECTION('center_axis',(0.,0.,-1.));
#4100=DIRECTION('ref_axis',(-1.,0.,0.));
#4101=DIRECTION('center_axis',(0.,0.,-1.));
#4102=DIRECTION('ref_axis',(-1.,0.,0.));
#4103=DIRECTION('center_axis',(0.,0.,1.));
#4104=DIRECTION('ref_axis',(-1.,0.,0.));
#4105=DIRECTION('',(-0.707106781186547,8.65956056235493E-17,0.707106781186548));
#4106=DIRECTION('center_axis',(0.,0.,-1.));
#4107=DIRECTION('ref_axis',(-1.,0.,0.));
#4108=DIRECTION('center_axis',(0.,0.,1.));
#4109=DIRECTION('ref_axis',(1.,0.,0.));
#4110=DIRECTION('center_axis',(0.,-1.,0.));
#4111=DIRECTION('ref_axis',(1.,0.,0.));
#4112=DIRECTION('center_axis',(0.,0.,-1.));
#4113=DIRECTION('ref_axis',(1.,0.,0.));
#4114=DIRECTION('center_axis',(0.,0.,-1.));
#4115=DIRECTION('ref_axis',(-1.,0.,0.));
#4116=DIRECTION('',(0.,0.,1.));
#4117=DIRECTION('center_axis',(0.,0.,-1.));
#4118=DIRECTION('ref_axis',(-1.,0.,0.));
#4119=DIRECTION('center_axis',(0.,0.,-1.));
#4120=DIRECTION('ref_axis',(-1.,0.,0.));
#4121=DIRECTION('center_axis',(0.,0.,-1.));
#4122=DIRECTION('ref_axis',(-1.,0.,0.));
#4123=DIRECTION('center_axis',(0.,0.,1.));
#4124=DIRECTION('ref_axis',(-1.,0.,0.));
#4125=DIRECTION('',(-0.707106781186547,8.65956056235493E-17,0.707106781186548));
#4126=DIRECTION('center_axis',(0.,0.,1.));
#4127=DIRECTION('ref_axis',(1.,0.,0.));
#4128=DIRECTION('center_axis',(0.,-1.,0.));
#4129=DIRECTION('ref_axis',(-1.,0.,0.));
#4130=DIRECTION('center_axis',(0.,0.,-1.));
#4131=DIRECTION('ref_axis',(-1.,0.,0.));
#4132=DIRECTION('center_axis',(0.,-1.,0.));
#4133=DIRECTION('ref_axis',(1.,0.,0.));
#4134=DIRECTION('center_axis',(0.,0.,1.));
#4135=DIRECTION('ref_axis',(1.,0.,0.));
#4136=DIRECTION('center_axis',(0.,-1.,0.));
#4137=DIRECTION('ref_axis',(-1.,0.,0.));
#4138=DIRECTION('center_axis',(0.,0.,-1.));
#4139=DIRECTION('ref_axis',(-1.,0.,0.));
#4140=DIRECTION('center_axis',(0.,-1.,0.));
#4141=DIRECTION('ref_axis',(1.,0.,0.));
#4142=DIRECTION('center_axis',(0.,0.,-1.));
#4143=DIRECTION('ref_axis',(-1.,0.,0.));
#4144=DIRECTION('center_axis',(-1.22464679914735E-16,-1.,0.));
#4145=DIRECTION('ref_axis',(1.,-1.22464679914735E-16,0.));
#4146=DIRECTION('center_axis',(0.,0.,-1.));
#4147=DIRECTION('ref_axis',(-1.,0.,0.));
#4148=DIRECTION('center_axis',(0.,0.,1.));
#4149=DIRECTION('ref_axis',(-1.,0.,0.));
#4150=DIRECTION('center_axis',(0.,0.,1.));
#4151=DIRECTION('ref_axis',(-1.,0.,0.));
#4152=DIRECTION('',(0.,0.,1.));
#4153=DIRECTION('center_axis',(0.,0.,-1.));
#4154=DIRECTION('ref_axis',(-1.,0.,0.));
#4155=DIRECTION('center_axis',(-1.22464679914735E-16,-1.,0.));
#4156=DIRECTION('ref_axis',(1.,-1.22464679914735E-16,0.));
#4157=DIRECTION('center_axis',(0.,0.,-1.));
#4158=DIRECTION('ref_axis',(-1.,0.,0.));
#4159=DIRECTION('center_axis',(0.,0.,1.));
#4160=DIRECTION('ref_axis',(1.,0.,0.));
#4161=DIRECTION('',(-0.866025403784439,0.5,0.));
#4162=DIRECTION('',(0.,1.,0.));
#4163=DIRECTION('',(0.866025403784439,0.5,0.));
#4164=DIRECTION('',(0.866025403784439,-0.5,0.));
#4165=DIRECTION('',(0.,-1.,0.));
#4166=DIRECTION('',(-0.866025403784439,-0.499999999999999,0.));
#4167=DIRECTION('center_axis',(-0.866025403784439,0.5,0.));
#4168=DIRECTION('ref_axis',(0.353553390593278,0.612372435695794,0.707106781186546));
#4169=DIRECTION('center_axis',(-1.,0.,0.));
#4170=DIRECTION('ref_axis',(0.,-1.,0.));
#4171=DIRECTION('',(0.866025403784439,-0.5,0.));
#4172=DIRECTION('center_axis',(-0.500000000000017,0.866025403784429,-9.6148134319177E-16));
#4173=DIRECTION('ref_axis',(-0.866025403784429,-0.500000000000017,-1.66533453693764E-15));
#4174=DIRECTION('center_axis',(-0.866025403784439,-0.499999999999999,0.));
#4175=DIRECTION('ref_axis',(-0.353553390593277,0.612372435695797,0.707106781186544));
#4176=DIRECTION('center_axis',(-0.50000000000002,-0.866025403784427,0.));
#4177=DIRECTION('ref_axis',(0.866025403784427,-0.50000000000002,0.));
#4178=DIRECTION('',(0.866025403784439,0.499999999999999,0.));
#4179=DIRECTION('center_axis',(0.,-1.,0.));
#4180=DIRECTION('ref_axis',(-0.70710678118654,0.,0.707106781186555));
#4181=DIRECTION('',(0.,1.,0.));
#4182=DIRECTION('center_axis',(0.500000000000015,-0.86602540378443,1.92296268638354E-15));
#4183=DIRECTION('ref_axis',(0.86602540378443,0.500000000000015,3.3306690738753E-15));
#4184=DIRECTION('center_axis',(0.866025403784439,-0.5,0.));
#4185=DIRECTION('ref_axis',(-0.353553390593278,-0.612372435695794,0.707106781186546));
#4186=DIRECTION('',(-0.866025403784439,0.5,0.));
#4187=DIRECTION('center_axis',(1.,0.,0.));
#4188=DIRECTION('ref_axis',(0.,1.,0.));
#4189=DIRECTION('center_axis',(0.866025403784439,0.5,0.));
#4190=DIRECTION('ref_axis',(0.353553390593277,-0.612372435695795,0.707106781186545));
#4191=DIRECTION('',(-0.866025403784439,-0.5,0.));
#4192=DIRECTION('center_axis',(0.500000000000015,0.86602540378443,-9.61481343191772E-16));
#4193=DIRECTION('ref_axis',(-0.86602540378443,0.500000000000015,-1.66533453693778E-15));
#4194=DIRECTION('center_axis',(0.,1.,0.));
#4195=DIRECTION('ref_axis',(0.70710678118654,0.,0.707106781186555));
#4196=DIRECTION('',(0.,-1.,0.));
#4197=DIRECTION('center_axis',(0.5,-0.866025403784439,0.));
#4198=DIRECTION('ref_axis',(0.866025403784439,0.5,0.));
#4199=DIRECTION('',(0.,0.,1.));
#4200=DIRECTION('',(0.866025403784439,0.5,0.));
#4201=DIRECTION('',(0.,0.,1.));
#4202=DIRECTION('center_axis',(1.,0.,0.));
#4203=DIRECTION('ref_axis',(0.,1.,0.));
#4204=DIRECTION('',(0.,0.,1.));
#4205=DIRECTION('',(0.,1.,0.));
#4206=DIRECTION('center_axis',(0.5,0.866025403784439,0.));
#4207=DIRECTION('ref_axis',(-0.866025403784439,0.5,0.));
#4208=DIRECTION('',(0.,0.,1.));
#4209=DIRECTION('',(-0.866025403784439,0.5,0.));
#4210=DIRECTION('center_axis',(0.,1.,0.));
#4211=DIRECTION('ref_axis',(-0.70710678118654,0.,-0.707106781186555));
#4212=DIRECTION('',(0.,-1.,0.));
#4213=DIRECTION('center_axis',(0.500000000000002,0.866025403784437,0.));
#4214=DIRECTION('ref_axis',(0.866025403784437,-0.500000000000002,0.));
#4215=DIRECTION('center_axis',(-0.500000000000009,0.866025403784433,-9.61481343191776E-16));
#4216=DIRECTION('ref_axis',(0.866025403784433,0.500000000000009,-1.66533453693777E-15));
#4217=DIRECTION('center_axis',(0.866025403784439,0.5,0.));
#4218=DIRECTION('ref_axis',(-0.353553390593279,0.612372435695792,-0.707106781186547));
#4219=DIRECTION('',(-0.866025403784439,-0.5,0.));
#4220=DIRECTION('center_axis',(1.,0.,0.));
#4221=DIRECTION('ref_axis',(0.,-1.,0.));
#4222=DIRECTION('center_axis',(-0.866025403784439,0.5,0.));
#4223=DIRECTION('ref_axis',(-0.353553390593277,-0.612372435695797,-0.707106781186544));
#4224=DIRECTION('center_axis',(1.,0.,1.77635683940025E-14));
#4225=DIRECTION('ref_axis',(5.46538867179028E-28,-1.,-3.0767402982137E-14));
#4226=DIRECTION('',(0.866025403784439,-0.5,0.));
#4227=DIRECTION('center_axis',(0.866025403784439,-0.5,0.));
#4228=DIRECTION('ref_axis',(0.353553390593279,0.612372435695791,-0.707106781186548));
#4229=DIRECTION('',(-0.866025403784439,0.5,0.));
#4230=DIRECTION('center_axis',(0.500000000000005,-0.866025403784436,-3.84592537276712E-15));
#4231=DIRECTION('ref_axis',(-0.866025403784436,-0.500000000000005,-6.66133814775101E-15));
#4232=DIRECTION('',(0.866025403784439,-0.5,0.));
#4233=DIRECTION('center_axis',(0.,-1.,0.));
#4234=DIRECTION('ref_axis',(0.70710678118654,0.,-0.707106781186555));
#4235=DIRECTION('',(0.,1.,0.));
#4236=DIRECTION('center_axis',(-0.499999999999999,-0.866025403784439,-3.84592537276713E-15));
#4237=DIRECTION('ref_axis',(-0.866025403784439,0.499999999999999,-6.66133814775096E-15));
#4238=DIRECTION('',(0.,-1.,0.));
#4239=DIRECTION('center_axis',(-0.866025403784439,-0.499999999999999,0.));
#4240=DIRECTION('ref_axis',(0.353553390593279,-0.612372435695791,-0.707106781186548));
#4241=DIRECTION('',(-0.866025403784439,-0.499999999999999,0.));
#4242=DIRECTION('',(0.866025403784439,0.499999999999999,0.));
#4243=DIRECTION('center_axis',(-0.499999999999999,0.866025403784439,0.));
#4244=DIRECTION('ref_axis',(-0.866025403784439,-0.499999999999999,0.));
#4245=DIRECTION('',(0.,0.,1.));
#4246=DIRECTION('center_axis',(0.,0.,1.));
#4247=DIRECTION('ref_axis',(1.,0.,0.));
#4248=DIRECTION('center_axis',(0.,0.,1.));
#4249=DIRECTION('ref_axis',(-1.,1.22464679914735E-16,0.));
#4250=DIRECTION('',(0.866025403784438,-0.500000000000002,0.));
#4251=DIRECTION('',(0.866025403784438,0.5,0.));
#4252=DIRECTION('',(-1.06831260354643E-15,1.,0.));
#4253=DIRECTION('',(-0.866025403784439,0.499999999999999,0.));
#4254=DIRECTION('',(-0.866025403784438,-0.5,0.));
#4255=DIRECTION('',(-1.06831260354643E-15,-1.,0.));
#4256=DIRECTION('center_axis',(0.,0.,-1.));
#4257=DIRECTION('ref_axis',(-1.,0.,0.));
#4258=DIRECTION('center_axis',(0.,0.,-1.));
#4259=DIRECTION('ref_axis',(-1.,0.,0.));
#4260=DIRECTION('center_axis',(0.,0.,-1.));
#4261=DIRECTION('ref_axis',(-1.,0.,0.));
#4262=DIRECTION('center_axis',(0.,0.,-1.));
#4263=DIRECTION('ref_axis',(-1.,0.,0.));
#4264=DIRECTION('center_axis',(0.,0.,-1.));
#4265=DIRECTION('ref_axis',(-1.,0.,0.));
#4266=DIRECTION('center_axis',(0.,0.,-1.));
#4267=DIRECTION('ref_axis',(-1.,0.,0.));
#4268=DIRECTION('center_axis',(0.,0.,-1.));
#4269=DIRECTION('ref_axis',(-1.,0.,0.));
#4270=DIRECTION('center_axis',(0.,0.,-1.));
#4271=DIRECTION('ref_axis',(-1.,0.,0.));
#4272=DIRECTION('center_axis',(0.,0.,-1.));
#4273=DIRECTION('ref_axis',(-1.,0.,0.));
#4274=DIRECTION('center_axis',(0.,0.,-1.));
#4275=DIRECTION('ref_axis',(-1.,0.,0.));
#4276=DIRECTION('center_axis',(0.,0.,-1.));
#4277=DIRECTION('ref_axis',(-1.,0.,0.));
#4278=DIRECTION('center_axis',(0.,0.,-1.));
#4279=DIRECTION('ref_axis',(-1.,0.,0.));
#4280=DIRECTION('center_axis',(0.866025403784439,-0.5,0.));
#4281=DIRECTION('ref_axis',(0.353553390593277,0.612372435695797,-0.707106781186544));
#4282=DIRECTION('center_axis',(0.500000000000008,-0.866025403784434,-1.92296268638355E-15));
#4283=DIRECTION('ref_axis',(-0.866025403784434,-0.500000000000008,-3.33066907387552E-15));
#4284=DIRECTION('',(0.866025403784439,-0.499999999999999,0.));
#4285=DIRECTION('center_axis',(1.,0.,0.));
#4286=DIRECTION('ref_axis',(0.,-1.,0.));
#4287=DIRECTION('center_axis',(1.06831260354643E-15,-1.,0.));
#4288=DIRECTION('ref_axis',(0.70710678118654,7.85046229341896E-16,-0.707106781186555));
#4289=DIRECTION('center_axis',(-0.500000000000004,-0.866025403784437,-1.92296268638356E-15));
#4290=DIRECTION('ref_axis',(-0.866025403784437,0.500000000000004,-3.33066907387542E-15));
#4291=DIRECTION('',(1.06831260354643E-15,-1.,0.));
#4292=DIRECTION('center_axis',(-0.866025403784438,0.500000000000002,0.));
#4293=DIRECTION('ref_axis',(-0.353553390593276,-0.612372435695799,-0.707106781186542));
#4294=DIRECTION('center_axis',(-0.500000000000004,0.866025403784436,-8.88178419700133E-15));
#4295=DIRECTION('ref_axis',(0.866025403784436,0.500000000000004,-1.53837014910689E-14));
#4296=DIRECTION('',(-0.866025403784438,0.500000000000002,0.));
#4297=DIRECTION('center_axis',(1.,0.,1.77635683940025E-14));
#4298=DIRECTION('ref_axis',(5.46538867179025E-28,-1.,-3.07674029821369E-14));
#4299=DIRECTION('center_axis',(1.06831260354643E-15,1.,0.));
#4300=DIRECTION('ref_axis',(-0.707106781186553,7.85046229341882E-16,-0.707106781186543));
#4301=DIRECTION('',(1.06831260354643E-15,1.,0.));
#4302=DIRECTION('center_axis',(0.499999999999999,0.866025403784439,3.84592537276713E-15));
#4303=DIRECTION('ref_axis',(0.866025403784439,-0.499999999999999,6.66133814775098E-15));
#4304=DIRECTION('center_axis',(-0.866025403784439,-0.5,0.));
#4305=DIRECTION('ref_axis',(0.353553390593278,-0.612372435695793,-0.707106781186546));
#4306=DIRECTION('',(-0.866025403784438,-0.5,0.));
#4307=DIRECTION('center_axis',(0.866025403784439,0.5,0.));
#4308=DIRECTION('ref_axis',(-0.353553390593278,0.612372435695795,-0.707106781186545));
#4309=DIRECTION('',(0.866025403784438,0.5,0.));
#4310=DIRECTION('center_axis',(-1.,-1.06831260354643E-15,0.));
#4311=DIRECTION('ref_axis',(1.06831260354643E-15,-1.,0.));
#4312=DIRECTION('',(0.,0.,1.));
#4313=DIRECTION('',(-1.06831260354643E-15,1.,0.));
#4314=DIRECTION('',(0.,0.,1.));
#4315=DIRECTION('center_axis',(-0.5,0.866025403784439,0.));
#4316=DIRECTION('ref_axis',(-0.866025403784438,-0.5,0.));
#4317=DIRECTION('',(0.,0.,1.));
#4318=DIRECTION('',(0.866025403784438,0.5,0.));
#4319=DIRECTION('center_axis',(0.500000000000002,0.866025403784438,0.));
#4320=DIRECTION('ref_axis',(-0.866025403784438,0.500000000000002,0.));
#4321=DIRECTION('',(0.,0.,1.));
#4322=DIRECTION('',(0.866025403784438,-0.500000000000002,0.));
#4323=DIRECTION('center_axis',(1.06831260354643E-15,1.,0.));
#4324=DIRECTION('ref_axis',(0.70710678118654,-7.85046229341896E-16,0.707106781186555));
#4325=DIRECTION('',(1.06831260354643E-15,1.,0.));
#4326=DIRECTION('center_axis',(-0.499999999999998,0.86602540378444,2.88444402957535E-15));
#4327=DIRECTION('ref_axis',(-0.86602540378444,-0.499999999999998,4.99600361081322E-15));
#4328=DIRECTION('',(-1.06831260354643E-15,-1.,0.));
#4329=DIRECTION('center_axis',(0.499999999999999,0.866025403784439,9.61481343191781E-16));
#4330=DIRECTION('ref_axis',(-0.866025403784439,0.499999999999999,1.66533453693773E-15));
#4331=DIRECTION('center_axis',(-0.866025403784438,0.500000000000002,0.));
#4332=DIRECTION('ref_axis',(0.353553390593278,0.612372435695793,0.707106781186547));
#4333=DIRECTION('',(-0.866025403784438,0.500000000000002,0.));
#4334=DIRECTION('center_axis',(-1.,0.,0.));
#4335=DIRECTION('ref_axis',(0.,-1.,0.));
#4336=DIRECTION('center_axis',(-0.866025403784439,-0.5,0.));
#4337=DIRECTION('ref_axis',(-0.353553390593277,0.612372435695795,0.707106781186545));
#4338=DIRECTION('',(-0.866025403784438,-0.5,0.));
#4339=DIRECTION('center_axis',(-0.500000000000003,-0.866025403784437,0.));
#4340=DIRECTION('ref_axis',(0.866025403784437,-0.500000000000003,0.));
#4341=DIRECTION('center_axis',(1.06831260354643E-15,-1.,0.));
#4342=DIRECTION('ref_axis',(-0.70710678118654,-7.85046229341896E-16,0.707106781186555));
#4343=DIRECTION('',(1.06831260354643E-15,-1.,0.));
#4344=DIRECTION('center_axis',(0.500000000000004,-0.866025403784437,0.));
#4345=DIRECTION('ref_axis',(0.866025403784436,0.500000000000004,0.));
#4346=DIRECTION('center_axis',(0.866025403784439,-0.5,0.));
#4347=DIRECTION('ref_axis',(-0.353553390593277,-0.612372435695795,0.707106781186545));
#4348=DIRECTION('',(-0.866025403784439,0.499999999999999,0.));
#4349=DIRECTION('',(0.866025403784439,-0.499999999999999,0.));
#4350=DIRECTION('center_axis',(1.,0.,0.));
#4351=DIRECTION('ref_axis',(0.,1.,0.));
#4352=DIRECTION('center_axis',(0.866025403784439,0.5,0.));
#4353=DIRECTION('ref_axis',(0.353553390593277,-0.612372435695795,0.707106781186545));
#4354=DIRECTION('',(-0.866025403784438,-0.5,0.));
#4355=DIRECTION('',(0.866025403784438,0.5,0.));
#4356=DIRECTION('center_axis',(-0.5,-0.866025403784439,0.));
#4357=DIRECTION('ref_axis',(0.866025403784439,-0.499999999999999,0.));
#4358=DIRECTION('',(0.,0.,1.));
#4359=DIRECTION('center_axis',(0.5,-0.866025403784439,0.));
#4360=DIRECTION('ref_axis',(0.866025403784438,0.5,0.));
#4361=DIRECTION('',(0.,0.,1.));
#4362=DIRECTION('center_axis',(1.,-1.06831260354643E-15,0.));
#4363=DIRECTION('ref_axis',(1.06831260354643E-15,1.,0.));
#4364=DIRECTION('center_axis',(0.,0.,1.));
#4365=DIRECTION('ref_axis',(1.,0.,0.));
#4366=DIRECTION('center_axis',(0.,0.,-1.));
#4367=DIRECTION('ref_axis',(-1.,0.,0.));
#4368=DIRECTION('center_axis',(0.,0.,-1.));
#4369=DIRECTION('ref_axis',(-1.,0.,0.));
#4370=DIRECTION('center_axis',(-1.22464679914735E-16,-1.,0.));
#4371=DIRECTION('ref_axis',(1.,-1.22464679914735E-16,0.));
#4372=DIRECTION('center_axis',(0.,0.,-1.));
#4373=DIRECTION('ref_axis',(-1.,0.,0.));
#4374=DIRECTION('center_axis',(0.,0.,1.));
#4375=DIRECTION('ref_axis',(-1.,0.,0.));
#4376=DIRECTION('center_axis',(0.,0.,1.));
#4377=DIRECTION('ref_axis',(-1.,0.,0.));
#4378=DIRECTION('',(0.,0.,1.));
#4379=DIRECTION('center_axis',(0.,0.,-1.));
#4380=DIRECTION('ref_axis',(-1.,0.,0.));
#4381=DIRECTION('center_axis',(-1.22464679914735E-16,-1.,0.));
#4382=DIRECTION('ref_axis',(1.,-1.22464679914735E-16,0.));
#4383=DIRECTION('center_axis',(-0.5,-0.866025403784439,0.));
#4384=DIRECTION('ref_axis',(0.866025403784439,-0.5,0.));
#4385=DIRECTION('',(0.,0.,1.));
#4386=DIRECTION('center_axis',(-1.,0.,0.));
#4387=DIRECTION('ref_axis',(0.,-1.,0.));
#4388=DIRECTION('center_axis',(0.,0.,1.));
#4389=DIRECTION('ref_axis',(1.,0.,0.));
#4390=DIRECTION('center_axis',(1.22464679914735E-16,-1.,0.));
#4391=DIRECTION('ref_axis',(-1.,-1.22464679914735E-16,0.));
#4392=DIRECTION('center_axis',(0.,0.,1.));
#4393=DIRECTION('ref_axis',(-1.,1.22464679914735E-16,0.));
#4394=DIRECTION('center_axis',(0.,0.,1.));
#4395=DIRECTION('ref_axis',(1.,0.,0.));
#4396=DIRECTION('',(0.,0.,-1.));
#4397=DIRECTION('center_axis',(0.,0.,-1.));
#4398=DIRECTION('ref_axis',(-1.,1.22464679914735E-16,0.));
#4399=DIRECTION('center_axis',(0.,0.,1.));
#4400=DIRECTION('ref_axis',(1.,0.,0.));
#4401=DIRECTION('center_axis',(1.22464679914735E-16,-1.,0.));
#4402=DIRECTION('ref_axis',(-1.,-1.22464679914735E-16,0.));
#4403=DIRECTION('center_axis',(0.,0.,-1.));
#4404=DIRECTION('ref_axis',(-1.,0.,0.));
#4405=DIRECTION('center_axis',(0.,0.,1.));
#4406=DIRECTION('ref_axis',(-1.,0.,0.));
#4407=DIRECTION('center_axis',(0.,-1.,0.));
#4408=DIRECTION('ref_axis',(1.,0.,0.));
#4409=DIRECTION('center_axis',(0.,0.,-1.));
#4410=DIRECTION('ref_axis',(-1.,0.,0.));
#4411=DIRECTION('center_axis',(0.,0.,-1.));
#4412=DIRECTION('ref_axis',(-1.,0.,0.));
#4413=DIRECTION('center_axis',(0.,0.,-1.));
#4414=DIRECTION('ref_axis',(1.,0.,0.));
#4415=DIRECTION('',(0.,0.,1.));
#4416=DIRECTION('center_axis',(0.,0.,1.));
#4417=DIRECTION('ref_axis',(-1.,0.,0.));
#4418=DIRECTION('center_axis',(0.,0.,1.));
#4419=DIRECTION('ref_axis',(1.,0.,0.));
#4420=DIRECTION('center_axis',(0.,0.,-1.));
#4421=DIRECTION('ref_axis',(-1.,0.,0.));
#4422=DIRECTION('center_axis',(0.,0.,1.));
#4423=DIRECTION('ref_axis',(-1.,0.,0.));
#4424=DIRECTION('center_axis',(0.,-1.,0.));
#4425=DIRECTION('ref_axis',(1.,0.,0.));
#4426=DIRECTION('center_axis',(0.,0.,-1.));
#4427=DIRECTION('ref_axis',(-1.,0.,0.));
#4428=DIRECTION('center_axis',(0.,0.,-1.));
#4429=DIRECTION('ref_axis',(-1.,0.,0.));
#4430=DIRECTION('center_axis',(0.,0.,-1.));
#4431=DIRECTION('ref_axis',(1.,0.,0.));
#4432=DIRECTION('',(0.,0.,1.));
#4433=DIRECTION('center_axis',(0.,0.,1.));
#4434=DIRECTION('ref_axis',(-1.,0.,0.));
#4435=DIRECTION('center_axis',(0.,0.,1.));
#4436=DIRECTION('ref_axis',(1.,0.,0.));
#4437=DIRECTION('center_axis',(0.,0.,-1.));
#4438=DIRECTION('ref_axis',(-1.,0.,0.));
#4439=DIRECTION('center_axis',(0.,0.,1.));
#4440=DIRECTION('ref_axis',(-1.,0.,0.));
#4441=DIRECTION('center_axis',(0.,-1.,0.));
#4442=DIRECTION('ref_axis',(1.,0.,0.));
#4443=DIRECTION('center_axis',(0.,0.,-1.));
#4444=DIRECTION('ref_axis',(-1.,0.,0.));
#4445=DIRECTION('center_axis',(0.,0.,-1.));
#4446=DIRECTION('ref_axis',(-1.,0.,0.));
#4447=DIRECTION('center_axis',(0.,0.,-1.));
#4448=DIRECTION('ref_axis',(1.,0.,0.));
#4449=DIRECTION('',(0.,0.,1.));
#4450=DIRECTION('center_axis',(0.,0.,1.));
#4451=DIRECTION('ref_axis',(-1.,0.,0.));
#4452=DIRECTION('center_axis',(0.,0.,1.));
#4453=DIRECTION('ref_axis',(1.,0.,0.));
#4454=DIRECTION('center_axis',(0.,0.,-1.));
#4455=DIRECTION('ref_axis',(-1.,0.,0.));
#4456=DIRECTION('center_axis',(0.,0.,1.));
#4457=DIRECTION('ref_axis',(-1.,0.,0.));
#4458=DIRECTION('center_axis',(0.,-1.,0.));
#4459=DIRECTION('ref_axis',(1.,0.,0.));
#4460=DIRECTION('center_axis',(0.,0.,-1.));
#4461=DIRECTION('ref_axis',(-1.,0.,0.));
#4462=DIRECTION('center_axis',(0.,0.,-1.));
#4463=DIRECTION('ref_axis',(-1.,0.,0.));
#4464=DIRECTION('center_axis',(0.,0.,-1.));
#4465=DIRECTION('ref_axis',(1.,0.,0.));
#4466=DIRECTION('',(0.,0.,1.));
#4467=DIRECTION('center_axis',(0.,0.,1.));
#4468=DIRECTION('ref_axis',(-1.,0.,0.));
#4469=DIRECTION('center_axis',(0.,0.,1.));
#4470=DIRECTION('ref_axis',(1.,0.,0.));
#4471=DIRECTION('center_axis',(0.,0.,-1.));
#4472=DIRECTION('ref_axis',(-1.,0.,0.));
#4473=DIRECTION('center_axis',(0.,0.,1.));
#4474=DIRECTION('ref_axis',(-1.,0.,0.));
#4475=DIRECTION('center_axis',(0.,-1.,0.));
#4476=DIRECTION('ref_axis',(1.,0.,0.));
#4477=DIRECTION('center_axis',(0.,0.,-1.));
#4478=DIRECTION('ref_axis',(-1.,0.,0.));
#4479=DIRECTION('center_axis',(0.,0.,-1.));
#4480=DIRECTION('ref_axis',(-1.,0.,0.));
#4481=DIRECTION('center_axis',(0.,0.,-1.));
#4482=DIRECTION('ref_axis',(1.,0.,0.));
#4483=DIRECTION('',(0.,0.,1.));
#4484=DIRECTION('center_axis',(0.,0.,1.));
#4485=DIRECTION('ref_axis',(-1.,0.,0.));
#4486=DIRECTION('center_axis',(0.,0.,1.));
#4487=DIRECTION('ref_axis',(1.,0.,0.));
#4488=DIRECTION('center_axis',(0.,0.,-1.));
#4489=DIRECTION('ref_axis',(-1.,0.,0.));
#4490=DIRECTION('center_axis',(0.,0.,1.));
#4491=DIRECTION('ref_axis',(-1.,0.,0.));
#4492=DIRECTION('center_axis',(0.,-1.,0.));
#4493=DIRECTION('ref_axis',(1.,0.,0.));
#4494=DIRECTION('center_axis',(0.,0.,-1.));
#4495=DIRECTION('ref_axis',(-1.,0.,0.));
#4496=DIRECTION('center_axis',(0.,0.,-1.));
#4497=DIRECTION('ref_axis',(-1.,0.,0.));
#4498=DIRECTION('center_axis',(0.,0.,-1.));
#4499=DIRECTION('ref_axis',(1.,0.,0.));
#4500=DIRECTION('',(0.,0.,1.));
#4501=DIRECTION('center_axis',(0.,0.,1.));
#4502=DIRECTION('ref_axis',(-1.,0.,0.));
#4503=DIRECTION('center_axis',(0.,0.,1.));
#4504=DIRECTION('ref_axis',(1.,0.,0.));
#4505=DIRECTION('center_axis',(0.,0.,-1.));
#4506=DIRECTION('ref_axis',(-1.,0.,0.));
#4507=DIRECTION('center_axis',(0.,0.,1.));
#4508=DIRECTION('ref_axis',(-1.,0.,0.));
#4509=DIRECTION('center_axis',(0.,-1.,0.));
#4510=DIRECTION('ref_axis',(1.,0.,0.));
#4511=DIRECTION('center_axis',(0.,0.,-1.));
#4512=DIRECTION('ref_axis',(-1.,0.,0.));
#4513=DIRECTION('center_axis',(0.,0.,-1.));
#4514=DIRECTION('ref_axis',(-1.,0.,0.));
#4515=DIRECTION('center_axis',(0.,0.,-1.));
#4516=DIRECTION('ref_axis',(1.,0.,0.));
#4517=DIRECTION('',(0.,0.,1.));
#4518=DIRECTION('center_axis',(0.,0.,1.));
#4519=DIRECTION('ref_axis',(-1.,0.,0.));
#4520=DIRECTION('center_axis',(0.,0.,1.));
#4521=DIRECTION('ref_axis',(1.,0.,0.));
#4522=DIRECTION('center_axis',(0.,0.,-1.));
#4523=DIRECTION('ref_axis',(-1.,0.,0.));
#4524=DIRECTION('center_axis',(0.,0.,1.));
#4525=DIRECTION('ref_axis',(-1.,0.,0.));
#4526=DIRECTION('center_axis',(0.,-1.,0.));
#4527=DIRECTION('ref_axis',(1.,0.,0.));
#4528=DIRECTION('center_axis',(0.,0.,-1.));
#4529=DIRECTION('ref_axis',(-1.,0.,0.));
#4530=DIRECTION('center_axis',(0.,0.,-1.));
#4531=DIRECTION('ref_axis',(-1.,0.,0.));
#4532=DIRECTION('center_axis',(0.,0.,-1.));
#4533=DIRECTION('ref_axis',(1.,0.,0.));
#4534=DIRECTION('',(0.,0.,1.));
#4535=DIRECTION('center_axis',(0.,0.,1.));
#4536=DIRECTION('ref_axis',(-1.,0.,0.));
#4537=DIRECTION('center_axis',(0.,0.,1.));
#4538=DIRECTION('ref_axis',(1.,0.,0.));
#4539=DIRECTION('center_axis',(0.,0.,-1.));
#4540=DIRECTION('ref_axis',(-1.,0.,0.));
#4541=DIRECTION('center_axis',(0.,0.,1.));
#4542=DIRECTION('ref_axis',(-1.,0.,0.));
#4543=DIRECTION('center_axis',(0.,-1.,0.));
#4544=DIRECTION('ref_axis',(1.,0.,0.));
#4545=DIRECTION('center_axis',(0.,0.,-1.));
#4546=DIRECTION('ref_axis',(-1.,0.,0.));
#4547=DIRECTION('center_axis',(0.,0.,-1.));
#4548=DIRECTION('ref_axis',(-1.,0.,0.));
#4549=DIRECTION('center_axis',(0.,0.,-1.));
#4550=DIRECTION('ref_axis',(1.,0.,0.));
#4551=DIRECTION('',(0.,0.,1.));
#4552=DIRECTION('center_axis',(0.,0.,1.));
#4553=DIRECTION('ref_axis',(-1.,0.,0.));
#4554=DIRECTION('center_axis',(0.,0.,1.));
#4555=DIRECTION('ref_axis',(1.,0.,0.));
#4556=DIRECTION('center_axis',(0.,0.,-1.));
#4557=DIRECTION('ref_axis',(-1.,0.,0.));
#4558=DIRECTION('center_axis',(0.,0.,1.));
#4559=DIRECTION('ref_axis',(-1.,0.,0.));
#4560=DIRECTION('center_axis',(0.,-1.,0.));
#4561=DIRECTION('ref_axis',(1.,0.,0.));
#4562=DIRECTION('center_axis',(0.,0.,-1.));
#4563=DIRECTION('ref_axis',(-1.,0.,0.));
#4564=DIRECTION('center_axis',(0.,0.,-1.));
#4565=DIRECTION('ref_axis',(-1.,0.,0.));
#4566=DIRECTION('center_axis',(0.,0.,-1.));
#4567=DIRECTION('ref_axis',(1.,0.,0.));
#4568=DIRECTION('',(0.,0.,1.));
#4569=DIRECTION('center_axis',(0.,0.,1.));
#4570=DIRECTION('ref_axis',(-1.,0.,0.));
#4571=DIRECTION('center_axis',(0.,0.,1.));
#4572=DIRECTION('ref_axis',(1.,0.,0.));
#4573=DIRECTION('center_axis',(0.,0.,-1.));
#4574=DIRECTION('ref_axis',(-1.,0.,0.));
#4575=DIRECTION('center_axis',(0.,0.,1.));
#4576=DIRECTION('ref_axis',(-1.,0.,0.));
#4577=DIRECTION('center_axis',(0.,-1.,0.));
#4578=DIRECTION('ref_axis',(1.,0.,0.));
#4579=DIRECTION('center_axis',(0.,0.,-1.));
#4580=DIRECTION('ref_axis',(-1.,0.,0.));
#4581=DIRECTION('center_axis',(0.,0.,-1.));
#4582=DIRECTION('ref_axis',(-1.,0.,0.));
#4583=DIRECTION('center_axis',(0.,0.,-1.));
#4584=DIRECTION('ref_axis',(1.,0.,0.));
#4585=DIRECTION('',(0.,0.,1.));
#4586=DIRECTION('center_axis',(0.,0.,1.));
#4587=DIRECTION('ref_axis',(-1.,0.,0.));
#4588=DIRECTION('center_axis',(0.,0.,1.));
#4589=DIRECTION('ref_axis',(1.,0.,0.));
#4590=DIRECTION('center_axis',(0.,0.,-1.));
#4591=DIRECTION('ref_axis',(-1.,0.,0.));
#4592=DIRECTION('center_axis',(0.,0.,1.));
#4593=DIRECTION('ref_axis',(-1.,0.,0.));
#4594=DIRECTION('center_axis',(0.,-1.,0.));
#4595=DIRECTION('ref_axis',(1.,0.,0.));
#4596=DIRECTION('center_axis',(0.,0.,-1.));
#4597=DIRECTION('ref_axis',(-1.,0.,0.));
#4598=DIRECTION('center_axis',(0.,0.,-1.));
#4599=DIRECTION('ref_axis',(-1.,0.,0.));
#4600=DIRECTION('center_axis',(0.,0.,-1.));
#4601=DIRECTION('ref_axis',(1.,0.,0.));
#4602=DIRECTION('',(0.,0.,1.));
#4603=DIRECTION('center_axis',(0.,0.,1.));
#4604=DIRECTION('ref_axis',(-1.,0.,0.));
#4605=DIRECTION('center_axis',(0.,0.,1.));
#4606=DIRECTION('ref_axis',(1.,0.,0.));
#4607=DIRECTION('center_axis',(0.,0.,1.));
#4608=DIRECTION('ref_axis',(1.,0.,0.));
#4609=DIRECTION('center_axis',(0.,-1.,0.));
#4610=DIRECTION('ref_axis',(-1.,0.,0.));
#4611=DIRECTION('center_axis',(0.,0.,1.));
#4612=DIRECTION('ref_axis',(1.,0.,0.));
#4613=DIRECTION('center_axis',(0.,-1.,0.));
#4614=DIRECTION('ref_axis',(-1.,0.,0.));
#4615=DIRECTION('center_axis',(0.,0.,1.));
#4616=DIRECTION('ref_axis',(1.,0.,0.));
#4617=DIRECTION('center_axis',(0.,-1.,0.));
#4618=DIRECTION('ref_axis',(-1.,0.,0.));
#4619=DIRECTION('center_axis',(0.,0.,1.));
#4620=DIRECTION('ref_axis',(1.,0.,0.));
#4621=DIRECTION('center_axis',(0.,-1.,0.));
#4622=DIRECTION('ref_axis',(-1.,0.,0.));
#4623=DIRECTION('center_axis',(0.,0.,1.));
#4624=DIRECTION('ref_axis',(1.,0.,0.));
#4625=DIRECTION('center_axis',(0.,-1.,0.));
#4626=DIRECTION('ref_axis',(-1.,0.,0.));
#4627=DIRECTION('center_axis',(0.,0.,1.));
#4628=DIRECTION('ref_axis',(1.,0.,0.));
#4629=DIRECTION('center_axis',(0.,-1.,0.));
#4630=DIRECTION('ref_axis',(-1.,0.,0.));
#4631=DIRECTION('center_axis',(0.,0.,1.));
#4632=DIRECTION('ref_axis',(1.,0.,0.));
#4633=DIRECTION('center_axis',(0.,-1.,0.));
#4634=DIRECTION('ref_axis',(-1.,0.,0.));
#4635=DIRECTION('center_axis',(0.,0.,1.));
#4636=DIRECTION('ref_axis',(1.,0.,0.));
#4637=DIRECTION('center_axis',(0.,-1.,0.));
#4638=DIRECTION('ref_axis',(-1.,0.,0.));
#4639=DIRECTION('center_axis',(0.,0.,1.));
#4640=DIRECTION('ref_axis',(1.,0.,0.));
#4641=DIRECTION('center_axis',(0.,-1.,0.));
#4642=DIRECTION('ref_axis',(-1.,0.,0.));
#4643=DIRECTION('center_axis',(0.,0.,1.));
#4644=DIRECTION('ref_axis',(1.,0.,0.));
#4645=DIRECTION('center_axis',(0.,-1.,0.));
#4646=DIRECTION('ref_axis',(-1.,0.,0.));
#4647=DIRECTION('center_axis',(0.,0.,1.));
#4648=DIRECTION('ref_axis',(1.,0.,0.));
#4649=DIRECTION('center_axis',(0.,-1.,0.));
#4650=DIRECTION('ref_axis',(-1.,0.,0.));
#4651=DIRECTION('center_axis',(0.,0.,1.));
#4652=DIRECTION('ref_axis',(1.,0.,0.));
#4653=DIRECTION('center_axis',(0.,-1.,0.));
#4654=DIRECTION('ref_axis',(-1.,0.,0.));
#4655=CARTESIAN_POINT('',(0.,0.,0.));
#4656=CARTESIAN_POINT('Origin',(-75.,-25.,-7.09644660940672));
#4657=CARTESIAN_POINT('',(-72.8,-25.,-7.09644660940672));
#4658=CARTESIAN_POINT('Origin',(-75.,-25.,-7.09644660940672));
#4659=CARTESIAN_POINT('',(-72.7267766952966,-25.,-7.27322330470336));
#4660=CARTESIAN_POINT('Origin',(-72.55,-25.,-7.09644660940672));
#4661=CARTESIAN_POINT('Origin',(-75.,-25.,-7.27322330470336));
#4662=CARTESIAN_POINT('Origin',(-75.,-25.,275.14130747738));
#4663=CARTESIAN_POINT('',(-72.8,-25.,0.249999999999986));
#4664=CARTESIAN_POINT('',(-72.8,-25.,275.14130747738));
#4665=CARTESIAN_POINT('',(-77.2,-25.,0.249999999999986));
#4666=CARTESIAN_POINT('Origin',(-75.,-25.,0.249999999999986));
#4667=CARTESIAN_POINT('Origin',(-75.,-25.,0.249999999999986));
#4668=CARTESIAN_POINT('Origin',(-75.,-25.,-7.6));
#4669=CARTESIAN_POINT('',(-72.,-25.,-8.));
#4670=CARTESIAN_POINT('Origin',(-75.,-25.,-8.));
#4671=CARTESIAN_POINT('',(-72.4,-25.,-7.6));
#4672=CARTESIAN_POINT('Origin',(-75.,-25.,0.249999999999986));
#4673=CARTESIAN_POINT('',(-77.45,-25.,0.5));
#4674=CARTESIAN_POINT('Origin',(-77.45,-25.,0.249999999999986));
#4675=CARTESIAN_POINT('Origin',(-75.,-25.,0.5));
#4676=CARTESIAN_POINT('Origin',(-75.,-25.,0.5));
#4677=CARTESIAN_POINT('',(-71.25,-25.,0.5));
#4678=CARTESIAN_POINT('Origin',(-75.,-25.,0.5));
#4679=CARTESIAN_POINT('Origin',(-75.,-25.,0.75));
#4680=CARTESIAN_POINT('',(-71.,-25.,0.75));
#4681=CARTESIAN_POINT('Origin',(-71.25,-25.,0.75));
#4682=CARTESIAN_POINT('',(-79.,-25.,0.75));
#4683=CARTESIAN_POINT('Origin',(-75.,-25.,0.75));
#4684=CARTESIAN_POINT('Origin',(-75.,-25.,0.75));
#4685=CARTESIAN_POINT('Origin',(-75.,-25.,5.));
#4686=CARTESIAN_POINT('',(-71.,-25.,4.75));
#4687=CARTESIAN_POINT('',(-79.,-25.,4.75));
#4688=CARTESIAN_POINT('Origin',(-75.,-25.,4.75));
#4689=CARTESIAN_POINT('Origin',(-75.,-25.,4.75));
#4690=CARTESIAN_POINT('',(-79.,-25.,5.));
#4691=CARTESIAN_POINT('Origin',(-75.,-25.,4.75));
#4692=CARTESIAN_POINT('',(-70.75,-25.,5.));
#4693=CARTESIAN_POINT('Origin',(-75.,-25.,5.));
#4694=CARTESIAN_POINT('Origin',(-70.75,-25.,4.75));
#4695=CARTESIAN_POINT('Origin',(0.,0.,5.));
#4696=CARTESIAN_POINT('',(-99.,-1.21240033115588E-14,5.));
#4697=CARTESIAN_POINT('Origin',(0.,0.,5.));
#4698=CARTESIAN_POINT('',(-70.75,25.,5.));
#4699=CARTESIAN_POINT('Origin',(-75.,25.,5.));
#4700=CARTESIAN_POINT('',(29.25,75.,5.));
#4701=CARTESIAN_POINT('Origin',(25.,75.,5.));
#4702=CARTESIAN_POINT('',(79.25,-25.,5.));
#4703=CARTESIAN_POINT('Origin',(75.,-25.,5.));
#4704=CARTESIAN_POINT('',(-20.75,-75.,5.));
#4705=CARTESIAN_POINT('Origin',(-25.,-75.,5.));
#4706=CARTESIAN_POINT('',(29.25,-25.,5.));
#4707=CARTESIAN_POINT('Origin',(25.,-25.,5.));
#4708=CARTESIAN_POINT('',(29.25,25.,5.));
#4709=CARTESIAN_POINT('Origin',(25.,25.,5.));
#4710=CARTESIAN_POINT('',(27.45,3.00038465791102E-16,5.));
#4711=CARTESIAN_POINT('Origin',(25.,0.,5.));
#4712=CARTESIAN_POINT('',(-22.55,3.00038465791102E-16,5.));
#4713=CARTESIAN_POINT('Origin',(-25.,0.,5.));
#4714=CARTESIAN_POINT('',(-20.75,25.,5.));
#4715=CARTESIAN_POINT('Origin',(-25.,25.,5.));
#4716=CARTESIAN_POINT('',(-20.75,-25.,5.));
#4717=CARTESIAN_POINT('Origin',(-25.,-25.,5.));
#4718=CARTESIAN_POINT('',(29.25,-75.,5.));
#4719=CARTESIAN_POINT('Origin',(25.,-75.,5.));
#4720=CARTESIAN_POINT('',(79.25,25.,5.));
#4721=CARTESIAN_POINT('Origin',(75.,25.,5.));
#4722=CARTESIAN_POINT('',(-20.75,75.,5.));
#4723=CARTESIAN_POINT('Origin',(-25.,75.,5.));
#4724=CARTESIAN_POINT('Origin',(-75.,25.,-7.09644660940672));
#4725=CARTESIAN_POINT('',(-72.8,25.,-7.09644660940672));
#4726=CARTESIAN_POINT('Origin',(-75.,25.,-7.09644660940672));
#4727=CARTESIAN_POINT('',(-72.7267766952966,25.,-7.27322330470336));
#4728=CARTESIAN_POINT('Origin',(-72.55,25.,-7.09644660940672));
#4729=CARTESIAN_POINT('Origin',(-75.,25.,-7.27322330470336));
#4730=CARTESIAN_POINT('Origin',(-75.,25.,275.14130747738));
#4731=CARTESIAN_POINT('',(-72.8,25.,0.249999999999986));
#4732=CARTESIAN_POINT('',(-72.8,25.,275.14130747738));
#4733=CARTESIAN_POINT('',(-77.2,25.,0.249999999999986));
#4734=CARTESIAN_POINT('Origin',(-75.,25.,0.249999999999986));
#4735=CARTESIAN_POINT('Origin',(-75.,25.,0.249999999999986));
#4736=CARTESIAN_POINT('Origin',(-75.,25.,-7.6));
#4737=CARTESIAN_POINT('',(-72.,25.,-8.));
#4738=CARTESIAN_POINT('Origin',(-75.,25.,-8.));
#4739=CARTESIAN_POINT('',(-72.4,25.,-7.6));
#4740=CARTESIAN_POINT('Origin',(-75.,25.,0.249999999999986));
#4741=CARTESIAN_POINT('',(-77.45,25.,0.5));
#4742=CARTESIAN_POINT('Origin',(-77.45,25.,0.249999999999986));
#4743=CARTESIAN_POINT('Origin',(-75.,25.,0.5));
#4744=CARTESIAN_POINT('Origin',(-75.,25.,0.5));
#4745=CARTESIAN_POINT('',(-71.25,25.,0.5));
#4746=CARTESIAN_POINT('Origin',(-75.,25.,0.5));
#4747=CARTESIAN_POINT('Origin',(-75.,25.,0.75));
#4748=CARTESIAN_POINT('',(-71.,25.,0.75));
#4749=CARTESIAN_POINT('Origin',(-71.25,25.,0.75));
#4750=CARTESIAN_POINT('',(-79.,25.,0.75));
#4751=CARTESIAN_POINT('Origin',(-75.,25.,0.75));
#4752=CARTESIAN_POINT('Origin',(-75.,25.,0.75));
#4753=CARTESIAN_POINT('Origin',(-75.,25.,5.));
#4754=CARTESIAN_POINT('',(-71.,25.,4.75));
#4755=CARTESIAN_POINT('',(-79.,25.,4.75));
#4756=CARTESIAN_POINT('Origin',(-75.,25.,4.75));
#4757=CARTESIAN_POINT('Origin',(-75.,25.,4.75));
#4758=CARTESIAN_POINT('',(-79.,25.,5.));
#4759=CARTESIAN_POINT('Origin',(-75.,25.,4.75));
#4760=CARTESIAN_POINT('Origin',(-70.75,25.,4.75));
#4761=CARTESIAN_POINT('Origin',(-25.,75.,-7.09644660940672));
#4762=CARTESIAN_POINT('',(-22.8,75.,-7.09644660940672));
#4763=CARTESIAN_POINT('Origin',(-25.,75.,-7.09644660940672));
#4764=CARTESIAN_POINT('',(-22.7267766952966,75.,-7.27322330470336));
#4765=CARTESIAN_POINT('Origin',(-22.55,75.,-7.09644660940672));
#4766=CARTESIAN_POINT('Origin',(-25.,75.,-7.27322330470336));
#4767=CARTESIAN_POINT('Origin',(-25.,75.,275.14130747738));
#4768=CARTESIAN_POINT('',(-22.8,75.,0.249999999999986));
#4769=CARTESIAN_POINT('',(-22.8,75.,275.14130747738));
#4770=CARTESIAN_POINT('',(-27.2,75.,0.249999999999986));
#4771=CARTESIAN_POINT('Origin',(-25.,75.,0.249999999999986));
#4772=CARTESIAN_POINT('Origin',(-25.,75.,0.249999999999986));
#4773=CARTESIAN_POINT('Origin',(-25.,75.,-7.6));
#4774=CARTESIAN_POINT('',(-22.,75.,-8.));
#4775=CARTESIAN_POINT('Origin',(-25.,75.,-8.));
#4776=CARTESIAN_POINT('',(-22.4,75.,-7.6));
#4777=CARTESIAN_POINT('Origin',(-25.,75.,0.249999999999986));
#4778=CARTESIAN_POINT('',(-27.45,75.,0.5));
#4779=CARTESIAN_POINT('Origin',(-27.45,75.,0.249999999999986));
#4780=CARTESIAN_POINT('Origin',(-25.,75.,0.5));
#4781=CARTESIAN_POINT('Origin',(-25.,75.,0.5));
#4782=CARTESIAN_POINT('',(-21.25,75.,0.5));
#4783=CARTESIAN_POINT('Origin',(-25.,75.,0.5));
#4784=CARTESIAN_POINT('Origin',(-25.,75.,0.75));
#4785=CARTESIAN_POINT('',(-21.,75.,0.75));
#4786=CARTESIAN_POINT('Origin',(-21.25,75.,0.75));
#4787=CARTESIAN_POINT('',(-29.,75.,0.75));
#4788=CARTESIAN_POINT('Origin',(-25.,75.,0.75));
#4789=CARTESIAN_POINT('Origin',(-25.,75.,0.75));
#4790=CARTESIAN_POINT('Origin',(-25.,75.,5.));
#4791=CARTESIAN_POINT('',(-21.,75.,4.75));
#4792=CARTESIAN_POINT('',(-29.,75.,4.75));
#4793=CARTESIAN_POINT('Origin',(-25.,75.,4.75));
#4794=CARTESIAN_POINT('Origin',(-25.,75.,4.75));
#4795=CARTESIAN_POINT('',(-29.,75.,5.));
#4796=CARTESIAN_POINT('Origin',(-25.,75.,4.75));
#4797=CARTESIAN_POINT('Origin',(-20.75,75.,4.75));
#4798=CARTESIAN_POINT('Origin',(25.,75.,-7.09644660940672));
#4799=CARTESIAN_POINT('',(27.2,75.,-7.09644660940672));
#4800=CARTESIAN_POINT('Origin',(25.,75.,-7.09644660940672));
#4801=CARTESIAN_POINT('',(27.2732233047034,75.,-7.27322330470336));
#4802=CARTESIAN_POINT('Origin',(27.45,75.,-7.09644660940672));
#4803=CARTESIAN_POINT('Origin',(25.,75.,-7.27322330470336));
#4804=CARTESIAN_POINT('Origin',(25.,75.,275.14130747738));
#4805=CARTESIAN_POINT('',(27.2,75.,0.249999999999986));
#4806=CARTESIAN_POINT('',(27.2,75.,275.14130747738));
#4807=CARTESIAN_POINT('',(22.8,75.,0.249999999999986));
#4808=CARTESIAN_POINT('Origin',(25.,75.,0.249999999999986));
#4809=CARTESIAN_POINT('Origin',(25.,75.,0.249999999999986));
#4810=CARTESIAN_POINT('Origin',(25.,75.,-7.6));
#4811=CARTESIAN_POINT('',(28.,75.,-8.));
#4812=CARTESIAN_POINT('Origin',(25.,75.,-8.));
#4813=CARTESIAN_POINT('',(27.6,75.,-7.6));
#4814=CARTESIAN_POINT('Origin',(25.,75.,0.249999999999986));
#4815=CARTESIAN_POINT('',(22.55,75.,0.5));
#4816=CARTESIAN_POINT('Origin',(22.55,75.,0.249999999999986));
#4817=CARTESIAN_POINT('Origin',(25.,75.,0.5));
#4818=CARTESIAN_POINT('Origin',(25.,75.,0.5));
#4819=CARTESIAN_POINT('',(28.75,75.,0.5));
#4820=CARTESIAN_POINT('Origin',(25.,75.,0.5));
#4821=CARTESIAN_POINT('Origin',(25.,75.,0.75));
#4822=CARTESIAN_POINT('',(29.,75.,0.75));
#4823=CARTESIAN_POINT('Origin',(28.75,75.,0.75));
#4824=CARTESIAN_POINT('',(21.,75.,0.75));
#4825=CARTESIAN_POINT('Origin',(25.,75.,0.75));
#4826=CARTESIAN_POINT('Origin',(25.,75.,0.75));
#4827=CARTESIAN_POINT('Origin',(25.,75.,5.));
#4828=CARTESIAN_POINT('',(29.,75.,4.75));
#4829=CARTESIAN_POINT('',(21.,75.,4.75));
#4830=CARTESIAN_POINT('Origin',(25.,75.,4.75));
#4831=CARTESIAN_POINT('Origin',(25.,75.,4.75));
#4832=CARTESIAN_POINT('',(21.,75.,5.));
#4833=CARTESIAN_POINT('Origin',(25.,75.,4.75));
#4834=CARTESIAN_POINT('Origin',(29.25,75.,4.75));
#4835=CARTESIAN_POINT('Origin',(75.,25.,-7.09644660940672));
#4836=CARTESIAN_POINT('',(77.2,25.,-7.09644660940672));
#4837=CARTESIAN_POINT('Origin',(75.,25.,-7.09644660940672));
#4838=CARTESIAN_POINT('',(77.2732233047034,25.,-7.27322330470336));
#4839=CARTESIAN_POINT('Origin',(77.45,25.,-7.09644660940672));
#4840=CARTESIAN_POINT('Origin',(75.,25.,-7.27322330470336));
#4841=CARTESIAN_POINT('Origin',(75.,25.,275.14130747738));
#4842=CARTESIAN_POINT('',(77.2,25.,0.249999999999986));
#4843=CARTESIAN_POINT('',(77.2,25.,275.14130747738));
#4844=CARTESIAN_POINT('',(72.8,25.,0.249999999999986));
#4845=CARTESIAN_POINT('Origin',(75.,25.,0.249999999999986));
#4846=CARTESIAN_POINT('Origin',(75.,25.,0.249999999999986));
#4847=CARTESIAN_POINT('Origin',(75.,25.,-7.6));
#4848=CARTESIAN_POINT('',(78.,25.,-8.));
#4849=CARTESIAN_POINT('Origin',(75.,25.,-8.));
#4850=CARTESIAN_POINT('',(77.6,25.,-7.6));
#4851=CARTESIAN_POINT('Origin',(75.,25.,0.249999999999986));
#4852=CARTESIAN_POINT('',(72.55,25.,0.5));
#4853=CARTESIAN_POINT('Origin',(72.55,25.,0.249999999999986));
#4854=CARTESIAN_POINT('Origin',(75.,25.,0.5));
#4855=CARTESIAN_POINT('Origin',(75.,25.,0.5));
#4856=CARTESIAN_POINT('',(78.75,25.,0.5));
#4857=CARTESIAN_POINT('Origin',(75.,25.,0.5));
#4858=CARTESIAN_POINT('Origin',(75.,25.,0.75));
#4859=CARTESIAN_POINT('',(79.,25.,0.75));
#4860=CARTESIAN_POINT('Origin',(78.75,25.,0.75));
#4861=CARTESIAN_POINT('',(71.,25.,0.75));
#4862=CARTESIAN_POINT('Origin',(75.,25.,0.75));
#4863=CARTESIAN_POINT('Origin',(75.,25.,0.75));
#4864=CARTESIAN_POINT('Origin',(75.,25.,5.));
#4865=CARTESIAN_POINT('',(79.,25.,4.75));
#4866=CARTESIAN_POINT('',(71.,25.,4.75));
#4867=CARTESIAN_POINT('Origin',(75.,25.,4.75));
#4868=CARTESIAN_POINT('Origin',(75.,25.,4.75));
#4869=CARTESIAN_POINT('',(71.,25.,5.));
#4870=CARTESIAN_POINT('Origin',(75.,25.,4.75));
#4871=CARTESIAN_POINT('Origin',(79.25,25.,4.75));
#4872=CARTESIAN_POINT('Origin',(75.,-25.,-7.09644660940672));
#4873=CARTESIAN_POINT('',(77.2,-25.,-7.09644660940672));
#4874=CARTESIAN_POINT('Origin',(75.,-25.,-7.09644660940672));
#4875=CARTESIAN_POINT('',(77.2732233047034,-25.,-7.27322330470336));
#4876=CARTESIAN_POINT('Origin',(77.45,-25.,-7.09644660940672));
#4877=CARTESIAN_POINT('Origin',(75.,-25.,-7.27322330470336));
#4878=CARTESIAN_POINT('Origin',(75.,-25.,275.14130747738));
#4879=CARTESIAN_POINT('',(77.2,-25.,0.249999999999986));
#4880=CARTESIAN_POINT('',(77.2,-25.,275.14130747738));
#4881=CARTESIAN_POINT('',(72.8,-25.,0.249999999999986));
#4882=CARTESIAN_POINT('Origin',(75.,-25.,0.249999999999986));
#4883=CARTESIAN_POINT('Origin',(75.,-25.,0.249999999999986));
#4884=CARTESIAN_POINT('Origin',(75.,-25.,-7.6));
#4885=CARTESIAN_POINT('',(78.,-25.,-8.));
#4886=CARTESIAN_POINT('Origin',(75.,-25.,-8.));
#4887=CARTESIAN_POINT('',(77.6,-25.,-7.6));
#4888=CARTESIAN_POINT('Origin',(75.,-25.,0.249999999999986));
#4889=CARTESIAN_POINT('',(72.55,-25.,0.5));
#4890=CARTESIAN_POINT('Origin',(72.55,-25.,0.249999999999986));
#4891=CARTESIAN_POINT('Origin',(75.,-25.,0.5));
#4892=CARTESIAN_POINT('Origin',(75.,-25.,0.5));
#4893=CARTESIAN_POINT('',(78.75,-25.,0.5));
#4894=CARTESIAN_POINT('Origin',(75.,-25.,0.5));
#4895=CARTESIAN_POINT('Origin',(75.,-25.,0.75));
#4896=CARTESIAN_POINT('',(79.,-25.,0.75));
#4897=CARTESIAN_POINT('Origin',(78.75,-25.,0.75));
#4898=CARTESIAN_POINT('',(71.,-25.,0.75));
#4899=CARTESIAN_POINT('Origin',(75.,-25.,0.75));
#4900=CARTESIAN_POINT('Origin',(75.,-25.,0.75));
#4901=CARTESIAN_POINT('Origin',(75.,-25.,5.));
#4902=CARTESIAN_POINT('',(79.,-25.,4.75));
#4903=CARTESIAN_POINT('',(71.,-25.,4.75));
#4904=CARTESIAN_POINT('Origin',(75.,-25.,4.75));
#4905=CARTESIAN_POINT('Origin',(75.,-25.,4.75));
#4906=CARTESIAN_POINT('',(71.,-25.,5.));
#4907=CARTESIAN_POINT('Origin',(75.,-25.,4.75));
#4908=CARTESIAN_POINT('Origin',(79.25,-25.,4.75));
#4909=CARTESIAN_POINT('Origin',(25.,-75.,-7.09644660940672));
#4910=CARTESIAN_POINT('',(27.2,-75.,-7.09644660940672));
#4911=CARTESIAN_POINT('Origin',(25.,-75.,-7.09644660940672));
#4912=CARTESIAN_POINT('',(27.2732233047034,-75.,-7.27322330470336));
#4913=CARTESIAN_POINT('Origin',(27.45,-75.,-7.09644660940672));
#4914=CARTESIAN_POINT('Origin',(25.,-75.,-7.27322330470336));
#4915=CARTESIAN_POINT('Origin',(25.,-75.,275.14130747738));
#4916=CARTESIAN_POINT('',(27.2,-75.,0.249999999999986));
#4917=CARTESIAN_POINT('',(27.2,-75.,275.14130747738));
#4918=CARTESIAN_POINT('',(22.8,-75.,0.249999999999986));
#4919=CARTESIAN_POINT('Origin',(25.,-75.,0.249999999999986));
#4920=CARTESIAN_POINT('Origin',(25.,-75.,0.249999999999986));
#4921=CARTESIAN_POINT('Origin',(25.,-75.,-7.6));
#4922=CARTESIAN_POINT('',(28.,-75.,-8.));
#4923=CARTESIAN_POINT('Origin',(25.,-75.,-8.));
#4924=CARTESIAN_POINT('',(27.6,-75.,-7.6));
#4925=CARTESIAN_POINT('Origin',(25.,-75.,0.249999999999986));
#4926=CARTESIAN_POINT('',(22.55,-75.,0.5));
#4927=CARTESIAN_POINT('Origin',(22.55,-75.,0.249999999999986));
#4928=CARTESIAN_POINT('Origin',(25.,-75.,0.5));
#4929=CARTESIAN_POINT('Origin',(25.,-75.,0.5));
#4930=CARTESIAN_POINT('',(28.75,-75.,0.5));
#4931=CARTESIAN_POINT('Origin',(25.,-75.,0.5));
#4932=CARTESIAN_POINT('Origin',(25.,-75.,0.75));
#4933=CARTESIAN_POINT('',(29.,-75.,0.75));
#4934=CARTESIAN_POINT('Origin',(28.75,-75.,0.75));
#4935=CARTESIAN_POINT('',(21.,-75.,0.75));
#4936=CARTESIAN_POINT('Origin',(25.,-75.,0.75));
#4937=CARTESIAN_POINT('Origin',(25.,-75.,0.75));
#4938=CARTESIAN_POINT('Origin',(25.,-75.,5.));
#4939=CARTESIAN_POINT('',(29.,-75.,4.75));
#4940=CARTESIAN_POINT('',(21.,-75.,4.75));
#4941=CARTESIAN_POINT('Origin',(25.,-75.,4.75));
#4942=CARTESIAN_POINT('Origin',(25.,-75.,4.75));
#4943=CARTESIAN_POINT('',(21.,-75.,5.));
#4944=CARTESIAN_POINT('Origin',(25.,-75.,4.75));
#4945=CARTESIAN_POINT('Origin',(29.25,-75.,4.75));
#4946=CARTESIAN_POINT('Origin',(-25.,-75.,-7.09644660940672));
#4947=CARTESIAN_POINT('',(-22.8,-75.,-7.09644660940672));
#4948=CARTESIAN_POINT('Origin',(-25.,-75.,-7.09644660940672));
#4949=CARTESIAN_POINT('',(-22.7267766952966,-75.,-7.27322330470336));
#4950=CARTESIAN_POINT('Origin',(-22.55,-75.,-7.09644660940672));
#4951=CARTESIAN_POINT('Origin',(-25.,-75.,-7.27322330470336));
#4952=CARTESIAN_POINT('Origin',(-25.,-75.,275.14130747738));
#4953=CARTESIAN_POINT('',(-22.8,-75.,0.249999999999986));
#4954=CARTESIAN_POINT('',(-22.8,-75.,275.14130747738));
#4955=CARTESIAN_POINT('',(-27.2,-75.,0.249999999999986));
#4956=CARTESIAN_POINT('Origin',(-25.,-75.,0.249999999999986));
#4957=CARTESIAN_POINT('Origin',(-25.,-75.,0.249999999999986));
#4958=CARTESIAN_POINT('Origin',(-25.,-75.,-7.6));
#4959=CARTESIAN_POINT('',(-22.,-75.,-8.));
#4960=CARTESIAN_POINT('Origin',(-25.,-75.,-8.));
#4961=CARTESIAN_POINT('',(-22.4,-75.,-7.6));
#4962=CARTESIAN_POINT('Origin',(-25.,-75.,0.75));
#4963=CARTESIAN_POINT('',(-21.25,-75.,0.5));
#4964=CARTESIAN_POINT('Origin',(-25.,-75.,0.5));
#4965=CARTESIAN_POINT('',(-21.,-75.,0.75));
#4966=CARTESIAN_POINT('Origin',(-21.25,-75.,0.75));
#4967=CARTESIAN_POINT('',(-29.,-75.,0.75));
#4968=CARTESIAN_POINT('Origin',(-25.,-75.,0.75));
#4969=CARTESIAN_POINT('Origin',(-25.,-75.,0.75));
#4970=CARTESIAN_POINT('Origin',(-25.,-75.,0.5));
#4971=CARTESIAN_POINT('',(-27.45,-75.,0.5));
#4972=CARTESIAN_POINT('Origin',(-25.,-75.,0.5));
#4973=CARTESIAN_POINT('Origin',(-25.,-75.,5.));
#4974=CARTESIAN_POINT('',(-21.,-75.,4.75));
#4975=CARTESIAN_POINT('',(-29.,-75.,4.75));
#4976=CARTESIAN_POINT('Origin',(-25.,-75.,4.75));
#4977=CARTESIAN_POINT('Origin',(-25.,-75.,4.75));
#4978=CARTESIAN_POINT('',(-29.,-75.,5.));
#4979=CARTESIAN_POINT('Origin',(-25.,-75.,0.249999999999986));
#4980=CARTESIAN_POINT('Origin',(-27.45,-75.,0.249999999999986));
#4981=CARTESIAN_POINT('Origin',(-25.,-75.,4.75));
#4982=CARTESIAN_POINT('Origin',(-20.75,-75.,4.75));
#4983=CARTESIAN_POINT('Origin',(-25.,25.,0.75));
#4984=CARTESIAN_POINT('',(-21.25,25.,0.5));
#4985=CARTESIAN_POINT('Origin',(-25.,25.,0.5));
#4986=CARTESIAN_POINT('',(-21.,25.,0.75));
#4987=CARTESIAN_POINT('Origin',(-21.25,25.,0.75));
#4988=CARTESIAN_POINT('',(-29.,25.,0.75));
#4989=CARTESIAN_POINT('Origin',(-25.,25.,0.75));
#4990=CARTESIAN_POINT('Origin',(-25.,25.,0.75));
#4991=CARTESIAN_POINT('Origin',(-25.,25.,0.5));
#4992=CARTESIAN_POINT('',(-27.45,25.,0.5));
#4993=CARTESIAN_POINT('Origin',(-25.,25.,0.5));
#4994=CARTESIAN_POINT('Origin',(-25.,25.,5.));
#4995=CARTESIAN_POINT('',(-21.,25.,4.75));
#4996=CARTESIAN_POINT('',(-29.,25.,4.75));
#4997=CARTESIAN_POINT('Origin',(-25.,25.,4.75));
#4998=CARTESIAN_POINT('Origin',(-25.,25.,4.75));
#4999=CARTESIAN_POINT('',(-29.,25.,5.));
#5000=CARTESIAN_POINT('Origin',(25.,25.,0.75));
#5001=CARTESIAN_POINT('',(28.75,25.,0.5));
#5002=CARTESIAN_POINT('Origin',(25.,25.,0.5));
#5003=CARTESIAN_POINT('',(29.,25.,0.75));
#5004=CARTESIAN_POINT('Origin',(28.75,25.,0.75));
#5005=CARTESIAN_POINT('',(21.,25.,0.749999999999999));
#5006=CARTESIAN_POINT('Origin',(25.,25.,0.75));
#5007=CARTESIAN_POINT('Origin',(25.,25.,0.75));
#5008=CARTESIAN_POINT('Origin',(25.,25.,0.5));
#5009=CARTESIAN_POINT('',(22.55,25.,0.5));
#5010=CARTESIAN_POINT('Origin',(25.,25.,0.5));
#5011=CARTESIAN_POINT('Origin',(25.,25.,5.));
#5012=CARTESIAN_POINT('',(29.,25.,4.75));
#5013=CARTESIAN_POINT('',(21.,25.,4.75));
#5014=CARTESIAN_POINT('Origin',(25.,25.,4.75));
#5015=CARTESIAN_POINT('Origin',(25.,25.,4.75));
#5016=CARTESIAN_POINT('',(21.,25.,5.));
#5017=CARTESIAN_POINT('Origin',(25.,-25.,0.75));
#5018=CARTESIAN_POINT('',(28.75,-25.,0.5));
#5019=CARTESIAN_POINT('Origin',(25.,-25.,0.5));
#5020=CARTESIAN_POINT('',(29.,-25.,0.75));
#5021=CARTESIAN_POINT('Origin',(28.75,-25.,0.75));
#5022=CARTESIAN_POINT('',(21.,-25.,0.749999999999999));
#5023=CARTESIAN_POINT('Origin',(25.,-25.,0.75));
#5024=CARTESIAN_POINT('Origin',(25.,-25.,0.75));
#5025=CARTESIAN_POINT('Origin',(25.,-25.,5.));
#5026=CARTESIAN_POINT('',(29.,-25.,4.75));
#5027=CARTESIAN_POINT('',(21.,-25.,4.75));
#5028=CARTESIAN_POINT('Origin',(25.,-25.,4.75));
#5029=CARTESIAN_POINT('Origin',(25.,-25.,4.75));
#5030=CARTESIAN_POINT('',(21.,-25.,5.));
#5031=CARTESIAN_POINT('Origin',(25.,-25.,0.5));
#5032=CARTESIAN_POINT('',(22.55,-25.,0.5));
#5033=CARTESIAN_POINT('Origin',(25.,-25.,0.5));
#5034=CARTESIAN_POINT('Origin',(-25.,-25.,0.75));
#5035=CARTESIAN_POINT('',(-21.25,-25.,0.5));
#5036=CARTESIAN_POINT('Origin',(-25.,-25.,0.5));
#5037=CARTESIAN_POINT('',(-21.,-25.,0.75));
#5038=CARTESIAN_POINT('Origin',(-21.25,-25.,0.75));
#5039=CARTESIAN_POINT('',(-29.,-25.,0.75));
#5040=CARTESIAN_POINT('Origin',(-25.,-25.,0.75));
#5041=CARTESIAN_POINT('Origin',(-25.,-25.,0.75));
#5042=CARTESIAN_POINT('Origin',(-25.,-25.,0.5));
#5043=CARTESIAN_POINT('',(-27.45,-25.,0.5));
#5044=CARTESIAN_POINT('Origin',(-25.,-25.,0.5));
#5045=CARTESIAN_POINT('Origin',(-25.,-25.,5.));
#5046=CARTESIAN_POINT('',(-21.,-25.,4.75));
#5047=CARTESIAN_POINT('',(-29.,-25.,4.75));
#5048=CARTESIAN_POINT('Origin',(-25.,-25.,4.75));
#5049=CARTESIAN_POINT('Origin',(-25.,-25.,4.75));
#5050=CARTESIAN_POINT('',(-29.,-25.,5.));
#5051=CARTESIAN_POINT('Origin',(-25.,-25.,-7.09644660940672));
#5052=CARTESIAN_POINT('',(-22.8,-25.,-7.09644660940672));
#5053=CARTESIAN_POINT('Origin',(-25.,-25.,-7.09644660940672));
#5054=CARTESIAN_POINT('',(-22.7267766952966,-25.,-7.27322330470336));
#5055=CARTESIAN_POINT('Origin',(-22.55,-25.,-7.09644660940672));
#5056=CARTESIAN_POINT('Origin',(-25.,-25.,-7.27322330470336));
#5057=CARTESIAN_POINT('Origin',(-25.,-25.,275.14130747738));
#5058=CARTESIAN_POINT('',(-22.8,-25.,0.249999999999986));
#5059=CARTESIAN_POINT('',(-22.8,-25.,275.14130747738));
#5060=CARTESIAN_POINT('',(-27.2,-25.,0.249999999999986));
#5061=CARTESIAN_POINT('Origin',(-25.,-25.,0.249999999999986));
#5062=CARTESIAN_POINT('Origin',(-25.,-25.,0.249999999999986));
#5063=CARTESIAN_POINT('Origin',(-25.,-25.,-7.6));
#5064=CARTESIAN_POINT('',(-22.,-25.,-8.));
#5065=CARTESIAN_POINT('Origin',(-25.,-25.,-8.));
#5066=CARTESIAN_POINT('',(-22.4,-25.,-7.6));
#5067=CARTESIAN_POINT('Origin',(-25.,-25.,0.249999999999986));
#5068=CARTESIAN_POINT('Origin',(-27.45,-25.,0.249999999999986));
#5069=CARTESIAN_POINT('Origin',(-25.,-25.,4.75));
#5070=CARTESIAN_POINT('Origin',(-20.75,-25.,4.75));
#5071=CARTESIAN_POINT('Origin',(25.,-25.,4.75));
#5072=CARTESIAN_POINT('Origin',(29.25,-25.,4.75));
#5073=CARTESIAN_POINT('Origin',(25.,-25.,0.249999999999986));
#5074=CARTESIAN_POINT('',(27.2,-25.,0.249999999999986));
#5075=CARTESIAN_POINT('',(22.8,-25.,0.249999999999986));
#5076=CARTESIAN_POINT('Origin',(25.,-25.,0.249999999999986));
#5077=CARTESIAN_POINT('Origin',(22.55,-25.,0.249999999999986));
#5078=CARTESIAN_POINT('Origin',(25.,-25.,0.249999999999986));
#5079=CARTESIAN_POINT('Origin',(25.,-25.,275.14130747738));
#5080=CARTESIAN_POINT('',(27.2,-25.,-7.09644660940675));
#5081=CARTESIAN_POINT('Origin',(25.,-25.,-7.09644660940672));
#5082=CARTESIAN_POINT('',(27.2,-25.,275.14130747738));
#5083=CARTESIAN_POINT('Origin',(25.,-25.,-7.09644660940672));
#5084=CARTESIAN_POINT('',(27.2732233047034,-25.,-7.27322330470336));
#5085=CARTESIAN_POINT('Origin',(27.45,-25.,-7.09644660940672));
#5086=CARTESIAN_POINT('Origin',(25.,-25.,-7.27322330470336));
#5087=CARTESIAN_POINT('Origin',(25.,-25.,-7.6));
#5088=CARTESIAN_POINT('',(28.,-25.,-8.));
#5089=CARTESIAN_POINT('Origin',(25.,-25.,-8.));
#5090=CARTESIAN_POINT('',(27.6,-25.,-7.6));
#5091=CARTESIAN_POINT('Origin',(25.,25.,-7.09644660940672));
#5092=CARTESIAN_POINT('',(27.2,25.,-7.09644660940672));
#5093=CARTESIAN_POINT('Origin',(25.,25.,-7.09644660940672));
#5094=CARTESIAN_POINT('',(27.2732233047034,25.,-7.27322330470336));
#5095=CARTESIAN_POINT('Origin',(27.45,25.,-7.09644660940672));
#5096=CARTESIAN_POINT('Origin',(25.,25.,-7.27322330470336));
#5097=CARTESIAN_POINT('Origin',(25.,25.,275.14130747738));
#5098=CARTESIAN_POINT('',(27.2,25.,0.249999999999986));
#5099=CARTESIAN_POINT('',(27.2,25.,275.14130747738));
#5100=CARTESIAN_POINT('',(22.8,25.,0.249999999999986));
#5101=CARTESIAN_POINT('Origin',(25.,25.,0.249999999999986));
#5102=CARTESIAN_POINT('Origin',(25.,25.,0.249999999999986));
#5103=CARTESIAN_POINT('Origin',(25.,25.,-7.6));
#5104=CARTESIAN_POINT('',(28.,25.,-8.));
#5105=CARTESIAN_POINT('Origin',(25.,25.,-8.));
#5106=CARTESIAN_POINT('',(27.6,25.,-7.6));
#5107=CARTESIAN_POINT('Origin',(-25.,25.,-7.09644660940672));
#5108=CARTESIAN_POINT('',(-22.8,25.,-7.09644660940672));
#5109=CARTESIAN_POINT('Origin',(-25.,25.,-7.09644660940672));
#5110=CARTESIAN_POINT('',(-22.7267766952966,25.,-7.27322330470336));
#5111=CARTESIAN_POINT('Origin',(-22.55,25.,-7.09644660940672));
#5112=CARTESIAN_POINT('Origin',(-25.,25.,-7.27322330470336));
#5113=CARTESIAN_POINT('Origin',(-25.,25.,275.14130747738));
#5114=CARTESIAN_POINT('',(-22.8,25.,0.249999999999986));
#5115=CARTESIAN_POINT('',(-22.8,25.,275.14130747738));
#5116=CARTESIAN_POINT('',(-27.2,25.,0.249999999999986));
#5117=CARTESIAN_POINT('Origin',(-25.,25.,0.249999999999986));
#5118=CARTESIAN_POINT('Origin',(-25.,25.,0.249999999999986));
#5119=CARTESIAN_POINT('Origin',(-25.,25.,-7.6));
#5120=CARTESIAN_POINT('',(-22.,25.,-8.));
#5121=CARTESIAN_POINT('Origin',(-25.,25.,-8.));
#5122=CARTESIAN_POINT('',(-22.4,25.,-7.6));
#5123=CARTESIAN_POINT('Origin',(-25.,25.,0.249999999999986));
#5124=CARTESIAN_POINT('Origin',(-27.45,25.,0.249999999999986));
#5125=CARTESIAN_POINT('Origin',(-25.,25.,4.75));
#5126=CARTESIAN_POINT('Origin',(-20.75,25.,4.75));
#5127=CARTESIAN_POINT('Origin',(25.,25.,0.249999999999986));
#5128=CARTESIAN_POINT('Origin',(22.55,25.,0.249999999999986));
#5129=CARTESIAN_POINT('Origin',(25.,25.,4.75));
#5130=CARTESIAN_POINT('Origin',(29.25,25.,4.75));
#5131=CARTESIAN_POINT('Origin',(-25.,0.,4.75));
#5132=CARTESIAN_POINT('',(-22.8,-2.69422295812418E-16,4.75));
#5133=CARTESIAN_POINT('Origin',(-22.55,-3.00038465791102E-16,4.75));
#5134=CARTESIAN_POINT('Origin',(-25.,0.,4.75));
#5135=CARTESIAN_POINT('Origin',(-25.,0.,0.));
#5136=CARTESIAN_POINT('',(-22.8,2.69422295812418E-16,3.25));
#5137=CARTESIAN_POINT('Origin',(-25.,0.,3.25));
#5138=CARTESIAN_POINT('',(-22.8,2.69422295812418E-16,0.));
#5139=CARTESIAN_POINT('Origin',(-25.,0.,3.25));
#5140=CARTESIAN_POINT('',(-22.55,-3.00038465791102E-16,3.));
#5141=CARTESIAN_POINT('Origin',(-22.55,-3.00038465791102E-16,3.25));
#5142=CARTESIAN_POINT('Origin',(-25.,0.,3.));
#5143=CARTESIAN_POINT('Origin',(-25.,0.,3.));
#5144=CARTESIAN_POINT('',(-21.65,1.93412340178524,3.));
#5145=CARTESIAN_POINT('',(-25.,3.86824680357049,3.));
#5146=CARTESIAN_POINT('',(-22.425,2.38156986040721,3.));
#5147=CARTESIAN_POINT('',(-21.65,-1.93412340178524,3.));
#5148=CARTESIAN_POINT('',(-21.65,-1.03923048454133,3.));
#5149=CARTESIAN_POINT('',(-25.,-3.8682468035705,3.));
#5150=CARTESIAN_POINT('',(-24.225,-3.42080034494853,3.));
#5151=CARTESIAN_POINT('',(-28.35,-1.93412340178524,3.));
#5152=CARTESIAN_POINT('',(-27.575,-2.38156986040721,3.));
#5153=CARTESIAN_POINT('',(-28.35,1.93412340178525,3.));
#5154=CARTESIAN_POINT('',(-28.35,1.03923048454133,3.));
#5155=CARTESIAN_POINT('',(-25.775,3.42080034494854,3.));
#5156=CARTESIAN_POINT('Origin',(-22.425,2.38156986040721,2.75));
#5157=CARTESIAN_POINT('',(-25.,4.15692193816531,2.75));
#5158=CARTESIAN_POINT('Origin',(-25.,3.86824680357049,2.75));
#5159=CARTESIAN_POINT('',(-21.4,2.07846096908265,2.75));
#5160=CARTESIAN_POINT('',(-22.3,2.59807621135332,2.75));
#5161=CARTESIAN_POINT('Origin',(-21.65,1.93412340178524,2.75));
#5162=CARTESIAN_POINT('Origin',(-25.775,3.42080034494854,2.75));
#5163=CARTESIAN_POINT('',(-28.6,2.07846096908266,2.75));
#5164=CARTESIAN_POINT('Origin',(-28.35,1.93412340178525,2.75));
#5165=CARTESIAN_POINT('',(-25.9,3.63730669589465,2.75));
#5166=CARTESIAN_POINT('Origin',(-28.35,1.03923048454133,2.75));
#5167=CARTESIAN_POINT('',(-28.6,-2.07846096908265,2.75));
#5168=CARTESIAN_POINT('',(-28.6,1.03923048454133,2.75));
#5169=CARTESIAN_POINT('Origin',(-28.35,-1.93412340178524,2.75));
#5170=CARTESIAN_POINT('Origin',(-27.575,-2.38156986040721,2.75));
#5171=CARTESIAN_POINT('',(-25.,-4.15692193816531,2.75));
#5172=CARTESIAN_POINT('',(-27.7,-2.59807621135332,2.75));
#5173=CARTESIAN_POINT('Origin',(-25.,-3.8682468035705,2.75));
#5174=CARTESIAN_POINT('Origin',(-24.225,-3.42080034494853,2.75));
#5175=CARTESIAN_POINT('',(-21.4,-2.07846096908265,2.75));
#5176=CARTESIAN_POINT('',(-24.1,-3.63730669589464,2.75));
#5177=CARTESIAN_POINT('Origin',(-21.65,-1.93412340178524,2.75));
#5178=CARTESIAN_POINT('Origin',(-21.65,-1.03923048454133,2.75));
#5179=CARTESIAN_POINT('',(-21.4,-1.03923048454133,2.75));
#5180=CARTESIAN_POINT('Origin',(-25.,-4.15692193816531,0.));
#5181=CARTESIAN_POINT('',(-21.4,-2.07846096908265,0.25));
#5182=CARTESIAN_POINT('',(-21.4,-2.07846096908265,0.));
#5183=CARTESIAN_POINT('',(-25.,-4.15692193816531,0.25));
#5184=CARTESIAN_POINT('',(-14.725,1.7753520777581,0.25));
#5185=CARTESIAN_POINT('',(-25.,-4.15692193816531,0.));
#5186=CARTESIAN_POINT('Origin',(-21.4,-2.07846096908265,0.));
#5187=CARTESIAN_POINT('',(-21.4,2.07846096908265,0.25));
#5188=CARTESIAN_POINT('',(-21.4,2.07846096908265,0.));
#5189=CARTESIAN_POINT('',(-21.4,-1.03923048454133,0.25));
#5190=CARTESIAN_POINT('Origin',(-21.4,2.07846096908265,0.));
#5191=CARTESIAN_POINT('',(-25.,4.15692193816531,0.25));
#5192=CARTESIAN_POINT('',(-25.,4.15692193816531,0.));
#5193=CARTESIAN_POINT('',(-12.925,-2.81458256229942,0.25));
#5194=CARTESIAN_POINT('Origin',(-21.15,-1.03923048454133,0.25));
#5195=CARTESIAN_POINT('',(-21.15,2.22279853638006,0.));
#5196=CARTESIAN_POINT('',(-21.15,-2.22279853638006,0.));
#5197=CARTESIAN_POINT('',(-21.15,-1.03923048454133,0.));
#5198=CARTESIAN_POINT('Origin',(-21.15,-2.22279853638006,0.25));
#5199=CARTESIAN_POINT('Origin',(-21.15,2.22279853638006,0.25));
#5200=CARTESIAN_POINT('Origin',(-14.6,1.55884572681199,0.25));
#5201=CARTESIAN_POINT('',(-25.,-4.44559707276012,0.));
#5202=CARTESIAN_POINT('',(-14.6,1.55884572681199,0.));
#5203=CARTESIAN_POINT('Origin',(-25.,-4.44559707276012,0.25));
#5204=CARTESIAN_POINT('Origin',(-12.8,-2.59807621135331,0.25));
#5205=CARTESIAN_POINT('',(-25.,4.44559707276012,0.));
#5206=CARTESIAN_POINT('Origin',(-25.,4.44559707276012,0.25));
#5207=CARTESIAN_POINT('',(-12.8,-2.59807621135331,0.));
#5208=CARTESIAN_POINT('Origin',(-18.45,-8.22724133595217,0.25));
#5209=CARTESIAN_POINT('',(-28.85,-2.22279853638006,0.));
#5210=CARTESIAN_POINT('',(-18.45,-8.22724133595217,0.));
#5211=CARTESIAN_POINT('',(-28.6,-2.07846096908265,0.25));
#5212=CARTESIAN_POINT('Origin',(-28.85,-2.22279853638006,0.25));
#5213=CARTESIAN_POINT('',(-18.325,-8.01073498500606,0.25));
#5214=CARTESIAN_POINT('Origin',(-28.85,1.03923048454133,0.25));
#5215=CARTESIAN_POINT('',(-28.85,2.22279853638006,0.));
#5216=CARTESIAN_POINT('',(-28.85,1.03923048454133,0.));
#5217=CARTESIAN_POINT('',(-28.6,2.07846096908266,0.25));
#5218=CARTESIAN_POINT('Origin',(-28.85,2.22279853638006,0.25));
#5219=CARTESIAN_POINT('',(-28.6,1.03923048454133,0.25));
#5220=CARTESIAN_POINT('Origin',(-16.65,9.26647182049349,0.25));
#5221=CARTESIAN_POINT('',(-16.525,9.04996546954738,0.25));
#5222=CARTESIAN_POINT('',(-16.65,9.26647182049349,0.));
#5223=CARTESIAN_POINT('Origin',(-25.,4.15692193816531,0.));
#5224=CARTESIAN_POINT('',(-28.6,2.07846096908266,0.));
#5225=CARTESIAN_POINT('Origin',(0.,0.,0.));
#5226=CARTESIAN_POINT('',(-99.,-1.21240033115588E-14,0.));
#5227=CARTESIAN_POINT('Origin',(0.,0.,0.));
#5228=CARTESIAN_POINT('',(25.,4.44559707276012,0.));
#5229=CARTESIAN_POINT('',(28.85,2.22279853638006,0.));
#5230=CARTESIAN_POINT('',(18.45,8.22724133595218,0.));
#5231=CARTESIAN_POINT('',(21.15,2.22279853638006,0.));
#5232=CARTESIAN_POINT('',(14.6,-1.55884572681199,0.));
#5233=CARTESIAN_POINT('',(21.15,-2.22279853638006,0.));
#5234=CARTESIAN_POINT('',(21.15,1.03923048454134,0.));
#5235=CARTESIAN_POINT('',(25.,-4.44559707276012,0.));
#5236=CARTESIAN_POINT('',(12.8,2.59807621135331,0.));
#5237=CARTESIAN_POINT('',(28.85,-2.22279853638006,0.));
#5238=CARTESIAN_POINT('',(16.65,-9.26647182049349,0.));
#5239=CARTESIAN_POINT('',(28.85,-1.03923048454134,0.));
#5240=CARTESIAN_POINT('',(16.1,-75.,0.));
#5241=CARTESIAN_POINT('Origin',(25.,-75.,0.));
#5242=CARTESIAN_POINT('',(-83.9,-25.,0.));
#5243=CARTESIAN_POINT('Origin',(-75.,-25.,0.));
#5244=CARTESIAN_POINT('',(16.1,-25.,0.));
#5245=CARTESIAN_POINT('Origin',(25.,-25.,0.));
#5246=CARTESIAN_POINT('',(66.1,25.,0.));
#5247=CARTESIAN_POINT('Origin',(75.,25.,0.));
#5248=CARTESIAN_POINT('',(-33.9,25.,0.));
#5249=CARTESIAN_POINT('Origin',(-25.,25.,0.));
#5250=CARTESIAN_POINT('',(-33.9,75.,0.));
#5251=CARTESIAN_POINT('Origin',(-25.,75.,0.));
#5252=CARTESIAN_POINT('',(16.1,75.,0.));
#5253=CARTESIAN_POINT('Origin',(25.,75.,0.));
#5254=CARTESIAN_POINT('',(-83.9,25.,0.));
#5255=CARTESIAN_POINT('Origin',(-75.,25.,0.));
#5256=CARTESIAN_POINT('',(16.1,25.,0.));
#5257=CARTESIAN_POINT('Origin',(25.,25.,0.));
#5258=CARTESIAN_POINT('',(66.1,-25.,0.));
#5259=CARTESIAN_POINT('Origin',(75.,-25.,0.));
#5260=CARTESIAN_POINT('',(-33.9,-25.,0.));
#5261=CARTESIAN_POINT('Origin',(-25.,-25.,0.));
#5262=CARTESIAN_POINT('',(-33.9,-75.,0.));
#5263=CARTESIAN_POINT('Origin',(-25.,-75.,0.));
#5264=CARTESIAN_POINT('Origin',(12.8,2.59807621135331,0.25));
#5265=CARTESIAN_POINT('',(21.4,-2.07846096908265,0.25));
#5266=CARTESIAN_POINT('Origin',(21.15,-2.22279853638006,0.25));
#5267=CARTESIAN_POINT('',(25.,-4.1569219381653,0.25));
#5268=CARTESIAN_POINT('',(12.925,2.81458256229942,0.25));
#5269=CARTESIAN_POINT('Origin',(25.,-4.44559707276012,0.25));
#5270=CARTESIAN_POINT('Origin',(21.15,1.03923048454134,0.25));
#5271=CARTESIAN_POINT('',(21.4,2.07846096908265,0.25));
#5272=CARTESIAN_POINT('Origin',(21.15,2.22279853638006,0.25));
#5273=CARTESIAN_POINT('',(21.4,1.03923048454134,0.25));
#5274=CARTESIAN_POINT('Origin',(18.45,8.22724133595218,0.25));
#5275=CARTESIAN_POINT('',(28.6,2.07846096908265,0.25));
#5276=CARTESIAN_POINT('Origin',(28.85,2.22279853638006,0.25));
#5277=CARTESIAN_POINT('',(25.,4.15692193816531,0.25));
#5278=CARTESIAN_POINT('',(18.325,8.01073498500606,0.25));
#5279=CARTESIAN_POINT('Origin',(25.,4.44559707276012,0.25));
#5280=CARTESIAN_POINT('Origin',(28.85,-1.03923048454134,0.25));
#5281=CARTESIAN_POINT('',(28.6,-2.07846096908265,0.25));
#5282=CARTESIAN_POINT('',(28.6,-1.03923048454134,0.25));
#5283=CARTESIAN_POINT('Origin',(28.85,-2.22279853638006,0.25));
#5284=CARTESIAN_POINT('Origin',(14.6,-1.55884572681199,0.25));
#5285=CARTESIAN_POINT('',(14.725,-1.7753520777581,0.25));
#5286=CARTESIAN_POINT('Origin',(16.65,-9.26647182049349,0.25));
#5287=CARTESIAN_POINT('',(16.525,-9.04996546954738,0.25));
#5288=CARTESIAN_POINT('Origin',(21.4,2.07846096908265,0.));
#5289=CARTESIAN_POINT('',(21.4,2.07846096908265,2.75));
#5290=CARTESIAN_POINT('',(21.4,2.07846096908265,0.));
#5291=CARTESIAN_POINT('',(21.4,-2.07846096908265,2.75));
#5292=CARTESIAN_POINT('',(21.4,1.03923048454132,2.75));
#5293=CARTESIAN_POINT('',(21.4,-2.07846096908265,0.));
#5294=CARTESIAN_POINT('Origin',(25.,4.15692193816531,0.));
#5295=CARTESIAN_POINT('',(25.,4.15692193816531,2.75));
#5296=CARTESIAN_POINT('',(25.,4.15692193816531,0.));
#5297=CARTESIAN_POINT('',(24.1,3.63730669589464,2.75));
#5298=CARTESIAN_POINT('Origin',(28.6,2.07846096908265,0.));
#5299=CARTESIAN_POINT('',(28.6,2.07846096908265,2.75));
#5300=CARTESIAN_POINT('',(28.6,2.07846096908265,0.));
#5301=CARTESIAN_POINT('',(27.7,2.59807621135331,2.75));
#5302=CARTESIAN_POINT('Origin',(28.35,-1.03923048454133,2.75));
#5303=CARTESIAN_POINT('',(28.35,-1.93412340178525,3.));
#5304=CARTESIAN_POINT('',(28.35,1.93412340178524,3.));
#5305=CARTESIAN_POINT('',(28.35,-1.03923048454133,3.));
#5306=CARTESIAN_POINT('Origin',(28.35,1.93412340178524,2.75));
#5307=CARTESIAN_POINT('',(28.6,-2.07846096908265,2.75));
#5308=CARTESIAN_POINT('',(28.6,-1.03923048454133,2.75));
#5309=CARTESIAN_POINT('Origin',(28.35,-1.93412340178525,2.75));
#5310=CARTESIAN_POINT('Origin',(27.575,2.3815698604072,2.75));
#5311=CARTESIAN_POINT('',(25.,3.8682468035705,3.));
#5312=CARTESIAN_POINT('',(27.575,2.3815698604072,3.));
#5313=CARTESIAN_POINT('Origin',(25.,3.8682468035705,2.75));
#5314=CARTESIAN_POINT('Origin',(24.225,3.42080034494853,2.75));
#5315=CARTESIAN_POINT('',(21.65,1.93412340178524,3.));
#5316=CARTESIAN_POINT('',(24.225,3.42080034494853,3.));
#5317=CARTESIAN_POINT('Origin',(21.65,1.93412340178524,2.75));
#5318=CARTESIAN_POINT('Origin',(21.65,1.03923048454132,2.75));
#5319=CARTESIAN_POINT('',(21.65,-1.93412340178525,3.));
#5320=CARTESIAN_POINT('',(21.65,1.03923048454132,3.));
#5321=CARTESIAN_POINT('Origin',(21.65,-1.93412340178525,2.75));
#5322=CARTESIAN_POINT('Origin',(22.425,-2.38156986040721,2.75));
#5323=CARTESIAN_POINT('',(25.,-4.1569219381653,2.75));
#5324=CARTESIAN_POINT('',(22.3,-2.59807621135332,2.75));
#5325=CARTESIAN_POINT('',(25.,-3.86824680357049,3.));
#5326=CARTESIAN_POINT('',(22.425,-2.38156986040721,3.));
#5327=CARTESIAN_POINT('Origin',(25.,-3.86824680357049,2.75));
#5328=CARTESIAN_POINT('Origin',(25.775,-3.42080034494853,2.75));
#5329=CARTESIAN_POINT('',(25.9,-3.63730669589464,2.75));
#5330=CARTESIAN_POINT('',(25.775,-3.42080034494853,3.));
#5331=CARTESIAN_POINT('Origin',(21.4,-2.07846096908265,0.));
#5332=CARTESIAN_POINT('',(25.,-4.1569219381653,0.));
#5333=CARTESIAN_POINT('Origin',(25.,-4.1569219381653,0.));
#5334=CARTESIAN_POINT('',(28.6,-2.07846096908265,0.));
#5335=CARTESIAN_POINT('Origin',(28.6,-2.07846096908265,0.));
#5336=CARTESIAN_POINT('Origin',(25.,2.4980018054066E-15,3.));
#5337=CARTESIAN_POINT('',(27.45,-3.00038465791102E-16,3.));
#5338=CARTESIAN_POINT('Origin',(25.,0.,3.));
#5339=CARTESIAN_POINT('Origin',(25.,0.,4.75));
#5340=CARTESIAN_POINT('',(27.2,-2.69422295812418E-16,4.75));
#5341=CARTESIAN_POINT('Origin',(27.45,-3.00038465791102E-16,4.75));
#5342=CARTESIAN_POINT('Origin',(25.,0.,4.75));
#5343=CARTESIAN_POINT('Origin',(25.,0.,0.));
#5344=CARTESIAN_POINT('',(27.2,2.69422295812418E-16,3.25));
#5345=CARTESIAN_POINT('Origin',(25.,0.,3.25));
#5346=CARTESIAN_POINT('',(27.2,2.69422295812418E-16,0.));
#5347=CARTESIAN_POINT('Origin',(25.,0.,3.25));
#5348=CARTESIAN_POINT('Origin',(27.45,-3.00038465791102E-16,3.25));
#5349=CARTESIAN_POINT('Origin',(-28.6,-2.07846096908265,0.));
#5350=CARTESIAN_POINT('',(-28.6,-2.07846096908265,0.));
#5351=CARTESIAN_POINT('Origin',(-28.6,2.07846096908266,0.));
#5352=CARTESIAN_POINT('Origin',(0.,0.,4.));
#5353=CARTESIAN_POINT('',(-100.,-1.22464679914735E-14,4.));
#5354=CARTESIAN_POINT('Origin',(-99.,-1.21240033115588E-14,4.));
#5355=CARTESIAN_POINT('Origin',(0.,0.,4.));
#5356=CARTESIAN_POINT('Origin',(0.,0.,0.));
#5357=CARTESIAN_POINT('',(-100.,-1.22464679914735E-14,1.));
#5358=CARTESIAN_POINT('',(-100.,-1.22464679914735E-14,0.));
#5359=CARTESIAN_POINT('Origin',(0.,0.,1.));
#5360=CARTESIAN_POINT('Origin',(0.,0.,1.));
#5361=CARTESIAN_POINT('Origin',(-99.,-1.21240033115588E-14,1.));
#5362=CARTESIAN_POINT('Origin',(25.,75.,-7.));
#5363=CARTESIAN_POINT('',(31.9,75.,-8.));
#5364=CARTESIAN_POINT('Origin',(25.,75.,-8.));
#5365=CARTESIAN_POINT('',(32.9,75.,-7.));
#5366=CARTESIAN_POINT('Origin',(31.9,75.,-7.));
#5367=CARTESIAN_POINT('',(17.1,75.,-7.));
#5368=CARTESIAN_POINT('Origin',(25.,75.,-7.));
#5369=CARTESIAN_POINT('Origin',(25.,75.,-7.));
#5370=CARTESIAN_POINT('Origin',(25.,75.,0.));
#5371=CARTESIAN_POINT('',(17.1,75.,-1.));
#5372=CARTESIAN_POINT('',(17.1,75.,0.));
#5373=CARTESIAN_POINT('Origin',(25.,75.,-1.));
#5374=CARTESIAN_POINT('Origin',(25.,75.,-8.));
#5375=CARTESIAN_POINT('Origin',(-25.,75.,-7.));
#5376=CARTESIAN_POINT('',(-18.1,75.,-8.));
#5377=CARTESIAN_POINT('Origin',(-25.,75.,-8.));
#5378=CARTESIAN_POINT('',(-17.1,75.,-7.));
#5379=CARTESIAN_POINT('Origin',(-18.1,75.,-7.));
#5380=CARTESIAN_POINT('',(-32.9,75.,-7.));
#5381=CARTESIAN_POINT('Origin',(-25.,75.,-7.));
#5382=CARTESIAN_POINT('Origin',(-25.,75.,-7.));
#5383=CARTESIAN_POINT('Origin',(-25.,75.,0.));
#5384=CARTESIAN_POINT('',(-32.9,75.,-1.));
#5385=CARTESIAN_POINT('',(-32.9,75.,0.));
#5386=CARTESIAN_POINT('Origin',(-25.,75.,-1.));
#5387=CARTESIAN_POINT('Origin',(-25.,75.,-8.));
#5388=CARTESIAN_POINT('Origin',(-75.,25.,-7.));
#5389=CARTESIAN_POINT('',(-68.1,25.,-8.));
#5390=CARTESIAN_POINT('Origin',(-75.,25.,-8.));
#5391=CARTESIAN_POINT('',(-67.1,25.,-7.));
#5392=CARTESIAN_POINT('Origin',(-68.1,25.,-7.));
#5393=CARTESIAN_POINT('',(-82.9,25.,-7.));
#5394=CARTESIAN_POINT('Origin',(-75.,25.,-7.));
#5395=CARTESIAN_POINT('Origin',(-75.,25.,-7.));
#5396=CARTESIAN_POINT('Origin',(-75.,25.,0.));
#5397=CARTESIAN_POINT('',(-82.9,25.,-1.));
#5398=CARTESIAN_POINT('',(-82.9,25.,0.));
#5399=CARTESIAN_POINT('Origin',(-75.,25.,-1.));
#5400=CARTESIAN_POINT('Origin',(-75.,25.,-8.));
#5401=CARTESIAN_POINT('Origin',(-25.,25.,-7.));
#5402=CARTESIAN_POINT('',(-18.1,25.,-8.));
#5403=CARTESIAN_POINT('Origin',(-25.,25.,-8.));
#5404=CARTESIAN_POINT('',(-17.1,25.,-7.));
#5405=CARTESIAN_POINT('Origin',(-18.1,25.,-7.));
#5406=CARTESIAN_POINT('',(-32.9,25.,-7.));
#5407=CARTESIAN_POINT('Origin',(-25.,25.,-7.));
#5408=CARTESIAN_POINT('Origin',(-25.,25.,-7.));
#5409=CARTESIAN_POINT('Origin',(-25.,25.,0.));
#5410=CARTESIAN_POINT('',(-32.9,25.,-1.));
#5411=CARTESIAN_POINT('',(-32.9,25.,0.));
#5412=CARTESIAN_POINT('Origin',(-25.,25.,-1.));
#5413=CARTESIAN_POINT('Origin',(-25.,25.,-8.));
#5414=CARTESIAN_POINT('Origin',(25.,25.,-7.));
#5415=CARTESIAN_POINT('',(31.9,25.,-8.));
#5416=CARTESIAN_POINT('Origin',(25.,25.,-8.));
#5417=CARTESIAN_POINT('',(32.9,25.,-7.));
#5418=CARTESIAN_POINT('Origin',(31.9,25.,-7.));
#5419=CARTESIAN_POINT('',(17.1,25.,-7.));
#5420=CARTESIAN_POINT('Origin',(25.,25.,-7.));
#5421=CARTESIAN_POINT('Origin',(25.,25.,-7.));
#5422=CARTESIAN_POINT('Origin',(25.,25.,0.));
#5423=CARTESIAN_POINT('',(17.1,25.,-1.));
#5424=CARTESIAN_POINT('',(17.1,25.,0.));
#5425=CARTESIAN_POINT('Origin',(25.,25.,-1.));
#5426=CARTESIAN_POINT('Origin',(25.,25.,-8.));
#5427=CARTESIAN_POINT('Origin',(75.,25.,-7.));
#5428=CARTESIAN_POINT('',(81.9,25.,-8.));
#5429=CARTESIAN_POINT('Origin',(75.,25.,-8.));
#5430=CARTESIAN_POINT('',(82.9,25.,-7.));
#5431=CARTESIAN_POINT('Origin',(81.9,25.,-7.));
#5432=CARTESIAN_POINT('',(67.1,25.,-7.));
#5433=CARTESIAN_POINT('Origin',(75.,25.,-7.));
#5434=CARTESIAN_POINT('Origin',(75.,25.,-7.));
#5435=CARTESIAN_POINT('Origin',(75.,25.,0.));
#5436=CARTESIAN_POINT('',(67.1,25.,-1.));
#5437=CARTESIAN_POINT('',(67.1,25.,0.));
#5438=CARTESIAN_POINT('Origin',(75.,25.,-1.));
#5439=CARTESIAN_POINT('Origin',(75.,25.,-8.));
#5440=CARTESIAN_POINT('Origin',(75.,-25.,-7.));
#5441=CARTESIAN_POINT('',(81.9,-25.,-8.));
#5442=CARTESIAN_POINT('Origin',(75.,-25.,-8.));
#5443=CARTESIAN_POINT('',(82.9,-25.,-7.));
#5444=CARTESIAN_POINT('Origin',(81.9,-25.,-7.));
#5445=CARTESIAN_POINT('',(67.1,-25.,-7.));
#5446=CARTESIAN_POINT('Origin',(75.,-25.,-7.));
#5447=CARTESIAN_POINT('Origin',(75.,-25.,-7.));
#5448=CARTESIAN_POINT('Origin',(75.,-25.,0.));
#5449=CARTESIAN_POINT('',(67.1,-25.,-1.));
#5450=CARTESIAN_POINT('',(67.1,-25.,0.));
#5451=CARTESIAN_POINT('Origin',(75.,-25.,-1.));
#5452=CARTESIAN_POINT('Origin',(75.,-25.,-8.));
#5453=CARTESIAN_POINT('Origin',(25.,-25.,-7.));
#5454=CARTESIAN_POINT('',(31.9,-25.,-8.));
#5455=CARTESIAN_POINT('Origin',(25.,-25.,-8.));
#5456=CARTESIAN_POINT('',(32.9,-25.,-7.));
#5457=CARTESIAN_POINT('Origin',(31.9,-25.,-7.));
#5458=CARTESIAN_POINT('',(17.1,-25.,-7.));
#5459=CARTESIAN_POINT('Origin',(25.,-25.,-7.));
#5460=CARTESIAN_POINT('Origin',(25.,-25.,-7.));
#5461=CARTESIAN_POINT('Origin',(25.,-25.,0.));
#5462=CARTESIAN_POINT('',(17.1,-25.,-1.));
#5463=CARTESIAN_POINT('',(17.1,-25.,0.));
#5464=CARTESIAN_POINT('Origin',(25.,-25.,-1.));
#5465=CARTESIAN_POINT('Origin',(25.,-25.,-8.));
#5466=CARTESIAN_POINT('Origin',(-75.,-25.,-7.));
#5467=CARTESIAN_POINT('',(-68.1,-25.,-8.));
#5468=CARTESIAN_POINT('Origin',(-75.,-25.,-8.));
#5469=CARTESIAN_POINT('',(-67.1,-25.,-7.));
#5470=CARTESIAN_POINT('Origin',(-68.1,-25.,-7.));
#5471=CARTESIAN_POINT('',(-82.9,-25.,-7.));
#5472=CARTESIAN_POINT('Origin',(-75.,-25.,-7.));
#5473=CARTESIAN_POINT('Origin',(-75.,-25.,-7.));
#5474=CARTESIAN_POINT('Origin',(-75.,-25.,0.));
#5475=CARTESIAN_POINT('',(-82.9,-25.,-1.));
#5476=CARTESIAN_POINT('',(-82.9,-25.,0.));
#5477=CARTESIAN_POINT('Origin',(-75.,-25.,-1.));
#5478=CARTESIAN_POINT('Origin',(-75.,-25.,-8.));
#5479=CARTESIAN_POINT('Origin',(-25.,-25.,-7.));
#5480=CARTESIAN_POINT('',(-18.1,-25.,-8.));
#5481=CARTESIAN_POINT('Origin',(-25.,-25.,-8.));
#5482=CARTESIAN_POINT('',(-17.1,-25.,-7.));
#5483=CARTESIAN_POINT('Origin',(-18.1,-25.,-7.));
#5484=CARTESIAN_POINT('',(-32.9,-25.,-7.));
#5485=CARTESIAN_POINT('Origin',(-25.,-25.,-7.));
#5486=CARTESIAN_POINT('Origin',(-25.,-25.,-7.));
#5487=CARTESIAN_POINT('Origin',(-25.,-25.,0.));
#5488=CARTESIAN_POINT('',(-32.9,-25.,-1.));
#5489=CARTESIAN_POINT('',(-32.9,-25.,0.));
#5490=CARTESIAN_POINT('Origin',(-25.,-25.,-1.));
#5491=CARTESIAN_POINT('Origin',(-25.,-25.,-8.));
#5492=CARTESIAN_POINT('Origin',(-25.,-75.,-7.));
#5493=CARTESIAN_POINT('',(-18.1,-75.,-8.));
#5494=CARTESIAN_POINT('Origin',(-25.,-75.,-8.));
#5495=CARTESIAN_POINT('',(-17.1,-75.,-7.));
#5496=CARTESIAN_POINT('Origin',(-18.1,-75.,-7.));
#5497=CARTESIAN_POINT('',(-32.9,-75.,-7.));
#5498=CARTESIAN_POINT('Origin',(-25.,-75.,-7.));
#5499=CARTESIAN_POINT('Origin',(-25.,-75.,-7.));
#5500=CARTESIAN_POINT('Origin',(-25.,-75.,0.));
#5501=CARTESIAN_POINT('',(-32.9,-75.,-1.));
#5502=CARTESIAN_POINT('',(-32.9,-75.,0.));
#5503=CARTESIAN_POINT('Origin',(-25.,-75.,-1.));
#5504=CARTESIAN_POINT('Origin',(-25.,-75.,-8.));
#5505=CARTESIAN_POINT('Origin',(25.,-75.,-7.));
#5506=CARTESIAN_POINT('',(31.9,-75.,-8.));
#5507=CARTESIAN_POINT('Origin',(25.,-75.,-8.));
#5508=CARTESIAN_POINT('',(32.9,-75.,-7.));
#5509=CARTESIAN_POINT('Origin',(31.9,-75.,-7.));
#5510=CARTESIAN_POINT('',(17.1,-75.,-7.));
#5511=CARTESIAN_POINT('Origin',(25.,-75.,-7.));
#5512=CARTESIAN_POINT('Origin',(25.,-75.,-7.));
#5513=CARTESIAN_POINT('Origin',(25.,-75.,0.));
#5514=CARTESIAN_POINT('',(17.1,-75.,-1.));
#5515=CARTESIAN_POINT('',(17.1,-75.,0.));
#5516=CARTESIAN_POINT('Origin',(25.,-75.,-1.));
#5517=CARTESIAN_POINT('Origin',(25.,-75.,-8.));
#5518=CARTESIAN_POINT('Origin',(25.,-75.,-1.));
#5519=CARTESIAN_POINT('Origin',(16.1,-75.,-1.));
#5520=CARTESIAN_POINT('Origin',(-25.,-75.,-1.));
#5521=CARTESIAN_POINT('Origin',(-33.9,-75.,-1.));
#5522=CARTESIAN_POINT('Origin',(-75.,-25.,-1.));
#5523=CARTESIAN_POINT('Origin',(-83.9,-25.,-1.));
#5524=CARTESIAN_POINT('Origin',(-25.,-25.,-1.));
#5525=CARTESIAN_POINT('Origin',(-33.9,-25.,-1.));
#5526=CARTESIAN_POINT('Origin',(25.,-25.,-1.));
#5527=CARTESIAN_POINT('Origin',(16.1,-25.,-1.));
#5528=CARTESIAN_POINT('Origin',(75.,-25.,-1.));
#5529=CARTESIAN_POINT('Origin',(66.1,-25.,-1.));
#5530=CARTESIAN_POINT('Origin',(75.,25.,-1.));
#5531=CARTESIAN_POINT('Origin',(66.1,25.,-1.));
#5532=CARTESIAN_POINT('Origin',(25.,25.,-1.));
#5533=CARTESIAN_POINT('Origin',(16.1,25.,-1.));
#5534=CARTESIAN_POINT('Origin',(-25.,25.,-1.));
#5535=CARTESIAN_POINT('Origin',(-33.9,25.,-1.));
#5536=CARTESIAN_POINT('Origin',(-75.,25.,-1.));
#5537=CARTESIAN_POINT('Origin',(-83.9,25.,-1.));
#5538=CARTESIAN_POINT('Origin',(-25.,75.,-1.));
#5539=CARTESIAN_POINT('Origin',(-33.9,75.,-1.));
#5540=CARTESIAN_POINT('Origin',(25.,75.,-1.));
#5541=CARTESIAN_POINT('Origin',(16.1,75.,-1.));
#5542=UNCERTAINTY_MEASURE_WITH_UNIT(LENGTH_MEASURE(0.01),#5546,
'DISTANCE_ACCURACY_VALUE',
'Maximum model space distance between geometric entities at asserted c
onnectivities');
#5543=UNCERTAINTY_MEASURE_WITH_UNIT(LENGTH_MEASURE(0.01),#5546,
'DISTANCE_ACCURACY_VALUE',
'Maximum model space distance between geometric entities at asserted c
onnectivities');
#5544=(
GEOMETRIC_REPRESENTATION_CONTEXT(3)
GLOBAL_UNCERTAINTY_ASSIGNED_CONTEXT((#5542))
GLOBAL_UNIT_ASSIGNED_CONTEXT((#5546,#5548,#5549))
REPRESENTATION_CONTEXT('','3D')
);
#5545=(
GEOMETRIC_REPRESENTATION_CONTEXT(3)
GLOBAL_UNCERTAINTY_ASSIGNED_CONTEXT((#5543))
GLOBAL_UNIT_ASSIGNED_CONTEXT((#5546,#5548,#5549))
REPRESENTATION_CONTEXT('','3D')
);
#5546=(
LENGTH_UNIT()
NAMED_UNIT(*)
SI_UNIT(.MILLI.,.METRE.)
);
#5547=(
LENGTH_UNIT()
NAMED_UNIT(*)
SI_UNIT(.CENTI.,.METRE.)
);
#5548=(
NAMED_UNIT(*)
PLANE_ANGLE_UNIT()
SI_UNIT($,.RADIAN.)
);
#5549=(
NAMED_UNIT(*)
SI_UNIT($,.STERADIAN.)
SOLID_ANGLE_UNIT()
);
#5550=SHAPE_DEFINITION_REPRESENTATION(#5551,#5552);
#5551=PRODUCT_DEFINITION_SHAPE('',$,#5554);
#5552=SHAPE_REPRESENTATION('',(#3008),#5544);
#5553=PRODUCT_DEFINITION_CONTEXT('part definition',#5558,'design');
#5554=PRODUCT_DEFINITION('tableStandBottom','tableStandBottom',#5555,#5553);
#5555=PRODUCT_DEFINITION_FORMATION('',$,#5560);
#5556=PRODUCT_RELATED_PRODUCT_CATEGORY('tableStandBottom',
'tableStandBottom',(#5560));
#5557=APPLICATION_PROTOCOL_DEFINITION('international standard',
'automotive_design',2009,#5558);
#5558=APPLICATION_CONTEXT(
'Core Data for Automotive Mechanical Design Process');
#5559=PRODUCT_CONTEXT('part definition',#5558,'mechanical');
#5560=PRODUCT('tableStandBottom','tableStandBottom',$,(#5559));
#5561=PRESENTATION_STYLE_ASSIGNMENT((#5562));
#5562=SURFACE_STYLE_USAGE(.BOTH.,#5565);
#5563=SURFACE_STYLE_RENDERING_WITH_PROPERTIES($,#5569,(#5564));
#5564=SURFACE_STYLE_TRANSPARENT(0.);
#5565=SURFACE_SIDE_STYLE('',(#5566,#5563));
#5566=SURFACE_STYLE_FILL_AREA(#5567);
#5567=FILL_AREA_STYLE('',(#5568));
#5568=FILL_AREA_STYLE_COLOUR('',#5569);
#5569=COLOUR_RGB('',0.749019607843137,0.749019607843137,0.749019607843137);
ENDSEC;
END-ISO-10303-21;
